run_id,process,N,trials,H0,trial,H_hat,sigma2_hat,K,L,sigma
20260216_001053,DpwBiFbmSimulator,4096,200,0.4,1,0.2057295202357163,,0.5,5,1
20260216_001053,DpwBiFbmSimulator,4096,200,0.4,2,0.198763620432489,,0.5,5,1
20260216_001053,DpwBiFbmSimulator,4096,200,0.4,3,0.2790403417410547,,0.5,5,1
20260216_001053,DpwBiFbmSimulator,4096,200,0.4,4,0.1143939519550429,,0.5,5,1
20260216_001053,DpwBiFbmSimulator,4096,200,0.4,5,0.1985680371482534,,0.5,5,1
20260216_001053,DpwBiFbmSimulator,4096,200,0.4,6,0.1652960674454995,,0.5,5,1
20260216_001053,DpwBiFbmSimulator,4096,200,0.4,7,0.2123099538075928,,0.5,5,1
20260216_001053,DpwBiFbmSimulator,4096,200,0.4,8,0.2741588279370013,,0.5,5,1
20260216_001053,DpwBiFbmSimulator,4096,200,0.4,9,0.2089965303226538,,0.5,5,1
20260216_001053,DpwBiFbmSimulator,4096,200,0.4,10,0.2834580017376715,,0.5,5,1
20260216_001053,DpwBiFbmSimulator,4096,200,0.4,11,0.0883489165829657,,0.5,5,1
20260216_001053,DpwBiFbmSimulator,4096,200,0.4,12,0.2153066914000508,,0.5,5,1
20260216_001053,DpwBiFbmSimulator,4096,200,0.4,13,0.1589506298056325,,0.5,5,1
20260216_001053,DpwBiFbmSimulator,4096,200,0.4,14,0.1951760107821455,,0.5,5,1
20260216_001053,DpwBiFbmSimulator,4096,200,0.4,15,0.1702603544328105,,0.5,5,1
20260216_001053,DpwBiFbmSimulator,4096,200,0.4,16,0.1864788547557215,,0.5,5,1
20260216_001053,DpwBiFbmSimulator,4096,200,0.4,17,0.2911320644989956,,0.5,5,1
20260216_001053,DpwBiFbmSimulator,4096,200,0.4,18,0.2368091851317248,,0.5,5,1
20260216_001053,DpwBiFbmSimulator,4096,200,0.4,19,0.2172683426532384,,0.5,5,1
20260216_001053,DpwBiFbmSimulator,4096,200,0.4,20,0.2023138654720079,,0.5,5,1
20260216_001053,DpwBiFbmSimulator,4096,200,0.4,21,0.1498085452663339,,0.5,5,1
20260216_001053,DpwBiFbmSimulator,4096,200,0.4,22,0.2577371551603651,,0.5,5,1
20260216_001053,DpwBiFbmSimulator,4096,200,0.4,23,0.1491676249114928,,0.5,5,1
20260216_001053,DpwBiFbmSimulator,4096,200,0.4,24,0.1056648008300405,,0.5,5,1
20260216_001053,DpwBiFbmSimulator,4096,200,0.4,25,0.2402105463674789,,0.5,5,1
20260216_001053,DpwBiFbmSimulator,4096,200,0.4,26,0.191485572799609,,0.5,5,1
20260216_001053,DpwBiFbmSimulator,4096,200,0.4,27,0.2199229028965155,,0.5,5,1
20260216_001053,DpwBiFbmSimulator,4096,200,0.4,28,0.1990770557561855,,0.5,5,1
20260216_001053,DpwBiFbmSimulator,4096,200,0.4,29,0.1677022288823363,,0.5,5,1
20260216_001053,DpwBiFbmSimulator,4096,200,0.4,30,0.2414019344105382,,0.5,5,1
20260216_001053,DpwBiFbmSimulator,4096,200,0.4,31,0.1864141636859181,,0.5,5,1
20260216_001053,DpwBiFbmSimulator,4096,200,0.4,32,0.1734169125148502,,0.5,5,1
20260216_001053,DpwBiFbmSimulator,4096,200,0.4,33,0.1802393218912705,,0.5,5,1
20260216_001053,DpwBiFbmSimulator,4096,200,0.4,34,0.2248136450715092,,0.5,5,1
20260216_001053,DpwBiFbmSimulator,4096,200,0.4,35,0.2224986963047896,,0.5,5,1
20260216_001053,DpwBiFbmSimulator,4096,200,0.4,36,0.2042408920000291,,0.5,5,1
20260216_001053,DpwBiFbmSimulator,4096,200,0.4,37,0.2013361721933147,,0.5,5,1
20260216_001053,DpwBiFbmSimulator,4096,200,0.4,38,0.1934932720533132,,0.5,5,1
20260216_001053,DpwBiFbmSimulator,4096,200,0.4,39,0.2263457997364032,,0.5,5,1
20260216_001053,DpwBiFbmSimulator,4096,200,0.4,40,0.2083401950034009,,0.5,5,1
20260216_001053,DpwBiFbmSimulator,4096,200,0.4,41,0.1708498617141863,,0.5,5,1
20260216_001053,DpwBiFbmSimulator,4096,200,0.4,42,0.2021123586123073,,0.5,5,1
20260216_001053,DpwBiFbmSimulator,4096,200,0.4,43,0.2835353384274036,,0.5,5,1
20260216_001053,DpwBiFbmSimulator,4096,200,0.4,44,0.2043700674459817,,0.5,5,1
20260216_001053,DpwBiFbmSimulator,4096,200,0.4,45,0.2039075606998132,,0.5,5,1
20260216_001053,DpwBiFbmSimulator,4096,200,0.4,46,0.1918173263073281,,0.5,5,1
20260216_001053,DpwBiFbmSimulator,4096,200,0.4,47,0.2088918397315159,,0.5,5,1
20260216_001053,DpwBiFbmSimulator,4096,200,0.4,48,0.231088417537432,,0.5,5,1
20260216_001053,DpwBiFbmSimulator,4096,200,0.4,49,0.1992140792307757,,0.5,5,1
20260216_001053,DpwBiFbmSimulator,4096,200,0.4,50,0.1446405989431193,,0.5,5,1
20260216_001053,DpwBiFbmSimulator,4096,200,0.4,51,0.1533028364010305,,0.5,5,1
20260216_001053,DpwBiFbmSimulator,4096,200,0.4,52,0.2166947043211354,,0.5,5,1
20260216_001053,DpwBiFbmSimulator,4096,200,0.4,53,0.1638197004734244,,0.5,5,1
20260216_001053,DpwBiFbmSimulator,4096,200,0.4,54,0.1538784375273713,,0.5,5,1
20260216_001053,DpwBiFbmSimulator,4096,200,0.4,55,0.204960022370992,,0.5,5,1
20260216_001053,DpwBiFbmSimulator,4096,200,0.4,56,0.1912083370887503,,0.5,5,1
20260216_001053,DpwBiFbmSimulator,4096,200,0.4,57,0.2377145001778227,,0.5,5,1
20260216_001053,DpwBiFbmSimulator,4096,200,0.4,58,0.2139074774490859,,0.5,5,1
20260216_001053,DpwBiFbmSimulator,4096,200,0.4,59,0.2259183032611153,,0.5,5,1
20260216_001053,DpwBiFbmSimulator,4096,200,0.4,60,0.2197226809986237,,0.5,5,1
20260216_001053,DpwBiFbmSimulator,4096,200,0.4,61,0.1589690321930321,,0.5,5,1
20260216_001053,DpwBiFbmSimulator,4096,200,0.4,62,0.1434789899761571,,0.5,5,1
20260216_001053,DpwBiFbmSimulator,4096,200,0.4,63,0.2055817746712448,,0.5,5,1
20260216_001053,DpwBiFbmSimulator,4096,200,0.4,64,0.2036041313077739,,0.5,5,1
20260216_001053,DpwBiFbmSimulator,4096,200,0.4,65,0.259517752291428,,0.5,5,1
20260216_001053,DpwBiFbmSimulator,4096,200,0.4,66,0.1049733306557821,,0.5,5,1
20260216_001053,DpwBiFbmSimulator,4096,200,0.4,67,0.1743279357456766,,0.5,5,1
20260216_001053,DpwBiFbmSimulator,4096,200,0.4,68,0.1125468310972516,,0.5,5,1
20260216_001053,DpwBiFbmSimulator,4096,200,0.4,69,0.1153245928411961,,0.5,5,1
20260216_001053,DpwBiFbmSimulator,4096,200,0.4,70,0.1688305457557251,,0.5,5,1
20260216_001053,DpwBiFbmSimulator,4096,200,0.4,71,0.2252296203720635,,0.5,5,1
20260216_001053,DpwBiFbmSimulator,4096,200,0.4,72,0.200899773695666,,0.5,5,1
20260216_001053,DpwBiFbmSimulator,4096,200,0.4,73,0.2345231700752592,,0.5,5,1
20260216_001053,DpwBiFbmSimulator,4096,200,0.4,74,0.1953904859103049,,0.5,5,1
20260216_001053,DpwBiFbmSimulator,4096,200,0.4,75,0.1772417899339832,,0.5,5,1
20260216_001053,DpwBiFbmSimulator,4096,200,0.4,76,0.2633540290448294,,0.5,5,1
20260216_001053,DpwBiFbmSimulator,4096,200,0.4,77,0.2340536641956253,,0.5,5,1
20260216_001053,DpwBiFbmSimulator,4096,200,0.4,78,0.1978612579552277,,0.5,5,1
20260216_001053,DpwBiFbmSimulator,4096,200,0.4,79,0.2083084355821615,,0.5,5,1
20260216_001053,DpwBiFbmSimulator,4096,200,0.4,80,0.1974668201932135,,0.5,5,1
20260216_001053,DpwBiFbmSimulator,4096,200,0.4,81,0.1507578158153514,,0.5,5,1
20260216_001053,DpwBiFbmSimulator,4096,200,0.4,82,0.2093649658366231,,0.5,5,1
20260216_001053,DpwBiFbmSimulator,4096,200,0.4,83,0.255697972237111,,0.5,5,1
20260216_001053,DpwBiFbmSimulator,4096,200,0.4,84,0.2639381269865676,,0.5,5,1
20260216_001053,DpwBiFbmSimulator,4096,200,0.4,85,0.2239150111753566,,0.5,5,1
20260216_001053,DpwBiFbmSimulator,4096,200,0.4,86,0.2081553459078328,,0.5,5,1
20260216_001053,DpwBiFbmSimulator,4096,200,0.4,87,0.2024179405282767,,0.5,5,1
20260216_001053,DpwBiFbmSimulator,4096,200,0.4,88,0.2635399083232987,,0.5,5,1
20260216_001053,DpwBiFbmSimulator,4096,200,0.4,89,0.1808060405605898,,0.5,5,1
20260216_001053,DpwBiFbmSimulator,4096,200,0.4,90,0.1549300681838371,,0.5,5,1
20260216_001053,DpwBiFbmSimulator,4096,200,0.4,91,0.1724721865713509,,0.5,5,1
20260216_001053,DpwBiFbmSimulator,4096,200,0.4,92,0.1749465372226739,,0.5,5,1
20260216_001053,DpwBiFbmSimulator,4096,200,0.4,93,0.2330593593017134,,0.5,5,1
20260216_001053,DpwBiFbmSimulator,4096,200,0.4,94,0.1076575227234513,,0.5,5,1
20260216_001053,DpwBiFbmSimulator,4096,200,0.4,95,0.2052724305150233,,0.5,5,1
20260216_001053,DpwBiFbmSimulator,4096,200,0.4,96,0.1715241099974939,,0.5,5,1
20260216_001053,DpwBiFbmSimulator,4096,200,0.4,97,0.1983764368831819,,0.5,5,1
20260216_001053,DpwBiFbmSimulator,4096,200,0.4,98,0.1828299869537469,,0.5,5,1
20260216_001053,DpwBiFbmSimulator,4096,200,0.4,99,0.2807222577454677,,0.5,5,1
20260216_001053,DpwBiFbmSimulator,4096,200,0.4,100,0.2106418865195033,,0.5,5,1
20260216_001053,DpwBiFbmSimulator,4096,200,0.4,101,0.1871872908495354,,0.5,5,1
20260216_001053,DpwBiFbmSimulator,4096,200,0.4,102,0.1783241367492388,,0.5,5,1
20260216_001053,DpwBiFbmSimulator,4096,200,0.4,103,0.2257565906786718,,0.5,5,1
20260216_001053,DpwBiFbmSimulator,4096,200,0.4,104,0.2053908562455297,,0.5,5,1
20260216_001053,DpwBiFbmSimulator,4096,200,0.4,105,0.2579993536324224,,0.5,5,1
20260216_001053,DpwBiFbmSimulator,4096,200,0.4,106,0.1882852865705367,,0.5,5,1
20260216_001053,DpwBiFbmSimulator,4096,200,0.4,107,0.2292266116187794,,0.5,5,1
20260216_001053,DpwBiFbmSimulator,4096,200,0.4,108,0.2430021038064673,,0.5,5,1
20260216_001053,DpwBiFbmSimulator,4096,200,0.4,109,0.146340568961222,,0.5,5,1
20260216_001053,DpwBiFbmSimulator,4096,200,0.4,110,0.2311776297574629,,0.5,5,1
20260216_001053,DpwBiFbmSimulator,4096,200,0.4,111,0.2586777626244352,,0.5,5,1
20260216_001053,DpwBiFbmSimulator,4096,200,0.4,112,0.2513716211614591,,0.5,5,1
20260216_001053,DpwBiFbmSimulator,4096,200,0.4,113,0.207605239358741,,0.5,5,1
20260216_001053,DpwBiFbmSimulator,4096,200,0.4,114,0.2123140946312068,,0.5,5,1
20260216_001053,DpwBiFbmSimulator,4096,200,0.4,115,0.1692347558098915,,0.5,5,1
20260216_001053,DpwBiFbmSimulator,4096,200,0.4,116,0.2669866508536472,,0.5,5,1
20260216_001053,DpwBiFbmSimulator,4096,200,0.4,117,0.2421232642687059,,0.5,5,1
20260216_001053,DpwBiFbmSimulator,4096,200,0.4,118,0.1368185826446148,,0.5,5,1
20260216_001053,DpwBiFbmSimulator,4096,200,0.4,119,0.1480880639166935,,0.5,5,1
20260216_001053,DpwBiFbmSimulator,4096,200,0.4,120,0.1982616448611332,,0.5,5,1
20260216_001053,DpwBiFbmSimulator,4096,200,0.4,121,0.1519964661091252,,0.5,5,1
20260216_001053,DpwBiFbmSimulator,4096,200,0.4,122,0.2268522491183802,,0.5,5,1
20260216_001053,DpwBiFbmSimulator,4096,200,0.4,123,0.1401959085655721,,0.5,5,1
20260216_001053,DpwBiFbmSimulator,4096,200,0.4,124,0.2403838047573816,,0.5,5,1
20260216_001053,DpwBiFbmSimulator,4096,200,0.4,125,0.1419690725743894,,0.5,5,1
20260216_001053,DpwBiFbmSimulator,4096,200,0.4,126,0.2437023968523341,,0.5,5,1
20260216_001053,DpwBiFbmSimulator,4096,200,0.4,127,0.2540205895853216,,0.5,5,1
20260216_001053,DpwBiFbmSimulator,4096,200,0.4,128,0.1615484317712482,,0.5,5,1
20260216_001053,DpwBiFbmSimulator,4096,200,0.4,129,0.14506270091714,,0.5,5,1
20260216_001053,DpwBiFbmSimulator,4096,200,0.4,130,0.2147043133929841,,0.5,5,1
20260216_001053,DpwBiFbmSimulator,4096,200,0.4,131,0.2487386009501762,,0.5,5,1
20260216_001053,DpwBiFbmSimulator,4096,200,0.4,132,0.1997178304059721,,0.5,5,1
20260216_001053,DpwBiFbmSimulator,4096,200,0.4,133,0.1844982967435947,,0.5,5,1
20260216_001053,DpwBiFbmSimulator,4096,200,0.4,134,0.1579938607163294,,0.5,5,1
20260216_001053,DpwBiFbmSimulator,4096,200,0.4,135,0.1346316696833258,,0.5,5,1
20260216_001053,DpwBiFbmSimulator,4096,200,0.4,136,0.246339864863915,,0.5,5,1
20260216_001053,DpwBiFbmSimulator,4096,200,0.4,137,0.243042156325644,,0.5,5,1
20260216_001053,DpwBiFbmSimulator,4096,200,0.4,138,0.2649991297958436,,0.5,5,1
20260216_001053,DpwBiFbmSimulator,4096,200,0.4,139,0.2406270630150619,,0.5,5,1
20260216_001053,DpwBiFbmSimulator,4096,200,0.4,140,0.1657380756697575,,0.5,5,1
20260216_001053,DpwBiFbmSimulator,4096,200,0.4,141,0.1909284152660198,,0.5,5,1
20260216_001053,DpwBiFbmSimulator,4096,200,0.4,142,0.2571579680497228,,0.5,5,1
20260216_001053,DpwBiFbmSimulator,4096,200,0.4,143,0.224226806056484,,0.5,5,1
20260216_001053,DpwBiFbmSimulator,4096,200,0.4,144,0.1901146181408356,,0.5,5,1
20260216_001053,DpwBiFbmSimulator,4096,200,0.4,145,0.1859823828924092,,0.5,5,1
20260216_001053,DpwBiFbmSimulator,4096,200,0.4,146,0.1522761406393613,,0.5,5,1
20260216_001053,DpwBiFbmSimulator,4096,200,0.4,147,0.209352474971318,,0.5,5,1
20260216_001053,DpwBiFbmSimulator,4096,200,0.4,148,0.1521925445557945,,0.5,5,1
20260216_001053,DpwBiFbmSimulator,4096,200,0.4,149,0.2448163546330414,,0.5,5,1
20260216_001053,DpwBiFbmSimulator,4096,200,0.4,150,0.1846965596756339,,0.5,5,1
20260216_001053,DpwBiFbmSimulator,4096,200,0.4,151,0.2165145251439344,,0.5,5,1
20260216_001053,DpwBiFbmSimulator,4096,200,0.4,152,0.2458415940304979,,0.5,5,1
20260216_001053,DpwBiFbmSimulator,4096,200,0.4,153,0.2087594610993872,,0.5,5,1
20260216_001053,DpwBiFbmSimulator,4096,200,0.4,154,0.2090061019881698,,0.5,5,1
20260216_001053,DpwBiFbmSimulator,4096,200,0.4,155,0.2648721489907694,,0.5,5,1
20260216_001053,DpwBiFbmSimulator,4096,200,0.4,156,0.1881026801332398,,0.5,5,1
20260216_001053,DpwBiFbmSimulator,4096,200,0.4,157,0.2592177956646594,,0.5,5,1
20260216_001053,DpwBiFbmSimulator,4096,200,0.4,158,0.264243792273434,,0.5,5,1
20260216_001053,DpwBiFbmSimulator,4096,200,0.4,159,0.1870713096146661,,0.5,5,1
20260216_001053,DpwBiFbmSimulator,4096,200,0.4,160,0.2159041172400851,,0.5,5,1
20260216_001053,DpwBiFbmSimulator,4096,200,0.4,161,0.2065410410701073,,0.5,5,1
20260216_001053,DpwBiFbmSimulator,4096,200,0.4,162,0.2196051782416276,,0.5,5,1
20260216_001053,DpwBiFbmSimulator,4096,200,0.4,163,0.0765012991717478,,0.5,5,1
20260216_001053,DpwBiFbmSimulator,4096,200,0.4,164,0.2340832975213869,,0.5,5,1
20260216_001053,DpwBiFbmSimulator,4096,200,0.4,165,0.1389203165311111,,0.5,5,1
20260216_001053,DpwBiFbmSimulator,4096,200,0.4,166,0.1119583288684617,,0.5,5,1
20260216_001053,DpwBiFbmSimulator,4096,200,0.4,167,0.2145522281534735,,0.5,5,1
20260216_001053,DpwBiFbmSimulator,4096,200,0.4,168,0.2455602536154627,,0.5,5,1
20260216_001053,DpwBiFbmSimulator,4096,200,0.4,169,0.1652104669563741,,0.5,5,1
20260216_001053,DpwBiFbmSimulator,4096,200,0.4,170,0.144335666449471,,0.5,5,1
20260216_001053,DpwBiFbmSimulator,4096,200,0.4,171,0.2091747159061295,,0.5,5,1
20260216_001053,DpwBiFbmSimulator,4096,200,0.4,172,0.282122243334203,,0.5,5,1
20260216_001053,DpwBiFbmSimulator,4096,200,0.4,173,0.1917687037642682,,0.5,5,1
20260216_001053,DpwBiFbmSimulator,4096,200,0.4,174,0.160527384025257,,0.5,5,1
20260216_001053,DpwBiFbmSimulator,4096,200,0.4,175,0.2003218838809755,,0.5,5,1
20260216_001053,DpwBiFbmSimulator,4096,200,0.4,176,0.2429983452335179,,0.5,5,1
20260216_001053,DpwBiFbmSimulator,4096,200,0.4,177,0.1490870613688329,,0.5,5,1
20260216_001053,DpwBiFbmSimulator,4096,200,0.4,178,0.1708936314720754,,0.5,5,1
20260216_001053,DpwBiFbmSimulator,4096,200,0.4,179,0.2194025379562172,,0.5,5,1
20260216_001053,DpwBiFbmSimulator,4096,200,0.4,180,0.216054691312086,,0.5,5,1
20260216_001053,DpwBiFbmSimulator,4096,200,0.4,181,0.2045579744449609,,0.5,5,1
20260216_001053,DpwBiFbmSimulator,4096,200,0.4,182,0.1691253475407471,,0.5,5,1
20260216_001053,DpwBiFbmSimulator,4096,200,0.4,183,0.2011627236396808,,0.5,5,1
20260216_001053,DpwBiFbmSimulator,4096,200,0.4,184,0.245822236225047,,0.5,5,1
20260216_001053,DpwBiFbmSimulator,4096,200,0.4,185,-0.0416219457606566,,0.5,5,1
20260216_001053,DpwBiFbmSimulator,4096,200,0.4,186,0.1731574562357131,,0.5,5,1
20260216_001053,DpwBiFbmSimulator,4096,200,0.4,187,0.3018035829267724,,0.5,5,1
20260216_001053,DpwBiFbmSimulator,4096,200,0.4,188,0.2334913805443263,,0.5,5,1
20260216_001053,DpwBiFbmSimulator,4096,200,0.4,189,0.2762046149567456,,0.5,5,1
20260216_001053,DpwBiFbmSimulator,4096,200,0.4,190,0.2357117900583859,,0.5,5,1
20260216_001053,DpwBiFbmSimulator,4096,200,0.4,191,-0.0159345586108868,,0.5,5,1
20260216_001053,DpwBiFbmSimulator,4096,200,0.4,192,0.1769578588572407,,0.5,5,1
20260216_001053,DpwBiFbmSimulator,4096,200,0.4,193,0.271530651152768,,0.5,5,1
20260216_001053,DpwBiFbmSimulator,4096,200,0.4,194,0.2590906778767409,,0.5,5,1
20260216_001053,DpwBiFbmSimulator,4096,200,0.4,195,0.2388811024500432,,0.5,5,1
20260216_001053,DpwBiFbmSimulator,4096,200,0.4,196,0.193297040335145,,0.5,5,1
20260216_001053,DpwBiFbmSimulator,4096,200,0.4,197,0.2221172317814352,,0.5,5,1
20260216_001053,DpwBiFbmSimulator,4096,200,0.4,198,0.1820958958355148,,0.5,5,1
20260216_001053,DpwBiFbmSimulator,4096,200,0.4,199,0.1413938754095906,,0.5,5,1
20260216_001053,DpwBiFbmSimulator,4096,200,0.4,200,0.2474891875238949,,0.5,5,1
20260216_001053,DpwBiFbmSimulator,4096,200,0.7,1,0.3570022074516548,,0.5,5,1
20260216_001053,DpwBiFbmSimulator,4096,200,0.7,2,0.4383111778261164,,0.5,5,1
20260216_001053,DpwBiFbmSimulator,4096,200,0.7,3,0.3041915244086206,,0.5,5,1
20260216_001053,DpwBiFbmSimulator,4096,200,0.7,4,0.3300675086810722,,0.5,5,1
20260216_001053,DpwBiFbmSimulator,4096,200,0.7,5,0.3698684947921534,,0.5,5,1
20260216_001053,DpwBiFbmSimulator,4096,200,0.7,6,0.3919534758150482,,0.5,5,1
20260216_001053,DpwBiFbmSimulator,4096,200,0.7,7,0.4060719022985699,,0.5,5,1
20260216_001053,DpwBiFbmSimulator,4096,200,0.7,8,0.3150894488697386,,0.5,5,1
20260216_001053,DpwBiFbmSimulator,4096,200,0.7,9,0.366970474336652,,0.5,5,1
20260216_001053,DpwBiFbmSimulator,4096,200,0.7,10,0.3355738619065023,,0.5,5,1
20260216_001053,DpwBiFbmSimulator,4096,200,0.7,11,0.2918605983375688,,0.5,5,1
20260216_001053,DpwBiFbmSimulator,4096,200,0.7,12,0.3764207709515221,,0.5,5,1
20260216_001053,DpwBiFbmSimulator,4096,200,0.7,13,0.4356094197884975,,0.5,5,1
20260216_001053,DpwBiFbmSimulator,4096,200,0.7,14,0.4154459419528723,,0.5,5,1
20260216_001053,DpwBiFbmSimulator,4096,200,0.7,15,0.2910779738142268,,0.5,5,1
20260216_001053,DpwBiFbmSimulator,4096,200,0.7,16,0.4651686026618033,,0.5,5,1
20260216_001053,DpwBiFbmSimulator,4096,200,0.7,17,0.3757832951247926,,0.5,5,1
20260216_001053,DpwBiFbmSimulator,4096,200,0.7,18,0.3338914755839411,,0.5,5,1
20260216_001053,DpwBiFbmSimulator,4096,200,0.7,19,0.3811180611632176,,0.5,5,1
20260216_001053,DpwBiFbmSimulator,4096,200,0.7,20,0.2981629005733904,,0.5,5,1
20260216_001053,DpwBiFbmSimulator,4096,200,0.7,21,0.3925081456370698,,0.5,5,1
20260216_001053,DpwBiFbmSimulator,4096,200,0.7,22,0.4082310703057457,,0.5,5,1
20260216_001053,DpwBiFbmSimulator,4096,200,0.7,23,0.4058053753054348,,0.5,5,1
20260216_001053,DpwBiFbmSimulator,4096,200,0.7,24,0.4447317879709177,,0.5,5,1
20260216_001053,DpwBiFbmSimulator,4096,200,0.7,25,0.4262805631392966,,0.5,5,1
20260216_001053,DpwBiFbmSimulator,4096,200,0.7,26,0.2966758809825803,,0.5,5,1
20260216_001053,DpwBiFbmSimulator,4096,200,0.7,27,0.3150856387258173,,0.5,5,1
20260216_001053,DpwBiFbmSimulator,4096,200,0.7,28,0.3512554654234571,,0.5,5,1
20260216_001053,DpwBiFbmSimulator,4096,200,0.7,29,0.3965005553754226,,0.5,5,1
20260216_001053,DpwBiFbmSimulator,4096,200,0.7,30,0.3718052721386705,,0.5,5,1
20260216_001053,DpwBiFbmSimulator,4096,200,0.7,31,0.4296666015010125,,0.5,5,1
20260216_001053,DpwBiFbmSimulator,4096,200,0.7,32,0.4047823242800614,,0.5,5,1
20260216_001053,DpwBiFbmSimulator,4096,200,0.7,33,0.3410360384126421,,0.5,5,1
20260216_001053,DpwBiFbmSimulator,4096,200,0.7,34,0.3278223518042784,,0.5,5,1
20260216_001053,DpwBiFbmSimulator,4096,200,0.7,35,0.4176538572938438,,0.5,5,1
20260216_001053,DpwBiFbmSimulator,4096,200,0.7,36,0.3603706973016059,,0.5,5,1
20260216_001053,DpwBiFbmSimulator,4096,200,0.7,37,0.3333048451471133,,0.5,5,1
20260216_001053,DpwBiFbmSimulator,4096,200,0.7,38,0.3633046747574974,,0.5,5,1
20260216_001053,DpwBiFbmSimulator,4096,200,0.7,39,0.283076450031381,,0.5,5,1
20260216_001053,DpwBiFbmSimulator,4096,200,0.7,40,0.2998334401013575,,0.5,5,1
20260216_001053,DpwBiFbmSimulator,4096,200,0.7,41,0.3640382276959164,,0.5,5,1
20260216_001053,DpwBiFbmSimulator,4096,200,0.7,42,0.3565646390643421,,0.5,5,1
20260216_001053,DpwBiFbmSimulator,4096,200,0.7,43,0.4250806780147713,,0.5,5,1
20260216_001053,DpwBiFbmSimulator,4096,200,0.7,44,0.2987927719530268,,0.5,5,1
20260216_001053,DpwBiFbmSimulator,4096,200,0.7,45,0.2876036796576554,,0.5,5,1
20260216_001053,DpwBiFbmSimulator,4096,200,0.7,46,0.3970394014743995,,0.5,5,1
20260216_001053,DpwBiFbmSimulator,4096,200,0.7,47,0.3840210474149056,,0.5,5,1
20260216_001053,DpwBiFbmSimulator,4096,200,0.7,48,0.3862920403687477,,0.5,5,1
20260216_001053,DpwBiFbmSimulator,4096,200,0.7,49,0.324359646005472,,0.5,5,1
20260216_001053,DpwBiFbmSimulator,4096,200,0.7,50,0.3389027661090296,,0.5,5,1
20260216_001053,DpwBiFbmSimulator,4096,200,0.7,51,0.3714119164807023,,0.5,5,1
20260216_001053,DpwBiFbmSimulator,4096,200,0.7,52,0.2974671649829526,,0.5,5,1
20260216_001053,DpwBiFbmSimulator,4096,200,0.7,53,0.3817689765298609,,0.5,5,1
20260216_001053,DpwBiFbmSimulator,4096,200,0.7,54,0.3825759851075094,,0.5,5,1
20260216_001053,DpwBiFbmSimulator,4096,200,0.7,55,0.4556789013463624,,0.5,5,1
20260216_001053,DpwBiFbmSimulator,4096,200,0.7,56,0.4212188597782149,,0.5,5,1
20260216_001053,DpwBiFbmSimulator,4096,200,0.7,57,0.3408378491063005,,0.5,5,1
20260216_001053,DpwBiFbmSimulator,4096,200,0.7,58,0.3673763838799193,,0.5,5,1
20260216_001053,DpwBiFbmSimulator,4096,200,0.7,59,0.3775932508070291,,0.5,5,1
20260216_001053,DpwBiFbmSimulator,4096,200,0.7,60,0.4049839113853596,,0.5,5,1
20260216_001053,DpwBiFbmSimulator,4096,200,0.7,61,0.4229100765472874,,0.5,5,1
20260216_001053,DpwBiFbmSimulator,4096,200,0.7,62,0.3280270054924727,,0.5,5,1
20260216_001053,DpwBiFbmSimulator,4096,200,0.7,63,0.3849519538629324,,0.5,5,1
20260216_001053,DpwBiFbmSimulator,4096,200,0.7,64,0.2983187177406113,,0.5,5,1
20260216_001053,DpwBiFbmSimulator,4096,200,0.7,65,0.3072337267669824,,0.5,5,1
20260216_001053,DpwBiFbmSimulator,4096,200,0.7,66,0.4143435328698598,,0.5,5,1
20260216_001053,DpwBiFbmSimulator,4096,200,0.7,67,0.4327968529838748,,0.5,5,1
20260216_001053,DpwBiFbmSimulator,4096,200,0.7,68,0.3305102181941687,,0.5,5,1
20260216_001053,DpwBiFbmSimulator,4096,200,0.7,69,0.3506625490090394,,0.5,5,1
20260216_001053,DpwBiFbmSimulator,4096,200,0.7,70,0.3182823983217083,,0.5,5,1
20260216_001053,DpwBiFbmSimulator,4096,200,0.7,71,0.3244264877649858,,0.5,5,1
20260216_001053,DpwBiFbmSimulator,4096,200,0.7,72,0.3412914107086221,,0.5,5,1
20260216_001053,DpwBiFbmSimulator,4096,200,0.7,73,0.2865179709910329,,0.5,5,1
20260216_001053,DpwBiFbmSimulator,4096,200,0.7,74,0.3484315906251622,,0.5,5,1
20260216_001053,DpwBiFbmSimulator,4096,200,0.7,75,0.4021440908954437,,0.5,5,1
20260216_001053,DpwBiFbmSimulator,4096,200,0.7,76,0.3466294864602251,,0.5,5,1
20260216_001053,DpwBiFbmSimulator,4096,200,0.7,77,0.3618062977463196,,0.5,5,1
20260216_001053,DpwBiFbmSimulator,4096,200,0.7,78,0.4556857194221956,,0.5,5,1
20260216_001053,DpwBiFbmSimulator,4096,200,0.7,79,0.3418319218539003,,0.5,5,1
20260216_001053,DpwBiFbmSimulator,4096,200,0.7,80,0.3238992422561603,,0.5,5,1
20260216_001053,DpwBiFbmSimulator,4096,200,0.7,81,0.3661544306744302,,0.5,5,1
20260216_001053,DpwBiFbmSimulator,4096,200,0.7,82,0.3725687957811112,,0.5,5,1
20260216_001053,DpwBiFbmSimulator,4096,200,0.7,83,0.2599465596660321,,0.5,5,1
20260216_001053,DpwBiFbmSimulator,4096,200,0.7,84,0.3410243680406238,,0.5,5,1
20260216_001053,DpwBiFbmSimulator,4096,200,0.7,85,0.3499004758745612,,0.5,5,1
20260216_001053,DpwBiFbmSimulator,4096,200,0.7,86,0.3443099740911547,,0.5,5,1
20260216_001053,DpwBiFbmSimulator,4096,200,0.7,87,0.369463894282291,,0.5,5,1
20260216_001053,DpwBiFbmSimulator,4096,200,0.7,88,0.373216222010973,,0.5,5,1
20260216_001053,DpwBiFbmSimulator,4096,200,0.7,89,0.3979659409387377,,0.5,5,1
20260216_001053,DpwBiFbmSimulator,4096,200,0.7,90,0.3394888044798625,,0.5,5,1
20260216_001053,DpwBiFbmSimulator,4096,200,0.7,91,0.4061729476548231,,0.5,5,1
20260216_001053,DpwBiFbmSimulator,4096,200,0.7,92,0.4772928174298713,,0.5,5,1
20260216_001053,DpwBiFbmSimulator,4096,200,0.7,93,0.4307725930079255,,0.5,5,1
20260216_001053,DpwBiFbmSimulator,4096,200,0.7,94,0.3538997350298274,,0.5,5,1
20260216_001053,DpwBiFbmSimulator,4096,200,0.7,95,0.3140839429328465,,0.5,5,1
20260216_001053,DpwBiFbmSimulator,4096,200,0.7,96,0.3110333503284337,,0.5,5,1
20260216_001053,DpwBiFbmSimulator,4096,200,0.7,97,0.3674863246644835,,0.5,5,1
20260216_001053,DpwBiFbmSimulator,4096,200,0.7,98,0.3755586814503213,,0.5,5,1
20260216_001053,DpwBiFbmSimulator,4096,200,0.7,99,0.2962700917047655,,0.5,5,1
20260216_001053,DpwBiFbmSimulator,4096,200,0.7,100,0.3238571964215019,,0.5,5,1
20260216_001053,DpwBiFbmSimulator,4096,200,0.7,101,0.2706278727259426,,0.5,5,1
20260216_001053,DpwBiFbmSimulator,4096,200,0.7,102,0.3587452637472307,,0.5,5,1
20260216_001053,DpwBiFbmSimulator,4096,200,0.7,103,0.3647360489635239,,0.5,5,1
20260216_001053,DpwBiFbmSimulator,4096,200,0.7,104,0.4155142666481975,,0.5,5,1
20260216_001053,DpwBiFbmSimulator,4096,200,0.7,105,0.108306906279272,,0.5,5,1
20260216_001053,DpwBiFbmSimulator,4096,200,0.7,106,0.3704443766983695,,0.5,5,1
20260216_001053,DpwBiFbmSimulator,4096,200,0.7,107,0.3990473538678015,,0.5,5,1
20260216_001053,DpwBiFbmSimulator,4096,200,0.7,108,0.3407494465774794,,0.5,5,1
20260216_001053,DpwBiFbmSimulator,4096,200,0.7,109,0.4173149381991885,,0.5,5,1
20260216_001053,DpwBiFbmSimulator,4096,200,0.7,110,0.3617831623492191,,0.5,5,1
20260216_001053,DpwBiFbmSimulator,4096,200,0.7,111,0.3004798336530115,,0.5,5,1
20260216_001053,DpwBiFbmSimulator,4096,200,0.7,112,0.3519329307901697,,0.5,5,1
20260216_001053,DpwBiFbmSimulator,4096,200,0.7,113,0.4124756234553884,,0.5,5,1
20260216_001053,DpwBiFbmSimulator,4096,200,0.7,114,0.3383092156511049,,0.5,5,1
20260216_001053,DpwBiFbmSimulator,4096,200,0.7,115,0.3299800476361604,,0.5,5,1
20260216_001053,DpwBiFbmSimulator,4096,200,0.7,116,0.3425642780404134,,0.5,5,1
20260216_001053,DpwBiFbmSimulator,4096,200,0.7,117,0.2468283130258227,,0.5,5,1
20260216_001053,DpwBiFbmSimulator,4096,200,0.7,118,0.3609936831099219,,0.5,5,1
20260216_001053,DpwBiFbmSimulator,4096,200,0.7,119,0.3957988334899554,,0.5,5,1
20260216_001053,DpwBiFbmSimulator,4096,200,0.7,120,0.3222838901087969,,0.5,5,1
20260216_001053,DpwBiFbmSimulator,4096,200,0.7,121,0.2895640360758257,,0.5,5,1
20260216_001053,DpwBiFbmSimulator,4096,200,0.7,122,0.3906186451190265,,0.5,5,1
20260216_001053,DpwBiFbmSimulator,4096,200,0.7,123,0.411087650703054,,0.5,5,1
20260216_001053,DpwBiFbmSimulator,4096,200,0.7,124,0.3462780635472004,,0.5,5,1
20260216_001053,DpwBiFbmSimulator,4096,200,0.7,125,0.3395563631159258,,0.5,5,1
20260216_001053,DpwBiFbmSimulator,4096,200,0.7,126,0.4466771773815285,,0.5,5,1
20260216_001053,DpwBiFbmSimulator,4096,200,0.7,127,0.3829562736801737,,0.5,5,1
20260216_001053,DpwBiFbmSimulator,4096,200,0.7,128,0.3070554070008957,,0.5,5,1
20260216_001053,DpwBiFbmSimulator,4096,200,0.7,129,0.3649909099833551,,0.5,5,1
20260216_001053,DpwBiFbmSimulator,4096,200,0.7,130,0.409384407501448,,0.5,5,1
20260216_001053,DpwBiFbmSimulator,4096,200,0.7,131,0.4494736106425082,,0.5,5,1
20260216_001053,DpwBiFbmSimulator,4096,200,0.7,132,0.367083526097513,,0.5,5,1
20260216_001053,DpwBiFbmSimulator,4096,200,0.7,133,0.3308202578370688,,0.5,5,1
20260216_001053,DpwBiFbmSimulator,4096,200,0.7,134,0.3404200216908498,,0.5,5,1
20260216_001053,DpwBiFbmSimulator,4096,200,0.7,135,0.3616171705379683,,0.5,5,1
20260216_001053,DpwBiFbmSimulator,4096,200,0.7,136,0.3595486437715557,,0.5,5,1
20260216_001053,DpwBiFbmSimulator,4096,200,0.7,137,0.3767834270334087,,0.5,5,1
20260216_001053,DpwBiFbmSimulator,4096,200,0.7,138,0.285747247641764,,0.5,5,1
20260216_001053,DpwBiFbmSimulator,4096,200,0.7,139,0.3069630566965386,,0.5,5,1
20260216_001053,DpwBiFbmSimulator,4096,200,0.7,140,0.3529598834940469,,0.5,5,1
20260216_001053,DpwBiFbmSimulator,4096,200,0.7,141,0.3744735878341749,,0.5,5,1
20260216_001053,DpwBiFbmSimulator,4096,200,0.7,142,0.3068843140263289,,0.5,5,1
20260216_001053,DpwBiFbmSimulator,4096,200,0.7,143,0.3770189660747664,,0.5,5,1
20260216_001053,DpwBiFbmSimulator,4096,200,0.7,144,0.4060202197674791,,0.5,5,1
20260216_001053,DpwBiFbmSimulator,4096,200,0.7,145,0.3000483180181424,,0.5,5,1
20260216_001053,DpwBiFbmSimulator,4096,200,0.7,146,0.1992568748732298,,0.5,5,1
20260216_001053,DpwBiFbmSimulator,4096,200,0.7,147,0.3618012528055278,,0.5,5,1
20260216_001053,DpwBiFbmSimulator,4096,200,0.7,148,0.3066172147240327,,0.5,5,1
20260216_001053,DpwBiFbmSimulator,4096,200,0.7,149,0.4161032193817068,,0.5,5,1
20260216_001053,DpwBiFbmSimulator,4096,200,0.7,150,0.3592253093588911,,0.5,5,1
20260216_001053,DpwBiFbmSimulator,4096,200,0.7,151,0.3201975257681823,,0.5,5,1
20260216_001053,DpwBiFbmSimulator,4096,200,0.7,152,0.3946377499753296,,0.5,5,1
20260216_001053,DpwBiFbmSimulator,4096,200,0.7,153,0.3428419554332282,,0.5,5,1
20260216_001053,DpwBiFbmSimulator,4096,200,0.7,154,0.3356319016744056,,0.5,5,1
20260216_001053,DpwBiFbmSimulator,4096,200,0.7,155,0.4174803716025012,,0.5,5,1
20260216_001053,DpwBiFbmSimulator,4096,200,0.7,156,0.4191221734151774,,0.5,5,1
20260216_001053,DpwBiFbmSimulator,4096,200,0.7,157,0.3817915201512679,,0.5,5,1
20260216_001053,DpwBiFbmSimulator,4096,200,0.7,158,0.303039110667827,,0.5,5,1
20260216_001053,DpwBiFbmSimulator,4096,200,0.7,159,0.4042092574098195,,0.5,5,1
20260216_001053,DpwBiFbmSimulator,4096,200,0.7,160,0.3015238760907012,,0.5,5,1
20260216_001053,DpwBiFbmSimulator,4096,200,0.7,161,0.4266514550157487,,0.5,5,1
20260216_001053,DpwBiFbmSimulator,4096,200,0.7,162,0.3431134845969605,,0.5,5,1
20260216_001053,DpwBiFbmSimulator,4096,200,0.7,163,0.4163298214141683,,0.5,5,1
20260216_001053,DpwBiFbmSimulator,4096,200,0.7,164,0.3576771829975283,,0.5,5,1
20260216_001053,DpwBiFbmSimulator,4096,200,0.7,165,0.3224006924985413,,0.5,5,1
20260216_001053,DpwBiFbmSimulator,4096,200,0.7,166,0.4218013993958213,,0.5,5,1
20260216_001053,DpwBiFbmSimulator,4096,200,0.7,167,0.254780879278105,,0.5,5,1
20260216_001053,DpwBiFbmSimulator,4096,200,0.7,168,0.2779043085617294,,0.5,5,1
20260216_001053,DpwBiFbmSimulator,4096,200,0.7,169,0.3610200912763471,,0.5,5,1
20260216_001053,DpwBiFbmSimulator,4096,200,0.7,170,0.3379372586687851,,0.5,5,1
20260216_001053,DpwBiFbmSimulator,4096,200,0.7,171,0.3579937074479277,,0.5,5,1
20260216_001053,DpwBiFbmSimulator,4096,200,0.7,172,0.2833654264427785,,0.5,5,1
20260216_001053,DpwBiFbmSimulator,4096,200,0.7,173,0.4104845013515126,,0.5,5,1
20260216_001053,DpwBiFbmSimulator,4096,200,0.7,174,0.3770610460530029,,0.5,5,1
20260216_001053,DpwBiFbmSimulator,4096,200,0.7,175,-0.0830159356153007,,0.5,5,1
20260216_001053,DpwBiFbmSimulator,4096,200,0.7,176,0.3704770971544291,,0.5,5,1
20260216_001053,DpwBiFbmSimulator,4096,200,0.7,177,0.3587288161400729,,0.5,5,1
20260216_001053,DpwBiFbmSimulator,4096,200,0.7,178,0.227390522627397,,0.5,5,1
20260216_001053,DpwBiFbmSimulator,4096,200,0.7,179,0.2273933191694865,,0.5,5,1
20260216_001053,DpwBiFbmSimulator,4096,200,0.7,180,0.3706718889932404,,0.5,5,1
20260216_001053,DpwBiFbmSimulator,4096,200,0.7,181,0.317562852410293,,0.5,5,1
20260216_001053,DpwBiFbmSimulator,4096,200,0.7,182,0.4144145172326752,,0.5,5,1
20260216_001053,DpwBiFbmSimulator,4096,200,0.7,183,0.3163023201299061,,0.5,5,1
20260216_001053,DpwBiFbmSimulator,4096,200,0.7,184,0.409662262746306,,0.5,5,1
20260216_001053,DpwBiFbmSimulator,4096,200,0.7,185,0.4191875348813173,,0.5,5,1
20260216_001053,DpwBiFbmSimulator,4096,200,0.7,186,0.377668673775522,,0.5,5,1
20260216_001053,DpwBiFbmSimulator,4096,200,0.7,187,0.3460350126015414,,0.5,5,1
20260216_001053,DpwBiFbmSimulator,4096,200,0.7,188,0.2927326214334257,,0.5,5,1
20260216_001053,DpwBiFbmSimulator,4096,200,0.7,189,0.3210956943644323,,0.5,5,1
20260216_001053,DpwBiFbmSimulator,4096,200,0.7,190,0.3549079911268621,,0.5,5,1
20260216_001053,DpwBiFbmSimulator,4096,200,0.7,191,0.4182979911557282,,0.5,5,1
20260216_001053,DpwBiFbmSimulator,4096,200,0.7,192,0.3777249193025987,,0.5,5,1
20260216_001053,DpwBiFbmSimulator,4096,200,0.7,193,0.4219102773063127,,0.5,5,1
20260216_001053,DpwBiFbmSimulator,4096,200,0.7,194,0.3062006902345532,,0.5,5,1
20260216_001053,DpwBiFbmSimulator,4096,200,0.7,195,0.3400503133754929,,0.5,5,1
20260216_001053,DpwBiFbmSimulator,4096,200,0.7,196,0.2876494390232216,,0.5,5,1
20260216_001053,DpwBiFbmSimulator,4096,200,0.7,197,0.3724684174479714,,0.5,5,1
20260216_001053,DpwBiFbmSimulator,4096,200,0.7,198,0.4114690722580139,,0.5,5,1
20260216_001053,DpwBiFbmSimulator,4096,200,0.7,199,0.3697411578650938,,0.5,5,1
20260216_001053,DpwBiFbmSimulator,4096,200,0.7,200,0.3165359214271425,,0.5,5,1
20260216_001053,DpwBiFbmSimulator,4096,200,0.9,1,0.4905170239258482,,0.5,5,1
20260216_001053,DpwBiFbmSimulator,4096,200,0.9,2,0.4845064040698291,,0.5,5,1
20260216_001053,DpwBiFbmSimulator,4096,200,0.9,3,0.4648147299220547,,0.5,5,1
20260216_001053,DpwBiFbmSimulator,4096,200,0.9,4,0.4461212288270339,,0.5,5,1
20260216_001053,DpwBiFbmSimulator,4096,200,0.9,5,0.4898689266394981,,0.5,5,1
20260216_001053,DpwBiFbmSimulator,4096,200,0.9,6,0.3724982436892394,,0.5,5,1
20260216_001053,DpwBiFbmSimulator,4096,200,0.9,7,0.372800009466382,,0.5,5,1
20260216_001053,DpwBiFbmSimulator,4096,200,0.9,8,0.2924724570810664,,0.5,5,1
20260216_001053,DpwBiFbmSimulator,4096,200,0.9,9,0.4602741585782496,,0.5,5,1
20260216_001053,DpwBiFbmSimulator,4096,200,0.9,10,0.3893869520600391,,0.5,5,1
20260216_001053,DpwBiFbmSimulator,4096,200,0.9,11,0.5817937006590187,,0.5,5,1
20260216_001053,DpwBiFbmSimulator,4096,200,0.9,12,0.4568709449216191,,0.5,5,1
20260216_001053,DpwBiFbmSimulator,4096,200,0.9,13,0.4473320501726197,,0.5,5,1
20260216_001053,DpwBiFbmSimulator,4096,200,0.9,14,0.4442418642770978,,0.5,5,1
20260216_001053,DpwBiFbmSimulator,4096,200,0.9,15,0.4740036336032743,,0.5,5,1
20260216_001053,DpwBiFbmSimulator,4096,200,0.9,16,0.4707585615549608,,0.5,5,1
20260216_001053,DpwBiFbmSimulator,4096,200,0.9,17,0.442372766987992,,0.5,5,1
20260216_001053,DpwBiFbmSimulator,4096,200,0.9,18,0.4278319411177677,,0.5,5,1
20260216_001053,DpwBiFbmSimulator,4096,200,0.9,19,0.4831777944306903,,0.5,5,1
20260216_001053,DpwBiFbmSimulator,4096,200,0.9,20,0.4689439110342497,,0.5,5,1
20260216_001053,DpwBiFbmSimulator,4096,200,0.9,21,0.5297118400665551,,0.5,5,1
20260216_001053,DpwBiFbmSimulator,4096,200,0.9,22,0.4514571437193327,,0.5,5,1
20260216_001053,DpwBiFbmSimulator,4096,200,0.9,23,0.506253416943133,,0.5,5,1
20260216_001053,DpwBiFbmSimulator,4096,200,0.9,24,0.4474482423150828,,0.5,5,1
20260216_001053,DpwBiFbmSimulator,4096,200,0.9,25,0.4876150662242908,,0.5,5,1
20260216_001053,DpwBiFbmSimulator,4096,200,0.9,26,0.2551483575351146,,0.5,5,1
20260216_001053,DpwBiFbmSimulator,4096,200,0.9,27,0.4339326310934088,,0.5,5,1
20260216_001053,DpwBiFbmSimulator,4096,200,0.9,28,0.5676229914648445,,0.5,5,1
20260216_001053,DpwBiFbmSimulator,4096,200,0.9,29,0.430045771987187,,0.5,5,1
20260216_001053,DpwBiFbmSimulator,4096,200,0.9,30,0.4860625964166071,,0.5,5,1
20260216_001053,DpwBiFbmSimulator,4096,200,0.9,31,0.4259152180186276,,0.5,5,1
20260216_001053,DpwBiFbmSimulator,4096,200,0.9,32,0.4545372663643264,,0.5,5,1
20260216_001053,DpwBiFbmSimulator,4096,200,0.9,33,0.5455767250708305,,0.5,5,1
20260216_001053,DpwBiFbmSimulator,4096,200,0.9,34,0.4291272916088566,,0.5,5,1
20260216_001053,DpwBiFbmSimulator,4096,200,0.9,35,0.5771498266743899,,0.5,5,1
20260216_001053,DpwBiFbmSimulator,4096,200,0.9,36,0.3888269165425586,,0.5,5,1
20260216_001053,DpwBiFbmSimulator,4096,200,0.9,37,0.4469704899104355,,0.5,5,1
20260216_001053,DpwBiFbmSimulator,4096,200,0.9,38,0.5297117941420335,,0.5,5,1
20260216_001053,DpwBiFbmSimulator,4096,200,0.9,39,0.4152762761087382,,0.5,5,1
20260216_001053,DpwBiFbmSimulator,4096,200,0.9,40,0.4963992814460052,,0.5,5,1
20260216_001053,DpwBiFbmSimulator,4096,200,0.9,41,0.466652288718909,,0.5,5,1
20260216_001053,DpwBiFbmSimulator,4096,200,0.9,42,0.3135308633216304,,0.5,5,1
20260216_001053,DpwBiFbmSimulator,4096,200,0.9,43,0.4880255542185824,,0.5,5,1
20260216_001053,DpwBiFbmSimulator,4096,200,0.9,44,0.4539288144321096,,0.5,5,1
20260216_001053,DpwBiFbmSimulator,4096,200,0.9,45,0.4599348835809687,,0.5,5,1
20260216_001053,DpwBiFbmSimulator,4096,200,0.9,46,0.4770743094958833,,0.5,5,1
20260216_001053,DpwBiFbmSimulator,4096,200,0.9,47,0.4083979775870462,,0.5,5,1
20260216_001053,DpwBiFbmSimulator,4096,200,0.9,48,0.4426061492147257,,0.5,5,1
20260216_001053,DpwBiFbmSimulator,4096,200,0.9,49,0.4643378788887565,,0.5,5,1
20260216_001053,DpwBiFbmSimulator,4096,200,0.9,50,0.3509323546902155,,0.5,5,1
20260216_001053,DpwBiFbmSimulator,4096,200,0.9,51,0.4435456009290157,,0.5,5,1
20260216_001053,DpwBiFbmSimulator,4096,200,0.9,52,0.546547909996279,,0.5,5,1
20260216_001053,DpwBiFbmSimulator,4096,200,0.9,53,0.4035283112272703,,0.5,5,1
20260216_001053,DpwBiFbmSimulator,4096,200,0.9,54,0.4751934077650345,,0.5,5,1
20260216_001053,DpwBiFbmSimulator,4096,200,0.9,55,0.4749284402423814,,0.5,5,1
20260216_001053,DpwBiFbmSimulator,4096,200,0.9,56,0.543454334966451,,0.5,5,1
20260216_001053,DpwBiFbmSimulator,4096,200,0.9,57,0.5144038050458061,,0.5,5,1
20260216_001053,DpwBiFbmSimulator,4096,200,0.9,58,0.4031344594309715,,0.5,5,1
20260216_001053,DpwBiFbmSimulator,4096,200,0.9,59,0.3838321147854969,,0.5,5,1
20260216_001053,DpwBiFbmSimulator,4096,200,0.9,60,0.466048539219468,,0.5,5,1
20260216_001053,DpwBiFbmSimulator,4096,200,0.9,61,0.4554944951163308,,0.5,5,1
20260216_001053,DpwBiFbmSimulator,4096,200,0.9,62,0.491821097114086,,0.5,5,1
20260216_001053,DpwBiFbmSimulator,4096,200,0.9,63,0.5047180491414134,,0.5,5,1
20260216_001053,DpwBiFbmSimulator,4096,200,0.9,64,0.4839845131759336,,0.5,5,1
20260216_001053,DpwBiFbmSimulator,4096,200,0.9,65,0.4702067612483739,,0.5,5,1
20260216_001053,DpwBiFbmSimulator,4096,200,0.9,66,0.411881220409758,,0.5,5,1
20260216_001053,DpwBiFbmSimulator,4096,200,0.9,67,0.4126569494864102,,0.5,5,1
20260216_001053,DpwBiFbmSimulator,4096,200,0.9,68,0.5001923497133591,,0.5,5,1
20260216_001053,DpwBiFbmSimulator,4096,200,0.9,69,0.4036200258813429,,0.5,5,1
20260216_001053,DpwBiFbmSimulator,4096,200,0.9,70,0.3310489322690312,,0.5,5,1
20260216_001053,DpwBiFbmSimulator,4096,200,0.9,71,0.389896024403167,,0.5,5,1
20260216_001053,DpwBiFbmSimulator,4096,200,0.9,72,0.433076455663709,,0.5,5,1
20260216_001053,DpwBiFbmSimulator,4096,200,0.9,73,0.5081275218945033,,0.5,5,1
20260216_001053,DpwBiFbmSimulator,4096,200,0.9,74,0.4484699406031021,,0.5,5,1
20260216_001053,DpwBiFbmSimulator,4096,200,0.9,75,0.5183401263676691,,0.5,5,1
20260216_001053,DpwBiFbmSimulator,4096,200,0.9,76,0.3957883681499901,,0.5,5,1
20260216_001053,DpwBiFbmSimulator,4096,200,0.9,77,0.4093952665534659,,0.5,5,1
20260216_001053,DpwBiFbmSimulator,4096,200,0.9,78,0.2479767148427005,,0.5,5,1
20260216_001053,DpwBiFbmSimulator,4096,200,0.9,79,0.3820704423244396,,0.5,5,1
20260216_001053,DpwBiFbmSimulator,4096,200,0.9,80,0.3509699639248625,,0.5,5,1
20260216_001053,DpwBiFbmSimulator,4096,200,0.9,81,0.4609522809509432,,0.5,5,1
20260216_001053,DpwBiFbmSimulator,4096,200,0.9,82,0.4753955481376599,,0.5,5,1
20260216_001053,DpwBiFbmSimulator,4096,200,0.9,83,0.4941179718359995,,0.5,5,1
20260216_001053,DpwBiFbmSimulator,4096,200,0.9,84,0.451676732558707,,0.5,5,1
20260216_001053,DpwBiFbmSimulator,4096,200,0.9,85,0.4669827199568356,,0.5,5,1
20260216_001053,DpwBiFbmSimulator,4096,200,0.9,86,0.433502427176555,,0.5,5,1
20260216_001053,DpwBiFbmSimulator,4096,200,0.9,87,0.3813530549514392,,0.5,5,1
20260216_001053,DpwBiFbmSimulator,4096,200,0.9,88,0.4665324125067357,,0.5,5,1
20260216_001053,DpwBiFbmSimulator,4096,200,0.9,89,0.4194330229630744,,0.5,5,1
20260216_001053,DpwBiFbmSimulator,4096,200,0.9,90,0.4906747945987224,,0.5,5,1
20260216_001053,DpwBiFbmSimulator,4096,200,0.9,91,0.5780626147927993,,0.5,5,1
20260216_001053,DpwBiFbmSimulator,4096,200,0.9,92,0.4802176475570053,,0.5,5,1
20260216_001053,DpwBiFbmSimulator,4096,200,0.9,93,0.4713830039672227,,0.5,5,1
20260216_001053,DpwBiFbmSimulator,4096,200,0.9,94,0.3855282061746613,,0.5,5,1
20260216_001053,DpwBiFbmSimulator,4096,200,0.9,95,0.4486127333541203,,0.5,5,1
20260216_001053,DpwBiFbmSimulator,4096,200,0.9,96,0.406085213363817,,0.5,5,1
20260216_001053,DpwBiFbmSimulator,4096,200,0.9,97,0.4519779157372243,,0.5,5,1
20260216_001053,DpwBiFbmSimulator,4096,200,0.9,98,0.5087236688757673,,0.5,5,1
20260216_001053,DpwBiFbmSimulator,4096,200,0.9,99,0.3390178074110621,,0.5,5,1
20260216_001053,DpwBiFbmSimulator,4096,200,0.9,100,0.4151427860811837,,0.5,5,1
20260216_001053,DpwBiFbmSimulator,4096,200,0.9,101,0.4551395137278035,,0.5,5,1
20260216_001053,DpwBiFbmSimulator,4096,200,0.9,102,0.5474935101040541,,0.5,5,1
20260216_001053,DpwBiFbmSimulator,4096,200,0.9,103,0.4079393219655821,,0.5,5,1
20260216_001053,DpwBiFbmSimulator,4096,200,0.9,104,0.4053307499058282,,0.5,5,1
20260216_001053,DpwBiFbmSimulator,4096,200,0.9,105,0.4111056622992778,,0.5,5,1
20260216_001053,DpwBiFbmSimulator,4096,200,0.9,106,0.4932276034931117,,0.5,5,1
20260216_001053,DpwBiFbmSimulator,4096,200,0.9,107,0.4562311369856672,,0.5,5,1
20260216_001053,DpwBiFbmSimulator,4096,200,0.9,108,0.4987550329120728,,0.5,5,1
20260216_001053,DpwBiFbmSimulator,4096,200,0.9,109,0.5037266451901903,,0.5,5,1
20260216_001053,DpwBiFbmSimulator,4096,200,0.9,110,0.5160788813739001,,0.5,5,1
20260216_001053,DpwBiFbmSimulator,4096,200,0.9,111,0.5291468846895905,,0.5,5,1
20260216_001053,DpwBiFbmSimulator,4096,200,0.9,112,0.4542558650467564,,0.5,5,1
20260216_001053,DpwBiFbmSimulator,4096,200,0.9,113,0.4258029078953085,,0.5,5,1
20260216_001053,DpwBiFbmSimulator,4096,200,0.9,114,0.379354449180548,,0.5,5,1
20260216_001053,DpwBiFbmSimulator,4096,200,0.9,115,0.4806742330062503,,0.5,5,1
20260216_001053,DpwBiFbmSimulator,4096,200,0.9,116,0.3957269778981273,,0.5,5,1
20260216_001053,DpwBiFbmSimulator,4096,200,0.9,117,0.3762482897004622,,0.5,5,1
20260216_001053,DpwBiFbmSimulator,4096,200,0.9,118,0.473751353249106,,0.5,5,1
20260216_001053,DpwBiFbmSimulator,4096,200,0.9,119,0.4691364820013158,,0.5,5,1
20260216_001053,DpwBiFbmSimulator,4096,200,0.9,120,0.4973753964433918,,0.5,5,1
20260216_001053,DpwBiFbmSimulator,4096,200,0.9,121,0.5242523500025493,,0.5,5,1
20260216_001053,DpwBiFbmSimulator,4096,200,0.9,122,0.4189746747668125,,0.5,5,1
20260216_001053,DpwBiFbmSimulator,4096,200,0.9,123,0.3880873122020347,,0.5,5,1
20260216_001053,DpwBiFbmSimulator,4096,200,0.9,124,0.4316313545769395,,0.5,5,1
20260216_001053,DpwBiFbmSimulator,4096,200,0.9,125,0.4111372916869149,,0.5,5,1
20260216_001053,DpwBiFbmSimulator,4096,200,0.9,126,0.3691279187152365,,0.5,5,1
20260216_001053,DpwBiFbmSimulator,4096,200,0.9,127,0.3153345430034519,,0.5,5,1
20260216_001053,DpwBiFbmSimulator,4096,200,0.9,128,0.4898181109306918,,0.5,5,1
20260216_001053,DpwBiFbmSimulator,4096,200,0.9,129,0.6489728989368788,,0.5,5,1
20260216_001053,DpwBiFbmSimulator,4096,200,0.9,130,0.4941155599679137,,0.5,5,1
20260216_001053,DpwBiFbmSimulator,4096,200,0.9,131,0.5098695073654596,,0.5,5,1
20260216_001053,DpwBiFbmSimulator,4096,200,0.9,132,0.4758819807160203,,0.5,5,1
20260216_001053,DpwBiFbmSimulator,4096,200,0.9,133,0.4248589772826754,,0.5,5,1
20260216_001053,DpwBiFbmSimulator,4096,200,0.9,134,0.4153213448081588,,0.5,5,1
20260216_001053,DpwBiFbmSimulator,4096,200,0.9,135,0.4697355777459453,,0.5,5,1
20260216_001053,DpwBiFbmSimulator,4096,200,0.9,136,0.5101851839005366,,0.5,5,1
20260216_001053,DpwBiFbmSimulator,4096,200,0.9,137,0.4637417023950854,,0.5,5,1
20260216_001053,DpwBiFbmSimulator,4096,200,0.9,138,0.4322973143669597,,0.5,5,1
20260216_001053,DpwBiFbmSimulator,4096,200,0.9,139,0.5187091943679446,,0.5,5,1
20260216_001053,DpwBiFbmSimulator,4096,200,0.9,140,0.4425370843877512,,0.5,5,1
20260216_001053,DpwBiFbmSimulator,4096,200,0.9,141,0.5214443683363352,,0.5,5,1
20260216_001053,DpwBiFbmSimulator,4096,200,0.9,142,0.390985694560843,,0.5,5,1
20260216_001053,DpwBiFbmSimulator,4096,200,0.9,143,0.3855547176558585,,0.5,5,1
20260216_001053,DpwBiFbmSimulator,4096,200,0.9,144,0.4359256434416485,,0.5,5,1
20260216_001053,DpwBiFbmSimulator,4096,200,0.9,145,0.5309771057933018,,0.5,5,1
20260216_001053,DpwBiFbmSimulator,4096,200,0.9,146,0.5029369151040056,,0.5,5,1
20260216_001053,DpwBiFbmSimulator,4096,200,0.9,147,0.4898874138197847,,0.5,5,1
20260216_001053,DpwBiFbmSimulator,4096,200,0.9,148,0.4505673297340435,,0.5,5,1
20260216_001053,DpwBiFbmSimulator,4096,200,0.9,149,0.523836914348407,,0.5,5,1
20260216_001053,DpwBiFbmSimulator,4096,200,0.9,150,0.404388276621643,,0.5,5,1
20260216_001053,DpwBiFbmSimulator,4096,200,0.9,151,0.4497283574091903,,0.5,5,1
20260216_001053,DpwBiFbmSimulator,4096,200,0.9,152,0.4971019102581858,,0.5,5,1
20260216_001053,DpwBiFbmSimulator,4096,200,0.9,153,0.3925802944330676,,0.5,5,1
20260216_001053,DpwBiFbmSimulator,4096,200,0.9,154,0.5075992904261561,,0.5,5,1
20260216_001053,DpwBiFbmSimulator,4096,200,0.9,155,0.3778381364017051,,0.5,5,1
20260216_001053,DpwBiFbmSimulator,4096,200,0.9,156,0.4328376485332649,,0.5,5,1
20260216_001053,DpwBiFbmSimulator,4096,200,0.9,157,0.43029751391138,,0.5,5,1
20260216_001053,DpwBiFbmSimulator,4096,200,0.9,158,0.5030413252052681,,0.5,5,1
20260216_001053,DpwBiFbmSimulator,4096,200,0.9,159,0.4718499233981515,,0.5,5,1
20260216_001053,DpwBiFbmSimulator,4096,200,0.9,160,0.3178473234611557,,0.5,5,1
20260216_001053,DpwBiFbmSimulator,4096,200,0.9,161,0.4993698145188028,,0.5,5,1
20260216_001053,DpwBiFbmSimulator,4096,200,0.9,162,0.4841219095942457,,0.5,5,1
20260216_001053,DpwBiFbmSimulator,4096,200,0.9,163,0.466341523474884,,0.5,5,1
20260216_001053,DpwBiFbmSimulator,4096,200,0.9,164,0.4408780705466905,,0.5,5,1
20260216_001053,DpwBiFbmSimulator,4096,200,0.9,165,0.4418784554383198,,0.5,5,1
20260216_001053,DpwBiFbmSimulator,4096,200,0.9,166,0.4880616833775907,,0.5,5,1
20260216_001053,DpwBiFbmSimulator,4096,200,0.9,167,0.5511271289224506,,0.5,5,1
20260216_001053,DpwBiFbmSimulator,4096,200,0.9,168,0.4653551150589806,,0.5,5,1
20260216_001053,DpwBiFbmSimulator,4096,200,0.9,169,0.393146737071119,,0.5,5,1
20260216_001053,DpwBiFbmSimulator,4096,200,0.9,170,0.5327713468983646,,0.5,5,1
20260216_001053,DpwBiFbmSimulator,4096,200,0.9,171,0.5282160173119868,,0.5,5,1
20260216_001053,DpwBiFbmSimulator,4096,200,0.9,172,0.4491905427012311,,0.5,5,1
20260216_001053,DpwBiFbmSimulator,4096,200,0.9,173,0.4812532252604976,,0.5,5,1
20260216_001053,DpwBiFbmSimulator,4096,200,0.9,174,0.4532769623676701,,0.5,5,1
20260216_001053,DpwBiFbmSimulator,4096,200,0.9,175,0.3971740460102997,,0.5,5,1
20260216_001053,DpwBiFbmSimulator,4096,200,0.9,176,0.4060004252675127,,0.5,5,1
20260216_001053,DpwBiFbmSimulator,4096,200,0.9,177,0.5118611487997756,,0.5,5,1
20260216_001053,DpwBiFbmSimulator,4096,200,0.9,178,0.4187689953353735,,0.5,5,1
20260216_001053,DpwBiFbmSimulator,4096,200,0.9,179,0.4440803757899756,,0.5,5,1
20260216_001053,DpwBiFbmSimulator,4096,200,0.9,180,0.434243251572575,,0.5,5,1
20260216_001053,DpwBiFbmSimulator,4096,200,0.9,181,0.4437097152529802,,0.5,5,1
20260216_001053,DpwBiFbmSimulator,4096,200,0.9,182,0.2639696389817201,,0.5,5,1
20260216_001053,DpwBiFbmSimulator,4096,200,0.9,183,0.3917538971281892,,0.5,5,1
20260216_001053,DpwBiFbmSimulator,4096,200,0.9,184,0.4710399774573158,,0.5,5,1
20260216_001053,DpwBiFbmSimulator,4096,200,0.9,185,0.4030333843390011,,0.5,5,1
20260216_001053,DpwBiFbmSimulator,4096,200,0.9,186,0.486297194576515,,0.5,5,1
20260216_001053,DpwBiFbmSimulator,4096,200,0.9,187,0.540386422900595,,0.5,5,1
20260216_001053,DpwBiFbmSimulator,4096,200,0.9,188,0.5151303462728662,,0.5,5,1
20260216_001053,DpwBiFbmSimulator,4096,200,0.9,189,0.3557298302578728,,0.5,5,1
20260216_001053,DpwBiFbmSimulator,4096,200,0.9,190,0.39645949356255,,0.5,5,1
20260216_001053,DpwBiFbmSimulator,4096,200,0.9,191,0.460244281309633,,0.5,5,1
20260216_001053,DpwBiFbmSimulator,4096,200,0.9,192,0.3247087383515808,,0.5,5,1
20260216_001053,DpwBiFbmSimulator,4096,200,0.9,193,0.4839961449865399,,0.5,5,1
20260216_001053,DpwBiFbmSimulator,4096,200,0.9,194,0.4384959110757823,,0.5,5,1
20260216_001053,DpwBiFbmSimulator,4096,200,0.9,195,0.4857985991284457,,0.5,5,1
20260216_001053,DpwBiFbmSimulator,4096,200,0.9,196,0.4699971328156189,,0.5,5,1
20260216_001053,DpwBiFbmSimulator,4096,200,0.9,197,0.5136130727785007,,0.5,5,1
20260216_001053,DpwBiFbmSimulator,4096,200,0.9,198,0.4562771076620768,,0.5,5,1
20260216_001053,DpwBiFbmSimulator,4096,200,0.9,199,0.5809272066821486,,0.5,5,1
20260216_001053,DpwBiFbmSimulator,4096,200,0.9,200,0.4788657598040492,,0.5,5,1
20260216_001601,DpwBiFbmSimulator,4096,200,0.4,1,0.3008423922058363,,0.7,5,1
20260216_001601,DpwBiFbmSimulator,4096,200,0.4,2,0.2855540042093092,,0.7,5,1
20260216_001601,DpwBiFbmSimulator,4096,200,0.4,3,0.3105800857970009,,0.7,5,1
20260216_001601,DpwBiFbmSimulator,4096,200,0.4,4,0.3317995062937671,,0.7,5,1
20260216_001601,DpwBiFbmSimulator,4096,200,0.4,5,0.2912402599354287,,0.7,5,1
20260216_001601,DpwBiFbmSimulator,4096,200,0.4,6,0.2955638437685117,,0.7,5,1
20260216_001601,DpwBiFbmSimulator,4096,200,0.4,7,0.3187968841070006,,0.7,5,1
20260216_001601,DpwBiFbmSimulator,4096,200,0.4,8,0.4092117716388371,,0.7,5,1
20260216_001601,DpwBiFbmSimulator,4096,200,0.4,9,0.2804470569382302,,0.7,5,1
20260216_001601,DpwBiFbmSimulator,4096,200,0.4,10,0.3214674786781746,,0.7,5,1
20260216_001601,DpwBiFbmSimulator,4096,200,0.4,11,0.2737684378242304,,0.7,5,1
20260216_001601,DpwBiFbmSimulator,4096,200,0.4,12,0.29123720489419,,0.7,5,1
20260216_001601,DpwBiFbmSimulator,4096,200,0.4,13,0.2512143608864491,,0.7,5,1
20260216_001601,DpwBiFbmSimulator,4096,200,0.4,14,0.3218646209221342,,0.7,5,1
20260216_001601,DpwBiFbmSimulator,4096,200,0.4,15,0.2715609939491553,,0.7,5,1
20260216_001601,DpwBiFbmSimulator,4096,200,0.4,16,0.2926563870796113,,0.7,5,1
20260216_001601,DpwBiFbmSimulator,4096,200,0.4,17,0.3249707370019478,,0.7,5,1
20260216_001601,DpwBiFbmSimulator,4096,200,0.4,18,0.314467759772588,,0.7,5,1
20260216_001601,DpwBiFbmSimulator,4096,200,0.4,19,0.3515432473029356,,0.7,5,1
20260216_001601,DpwBiFbmSimulator,4096,200,0.4,20,0.2223435546865882,,0.7,5,1
20260216_001601,DpwBiFbmSimulator,4096,200,0.4,21,0.2629514944786932,,0.7,5,1
20260216_001601,DpwBiFbmSimulator,4096,200,0.4,22,0.3407555203771025,,0.7,5,1
20260216_001601,DpwBiFbmSimulator,4096,200,0.4,23,0.2898639411881626,,0.7,5,1
20260216_001601,DpwBiFbmSimulator,4096,200,0.4,24,0.2102922193206089,,0.7,5,1
20260216_001601,DpwBiFbmSimulator,4096,200,0.4,25,0.2652307092917472,,0.7,5,1
20260216_001601,DpwBiFbmSimulator,4096,200,0.4,26,0.2524499363590941,,0.7,5,1
20260216_001601,DpwBiFbmSimulator,4096,200,0.4,27,0.3156790781176349,,0.7,5,1
20260216_001601,DpwBiFbmSimulator,4096,200,0.4,28,0.2693793997677724,,0.7,5,1
20260216_001601,DpwBiFbmSimulator,4096,200,0.4,29,0.3380053652658759,,0.7,5,1
20260216_001601,DpwBiFbmSimulator,4096,200,0.4,30,0.2163592827968106,,0.7,5,1
20260216_001601,DpwBiFbmSimulator,4096,200,0.4,31,0.2864264505352167,,0.7,5,1
20260216_001601,DpwBiFbmSimulator,4096,200,0.4,32,0.2311107492800738,,0.7,5,1
20260216_001601,DpwBiFbmSimulator,4096,200,0.4,33,0.2985359718044327,,0.7,5,1
20260216_001601,DpwBiFbmSimulator,4096,200,0.4,34,0.2504502212609612,,0.7,5,1
20260216_001601,DpwBiFbmSimulator,4096,200,0.4,35,0.2840532353801535,,0.7,5,1
20260216_001601,DpwBiFbmSimulator,4096,200,0.4,36,0.3647929410626706,,0.7,5,1
20260216_001601,DpwBiFbmSimulator,4096,200,0.4,37,0.3011188166796972,,0.7,5,1
20260216_001601,DpwBiFbmSimulator,4096,200,0.4,38,0.2522135411547933,,0.7,5,1
20260216_001601,DpwBiFbmSimulator,4096,200,0.4,39,0.3298403693271041,,0.7,5,1
20260216_001601,DpwBiFbmSimulator,4096,200,0.4,40,0.2964422090504356,,0.7,5,1
20260216_001601,DpwBiFbmSimulator,4096,200,0.4,41,0.2945010854710532,,0.7,5,1
20260216_001601,DpwBiFbmSimulator,4096,200,0.4,42,0.2463889871193149,,0.7,5,1
20260216_001601,DpwBiFbmSimulator,4096,200,0.4,43,0.3313974345179572,,0.7,5,1
20260216_001601,DpwBiFbmSimulator,4096,200,0.4,44,0.3144913618648783,,0.7,5,1
20260216_001601,DpwBiFbmSimulator,4096,200,0.4,45,0.2836756813531375,,0.7,5,1
20260216_001601,DpwBiFbmSimulator,4096,200,0.4,46,0.2530725308907633,,0.7,5,1
20260216_001601,DpwBiFbmSimulator,4096,200,0.4,47,0.2805869996935364,,0.7,5,1
20260216_001601,DpwBiFbmSimulator,4096,200,0.4,48,0.3361714410873698,,0.7,5,1
20260216_001601,DpwBiFbmSimulator,4096,200,0.4,49,0.2948174069997403,,0.7,5,1
20260216_001601,DpwBiFbmSimulator,4096,200,0.4,50,0.2956762239427005,,0.7,5,1
20260216_001601,DpwBiFbmSimulator,4096,200,0.4,51,0.1542195679029554,,0.7,5,1
20260216_001601,DpwBiFbmSimulator,4096,200,0.4,52,0.2097315104030998,,0.7,5,1
20260216_001601,DpwBiFbmSimulator,4096,200,0.4,53,0.2567310396960218,,0.7,5,1
20260216_001601,DpwBiFbmSimulator,4096,200,0.4,54,0.2343029059575981,,0.7,5,1
20260216_001601,DpwBiFbmSimulator,4096,200,0.4,55,0.2919466937987919,,0.7,5,1
20260216_001601,DpwBiFbmSimulator,4096,200,0.4,56,0.2607586927883326,,0.7,5,1
20260216_001601,DpwBiFbmSimulator,4096,200,0.4,57,0.3476881966560977,,0.7,5,1
20260216_001601,DpwBiFbmSimulator,4096,200,0.4,58,0.2986803100012241,,0.7,5,1
20260216_001601,DpwBiFbmSimulator,4096,200,0.4,59,0.3092172158767631,,0.7,5,1
20260216_001601,DpwBiFbmSimulator,4096,200,0.4,60,0.3840464565459729,,0.7,5,1
20260216_001601,DpwBiFbmSimulator,4096,200,0.4,61,0.1965604423880357,,0.7,5,1
20260216_001601,DpwBiFbmSimulator,4096,200,0.4,62,0.2314593436172784,,0.7,5,1
20260216_001601,DpwBiFbmSimulator,4096,200,0.4,63,0.2860366391222719,,0.7,5,1
20260216_001601,DpwBiFbmSimulator,4096,200,0.4,64,0.3242776665996746,,0.7,5,1
20260216_001601,DpwBiFbmSimulator,4096,200,0.4,65,0.249236577989904,,0.7,5,1
20260216_001601,DpwBiFbmSimulator,4096,200,0.4,66,0.2543939560173021,,0.7,5,1
20260216_001601,DpwBiFbmSimulator,4096,200,0.4,67,0.2876934265587838,,0.7,5,1
20260216_001601,DpwBiFbmSimulator,4096,200,0.4,68,0.3456543387212527,,0.7,5,1
20260216_001601,DpwBiFbmSimulator,4096,200,0.4,69,0.25253760531937,,0.7,5,1
20260216_001601,DpwBiFbmSimulator,4096,200,0.4,70,0.3584174666284802,,0.7,5,1
20260216_001601,DpwBiFbmSimulator,4096,200,0.4,71,0.2359999263951753,,0.7,5,1
20260216_001601,DpwBiFbmSimulator,4096,200,0.4,72,0.3063538980207744,,0.7,5,1
20260216_001601,DpwBiFbmSimulator,4096,200,0.4,73,0.3043899294985202,,0.7,5,1
20260216_001601,DpwBiFbmSimulator,4096,200,0.4,74,0.3510548570015319,,0.7,5,1
20260216_001601,DpwBiFbmSimulator,4096,200,0.4,75,0.3190693838558003,,0.7,5,1
20260216_001601,DpwBiFbmSimulator,4096,200,0.4,76,0.3412325048411452,,0.7,5,1
20260216_001601,DpwBiFbmSimulator,4096,200,0.4,77,0.249783342794411,,0.7,5,1
20260216_001601,DpwBiFbmSimulator,4096,200,0.4,78,0.190109140577057,,0.7,5,1
20260216_001601,DpwBiFbmSimulator,4096,200,0.4,79,0.3309061386874968,,0.7,5,1
20260216_001601,DpwBiFbmSimulator,4096,200,0.4,80,0.2848086211661683,,0.7,5,1
20260216_001601,DpwBiFbmSimulator,4096,200,0.4,81,0.2371644496294265,,0.7,5,1
20260216_001601,DpwBiFbmSimulator,4096,200,0.4,82,0.3874443159982971,,0.7,5,1
20260216_001601,DpwBiFbmSimulator,4096,200,0.4,83,0.2847613228524924,,0.7,5,1
20260216_001601,DpwBiFbmSimulator,4096,200,0.4,84,0.2821902410927715,,0.7,5,1
20260216_001601,DpwBiFbmSimulator,4096,200,0.4,85,0.2780659057625659,,0.7,5,1
20260216_001601,DpwBiFbmSimulator,4096,200,0.4,86,0.3204092843440734,,0.7,5,1
20260216_001601,DpwBiFbmSimulator,4096,200,0.4,87,0.220462054956042,,0.7,5,1
20260216_001601,DpwBiFbmSimulator,4096,200,0.4,88,0.2198932528248229,,0.7,5,1
20260216_001601,DpwBiFbmSimulator,4096,200,0.4,89,0.2933572831166136,,0.7,5,1
20260216_001601,DpwBiFbmSimulator,4096,200,0.4,90,0.2912973327809348,,0.7,5,1
20260216_001601,DpwBiFbmSimulator,4096,200,0.4,91,0.2968015203339894,,0.7,5,1
20260216_001601,DpwBiFbmSimulator,4096,200,0.4,92,0.2475732237772804,,0.7,5,1
20260216_001601,DpwBiFbmSimulator,4096,200,0.4,93,0.2462071046329908,,0.7,5,1
20260216_001601,DpwBiFbmSimulator,4096,200,0.4,94,0.3420580508821181,,0.7,5,1
20260216_001601,DpwBiFbmSimulator,4096,200,0.4,95,0.3341607528849442,,0.7,5,1
20260216_001601,DpwBiFbmSimulator,4096,200,0.4,96,0.1479698615594871,,0.7,5,1
20260216_001601,DpwBiFbmSimulator,4096,200,0.4,97,0.2799249768760724,,0.7,5,1
20260216_001601,DpwBiFbmSimulator,4096,200,0.4,98,0.3105847903872198,,0.7,5,1
20260216_001601,DpwBiFbmSimulator,4096,200,0.4,99,0.3729500851167051,,0.7,5,1
20260216_001601,DpwBiFbmSimulator,4096,200,0.4,100,0.2123647601148462,,0.7,5,1
20260216_001601,DpwBiFbmSimulator,4096,200,0.4,101,0.2646047206144304,,0.7,5,1
20260216_001601,DpwBiFbmSimulator,4096,200,0.4,102,0.2951402024096941,,0.7,5,1
20260216_001601,DpwBiFbmSimulator,4096,200,0.4,103,0.2783709366952351,,0.7,5,1
20260216_001601,DpwBiFbmSimulator,4096,200,0.4,104,0.2642513912612875,,0.7,5,1
20260216_001601,DpwBiFbmSimulator,4096,200,0.4,105,0.2407454281982479,,0.7,5,1
20260216_001601,DpwBiFbmSimulator,4096,200,0.4,106,0.3000688841579697,,0.7,5,1
20260216_001601,DpwBiFbmSimulator,4096,200,0.4,107,0.322322465303386,,0.7,5,1
20260216_001601,DpwBiFbmSimulator,4096,200,0.4,108,0.3521433157000478,,0.7,5,1
20260216_001601,DpwBiFbmSimulator,4096,200,0.4,109,0.2970356216190544,,0.7,5,1
20260216_001601,DpwBiFbmSimulator,4096,200,0.4,110,0.3067960382305855,,0.7,5,1
20260216_001601,DpwBiFbmSimulator,4096,200,0.4,111,0.2150998506161893,,0.7,5,1
20260216_001601,DpwBiFbmSimulator,4096,200,0.4,112,0.2220985625352008,,0.7,5,1
20260216_001601,DpwBiFbmSimulator,4096,200,0.4,113,0.3057325568266884,,0.7,5,1
20260216_001601,DpwBiFbmSimulator,4096,200,0.4,114,0.3413994740692748,,0.7,5,1
20260216_001601,DpwBiFbmSimulator,4096,200,0.4,115,0.3029148804197752,,0.7,5,1
20260216_001601,DpwBiFbmSimulator,4096,200,0.4,116,0.3422225266426666,,0.7,5,1
20260216_001601,DpwBiFbmSimulator,4096,200,0.4,117,0.2742832539749653,,0.7,5,1
20260216_001601,DpwBiFbmSimulator,4096,200,0.4,118,0.2868187938196959,,0.7,5,1
20260216_001601,DpwBiFbmSimulator,4096,200,0.4,119,0.2545096662711361,,0.7,5,1
20260216_001601,DpwBiFbmSimulator,4096,200,0.4,120,0.3803055150476815,,0.7,5,1
20260216_001601,DpwBiFbmSimulator,4096,200,0.4,121,0.2611059408442184,,0.7,5,1
20260216_001601,DpwBiFbmSimulator,4096,200,0.4,122,0.3276410209397783,,0.7,5,1
20260216_001601,DpwBiFbmSimulator,4096,200,0.4,123,0.2744677382982942,,0.7,5,1
20260216_001601,DpwBiFbmSimulator,4096,200,0.4,124,0.3226770586842282,,0.7,5,1
20260216_001601,DpwBiFbmSimulator,4096,200,0.4,125,0.292878937594252,,0.7,5,1
20260216_001601,DpwBiFbmSimulator,4096,200,0.4,126,0.3091899492859067,,0.7,5,1
20260216_001601,DpwBiFbmSimulator,4096,200,0.4,127,0.2039858045400017,,0.7,5,1
20260216_001601,DpwBiFbmSimulator,4096,200,0.4,128,0.2296571224937832,,0.7,5,1
20260216_001601,DpwBiFbmSimulator,4096,200,0.4,129,0.2098116097814186,,0.7,5,1
20260216_001601,DpwBiFbmSimulator,4096,200,0.4,130,0.3451485941269983,,0.7,5,1
20260216_001601,DpwBiFbmSimulator,4096,200,0.4,131,0.2507534678209164,,0.7,5,1
20260216_001601,DpwBiFbmSimulator,4096,200,0.4,132,0.2504151066283397,,0.7,5,1
20260216_001601,DpwBiFbmSimulator,4096,200,0.4,133,0.3279538411298859,,0.7,5,1
20260216_001601,DpwBiFbmSimulator,4096,200,0.4,134,0.2967153082220537,,0.7,5,1
20260216_001601,DpwBiFbmSimulator,4096,200,0.4,135,0.2694024630572069,,0.7,5,1
20260216_001601,DpwBiFbmSimulator,4096,200,0.4,136,0.2713974959318683,,0.7,5,1
20260216_001601,DpwBiFbmSimulator,4096,200,0.4,137,0.3103372265053175,,0.7,5,1
20260216_001601,DpwBiFbmSimulator,4096,200,0.4,138,0.2251641556943148,,0.7,5,1
20260216_001601,DpwBiFbmSimulator,4096,200,0.4,139,0.315864899901416,,0.7,5,1
20260216_001601,DpwBiFbmSimulator,4096,200,0.4,140,0.2896684699254185,,0.7,5,1
20260216_001601,DpwBiFbmSimulator,4096,200,0.4,141,0.3642183928184996,,0.7,5,1
20260216_001601,DpwBiFbmSimulator,4096,200,0.4,142,0.2189539036665898,,0.7,5,1
20260216_001601,DpwBiFbmSimulator,4096,200,0.4,143,0.3287379354571243,,0.7,5,1
20260216_001601,DpwBiFbmSimulator,4096,200,0.4,144,0.2601120426800687,,0.7,5,1
20260216_001601,DpwBiFbmSimulator,4096,200,0.4,145,0.3408840206919656,,0.7,5,1
20260216_001601,DpwBiFbmSimulator,4096,200,0.4,146,0.2150806056141104,,0.7,5,1
20260216_001601,DpwBiFbmSimulator,4096,200,0.4,147,0.3077426377488935,,0.7,5,1
20260216_001601,DpwBiFbmSimulator,4096,200,0.4,148,0.302277236566563,,0.7,5,1
20260216_001601,DpwBiFbmSimulator,4096,200,0.4,149,0.3761167168616453,,0.7,5,1
20260216_001601,DpwBiFbmSimulator,4096,200,0.4,150,0.2020484420280194,,0.7,5,1
20260216_001601,DpwBiFbmSimulator,4096,200,0.4,151,0.2716437036098851,,0.7,5,1
20260216_001601,DpwBiFbmSimulator,4096,200,0.4,152,0.2801345295269328,,0.7,5,1
20260216_001601,DpwBiFbmSimulator,4096,200,0.4,153,0.2732462559344739,,0.7,5,1
20260216_001601,DpwBiFbmSimulator,4096,200,0.4,154,0.1713347039265576,,0.7,5,1
20260216_001601,DpwBiFbmSimulator,4096,200,0.4,155,0.3374878632849168,,0.7,5,1
20260216_001601,DpwBiFbmSimulator,4096,200,0.4,156,0.2774610967517079,,0.7,5,1
20260216_001601,DpwBiFbmSimulator,4096,200,0.4,157,0.3563782751743276,,0.7,5,1
20260216_001601,DpwBiFbmSimulator,4096,200,0.4,158,0.3622808560700217,,0.7,5,1
20260216_001601,DpwBiFbmSimulator,4096,200,0.4,159,0.3357399022189197,,0.7,5,1
20260216_001601,DpwBiFbmSimulator,4096,200,0.4,160,0.1386039360412031,,0.7,5,1
20260216_001601,DpwBiFbmSimulator,4096,200,0.4,161,0.2996145514441116,,0.7,5,1
20260216_001601,DpwBiFbmSimulator,4096,200,0.4,162,0.2980451359862087,,0.7,5,1
20260216_001601,DpwBiFbmSimulator,4096,200,0.4,163,0.2657385712481938,,0.7,5,1
20260216_001601,DpwBiFbmSimulator,4096,200,0.4,164,0.2450308940405537,,0.7,5,1
20260216_001601,DpwBiFbmSimulator,4096,200,0.4,165,0.2932854404086014,,0.7,5,1
20260216_001601,DpwBiFbmSimulator,4096,200,0.4,166,0.3287881991354621,,0.7,5,1
20260216_001601,DpwBiFbmSimulator,4096,200,0.4,167,0.3269209548790677,,0.7,5,1
20260216_001601,DpwBiFbmSimulator,4096,200,0.4,168,0.1903740081552781,,0.7,5,1
20260216_001601,DpwBiFbmSimulator,4096,200,0.4,169,0.3483317764139263,,0.7,5,1
20260216_001601,DpwBiFbmSimulator,4096,200,0.4,170,0.25977041587185,,0.7,5,1
20260216_001601,DpwBiFbmSimulator,4096,200,0.4,171,0.239531325105178,,0.7,5,1
20260216_001601,DpwBiFbmSimulator,4096,200,0.4,172,0.2288289641276048,,0.7,5,1
20260216_001601,DpwBiFbmSimulator,4096,200,0.4,173,0.2944685712543131,,0.7,5,1
20260216_001601,DpwBiFbmSimulator,4096,200,0.4,174,0.3726910020310477,,0.7,5,1
20260216_001601,DpwBiFbmSimulator,4096,200,0.4,175,0.3064244483499698,,0.7,5,1
20260216_001601,DpwBiFbmSimulator,4096,200,0.4,176,0.1477450031020087,,0.7,5,1
20260216_001601,DpwBiFbmSimulator,4096,200,0.4,177,0.2979147967655485,,0.7,5,1
20260216_001601,DpwBiFbmSimulator,4096,200,0.4,178,0.2301564074182245,,0.7,5,1
20260216_001601,DpwBiFbmSimulator,4096,200,0.4,179,0.3039982510958596,,0.7,5,1
20260216_001601,DpwBiFbmSimulator,4096,200,0.4,180,0.2870783280973835,,0.7,5,1
20260216_001601,DpwBiFbmSimulator,4096,200,0.4,181,0.3662863060372647,,0.7,5,1
20260216_001601,DpwBiFbmSimulator,4096,200,0.4,182,0.3447242094886681,,0.7,5,1
20260216_001601,DpwBiFbmSimulator,4096,200,0.4,183,0.2630593511558001,,0.7,5,1
20260216_001601,DpwBiFbmSimulator,4096,200,0.4,184,0.2421451870812146,,0.7,5,1
20260216_001601,DpwBiFbmSimulator,4096,200,0.4,185,0.0778352589937661,,0.7,5,1
20260216_001601,DpwBiFbmSimulator,4096,200,0.4,186,0.2529322952364571,,0.7,5,1
20260216_001601,DpwBiFbmSimulator,4096,200,0.4,187,0.2586446615917495,,0.7,5,1
20260216_001601,DpwBiFbmSimulator,4096,200,0.4,188,0.2889207125350138,,0.7,5,1
20260216_001601,DpwBiFbmSimulator,4096,200,0.4,189,0.2461680859417104,,0.7,5,1
20260216_001601,DpwBiFbmSimulator,4096,200,0.4,190,0.3586513526693669,,0.7,5,1
20260216_001601,DpwBiFbmSimulator,4096,200,0.4,191,0.3183268459002387,,0.7,5,1
20260216_001601,DpwBiFbmSimulator,4096,200,0.4,192,0.2881290064620997,,0.7,5,1
20260216_001601,DpwBiFbmSimulator,4096,200,0.4,193,0.2575822832144883,,0.7,5,1
20260216_001601,DpwBiFbmSimulator,4096,200,0.4,194,0.2770062756596828,,0.7,5,1
20260216_001601,DpwBiFbmSimulator,4096,200,0.4,195,0.3260617989159735,,0.7,5,1
20260216_001601,DpwBiFbmSimulator,4096,200,0.4,196,0.3419767587396016,,0.7,5,1
20260216_001601,DpwBiFbmSimulator,4096,200,0.4,197,0.3612061701975348,,0.7,5,1
20260216_001601,DpwBiFbmSimulator,4096,200,0.4,198,0.3166233262716934,,0.7,5,1
20260216_001601,DpwBiFbmSimulator,4096,200,0.4,199,0.2700347559314152,,0.7,5,1
20260216_001601,DpwBiFbmSimulator,4096,200,0.4,200,0.2843751009849807,,0.7,5,1
20260216_001601,DpwBiFbmSimulator,4096,200,0.7,1,0.5864296380779798,,0.7,5,1
20260216_001601,DpwBiFbmSimulator,4096,200,0.7,2,0.4853384328065983,,0.7,5,1
20260216_001601,DpwBiFbmSimulator,4096,200,0.7,3,0.5267365353069683,,0.7,5,1
20260216_001601,DpwBiFbmSimulator,4096,200,0.7,4,0.5615938299237768,,0.7,5,1
20260216_001601,DpwBiFbmSimulator,4096,200,0.7,5,0.4877672772762227,,0.7,5,1
20260216_001601,DpwBiFbmSimulator,4096,200,0.7,6,0.5298992327759685,,0.7,5,1
20260216_001601,DpwBiFbmSimulator,4096,200,0.7,7,0.4819759132927593,,0.7,5,1
20260216_001601,DpwBiFbmSimulator,4096,200,0.7,8,0.4216927152445613,,0.7,5,1
20260216_001601,DpwBiFbmSimulator,4096,200,0.7,9,0.5487293519031861,,0.7,5,1
20260216_001601,DpwBiFbmSimulator,4096,200,0.7,10,0.5140972111373359,,0.7,5,1
20260216_001601,DpwBiFbmSimulator,4096,200,0.7,11,0.4913067025874216,,0.7,5,1
20260216_001601,DpwBiFbmSimulator,4096,200,0.7,12,0.4873160638532539,,0.7,5,1
20260216_001601,DpwBiFbmSimulator,4096,200,0.7,13,0.4419077624616032,,0.7,5,1
20260216_001601,DpwBiFbmSimulator,4096,200,0.7,14,0.4189985642404738,,0.7,5,1
20260216_001601,DpwBiFbmSimulator,4096,200,0.7,15,0.5028471786878531,,0.7,5,1
20260216_001601,DpwBiFbmSimulator,4096,200,0.7,16,0.4112788351014939,,0.7,5,1
20260216_001601,DpwBiFbmSimulator,4096,200,0.7,17,0.4663250670454586,,0.7,5,1
20260216_001601,DpwBiFbmSimulator,4096,200,0.7,18,0.5052767451359625,,0.7,5,1
20260216_001601,DpwBiFbmSimulator,4096,200,0.7,19,0.4144090394043038,,0.7,5,1
20260216_001601,DpwBiFbmSimulator,4096,200,0.7,20,0.5579993062334658,,0.7,5,1
20260216_001601,DpwBiFbmSimulator,4096,200,0.7,21,0.4648656031718063,,0.7,5,1
20260216_001601,DpwBiFbmSimulator,4096,200,0.7,22,0.4937999186294645,,0.7,5,1
20260216_001601,DpwBiFbmSimulator,4096,200,0.7,23,0.376402511167935,,0.7,5,1
20260216_001601,DpwBiFbmSimulator,4096,200,0.7,24,0.5737942011414531,,0.7,5,1
20260216_001601,DpwBiFbmSimulator,4096,200,0.7,25,0.4501006648367746,,0.7,5,1
20260216_001601,DpwBiFbmSimulator,4096,200,0.7,26,0.4616459234404966,,0.7,5,1
20260216_001601,DpwBiFbmSimulator,4096,200,0.7,27,0.4257748989073098,,0.7,5,1
20260216_001601,DpwBiFbmSimulator,4096,200,0.7,28,0.4432821224136556,,0.7,5,1
20260216_001601,DpwBiFbmSimulator,4096,200,0.7,29,0.4468198526979369,,0.7,5,1
20260216_001601,DpwBiFbmSimulator,4096,200,0.7,30,0.6245321103115632,,0.7,5,1
20260216_001601,DpwBiFbmSimulator,4096,200,0.7,31,0.5211967739001081,,0.7,5,1
20260216_001601,DpwBiFbmSimulator,4096,200,0.7,32,0.5275971281934855,,0.7,5,1
20260216_001601,DpwBiFbmSimulator,4096,200,0.7,33,0.5536990211067573,,0.7,5,1
20260216_001601,DpwBiFbmSimulator,4096,200,0.7,34,0.5343675169877867,,0.7,5,1
20260216_001601,DpwBiFbmSimulator,4096,200,0.7,35,0.6678954261753229,,0.7,5,1
20260216_001601,DpwBiFbmSimulator,4096,200,0.7,36,0.5646090742276779,,0.7,5,1
20260216_001601,DpwBiFbmSimulator,4096,200,0.7,37,0.4716460328368416,,0.7,5,1
20260216_001601,DpwBiFbmSimulator,4096,200,0.7,38,0.4880533529430077,,0.7,5,1
20260216_001601,DpwBiFbmSimulator,4096,200,0.7,39,0.5182304847592774,,0.7,5,1
20260216_001601,DpwBiFbmSimulator,4096,200,0.7,40,0.4718222786319214,,0.7,5,1
20260216_001601,DpwBiFbmSimulator,4096,200,0.7,41,0.5212608795958799,,0.7,5,1
20260216_001601,DpwBiFbmSimulator,4096,200,0.7,42,0.5156527039268216,,0.7,5,1
20260216_001601,DpwBiFbmSimulator,4096,200,0.7,43,0.4368247771708299,,0.7,5,1
20260216_001601,DpwBiFbmSimulator,4096,200,0.7,44,0.5398182443540547,,0.7,5,1
20260216_001601,DpwBiFbmSimulator,4096,200,0.7,45,0.5399618401309583,,0.7,5,1
20260216_001601,DpwBiFbmSimulator,4096,200,0.7,46,0.394198811339849,,0.7,5,1
20260216_001601,DpwBiFbmSimulator,4096,200,0.7,47,0.4759293910245726,,0.7,5,1
20260216_001601,DpwBiFbmSimulator,4096,200,0.7,48,0.4669908241341196,,0.7,5,1
20260216_001601,DpwBiFbmSimulator,4096,200,0.7,49,0.4725823520366894,,0.7,5,1
20260216_001601,DpwBiFbmSimulator,4096,200,0.7,50,0.5903419965397111,,0.7,5,1
20260216_001601,DpwBiFbmSimulator,4096,200,0.7,51,0.564894042747252,,0.7,5,1
20260216_001601,DpwBiFbmSimulator,4096,200,0.7,52,0.5605482265490463,,0.7,5,1
20260216_001601,DpwBiFbmSimulator,4096,200,0.7,53,0.5320356523036631,,0.7,5,1
20260216_001601,DpwBiFbmSimulator,4096,200,0.7,54,0.5791502841565364,,0.7,5,1
20260216_001601,DpwBiFbmSimulator,4096,200,0.7,55,0.5530647211585821,,0.7,5,1
20260216_001601,DpwBiFbmSimulator,4096,200,0.7,56,0.4099951949109675,,0.7,5,1
20260216_001601,DpwBiFbmSimulator,4096,200,0.7,57,0.4657300768644942,,0.7,5,1
20260216_001601,DpwBiFbmSimulator,4096,200,0.7,58,0.4814185459398165,,0.7,5,1
20260216_001601,DpwBiFbmSimulator,4096,200,0.7,59,0.4699927752477542,,0.7,5,1
20260216_001601,DpwBiFbmSimulator,4096,200,0.7,60,0.5279270475050448,,0.7,5,1
20260216_001601,DpwBiFbmSimulator,4096,200,0.7,61,0.3665380996440237,,0.7,5,1
20260216_001601,DpwBiFbmSimulator,4096,200,0.7,62,0.5238003335599744,,0.7,5,1
20260216_001601,DpwBiFbmSimulator,4096,200,0.7,63,0.448855522332334,,0.7,5,1
20260216_001601,DpwBiFbmSimulator,4096,200,0.7,64,0.5104531165267489,,0.7,5,1
20260216_001601,DpwBiFbmSimulator,4096,200,0.7,65,0.5299625069515908,,0.7,5,1
20260216_001601,DpwBiFbmSimulator,4096,200,0.7,66,0.4637835654058561,,0.7,5,1
20260216_001601,DpwBiFbmSimulator,4096,200,0.7,67,0.580659229879944,,0.7,5,1
20260216_001601,DpwBiFbmSimulator,4096,200,0.7,68,0.5519075856178186,,0.7,5,1
20260216_001601,DpwBiFbmSimulator,4096,200,0.7,69,0.4678922187259769,,0.7,5,1
20260216_001601,DpwBiFbmSimulator,4096,200,0.7,70,0.5456104342592336,,0.7,5,1
20260216_001601,DpwBiFbmSimulator,4096,200,0.7,71,0.5511175620465156,,0.7,5,1
20260216_001601,DpwBiFbmSimulator,4096,200,0.7,72,0.447769088982273,,0.7,5,1
20260216_001601,DpwBiFbmSimulator,4096,200,0.7,73,0.4945393297326079,,0.7,5,1
20260216_001601,DpwBiFbmSimulator,4096,200,0.7,74,0.4532547344590256,,0.7,5,1
20260216_001601,DpwBiFbmSimulator,4096,200,0.7,75,0.5259873503131367,,0.7,5,1
20260216_001601,DpwBiFbmSimulator,4096,200,0.7,76,0.4275341744860961,,0.7,5,1
20260216_001601,DpwBiFbmSimulator,4096,200,0.7,77,0.4551395892395692,,0.7,5,1
20260216_001601,DpwBiFbmSimulator,4096,200,0.7,78,0.4822971600625702,,0.7,5,1
20260216_001601,DpwBiFbmSimulator,4096,200,0.7,79,0.5694021323793443,,0.7,5,1
20260216_001601,DpwBiFbmSimulator,4096,200,0.7,80,0.3848007688818157,,0.7,5,1
20260216_001601,DpwBiFbmSimulator,4096,200,0.7,81,0.4636188582669409,,0.7,5,1
20260216_001601,DpwBiFbmSimulator,4096,200,0.7,82,0.4612788485071916,,0.7,5,1
20260216_001601,DpwBiFbmSimulator,4096,200,0.7,83,0.4277045360641316,,0.7,5,1
20260216_001601,DpwBiFbmSimulator,4096,200,0.7,84,0.429255741481714,,0.7,5,1
20260216_001601,DpwBiFbmSimulator,4096,200,0.7,85,0.6184735547365584,,0.7,5,1
20260216_001601,DpwBiFbmSimulator,4096,200,0.7,86,0.4976135062055974,,0.7,5,1
20260216_001601,DpwBiFbmSimulator,4096,200,0.7,87,0.4568215676644061,,0.7,5,1
20260216_001601,DpwBiFbmSimulator,4096,200,0.7,88,0.4114127538454391,,0.7,5,1
20260216_001601,DpwBiFbmSimulator,4096,200,0.7,89,0.429538533094587,,0.7,5,1
20260216_001601,DpwBiFbmSimulator,4096,200,0.7,90,0.5937011946142916,,0.7,5,1
20260216_001601,DpwBiFbmSimulator,4096,200,0.7,91,0.5673024628880312,,0.7,5,1
20260216_001601,DpwBiFbmSimulator,4096,200,0.7,92,0.6090190259002494,,0.7,5,1
20260216_001601,DpwBiFbmSimulator,4096,200,0.7,93,0.5194194147915592,,0.7,5,1
20260216_001601,DpwBiFbmSimulator,4096,200,0.7,94,0.4019499847199674,,0.7,5,1
20260216_001601,DpwBiFbmSimulator,4096,200,0.7,95,0.5148076234844724,,0.7,5,1
20260216_001601,DpwBiFbmSimulator,4096,200,0.7,96,0.6022102839496807,,0.7,5,1
20260216_001601,DpwBiFbmSimulator,4096,200,0.7,97,0.5876658687066527,,0.7,5,1
20260216_001601,DpwBiFbmSimulator,4096,200,0.7,98,0.5122553185693983,,0.7,5,1
20260216_001601,DpwBiFbmSimulator,4096,200,0.7,99,0.5472577401377944,,0.7,5,1
20260216_001601,DpwBiFbmSimulator,4096,200,0.7,100,0.4605357906378098,,0.7,5,1
20260216_001601,DpwBiFbmSimulator,4096,200,0.7,101,0.4011250065537115,,0.7,5,1
20260216_001601,DpwBiFbmSimulator,4096,200,0.7,102,0.5732081298219462,,0.7,5,1
20260216_001601,DpwBiFbmSimulator,4096,200,0.7,103,0.4276691096246696,,0.7,5,1
20260216_001601,DpwBiFbmSimulator,4096,200,0.7,104,0.4448836243298954,,0.7,5,1
20260216_001601,DpwBiFbmSimulator,4096,200,0.7,105,0.4581363588258488,,0.7,5,1
20260216_001601,DpwBiFbmSimulator,4096,200,0.7,106,0.5335944914777694,,0.7,5,1
20260216_001601,DpwBiFbmSimulator,4096,200,0.7,107,0.4907297252071708,,0.7,5,1
20260216_001601,DpwBiFbmSimulator,4096,200,0.7,108,0.3946945571397963,,0.7,5,1
20260216_001601,DpwBiFbmSimulator,4096,200,0.7,109,0.3909367634803756,,0.7,5,1
20260216_001601,DpwBiFbmSimulator,4096,200,0.7,110,0.5370507932140555,,0.7,5,1
20260216_001601,DpwBiFbmSimulator,4096,200,0.7,111,0.5560001795424858,,0.7,5,1
20260216_001601,DpwBiFbmSimulator,4096,200,0.7,112,0.4876888663011368,,0.7,5,1
20260216_001601,DpwBiFbmSimulator,4096,200,0.7,113,0.567652877009803,,0.7,5,1
20260216_001601,DpwBiFbmSimulator,4096,200,0.7,114,0.5270687436289448,,0.7,5,1
20260216_001601,DpwBiFbmSimulator,4096,200,0.7,115,0.5765994401102268,,0.7,5,1
20260216_001601,DpwBiFbmSimulator,4096,200,0.7,116,0.5515170625591932,,0.7,5,1
20260216_001601,DpwBiFbmSimulator,4096,200,0.7,117,0.5417206282593174,,0.7,5,1
20260216_001601,DpwBiFbmSimulator,4096,200,0.7,118,0.5214676726409871,,0.7,5,1
20260216_001601,DpwBiFbmSimulator,4096,200,0.7,119,0.4484210839739344,,0.7,5,1
20260216_001601,DpwBiFbmSimulator,4096,200,0.7,120,0.5613852333739053,,0.7,5,1
20260216_001601,DpwBiFbmSimulator,4096,200,0.7,121,0.3908128647524155,,0.7,5,1
20260216_001601,DpwBiFbmSimulator,4096,200,0.7,122,0.5000355507881631,,0.7,5,1
20260216_001601,DpwBiFbmSimulator,4096,200,0.7,123,0.5859621782210155,,0.7,5,1
20260216_001601,DpwBiFbmSimulator,4096,200,0.7,124,0.5188690293843988,,0.7,5,1
20260216_001601,DpwBiFbmSimulator,4096,200,0.7,125,0.4364019549539119,,0.7,5,1
20260216_001601,DpwBiFbmSimulator,4096,200,0.7,126,0.4756455973410986,,0.7,5,1
20260216_001601,DpwBiFbmSimulator,4096,200,0.7,127,0.5268672466743466,,0.7,5,1
20260216_001601,DpwBiFbmSimulator,4096,200,0.7,128,0.5018732192609243,,0.7,5,1
20260216_001601,DpwBiFbmSimulator,4096,200,0.7,129,0.4968847263118292,,0.7,5,1
20260216_001601,DpwBiFbmSimulator,4096,200,0.7,130,0.5474402846974791,,0.7,5,1
20260216_001601,DpwBiFbmSimulator,4096,200,0.7,131,0.5402634135525091,,0.7,5,1
20260216_001601,DpwBiFbmSimulator,4096,200,0.7,132,0.5040357484028442,,0.7,5,1
20260216_001601,DpwBiFbmSimulator,4096,200,0.7,133,0.5378249105477165,,0.7,5,1
20260216_001601,DpwBiFbmSimulator,4096,200,0.7,134,0.4025893173207232,,0.7,5,1
20260216_001601,DpwBiFbmSimulator,4096,200,0.7,135,0.4954430588251778,,0.7,5,1
20260216_001601,DpwBiFbmSimulator,4096,200,0.7,136,0.4832889277576495,,0.7,5,1
20260216_001601,DpwBiFbmSimulator,4096,200,0.7,137,0.5397054900122931,,0.7,5,1
20260216_001601,DpwBiFbmSimulator,4096,200,0.7,138,0.5538638401467302,,0.7,5,1
20260216_001601,DpwBiFbmSimulator,4096,200,0.7,139,0.4905082981745459,,0.7,5,1
20260216_001601,DpwBiFbmSimulator,4096,200,0.7,140,0.5168731242862447,,0.7,5,1
20260216_001601,DpwBiFbmSimulator,4096,200,0.7,141,0.5400098269126484,,0.7,5,1
20260216_001601,DpwBiFbmSimulator,4096,200,0.7,142,0.4508509469128469,,0.7,5,1
20260216_001601,DpwBiFbmSimulator,4096,200,0.7,143,0.5170674863311525,,0.7,5,1
20260216_001601,DpwBiFbmSimulator,4096,200,0.7,144,0.5206413239574573,,0.7,5,1
20260216_001601,DpwBiFbmSimulator,4096,200,0.7,145,0.5111152745388039,,0.7,5,1
20260216_001601,DpwBiFbmSimulator,4096,200,0.7,146,0.5009492194045997,,0.7,5,1
20260216_001601,DpwBiFbmSimulator,4096,200,0.7,147,0.3893379135668204,,0.7,5,1
20260216_001601,DpwBiFbmSimulator,4096,200,0.7,148,0.4412965958823478,,0.7,5,1
20260216_001601,DpwBiFbmSimulator,4096,200,0.7,149,0.4744087809735411,,0.7,5,1
20260216_001601,DpwBiFbmSimulator,4096,200,0.7,150,0.4335952246146106,,0.7,5,1
20260216_001601,DpwBiFbmSimulator,4096,200,0.7,151,0.5011844258488906,,0.7,5,1
20260216_001601,DpwBiFbmSimulator,4096,200,0.7,152,0.4979210841428758,,0.7,5,1
20260216_001601,DpwBiFbmSimulator,4096,200,0.7,153,0.4827056248904396,,0.7,5,1
20260216_001601,DpwBiFbmSimulator,4096,200,0.7,154,0.467213000197442,,0.7,5,1
20260216_001601,DpwBiFbmSimulator,4096,200,0.7,155,0.5418324681758816,,0.7,5,1
20260216_001601,DpwBiFbmSimulator,4096,200,0.7,156,0.5049798224356382,,0.7,5,1
20260216_001601,DpwBiFbmSimulator,4096,200,0.7,157,0.5684992338682737,,0.7,5,1
20260216_001601,DpwBiFbmSimulator,4096,200,0.7,158,0.4637934896681405,,0.7,5,1
20260216_001601,DpwBiFbmSimulator,4096,200,0.7,159,0.568535579576201,,0.7,5,1
20260216_001601,DpwBiFbmSimulator,4096,200,0.7,160,0.5179289849050444,,0.7,5,1
20260216_001601,DpwBiFbmSimulator,4096,200,0.7,161,0.4710881369538252,,0.7,5,1
20260216_001601,DpwBiFbmSimulator,4096,200,0.7,162,0.4807805658421303,,0.7,5,1
20260216_001601,DpwBiFbmSimulator,4096,200,0.7,163,0.4878850094373035,,0.7,5,1
20260216_001601,DpwBiFbmSimulator,4096,200,0.7,164,0.5352317857245502,,0.7,5,1
20260216_001601,DpwBiFbmSimulator,4096,200,0.7,165,0.4982907633024807,,0.7,5,1
20260216_001601,DpwBiFbmSimulator,4096,200,0.7,166,0.5058286236081537,,0.7,5,1
20260216_001601,DpwBiFbmSimulator,4096,200,0.7,167,0.4716027985213825,,0.7,5,1
20260216_001601,DpwBiFbmSimulator,4096,200,0.7,168,0.5817734572502093,,0.7,5,1
20260216_001601,DpwBiFbmSimulator,4096,200,0.7,169,0.4698950635363492,,0.7,5,1
20260216_001601,DpwBiFbmSimulator,4096,200,0.7,170,0.4885120546562596,,0.7,5,1
20260216_001601,DpwBiFbmSimulator,4096,200,0.7,171,0.4583244316421012,,0.7,5,1
20260216_001601,DpwBiFbmSimulator,4096,200,0.7,172,0.5583531546678905,,0.7,5,1
20260216_001601,DpwBiFbmSimulator,4096,200,0.7,173,0.4580148101543978,,0.7,5,1
20260216_001601,DpwBiFbmSimulator,4096,200,0.7,174,0.3698344117253009,,0.7,5,1
20260216_001601,DpwBiFbmSimulator,4096,200,0.7,175,0.4958545737452876,,0.7,5,1
20260216_001601,DpwBiFbmSimulator,4096,200,0.7,176,0.4609752913962289,,0.7,5,1
20260216_001601,DpwBiFbmSimulator,4096,200,0.7,177,0.5669969408820569,,0.7,5,1
20260216_001601,DpwBiFbmSimulator,4096,200,0.7,178,0.4207667093254418,,0.7,5,1
20260216_001601,DpwBiFbmSimulator,4096,200,0.7,179,0.4804409740097219,,0.7,5,1
20260216_001601,DpwBiFbmSimulator,4096,200,0.7,180,0.3844898794088174,,0.7,5,1
20260216_001601,DpwBiFbmSimulator,4096,200,0.7,181,0.4700281159324245,,0.7,5,1
20260216_001601,DpwBiFbmSimulator,4096,200,0.7,182,0.4075197694483454,,0.7,5,1
20260216_001601,DpwBiFbmSimulator,4096,200,0.7,183,0.3071982409374675,,0.7,5,1
20260216_001601,DpwBiFbmSimulator,4096,200,0.7,184,0.4808457116104022,,0.7,5,1
20260216_001601,DpwBiFbmSimulator,4096,200,0.7,185,0.6015269928985367,,0.7,5,1
20260216_001601,DpwBiFbmSimulator,4096,200,0.7,186,0.4440559786085524,,0.7,5,1
20260216_001601,DpwBiFbmSimulator,4096,200,0.7,187,0.5859998021897015,,0.7,5,1
20260216_001601,DpwBiFbmSimulator,4096,200,0.7,188,0.4004458776778906,,0.7,5,1
20260216_001601,DpwBiFbmSimulator,4096,200,0.7,189,0.4945829583450231,,0.7,5,1
20260216_001601,DpwBiFbmSimulator,4096,200,0.7,190,0.4564853960579048,,0.7,5,1
20260216_001601,DpwBiFbmSimulator,4096,200,0.7,191,0.5497791144877239,,0.7,5,1
20260216_001601,DpwBiFbmSimulator,4096,200,0.7,192,0.4688264188695856,,0.7,5,1
20260216_001601,DpwBiFbmSimulator,4096,200,0.7,193,0.483353419071484,,0.7,5,1
20260216_001601,DpwBiFbmSimulator,4096,200,0.7,194,0.5438937652900233,,0.7,5,1
20260216_001601,DpwBiFbmSimulator,4096,200,0.7,195,0.6049596525814238,,0.7,5,1
20260216_001601,DpwBiFbmSimulator,4096,200,0.7,196,0.5290465654747591,,0.7,5,1
20260216_001601,DpwBiFbmSimulator,4096,200,0.7,197,0.5520655364614071,,0.7,5,1
20260216_001601,DpwBiFbmSimulator,4096,200,0.7,198,0.5403834052032576,,0.7,5,1
20260216_001601,DpwBiFbmSimulator,4096,200,0.7,199,0.5528362450164019,,0.7,5,1
20260216_001601,DpwBiFbmSimulator,4096,200,0.7,200,0.4922065861171884,,0.7,5,1
20260216_001601,DpwBiFbmSimulator,4096,200,0.9,1,0.623381224381009,,0.7,5,1
20260216_001601,DpwBiFbmSimulator,4096,200,0.9,2,0.563476150595652,,0.7,5,1
20260216_001601,DpwBiFbmSimulator,4096,200,0.9,3,0.5045050721781114,,0.7,5,1
20260216_001601,DpwBiFbmSimulator,4096,200,0.9,4,0.7091832416690026,,0.7,5,1
20260216_001601,DpwBiFbmSimulator,4096,200,0.9,5,0.6031948987639437,,0.7,5,1
20260216_001601,DpwBiFbmSimulator,4096,200,0.9,6,0.6859468579595451,,0.7,5,1
20260216_001601,DpwBiFbmSimulator,4096,200,0.9,7,0.7095447171978081,,0.7,5,1
20260216_001601,DpwBiFbmSimulator,4096,200,0.9,8,0.6937408694927006,,0.7,5,1
20260216_001601,DpwBiFbmSimulator,4096,200,0.9,9,0.6364126324068247,,0.7,5,1
20260216_001601,DpwBiFbmSimulator,4096,200,0.9,10,0.6568999282644463,,0.7,5,1
20260216_001601,DpwBiFbmSimulator,4096,200,0.9,11,0.5323307984814324,,0.7,5,1
20260216_001601,DpwBiFbmSimulator,4096,200,0.9,12,0.6272770687172674,,0.7,5,1
20260216_001601,DpwBiFbmSimulator,4096,200,0.9,13,0.5860668954392392,,0.7,5,1
20260216_001601,DpwBiFbmSimulator,4096,200,0.9,14,0.6553136716196889,,0.7,5,1
20260216_001601,DpwBiFbmSimulator,4096,200,0.9,15,0.6020182054932663,,0.7,5,1
20260216_001601,DpwBiFbmSimulator,4096,200,0.9,16,0.6710201766286131,,0.7,5,1
20260216_001601,DpwBiFbmSimulator,4096,200,0.9,17,0.5572047334190986,,0.7,5,1
20260216_001601,DpwBiFbmSimulator,4096,200,0.9,18,0.5801366486213171,,0.7,5,1
20260216_001601,DpwBiFbmSimulator,4096,200,0.9,19,0.6399273523733205,,0.7,5,1
20260216_001601,DpwBiFbmSimulator,4096,200,0.9,20,0.706217296700173,,0.7,5,1
20260216_001601,DpwBiFbmSimulator,4096,200,0.9,21,0.6179069792753524,,0.7,5,1
20260216_001601,DpwBiFbmSimulator,4096,200,0.9,22,0.6561282634772476,,0.7,5,1
20260216_001601,DpwBiFbmSimulator,4096,200,0.9,23,0.6375456037966561,,0.7,5,1
20260216_001601,DpwBiFbmSimulator,4096,200,0.9,24,0.6498797088461513,,0.7,5,1
20260216_001601,DpwBiFbmSimulator,4096,200,0.9,25,0.6949373762296616,,0.7,5,1
20260216_001601,DpwBiFbmSimulator,4096,200,0.9,26,0.6945896350447005,,0.7,5,1
20260216_001601,DpwBiFbmSimulator,4096,200,0.9,27,0.510806441467578,,0.7,5,1
20260216_001601,DpwBiFbmSimulator,4096,200,0.9,28,0.569965951536813,,0.7,5,1
20260216_001601,DpwBiFbmSimulator,4096,200,0.9,29,0.5704540915870886,,0.7,5,1
20260216_001601,DpwBiFbmSimulator,4096,200,0.9,30,0.6358220991809682,,0.7,5,1
20260216_001601,DpwBiFbmSimulator,4096,200,0.9,31,0.7043486563077817,,0.7,5,1
20260216_001601,DpwBiFbmSimulator,4096,200,0.9,32,0.7059799454677465,,0.7,5,1
20260216_001601,DpwBiFbmSimulator,4096,200,0.9,33,0.6445658745535728,,0.7,5,1
20260216_001601,DpwBiFbmSimulator,4096,200,0.9,34,0.726148611642903,,0.7,5,1
20260216_001601,DpwBiFbmSimulator,4096,200,0.9,35,0.6951373667056685,,0.7,5,1
20260216_001601,DpwBiFbmSimulator,4096,200,0.9,36,0.5968699377185018,,0.7,5,1
20260216_001601,DpwBiFbmSimulator,4096,200,0.9,37,0.6337007483280964,,0.7,5,1
20260216_001601,DpwBiFbmSimulator,4096,200,0.9,38,0.5370244512358425,,0.7,5,1
20260216_001601,DpwBiFbmSimulator,4096,200,0.9,39,0.4483765190262355,,0.7,5,1
20260216_001601,DpwBiFbmSimulator,4096,200,0.9,40,0.6775259758817475,,0.7,5,1
20260216_001601,DpwBiFbmSimulator,4096,200,0.9,41,0.6850518964542108,,0.7,5,1
20260216_001601,DpwBiFbmSimulator,4096,200,0.9,42,0.6708257800244485,,0.7,5,1
20260216_001601,DpwBiFbmSimulator,4096,200,0.9,43,0.6407923364380984,,0.7,5,1
20260216_001601,DpwBiFbmSimulator,4096,200,0.9,44,0.5341494973776243,,0.7,5,1
20260216_001601,DpwBiFbmSimulator,4096,200,0.9,45,0.6443734332013726,,0.7,5,1
20260216_001601,DpwBiFbmSimulator,4096,200,0.9,46,0.68764055635561,,0.7,5,1
20260216_001601,DpwBiFbmSimulator,4096,200,0.9,47,0.7229851246230576,,0.7,5,1
20260216_001601,DpwBiFbmSimulator,4096,200,0.9,48,0.4676497308404844,,0.7,5,1
20260216_001601,DpwBiFbmSimulator,4096,200,0.9,49,0.6092160328704721,,0.7,5,1
20260216_001601,DpwBiFbmSimulator,4096,200,0.9,50,0.5269969766202885,,0.7,5,1
20260216_001601,DpwBiFbmSimulator,4096,200,0.9,51,0.7298235548126594,,0.7,5,1
20260216_001601,DpwBiFbmSimulator,4096,200,0.9,52,0.6372364473836467,,0.7,5,1
20260216_001601,DpwBiFbmSimulator,4096,200,0.9,53,0.6772369304871134,,0.7,5,1
20260216_001601,DpwBiFbmSimulator,4096,200,0.9,54,0.6457532119606445,,0.7,5,1
20260216_001601,DpwBiFbmSimulator,4096,200,0.9,55,0.7173606805729442,,0.7,5,1
20260216_001601,DpwBiFbmSimulator,4096,200,0.9,56,0.5066421030968964,,0.7,5,1
20260216_001601,DpwBiFbmSimulator,4096,200,0.9,57,0.6279208670616799,,0.7,5,1
20260216_001601,DpwBiFbmSimulator,4096,200,0.9,58,0.5691986307842533,,0.7,5,1
20260216_001601,DpwBiFbmSimulator,4096,200,0.9,59,0.6915946516198884,,0.7,5,1
20260216_001601,DpwBiFbmSimulator,4096,200,0.9,60,0.7125540565952527,,0.7,5,1
20260216_001601,DpwBiFbmSimulator,4096,200,0.9,61,0.5982502304529961,,0.7,5,1
20260216_001601,DpwBiFbmSimulator,4096,200,0.9,62,0.6500152981682294,,0.7,5,1
20260216_001601,DpwBiFbmSimulator,4096,200,0.9,63,0.6386988032061387,,0.7,5,1
20260216_001601,DpwBiFbmSimulator,4096,200,0.9,64,0.6259048415015579,,0.7,5,1
20260216_001601,DpwBiFbmSimulator,4096,200,0.9,65,0.6332160740886076,,0.7,5,1
20260216_001601,DpwBiFbmSimulator,4096,200,0.9,66,0.6365749068926608,,0.7,5,1
20260216_001601,DpwBiFbmSimulator,4096,200,0.9,67,0.4716838773092816,,0.7,5,1
20260216_001601,DpwBiFbmSimulator,4096,200,0.9,68,0.7088931275147273,,0.7,5,1
20260216_001601,DpwBiFbmSimulator,4096,200,0.9,69,0.6424523682048766,,0.7,5,1
20260216_001601,DpwBiFbmSimulator,4096,200,0.9,70,0.5196481364565465,,0.7,5,1
20260216_001601,DpwBiFbmSimulator,4096,200,0.9,71,0.7471697485891323,,0.7,5,1
20260216_001601,DpwBiFbmSimulator,4096,200,0.9,72,0.6565135873350892,,0.7,5,1
20260216_001601,DpwBiFbmSimulator,4096,200,0.9,73,0.6924773650545694,,0.7,5,1
20260216_001601,DpwBiFbmSimulator,4096,200,0.9,74,0.6460908558777598,,0.7,5,1
20260216_001601,DpwBiFbmSimulator,4096,200,0.9,75,0.709162229387712,,0.7,5,1
20260216_001601,DpwBiFbmSimulator,4096,200,0.9,76,0.5059124937410061,,0.7,5,1
20260216_001601,DpwBiFbmSimulator,4096,200,0.9,77,0.6929947510072447,,0.7,5,1
20260216_001601,DpwBiFbmSimulator,4096,200,0.9,78,0.5145729368656823,,0.7,5,1
20260216_001601,DpwBiFbmSimulator,4096,200,0.9,79,0.6265865665977582,,0.7,5,1
20260216_001601,DpwBiFbmSimulator,4096,200,0.9,80,0.6308785694041434,,0.7,5,1
20260216_001601,DpwBiFbmSimulator,4096,200,0.9,81,0.3242089512617321,,0.7,5,1
20260216_001601,DpwBiFbmSimulator,4096,200,0.9,82,0.7377360489740462,,0.7,5,1
20260216_001601,DpwBiFbmSimulator,4096,200,0.9,83,0.6741792570969979,,0.7,5,1
20260216_001601,DpwBiFbmSimulator,4096,200,0.9,84,0.6809842658656567,,0.7,5,1
20260216_001601,DpwBiFbmSimulator,4096,200,0.9,85,0.4802244117280146,,0.7,5,1
20260216_001601,DpwBiFbmSimulator,4096,200,0.9,86,0.5674741963190671,,0.7,5,1
20260216_001601,DpwBiFbmSimulator,4096,200,0.9,87,0.5836673314999872,,0.7,5,1
20260216_001601,DpwBiFbmSimulator,4096,200,0.9,88,0.7705107525421582,,0.7,5,1
20260216_001601,DpwBiFbmSimulator,4096,200,0.9,89,0.6400198766478474,,0.7,5,1
20260216_001601,DpwBiFbmSimulator,4096,200,0.9,90,0.5195914742322737,,0.7,5,1
20260216_001601,DpwBiFbmSimulator,4096,200,0.9,91,0.7198301644177659,,0.7,5,1
20260216_001601,DpwBiFbmSimulator,4096,200,0.9,92,0.6351809400970717,,0.7,5,1
20260216_001601,DpwBiFbmSimulator,4096,200,0.9,93,0.6297922666028789,,0.7,5,1
20260216_001601,DpwBiFbmSimulator,4096,200,0.9,94,0.6568948445148096,,0.7,5,1
20260216_001601,DpwBiFbmSimulator,4096,200,0.9,95,0.577653456517851,,0.7,5,1
20260216_001601,DpwBiFbmSimulator,4096,200,0.9,96,0.5950271222722484,,0.7,5,1
20260216_001601,DpwBiFbmSimulator,4096,200,0.9,97,0.5157647643273634,,0.7,5,1
20260216_001601,DpwBiFbmSimulator,4096,200,0.9,98,0.5667289787737033,,0.7,5,1
20260216_001601,DpwBiFbmSimulator,4096,200,0.9,99,0.6240209347885441,,0.7,5,1
20260216_001601,DpwBiFbmSimulator,4096,200,0.9,100,0.6030365611738974,,0.7,5,1
20260216_001601,DpwBiFbmSimulator,4096,200,0.9,101,0.661432688973544,,0.7,5,1
20260216_001601,DpwBiFbmSimulator,4096,200,0.9,102,0.7935456493263378,,0.7,5,1
20260216_001601,DpwBiFbmSimulator,4096,200,0.9,103,0.6803765782731412,,0.7,5,1
20260216_001601,DpwBiFbmSimulator,4096,200,0.9,104,0.8028883636613648,,0.7,5,1
20260216_001601,DpwBiFbmSimulator,4096,200,0.9,105,0.5106438178489862,,0.7,5,1
20260216_001601,DpwBiFbmSimulator,4096,200,0.9,106,0.6733022213261859,,0.7,5,1
20260216_001601,DpwBiFbmSimulator,4096,200,0.9,107,0.4882333853756968,,0.7,5,1
20260216_001601,DpwBiFbmSimulator,4096,200,0.9,108,0.793061584873823,,0.7,5,1
20260216_001601,DpwBiFbmSimulator,4096,200,0.9,109,0.2030023919802044,,0.7,5,1
20260216_001601,DpwBiFbmSimulator,4096,200,0.9,110,0.5284395977363204,,0.7,5,1
20260216_001601,DpwBiFbmSimulator,4096,200,0.9,111,0.6348135350070515,,0.7,5,1
20260216_001601,DpwBiFbmSimulator,4096,200,0.9,112,0.6545693086028929,,0.7,5,1
20260216_001601,DpwBiFbmSimulator,4096,200,0.9,113,0.6516261554099337,,0.7,5,1
20260216_001601,DpwBiFbmSimulator,4096,200,0.9,114,0.6653863073170028,,0.7,5,1
20260216_001601,DpwBiFbmSimulator,4096,200,0.9,115,0.5291950703130663,,0.7,5,1
20260216_001601,DpwBiFbmSimulator,4096,200,0.9,116,0.7008120179540956,,0.7,5,1
20260216_001601,DpwBiFbmSimulator,4096,200,0.9,117,0.6831310788040412,,0.7,5,1
20260216_001601,DpwBiFbmSimulator,4096,200,0.9,118,0.6259070130166298,,0.7,5,1
20260216_001601,DpwBiFbmSimulator,4096,200,0.9,119,0.66667718951387,,0.7,5,1
20260216_001601,DpwBiFbmSimulator,4096,200,0.9,120,0.6225287104553964,,0.7,5,1
20260216_001601,DpwBiFbmSimulator,4096,200,0.9,121,0.7290613551705513,,0.7,5,1
20260216_001601,DpwBiFbmSimulator,4096,200,0.9,122,0.6651106260568843,,0.7,5,1
20260216_001601,DpwBiFbmSimulator,4096,200,0.9,123,0.5160865121943695,,0.7,5,1
20260216_001601,DpwBiFbmSimulator,4096,200,0.9,124,0.6979494136172436,,0.7,5,1
20260216_001601,DpwBiFbmSimulator,4096,200,0.9,125,0.4787680500838864,,0.7,5,1
20260216_001601,DpwBiFbmSimulator,4096,200,0.9,126,0.7287048027481455,,0.7,5,1
20260216_001601,DpwBiFbmSimulator,4096,200,0.9,127,0.5690461591846504,,0.7,5,1
20260216_001601,DpwBiFbmSimulator,4096,200,0.9,128,0.5497249049426605,,0.7,5,1
20260216_001601,DpwBiFbmSimulator,4096,200,0.9,129,0.6366541804420257,,0.7,5,1
20260216_001601,DpwBiFbmSimulator,4096,200,0.9,130,0.5657308780758148,,0.7,5,1
20260216_001601,DpwBiFbmSimulator,4096,200,0.9,131,0.5892718327532342,,0.7,5,1
20260216_001601,DpwBiFbmSimulator,4096,200,0.9,132,0.6329085098286997,,0.7,5,1
20260216_001601,DpwBiFbmSimulator,4096,200,0.9,133,0.448804629966911,,0.7,5,1
20260216_001601,DpwBiFbmSimulator,4096,200,0.9,134,0.5598386851425163,,0.7,5,1
20260216_001601,DpwBiFbmSimulator,4096,200,0.9,135,0.6479453860779569,,0.7,5,1
20260216_001601,DpwBiFbmSimulator,4096,200,0.9,136,0.4819865289267418,,0.7,5,1
20260216_001601,DpwBiFbmSimulator,4096,200,0.9,137,0.7462592813676028,,0.7,5,1
20260216_001601,DpwBiFbmSimulator,4096,200,0.9,138,0.6608207719076006,,0.7,5,1
20260216_001601,DpwBiFbmSimulator,4096,200,0.9,139,0.6800650498188621,,0.7,5,1
20260216_001601,DpwBiFbmSimulator,4096,200,0.9,140,0.4669167179117089,,0.7,5,1
20260216_001601,DpwBiFbmSimulator,4096,200,0.9,141,0.6440247836232911,,0.7,5,1
20260216_001601,DpwBiFbmSimulator,4096,200,0.9,142,0.7860812672164177,,0.7,5,1
20260216_001601,DpwBiFbmSimulator,4096,200,0.9,143,0.7248947918469522,,0.7,5,1
20260216_001601,DpwBiFbmSimulator,4096,200,0.9,144,0.5924974651934232,,0.7,5,1
20260216_001601,DpwBiFbmSimulator,4096,200,0.9,145,0.7231072393388434,,0.7,5,1
20260216_001601,DpwBiFbmSimulator,4096,200,0.9,146,0.6295215733274379,,0.7,5,1
20260216_001601,DpwBiFbmSimulator,4096,200,0.9,147,0.5572714145045414,,0.7,5,1
20260216_001601,DpwBiFbmSimulator,4096,200,0.9,148,0.7296184935035636,,0.7,5,1
20260216_001601,DpwBiFbmSimulator,4096,200,0.9,149,0.6734282647074412,,0.7,5,1
20260216_001601,DpwBiFbmSimulator,4096,200,0.9,150,0.5946851226564986,,0.7,5,1
20260216_001601,DpwBiFbmSimulator,4096,200,0.9,151,0.6173569637892905,,0.7,5,1
20260216_001601,DpwBiFbmSimulator,4096,200,0.9,152,0.535871983542354,,0.7,5,1
20260216_001601,DpwBiFbmSimulator,4096,200,0.9,153,0.6165533402358649,,0.7,5,1
20260216_001601,DpwBiFbmSimulator,4096,200,0.9,154,0.4996331770977546,,0.7,5,1
20260216_001601,DpwBiFbmSimulator,4096,200,0.9,155,0.5759930101360248,,0.7,5,1
20260216_001601,DpwBiFbmSimulator,4096,200,0.9,156,0.495982677774226,,0.7,5,1
20260216_001601,DpwBiFbmSimulator,4096,200,0.9,157,0.5689142371505698,,0.7,5,1
20260216_001601,DpwBiFbmSimulator,4096,200,0.9,158,0.7575525781728377,,0.7,5,1
20260216_001601,DpwBiFbmSimulator,4096,200,0.9,159,0.6182592365938495,,0.7,5,1
20260216_001601,DpwBiFbmSimulator,4096,200,0.9,160,0.6178661113087938,,0.7,5,1
20260216_001601,DpwBiFbmSimulator,4096,200,0.9,161,0.6466290310883931,,0.7,5,1
20260216_001601,DpwBiFbmSimulator,4096,200,0.9,162,0.3903951754112019,,0.7,5,1
20260216_001601,DpwBiFbmSimulator,4096,200,0.9,163,0.63335262599589,,0.7,5,1
20260216_001601,DpwBiFbmSimulator,4096,200,0.9,164,0.579379967698572,,0.7,5,1
20260216_001601,DpwBiFbmSimulator,4096,200,0.9,165,0.6865002924859309,,0.7,5,1
20260216_001601,DpwBiFbmSimulator,4096,200,0.9,166,0.6956571111179566,,0.7,5,1
20260216_001601,DpwBiFbmSimulator,4096,200,0.9,167,0.6022797381930154,,0.7,5,1
20260216_001601,DpwBiFbmSimulator,4096,200,0.9,168,0.76014956926737,,0.7,5,1
20260216_001601,DpwBiFbmSimulator,4096,200,0.9,169,0.57102450474809,,0.7,5,1
20260216_001601,DpwBiFbmSimulator,4096,200,0.9,170,0.6437134184246592,,0.7,5,1
20260216_001601,DpwBiFbmSimulator,4096,200,0.9,171,0.5574743113571079,,0.7,5,1
20260216_001601,DpwBiFbmSimulator,4096,200,0.9,172,0.7352456788239486,,0.7,5,1
20260216_001601,DpwBiFbmSimulator,4096,200,0.9,173,0.7161187265774057,,0.7,5,1
20260216_001601,DpwBiFbmSimulator,4096,200,0.9,174,0.6217531468864583,,0.7,5,1
20260216_001601,DpwBiFbmSimulator,4096,200,0.9,175,0.6577783006824819,,0.7,5,1
20260216_001601,DpwBiFbmSimulator,4096,200,0.9,176,0.4356103106043665,,0.7,5,1
20260216_001601,DpwBiFbmSimulator,4096,200,0.9,177,0.6327092273064192,,0.7,5,1
20260216_001601,DpwBiFbmSimulator,4096,200,0.9,178,0.5466079648916866,,0.7,5,1
20260216_001601,DpwBiFbmSimulator,4096,200,0.9,179,0.5845135629484073,,0.7,5,1
20260216_001601,DpwBiFbmSimulator,4096,200,0.9,180,0.5993398947092945,,0.7,5,1
20260216_001601,DpwBiFbmSimulator,4096,200,0.9,181,0.615527585193658,,0.7,5,1
20260216_001601,DpwBiFbmSimulator,4096,200,0.9,182,0.634628013321737,,0.7,5,1
20260216_001601,DpwBiFbmSimulator,4096,200,0.9,183,0.5589582642658092,,0.7,5,1
20260216_001601,DpwBiFbmSimulator,4096,200,0.9,184,0.6328194873901726,,0.7,5,1
20260216_001601,DpwBiFbmSimulator,4096,200,0.9,185,0.623151478653047,,0.7,5,1
20260216_001601,DpwBiFbmSimulator,4096,200,0.9,186,0.6083178650022013,,0.7,5,1
20260216_001601,DpwBiFbmSimulator,4096,200,0.9,187,0.6404303570929909,,0.7,5,1
20260216_001601,DpwBiFbmSimulator,4096,200,0.9,188,0.664715399696564,,0.7,5,1
20260216_001601,DpwBiFbmSimulator,4096,200,0.9,189,0.6940068055762336,,0.7,5,1
20260216_001601,DpwBiFbmSimulator,4096,200,0.9,190,0.4846083679916037,,0.7,5,1
20260216_001601,DpwBiFbmSimulator,4096,200,0.9,191,0.5756336836137536,,0.7,5,1
20260216_001601,DpwBiFbmSimulator,4096,200,0.9,192,0.6147016545297944,,0.7,5,1
20260216_001601,DpwBiFbmSimulator,4096,200,0.9,193,0.6359692776419409,,0.7,5,1
20260216_001601,DpwBiFbmSimulator,4096,200,0.9,194,0.5439030384211256,,0.7,5,1
20260216_001601,DpwBiFbmSimulator,4096,200,0.9,195,0.6594652523428746,,0.7,5,1
20260216_001601,DpwBiFbmSimulator,4096,200,0.9,196,0.6857948972092683,,0.7,5,1
20260216_001601,DpwBiFbmSimulator,4096,200,0.9,197,0.8009744981858784,,0.7,5,1
20260216_001601,DpwBiFbmSimulator,4096,200,0.9,198,0.590304801210975,,0.7,5,1
20260216_001601,DpwBiFbmSimulator,4096,200,0.9,199,0.684813836703634,,0.7,5,1
20260216_001601,DpwBiFbmSimulator,4096,200,0.9,200,0.6051211697570821,,0.7,5,1
20260216_002137,DpwBiFbmSimulator,4096,200,0.4,1,0.4042844372598139,,0.9,5,1
20260216_002137,DpwBiFbmSimulator,4096,200,0.4,2,0.3810206205979178,,0.9,5,1
20260216_002137,DpwBiFbmSimulator,4096,200,0.4,3,0.3666019718633675,,0.9,5,1
20260216_002137,DpwBiFbmSimulator,4096,200,0.4,4,0.3131653153384224,,0.9,5,1
20260216_002137,DpwBiFbmSimulator,4096,200,0.4,5,0.3606905439808585,,0.9,5,1
20260216_002137,DpwBiFbmSimulator,4096,200,0.4,6,0.4075423092344093,,0.9,5,1
20260216_002137,DpwBiFbmSimulator,4096,200,0.4,7,0.4144632594584811,,0.9,5,1
20260216_002137,DpwBiFbmSimulator,4096,200,0.4,8,0.3888516478174842,,0.9,5,1
20260216_002137,DpwBiFbmSimulator,4096,200,0.4,9,0.4701297059703912,,0.9,5,1
20260216_002137,DpwBiFbmSimulator,4096,200,0.4,10,0.2829174559324164,,0.9,5,1
20260216_002137,DpwBiFbmSimulator,4096,200,0.4,11,0.4825766627700266,,0.9,5,1
20260216_002137,DpwBiFbmSimulator,4096,200,0.4,12,0.4004886017439196,,0.9,5,1
20260216_002137,DpwBiFbmSimulator,4096,200,0.4,13,0.4144730742680496,,0.9,5,1
20260216_002137,DpwBiFbmSimulator,4096,200,0.4,14,0.3463028951210323,,0.9,5,1
20260216_002137,DpwBiFbmSimulator,4096,200,0.4,15,0.356512852113974,,0.9,5,1
20260216_002137,DpwBiFbmSimulator,4096,200,0.4,16,0.4494492191197679,,0.9,5,1
20260216_002137,DpwBiFbmSimulator,4096,200,0.4,17,0.3990291651534955,,0.9,5,1
20260216_002137,DpwBiFbmSimulator,4096,200,0.4,18,0.3926647372075549,,0.9,5,1
20260216_002137,DpwBiFbmSimulator,4096,200,0.4,19,0.3974561294063211,,0.9,5,1
20260216_002137,DpwBiFbmSimulator,4096,200,0.4,20,0.4927321207204889,,0.9,5,1
20260216_002137,DpwBiFbmSimulator,4096,200,0.4,21,0.3477837345034093,,0.9,5,1
20260216_002137,DpwBiFbmSimulator,4096,200,0.4,22,0.336966385132264,,0.9,5,1
20260216_002137,DpwBiFbmSimulator,4096,200,0.4,23,0.3490550125706141,,0.9,5,1
20260216_002137,DpwBiFbmSimulator,4096,200,0.4,24,0.2559187202275269,,0.9,5,1
20260216_002137,DpwBiFbmSimulator,4096,200,0.4,25,0.3690993489736849,,0.9,5,1
20260216_002137,DpwBiFbmSimulator,4096,200,0.4,26,0.4574397211504972,,0.9,5,1
20260216_002137,DpwBiFbmSimulator,4096,200,0.4,27,0.4306918203428799,,0.9,5,1
20260216_002137,DpwBiFbmSimulator,4096,200,0.4,28,0.4362406197527633,,0.9,5,1
20260216_002137,DpwBiFbmSimulator,4096,200,0.4,29,0.3127072692114856,,0.9,5,1
20260216_002137,DpwBiFbmSimulator,4096,200,0.4,30,0.3775344139429766,,0.9,5,1
20260216_002137,DpwBiFbmSimulator,4096,200,0.4,31,0.4430567222584538,,0.9,5,1
20260216_002137,DpwBiFbmSimulator,4096,200,0.4,32,0.3837908810632472,,0.9,5,1
20260216_002137,DpwBiFbmSimulator,4096,200,0.4,33,0.2982684679707866,,0.9,5,1
20260216_002137,DpwBiFbmSimulator,4096,200,0.4,34,0.3752896705217403,,0.9,5,1
20260216_002137,DpwBiFbmSimulator,4096,200,0.4,35,0.4215365670316575,,0.9,5,1
20260216_002137,DpwBiFbmSimulator,4096,200,0.4,36,0.3618074474879253,,0.9,5,1
20260216_002137,DpwBiFbmSimulator,4096,200,0.4,37,0.377666380445031,,0.9,5,1
20260216_002137,DpwBiFbmSimulator,4096,200,0.4,38,0.3788982157680592,,0.9,5,1
20260216_002137,DpwBiFbmSimulator,4096,200,0.4,39,0.2874286838325299,,0.9,5,1
20260216_002137,DpwBiFbmSimulator,4096,200,0.4,40,0.2584333537223828,,0.9,5,1
20260216_002137,DpwBiFbmSimulator,4096,200,0.4,41,0.3244890214986486,,0.9,5,1
20260216_002137,DpwBiFbmSimulator,4096,200,0.4,42,0.1538538552141837,,0.9,5,1
20260216_002137,DpwBiFbmSimulator,4096,200,0.4,43,0.4451380922858122,,0.9,5,1
20260216_002137,DpwBiFbmSimulator,4096,200,0.4,44,0.3353279853566314,,0.9,5,1
20260216_002137,DpwBiFbmSimulator,4096,200,0.4,45,0.3659943886463302,,0.9,5,1
20260216_002137,DpwBiFbmSimulator,4096,200,0.4,46,0.3066415180854205,,0.9,5,1
20260216_002137,DpwBiFbmSimulator,4096,200,0.4,47,0.3718164622030563,,0.9,5,1
20260216_002137,DpwBiFbmSimulator,4096,200,0.4,48,0.2653056654218091,,0.9,5,1
20260216_002137,DpwBiFbmSimulator,4096,200,0.4,49,0.3739995455343778,,0.9,5,1
20260216_002137,DpwBiFbmSimulator,4096,200,0.4,50,0.4092958292206402,,0.9,5,1
20260216_002137,DpwBiFbmSimulator,4096,200,0.4,51,0.4497644846371357,,0.9,5,1
20260216_002137,DpwBiFbmSimulator,4096,200,0.4,52,0.4264983095690235,,0.9,5,1
20260216_002137,DpwBiFbmSimulator,4096,200,0.4,53,0.2422190948838899,,0.9,5,1
20260216_002137,DpwBiFbmSimulator,4096,200,0.4,54,0.409017274773549,,0.9,5,1
20260216_002137,DpwBiFbmSimulator,4096,200,0.4,55,0.407564073746027,,0.9,5,1
20260216_002137,DpwBiFbmSimulator,4096,200,0.4,56,0.4377828199942837,,0.9,5,1
20260216_002137,DpwBiFbmSimulator,4096,200,0.4,57,0.3852659999090675,,0.9,5,1
20260216_002137,DpwBiFbmSimulator,4096,200,0.4,58,0.3306727469041637,,0.9,5,1
20260216_002137,DpwBiFbmSimulator,4096,200,0.4,59,0.2980268442346868,,0.9,5,1
20260216_002137,DpwBiFbmSimulator,4096,200,0.4,60,0.3190029548477507,,0.9,5,1
20260216_002137,DpwBiFbmSimulator,4096,200,0.4,61,0.4951947512378331,,0.9,5,1
20260216_002137,DpwBiFbmSimulator,4096,200,0.4,62,0.3637164267044078,,0.9,5,1
20260216_002137,DpwBiFbmSimulator,4096,200,0.4,63,0.3604344656276925,,0.9,5,1
20260216_002137,DpwBiFbmSimulator,4096,200,0.4,64,0.3838276220122616,,0.9,5,1
20260216_002137,DpwBiFbmSimulator,4096,200,0.4,65,0.3785643280622003,,0.9,5,1
20260216_002137,DpwBiFbmSimulator,4096,200,0.4,66,0.4177286643267034,,0.9,5,1
20260216_002137,DpwBiFbmSimulator,4096,200,0.4,67,0.3403517678909752,,0.9,5,1
20260216_002137,DpwBiFbmSimulator,4096,200,0.4,68,0.282497186396431,,0.9,5,1
20260216_002137,DpwBiFbmSimulator,4096,200,0.4,69,0.2032397550493743,,0.9,5,1
20260216_002137,DpwBiFbmSimulator,4096,200,0.4,70,0.342488449990941,,0.9,5,1
20260216_002137,DpwBiFbmSimulator,4096,200,0.4,71,0.4400892303469816,,0.9,5,1
20260216_002137,DpwBiFbmSimulator,4096,200,0.4,72,0.3998681961371618,,0.9,5,1
20260216_002137,DpwBiFbmSimulator,4096,200,0.4,73,0.4487784659775075,,0.9,5,1
20260216_002137,DpwBiFbmSimulator,4096,200,0.4,74,0.4293231593976451,,0.9,5,1
20260216_002137,DpwBiFbmSimulator,4096,200,0.4,75,0.3757921236414674,,0.9,5,1
20260216_002137,DpwBiFbmSimulator,4096,200,0.4,76,0.3179201606097059,,0.9,5,1
20260216_002137,DpwBiFbmSimulator,4096,200,0.4,77,0.4063250525741552,,0.9,5,1
20260216_002137,DpwBiFbmSimulator,4096,200,0.4,78,0.3259447006996283,,0.9,5,1
20260216_002137,DpwBiFbmSimulator,4096,200,0.4,79,0.4237927196589345,,0.9,5,1
20260216_002137,DpwBiFbmSimulator,4096,200,0.4,80,0.3532960870914197,,0.9,5,1
20260216_002137,DpwBiFbmSimulator,4096,200,0.4,81,0.3914216039756159,,0.9,5,1
20260216_002137,DpwBiFbmSimulator,4096,200,0.4,82,0.4118678255473731,,0.9,5,1
20260216_002137,DpwBiFbmSimulator,4096,200,0.4,83,0.4324397677959529,,0.9,5,1
20260216_002137,DpwBiFbmSimulator,4096,200,0.4,84,0.4340004705407148,,0.9,5,1
20260216_002137,DpwBiFbmSimulator,4096,200,0.4,85,0.3833963812495414,,0.9,5,1
20260216_002137,DpwBiFbmSimulator,4096,200,0.4,86,0.3675200763589132,,0.9,5,1
20260216_002137,DpwBiFbmSimulator,4096,200,0.4,87,0.2947471753339652,,0.9,5,1
20260216_002137,DpwBiFbmSimulator,4096,200,0.4,88,0.2871946599235903,,0.9,5,1
20260216_002137,DpwBiFbmSimulator,4096,200,0.4,89,0.4303720730199251,,0.9,5,1
20260216_002137,DpwBiFbmSimulator,4096,200,0.4,90,0.4861726631606742,,0.9,5,1
20260216_002137,DpwBiFbmSimulator,4096,200,0.4,91,0.4048188899365186,,0.9,5,1
20260216_002137,DpwBiFbmSimulator,4096,200,0.4,92,0.4257621053186419,,0.9,5,1
20260216_002137,DpwBiFbmSimulator,4096,200,0.4,93,0.3437494864664986,,0.9,5,1
20260216_002137,DpwBiFbmSimulator,4096,200,0.4,94,0.3934659592365015,,0.9,5,1
20260216_002137,DpwBiFbmSimulator,4096,200,0.4,95,0.2677006657146302,,0.9,5,1
20260216_002137,DpwBiFbmSimulator,4096,200,0.4,96,0.2846433232688524,,0.9,5,1
20260216_002137,DpwBiFbmSimulator,4096,200,0.4,97,0.4357105374058009,,0.9,5,1
20260216_002137,DpwBiFbmSimulator,4096,200,0.4,98,0.3265995019076093,,0.9,5,1
20260216_002137,DpwBiFbmSimulator,4096,200,0.4,99,0.3351118377412594,,0.9,5,1
20260216_002137,DpwBiFbmSimulator,4096,200,0.4,100,0.4024352991738557,,0.9,5,1
20260216_002137,DpwBiFbmSimulator,4096,200,0.4,101,0.4035384084361647,,0.9,5,1
20260216_002137,DpwBiFbmSimulator,4096,200,0.4,102,0.3198080937224555,,0.9,5,1
20260216_002137,DpwBiFbmSimulator,4096,200,0.4,103,0.2836710275506045,,0.9,5,1
20260216_002137,DpwBiFbmSimulator,4096,200,0.4,104,0.3741089578487813,,0.9,5,1
20260216_002137,DpwBiFbmSimulator,4096,200,0.4,105,0.3922261943032179,,0.9,5,1
20260216_002137,DpwBiFbmSimulator,4096,200,0.4,106,0.4144394975912551,,0.9,5,1
20260216_002137,DpwBiFbmSimulator,4096,200,0.4,107,0.3304444810354471,,0.9,5,1
20260216_002137,DpwBiFbmSimulator,4096,200,0.4,108,0.4182799016082327,,0.9,5,1
20260216_002137,DpwBiFbmSimulator,4096,200,0.4,109,0.3169163430666207,,0.9,5,1
20260216_002137,DpwBiFbmSimulator,4096,200,0.4,110,0.3368860743933207,,0.9,5,1
20260216_002137,DpwBiFbmSimulator,4096,200,0.4,111,0.4042587616679486,,0.9,5,1
20260216_002137,DpwBiFbmSimulator,4096,200,0.4,112,0.3119422117801442,,0.9,5,1
20260216_002137,DpwBiFbmSimulator,4096,200,0.4,113,0.4279450628311371,,0.9,5,1
20260216_002137,DpwBiFbmSimulator,4096,200,0.4,114,0.3326620481174541,,0.9,5,1
20260216_002137,DpwBiFbmSimulator,4096,200,0.4,115,0.3682783752235319,,0.9,5,1
20260216_002137,DpwBiFbmSimulator,4096,200,0.4,116,0.3724884865997107,,0.9,5,1
20260216_002137,DpwBiFbmSimulator,4096,200,0.4,117,0.2732326771273773,,0.9,5,1
20260216_002137,DpwBiFbmSimulator,4096,200,0.4,118,0.2466649977373862,,0.9,5,1
20260216_002137,DpwBiFbmSimulator,4096,200,0.4,119,0.4568632831622266,,0.9,5,1
20260216_002137,DpwBiFbmSimulator,4096,200,0.4,120,0.3643489819410721,,0.9,5,1
20260216_002137,DpwBiFbmSimulator,4096,200,0.4,121,0.2659880067302358,,0.9,5,1
20260216_002137,DpwBiFbmSimulator,4096,200,0.4,122,0.4427001976482193,,0.9,5,1
20260216_002137,DpwBiFbmSimulator,4096,200,0.4,123,0.222201007466751,,0.9,5,1
20260216_002137,DpwBiFbmSimulator,4096,200,0.4,124,0.3844162288703914,,0.9,5,1
20260216_002137,DpwBiFbmSimulator,4096,200,0.4,125,0.3743642229828557,,0.9,5,1
20260216_002137,DpwBiFbmSimulator,4096,200,0.4,126,0.3414765719399359,,0.9,5,1
20260216_002137,DpwBiFbmSimulator,4096,200,0.4,127,0.2643961721266002,,0.9,5,1
20260216_002137,DpwBiFbmSimulator,4096,200,0.4,128,0.4631414703989624,,0.9,5,1
20260216_002137,DpwBiFbmSimulator,4096,200,0.4,129,0.3014723714704242,,0.9,5,1
20260216_002137,DpwBiFbmSimulator,4096,200,0.4,130,0.3302867965970747,,0.9,5,1
20260216_002137,DpwBiFbmSimulator,4096,200,0.4,131,0.5050061868048393,,0.9,5,1
20260216_002137,DpwBiFbmSimulator,4096,200,0.4,132,0.3300778432281037,,0.9,5,1
20260216_002137,DpwBiFbmSimulator,4096,200,0.4,133,0.3953364621872915,,0.9,5,1
20260216_002137,DpwBiFbmSimulator,4096,200,0.4,134,0.4027940736266011,,0.9,5,1
20260216_002137,DpwBiFbmSimulator,4096,200,0.4,135,0.3370669385143129,,0.9,5,1
20260216_002137,DpwBiFbmSimulator,4096,200,0.4,136,0.3206055549531514,,0.9,5,1
20260216_002137,DpwBiFbmSimulator,4096,200,0.4,137,0.3691418187142619,,0.9,5,1
20260216_002137,DpwBiFbmSimulator,4096,200,0.4,138,0.3942058001557081,,0.9,5,1
20260216_002137,DpwBiFbmSimulator,4096,200,0.4,139,0.3291656809518908,,0.9,5,1
20260216_002137,DpwBiFbmSimulator,4096,200,0.4,140,0.3545314717585055,,0.9,5,1
20260216_002137,DpwBiFbmSimulator,4096,200,0.4,141,0.1503337606893168,,0.9,5,1
20260216_002137,DpwBiFbmSimulator,4096,200,0.4,142,0.4322973925380358,,0.9,5,1
20260216_002137,DpwBiFbmSimulator,4096,200,0.4,143,0.3974274628940609,,0.9,5,1
20260216_002137,DpwBiFbmSimulator,4096,200,0.4,144,0.322848484102226,,0.9,5,1
20260216_002137,DpwBiFbmSimulator,4096,200,0.4,145,0.327244675749362,,0.9,5,1
20260216_002137,DpwBiFbmSimulator,4096,200,0.4,146,0.3816916856689973,,0.9,5,1
20260216_002137,DpwBiFbmSimulator,4096,200,0.4,147,0.3750060785010242,,0.9,5,1
20260216_002137,DpwBiFbmSimulator,4096,200,0.4,148,0.3290314159176356,,0.9,5,1
20260216_002137,DpwBiFbmSimulator,4096,200,0.4,149,0.2684822226530995,,0.9,5,1
20260216_002137,DpwBiFbmSimulator,4096,200,0.4,150,0.3725737267505351,,0.9,5,1
20260216_002137,DpwBiFbmSimulator,4096,200,0.4,151,0.3108916419078735,,0.9,5,1
20260216_002137,DpwBiFbmSimulator,4096,200,0.4,152,0.4209849481953267,,0.9,5,1
20260216_002137,DpwBiFbmSimulator,4096,200,0.4,153,0.4078172856610588,,0.9,5,1
20260216_002137,DpwBiFbmSimulator,4096,200,0.4,154,0.3328675720932835,,0.9,5,1
20260216_002137,DpwBiFbmSimulator,4096,200,0.4,155,0.3380085217121675,,0.9,5,1
20260216_002137,DpwBiFbmSimulator,4096,200,0.4,156,0.2862552855679943,,0.9,5,1
20260216_002137,DpwBiFbmSimulator,4096,200,0.4,157,0.3056772681257334,,0.9,5,1
20260216_002137,DpwBiFbmSimulator,4096,200,0.4,158,0.447878329470057,,0.9,5,1
20260216_002137,DpwBiFbmSimulator,4096,200,0.4,159,0.3861263495469748,,0.9,5,1
20260216_002137,DpwBiFbmSimulator,4096,200,0.4,160,0.3420190563006938,,0.9,5,1
20260216_002137,DpwBiFbmSimulator,4096,200,0.4,161,0.423464912906123,,0.9,5,1
20260216_002137,DpwBiFbmSimulator,4096,200,0.4,162,0.3448740795451768,,0.9,5,1
20260216_002137,DpwBiFbmSimulator,4096,200,0.4,163,0.3639997102943881,,0.9,5,1
20260216_002137,DpwBiFbmSimulator,4096,200,0.4,164,0.3991961489022349,,0.9,5,1
20260216_002137,DpwBiFbmSimulator,4096,200,0.4,165,0.3453682975893775,,0.9,5,1
20260216_002137,DpwBiFbmSimulator,4096,200,0.4,166,0.4695099409633398,,0.9,5,1
20260216_002137,DpwBiFbmSimulator,4096,200,0.4,167,0.3819749642108376,,0.9,5,1
20260216_002137,DpwBiFbmSimulator,4096,200,0.4,168,0.4227099710838743,,0.9,5,1
20260216_002137,DpwBiFbmSimulator,4096,200,0.4,169,0.43196478933939,,0.9,5,1
20260216_002137,DpwBiFbmSimulator,4096,200,0.4,170,0.4046754114321421,,0.9,5,1
20260216_002137,DpwBiFbmSimulator,4096,200,0.4,171,0.4703884019977682,,0.9,5,1
20260216_002137,DpwBiFbmSimulator,4096,200,0.4,172,0.3684611630395457,,0.9,5,1
20260216_002137,DpwBiFbmSimulator,4096,200,0.4,173,0.3578288443792977,,0.9,5,1
20260216_002137,DpwBiFbmSimulator,4096,200,0.4,174,0.3566618855603986,,0.9,5,1
20260216_002137,DpwBiFbmSimulator,4096,200,0.4,175,0.429150634094148,,0.9,5,1
20260216_002137,DpwBiFbmSimulator,4096,200,0.4,176,0.3998979897414849,,0.9,5,1
20260216_002137,DpwBiFbmSimulator,4096,200,0.4,177,0.3688433448822886,,0.9,5,1
20260216_002137,DpwBiFbmSimulator,4096,200,0.4,178,0.2908588047144784,,0.9,5,1
20260216_002137,DpwBiFbmSimulator,4096,200,0.4,179,0.4132862886381608,,0.9,5,1
20260216_002137,DpwBiFbmSimulator,4096,200,0.4,180,0.4455001133442949,,0.9,5,1
20260216_002137,DpwBiFbmSimulator,4096,200,0.4,181,0.3740320048730227,,0.9,5,1
20260216_002137,DpwBiFbmSimulator,4096,200,0.4,182,0.2980447131955276,,0.9,5,1
20260216_002137,DpwBiFbmSimulator,4096,200,0.4,183,0.3979866495235849,,0.9,5,1
20260216_002137,DpwBiFbmSimulator,4096,200,0.4,184,0.3145541759417159,,0.9,5,1
20260216_002137,DpwBiFbmSimulator,4096,200,0.4,185,0.3805960971297765,,0.9,5,1
20260216_002137,DpwBiFbmSimulator,4096,200,0.4,186,0.2872447525658026,,0.9,5,1
20260216_002137,DpwBiFbmSimulator,4096,200,0.4,187,0.3490055120883324,,0.9,5,1
20260216_002137,DpwBiFbmSimulator,4096,200,0.4,188,0.3385051683743657,,0.9,5,1
20260216_002137,DpwBiFbmSimulator,4096,200,0.4,189,0.3981747713614643,,0.9,5,1
20260216_002137,DpwBiFbmSimulator,4096,200,0.4,190,0.4890278970609144,,0.9,5,1
20260216_002137,DpwBiFbmSimulator,4096,200,0.4,191,0.3552878769051988,,0.9,5,1
20260216_002137,DpwBiFbmSimulator,4096,200,0.4,192,0.3405557167679127,,0.9,5,1
20260216_002137,DpwBiFbmSimulator,4096,200,0.4,193,0.4328777264969723,,0.9,5,1
20260216_002137,DpwBiFbmSimulator,4096,200,0.4,194,0.4132455835740247,,0.9,5,1
20260216_002137,DpwBiFbmSimulator,4096,200,0.4,195,0.3654414965099216,,0.9,5,1
20260216_002137,DpwBiFbmSimulator,4096,200,0.4,196,0.3450460810609566,,0.9,5,1
20260216_002137,DpwBiFbmSimulator,4096,200,0.4,197,0.3715711902528443,,0.9,5,1
20260216_002137,DpwBiFbmSimulator,4096,200,0.4,198,0.4285225244104819,,0.9,5,1
20260216_002137,DpwBiFbmSimulator,4096,200,0.4,199,0.3578335927426448,,0.9,5,1
20260216_002137,DpwBiFbmSimulator,4096,200,0.4,200,0.3777809886660117,,0.9,5,1
20260216_002137,DpwBiFbmSimulator,4096,200,0.7,1,0.7204947980177918,,0.9,5,1
20260216_002137,DpwBiFbmSimulator,4096,200,0.7,2,0.5448847567890093,,0.9,5,1
20260216_002137,DpwBiFbmSimulator,4096,200,0.7,3,0.5528744594909027,,0.9,5,1
20260216_002137,DpwBiFbmSimulator,4096,200,0.7,4,0.6591930763396628,,0.9,5,1
20260216_002137,DpwBiFbmSimulator,4096,200,0.7,5,0.6968107639604524,,0.9,5,1
20260216_002137,DpwBiFbmSimulator,4096,200,0.7,6,0.8472252682409781,,0.9,5,1
20260216_002137,DpwBiFbmSimulator,4096,200,0.7,7,0.5817234221386312,,0.9,5,1
20260216_002137,DpwBiFbmSimulator,4096,200,0.7,8,0.6537916676229684,,0.9,5,1
20260216_002137,DpwBiFbmSimulator,4096,200,0.7,9,0.4357181959289247,,0.9,5,1
20260216_002137,DpwBiFbmSimulator,4096,200,0.7,10,0.6623846668028114,,0.9,5,1
20260216_002137,DpwBiFbmSimulator,4096,200,0.7,11,0.6963723734409694,,0.9,5,1
20260216_002137,DpwBiFbmSimulator,4096,200,0.7,12,0.6941673710125335,,0.9,5,1
20260216_002137,DpwBiFbmSimulator,4096,200,0.7,13,0.5757990205310592,,0.9,5,1
20260216_002137,DpwBiFbmSimulator,4096,200,0.7,14,0.6289591759129056,,0.9,5,1
20260216_002137,DpwBiFbmSimulator,4096,200,0.7,15,0.6596939193734896,,0.9,5,1
20260216_002137,DpwBiFbmSimulator,4096,200,0.7,16,0.7351432818239089,,0.9,5,1
20260216_002137,DpwBiFbmSimulator,4096,200,0.7,17,0.6522226086193604,,0.9,5,1
20260216_002137,DpwBiFbmSimulator,4096,200,0.7,18,0.5560562189452449,,0.9,5,1
20260216_002137,DpwBiFbmSimulator,4096,200,0.7,19,0.6078171969418675,,0.9,5,1
20260216_002137,DpwBiFbmSimulator,4096,200,0.7,20,0.6834154221179289,,0.9,5,1
20260216_002137,DpwBiFbmSimulator,4096,200,0.7,21,0.760022264871423,,0.9,5,1
20260216_002137,DpwBiFbmSimulator,4096,200,0.7,22,0.6805842814167409,,0.9,5,1
20260216_002137,DpwBiFbmSimulator,4096,200,0.7,23,0.6341744578389036,,0.9,5,1
20260216_002137,DpwBiFbmSimulator,4096,200,0.7,24,0.6253552015407577,,0.9,5,1
20260216_002137,DpwBiFbmSimulator,4096,200,0.7,25,0.7526369101271656,,0.9,5,1
20260216_002137,DpwBiFbmSimulator,4096,200,0.7,26,0.6465294488027987,,0.9,5,1
20260216_002137,DpwBiFbmSimulator,4096,200,0.7,27,0.716523981741455,,0.9,5,1
20260216_002137,DpwBiFbmSimulator,4096,200,0.7,28,0.6076643910667757,,0.9,5,1
20260216_002137,DpwBiFbmSimulator,4096,200,0.7,29,0.7407799196635501,,0.9,5,1
20260216_002137,DpwBiFbmSimulator,4096,200,0.7,30,0.6039873982970714,,0.9,5,1
20260216_002137,DpwBiFbmSimulator,4096,200,0.7,31,0.588308258546788,,0.9,5,1
20260216_002137,DpwBiFbmSimulator,4096,200,0.7,32,0.7231111776611341,,0.9,5,1
20260216_002137,DpwBiFbmSimulator,4096,200,0.7,33,0.5432178924903036,,0.9,5,1
20260216_002137,DpwBiFbmSimulator,4096,200,0.7,34,0.578259255037447,,0.9,5,1
20260216_002137,DpwBiFbmSimulator,4096,200,0.7,35,0.7635843964566179,,0.9,5,1
20260216_002137,DpwBiFbmSimulator,4096,200,0.7,36,0.6130766195635601,,0.9,5,1
20260216_002137,DpwBiFbmSimulator,4096,200,0.7,37,0.530323000837905,,0.9,5,1
20260216_002137,DpwBiFbmSimulator,4096,200,0.7,38,0.6125738111815034,,0.9,5,1
20260216_002137,DpwBiFbmSimulator,4096,200,0.7,39,0.6979099281843797,,0.9,5,1
20260216_002137,DpwBiFbmSimulator,4096,200,0.7,40,0.7321509072484614,,0.9,5,1
20260216_002137,DpwBiFbmSimulator,4096,200,0.7,41,0.7346086927389078,,0.9,5,1
20260216_002137,DpwBiFbmSimulator,4096,200,0.7,42,0.5196135771164495,,0.9,5,1
20260216_002137,DpwBiFbmSimulator,4096,200,0.7,43,0.4449568673873177,,0.9,5,1
20260216_002137,DpwBiFbmSimulator,4096,200,0.7,44,0.7247793981193793,,0.9,5,1
20260216_002137,DpwBiFbmSimulator,4096,200,0.7,45,0.6987255546560521,,0.9,5,1
20260216_002137,DpwBiFbmSimulator,4096,200,0.7,46,0.5548687909951577,,0.9,5,1
20260216_002137,DpwBiFbmSimulator,4096,200,0.7,47,0.6074927091400874,,0.9,5,1
20260216_002137,DpwBiFbmSimulator,4096,200,0.7,48,0.5748271896992778,,0.9,5,1
20260216_002137,DpwBiFbmSimulator,4096,200,0.7,49,0.4056286128490144,,0.9,5,1
20260216_002137,DpwBiFbmSimulator,4096,200,0.7,50,0.5832404794588422,,0.9,5,1
20260216_002137,DpwBiFbmSimulator,4096,200,0.7,51,0.6313981249652435,,0.9,5,1
20260216_002137,DpwBiFbmSimulator,4096,200,0.7,52,0.6066909760139482,,0.9,5,1
20260216_002137,DpwBiFbmSimulator,4096,200,0.7,53,0.72861323554911,,0.9,5,1
20260216_002137,DpwBiFbmSimulator,4096,200,0.7,54,0.6805605896305245,,0.9,5,1
20260216_002137,DpwBiFbmSimulator,4096,200,0.7,55,0.7321370394990054,,0.9,5,1
20260216_002137,DpwBiFbmSimulator,4096,200,0.7,56,0.5281314067457292,,0.9,5,1
20260216_002137,DpwBiFbmSimulator,4096,200,0.7,57,0.7482462658297615,,0.9,5,1
20260216_002137,DpwBiFbmSimulator,4096,200,0.7,58,0.6866348134149328,,0.9,5,1
20260216_002137,DpwBiFbmSimulator,4096,200,0.7,59,0.565963317688532,,0.9,5,1
20260216_002137,DpwBiFbmSimulator,4096,200,0.7,60,0.6261148989938372,,0.9,5,1
20260216_002137,DpwBiFbmSimulator,4096,200,0.7,61,0.6018163238158789,,0.9,5,1
20260216_002137,DpwBiFbmSimulator,4096,200,0.7,62,0.6634563540247115,,0.9,5,1
20260216_002137,DpwBiFbmSimulator,4096,200,0.7,63,0.6529006294244348,,0.9,5,1
20260216_002137,DpwBiFbmSimulator,4096,200,0.7,64,0.5892554844251394,,0.9,5,1
20260216_002137,DpwBiFbmSimulator,4096,200,0.7,65,0.5338151736800645,,0.9,5,1
20260216_002137,DpwBiFbmSimulator,4096,200,0.7,66,0.4377543853074213,,0.9,5,1
20260216_002137,DpwBiFbmSimulator,4096,200,0.7,67,0.6213037275058796,,0.9,5,1
20260216_002137,DpwBiFbmSimulator,4096,200,0.7,68,0.5511421886205601,,0.9,5,1
20260216_002137,DpwBiFbmSimulator,4096,200,0.7,69,0.7290729215223564,,0.9,5,1
20260216_002137,DpwBiFbmSimulator,4096,200,0.7,70,0.6193369136815596,,0.9,5,1
20260216_002137,DpwBiFbmSimulator,4096,200,0.7,71,0.7022127653716377,,0.9,5,1
20260216_002137,DpwBiFbmSimulator,4096,200,0.7,72,0.6818247853607249,,0.9,5,1
20260216_002137,DpwBiFbmSimulator,4096,200,0.7,73,0.6550375443012446,,0.9,5,1
20260216_002137,DpwBiFbmSimulator,4096,200,0.7,74,0.644789453456428,,0.9,5,1
20260216_002137,DpwBiFbmSimulator,4096,200,0.7,75,0.564750618968776,,0.9,5,1
20260216_002137,DpwBiFbmSimulator,4096,200,0.7,76,0.4785169018941561,,0.9,5,1
20260216_002137,DpwBiFbmSimulator,4096,200,0.7,77,0.5303481312359921,,0.9,5,1
20260216_002137,DpwBiFbmSimulator,4096,200,0.7,78,0.5939164179209944,,0.9,5,1
20260216_002137,DpwBiFbmSimulator,4096,200,0.7,79,0.4736686301124713,,0.9,5,1
20260216_002137,DpwBiFbmSimulator,4096,200,0.7,80,0.7326816823486652,,0.9,5,1
20260216_002137,DpwBiFbmSimulator,4096,200,0.7,81,0.6319170141387884,,0.9,5,1
20260216_002137,DpwBiFbmSimulator,4096,200,0.7,82,0.6902611348205014,,0.9,5,1
20260216_002137,DpwBiFbmSimulator,4096,200,0.7,83,0.635214891114296,,0.9,5,1
20260216_002137,DpwBiFbmSimulator,4096,200,0.7,84,0.6950294446622466,,0.9,5,1
20260216_002137,DpwBiFbmSimulator,4096,200,0.7,85,0.6426748915860189,,0.9,5,1
20260216_002137,DpwBiFbmSimulator,4096,200,0.7,86,0.7016690795864062,,0.9,5,1
20260216_002137,DpwBiFbmSimulator,4096,200,0.7,87,0.5567528925476302,,0.9,5,1
20260216_002137,DpwBiFbmSimulator,4096,200,0.7,88,0.5453970595477562,,0.9,5,1
20260216_002137,DpwBiFbmSimulator,4096,200,0.7,89,0.6083063045971492,,0.9,5,1
20260216_002137,DpwBiFbmSimulator,4096,200,0.7,90,0.6699280503322381,,0.9,5,1
20260216_002137,DpwBiFbmSimulator,4096,200,0.7,91,0.6659420870693858,,0.9,5,1
20260216_002137,DpwBiFbmSimulator,4096,200,0.7,92,0.7674033584931944,,0.9,5,1
20260216_002137,DpwBiFbmSimulator,4096,200,0.7,93,0.5912375350969999,,0.9,5,1
20260216_002137,DpwBiFbmSimulator,4096,200,0.7,94,0.551964242936339,,0.9,5,1
20260216_002137,DpwBiFbmSimulator,4096,200,0.7,95,0.6459547009496107,,0.9,5,1
20260216_002137,DpwBiFbmSimulator,4096,200,0.7,96,0.7683783028100846,,0.9,5,1
20260216_002137,DpwBiFbmSimulator,4096,200,0.7,97,0.5672685812095138,,0.9,5,1
20260216_002137,DpwBiFbmSimulator,4096,200,0.7,98,0.7154047384248902,,0.9,5,1
20260216_002137,DpwBiFbmSimulator,4096,200,0.7,99,0.6076497587064619,,0.9,5,1
20260216_002137,DpwBiFbmSimulator,4096,200,0.7,100,0.5963137540318453,,0.9,5,1
20260216_002137,DpwBiFbmSimulator,4096,200,0.7,101,0.5144025656180546,,0.9,5,1
20260216_002137,DpwBiFbmSimulator,4096,200,0.7,102,0.5790732074158051,,0.9,5,1
20260216_002137,DpwBiFbmSimulator,4096,200,0.7,103,0.5973246428492078,,0.9,5,1
20260216_002137,DpwBiFbmSimulator,4096,200,0.7,104,0.6888429304493487,,0.9,5,1
20260216_002137,DpwBiFbmSimulator,4096,200,0.7,105,0.3946569694849463,,0.9,5,1
20260216_002137,DpwBiFbmSimulator,4096,200,0.7,106,0.5690018135018713,,0.9,5,1
20260216_002137,DpwBiFbmSimulator,4096,200,0.7,107,0.701382440729971,,0.9,5,1
20260216_002137,DpwBiFbmSimulator,4096,200,0.7,108,0.4753153247344913,,0.9,5,1
20260216_002137,DpwBiFbmSimulator,4096,200,0.7,109,0.6682556427862532,,0.9,5,1
20260216_002137,DpwBiFbmSimulator,4096,200,0.7,110,0.7053702631104534,,0.9,5,1
20260216_002137,DpwBiFbmSimulator,4096,200,0.7,111,0.6057255157135254,,0.9,5,1
20260216_002137,DpwBiFbmSimulator,4096,200,0.7,112,0.6846020695107131,,0.9,5,1
20260216_002137,DpwBiFbmSimulator,4096,200,0.7,113,0.6236353968428917,,0.9,5,1
20260216_002137,DpwBiFbmSimulator,4096,200,0.7,114,0.548321700185976,,0.9,5,1
20260216_002137,DpwBiFbmSimulator,4096,200,0.7,115,0.7102913063696398,,0.9,5,1
20260216_002137,DpwBiFbmSimulator,4096,200,0.7,116,0.576703482230396,,0.9,5,1
20260216_002137,DpwBiFbmSimulator,4096,200,0.7,117,0.6161854300806151,,0.9,5,1
20260216_002137,DpwBiFbmSimulator,4096,200,0.7,118,0.6863548524723954,,0.9,5,1
20260216_002137,DpwBiFbmSimulator,4096,200,0.7,119,0.6372444379415926,,0.9,5,1
20260216_002137,DpwBiFbmSimulator,4096,200,0.7,120,0.7012657580248468,,0.9,5,1
20260216_002137,DpwBiFbmSimulator,4096,200,0.7,121,0.6689122830724477,,0.9,5,1
20260216_002137,DpwBiFbmSimulator,4096,200,0.7,122,0.6252072380514764,,0.9,5,1
20260216_002137,DpwBiFbmSimulator,4096,200,0.7,123,0.6757220917571182,,0.9,5,1
20260216_002137,DpwBiFbmSimulator,4096,200,0.7,124,0.5053508807746828,,0.9,5,1
20260216_002137,DpwBiFbmSimulator,4096,200,0.7,125,0.6468070463666209,,0.9,5,1
20260216_002137,DpwBiFbmSimulator,4096,200,0.7,126,0.6815598683498436,,0.9,5,1
20260216_002137,DpwBiFbmSimulator,4096,200,0.7,127,0.6898500268406642,,0.9,5,1
20260216_002137,DpwBiFbmSimulator,4096,200,0.7,128,0.5024587153079854,,0.9,5,1
20260216_002137,DpwBiFbmSimulator,4096,200,0.7,129,0.669501420588357,,0.9,5,1
20260216_002137,DpwBiFbmSimulator,4096,200,0.7,130,0.5547328929977228,,0.9,5,1
20260216_002137,DpwBiFbmSimulator,4096,200,0.7,131,0.6668815656877717,,0.9,5,1
20260216_002137,DpwBiFbmSimulator,4096,200,0.7,132,0.5476173185476042,,0.9,5,1
20260216_002137,DpwBiFbmSimulator,4096,200,0.7,133,0.7469330153301287,,0.9,5,1
20260216_002137,DpwBiFbmSimulator,4096,200,0.7,134,0.562694920580229,,0.9,5,1
20260216_002137,DpwBiFbmSimulator,4096,200,0.7,135,0.6863770393500962,,0.9,5,1
20260216_002137,DpwBiFbmSimulator,4096,200,0.7,136,0.637598378948603,,0.9,5,1
20260216_002137,DpwBiFbmSimulator,4096,200,0.7,137,0.6039159473232055,,0.9,5,1
20260216_002137,DpwBiFbmSimulator,4096,200,0.7,138,0.7149468316312078,,0.9,5,1
20260216_002137,DpwBiFbmSimulator,4096,200,0.7,139,0.6400842008722037,,0.9,5,1
20260216_002137,DpwBiFbmSimulator,4096,200,0.7,140,0.7668398489118887,,0.9,5,1
20260216_002137,DpwBiFbmSimulator,4096,200,0.7,141,0.6132987700843893,,0.9,5,1
20260216_002137,DpwBiFbmSimulator,4096,200,0.7,142,0.3793247310553441,,0.9,5,1
20260216_002137,DpwBiFbmSimulator,4096,200,0.7,143,0.4954882085792374,,0.9,5,1
20260216_002137,DpwBiFbmSimulator,4096,200,0.7,144,0.5777308844131515,,0.9,5,1
20260216_002137,DpwBiFbmSimulator,4096,200,0.7,145,0.6320991575313737,,0.9,5,1
20260216_002137,DpwBiFbmSimulator,4096,200,0.7,146,0.6696702854176431,,0.9,5,1
20260216_002137,DpwBiFbmSimulator,4096,200,0.7,147,0.6734551018399346,,0.9,5,1
20260216_002137,DpwBiFbmSimulator,4096,200,0.7,148,0.6058865146113601,,0.9,5,1
20260216_002137,DpwBiFbmSimulator,4096,200,0.7,149,0.6137592155340698,,0.9,5,1
20260216_002137,DpwBiFbmSimulator,4096,200,0.7,150,0.5967613992534625,,0.9,5,1
20260216_002137,DpwBiFbmSimulator,4096,200,0.7,151,0.5764762951267042,,0.9,5,1
20260216_002137,DpwBiFbmSimulator,4096,200,0.7,152,0.7169927162564665,,0.9,5,1
20260216_002137,DpwBiFbmSimulator,4096,200,0.7,153,0.587693509739931,,0.9,5,1
20260216_002137,DpwBiFbmSimulator,4096,200,0.7,154,0.5601794351000513,,0.9,5,1
20260216_002137,DpwBiFbmSimulator,4096,200,0.7,155,0.7145783706637788,,0.9,5,1
20260216_002137,DpwBiFbmSimulator,4096,200,0.7,156,0.6495430152876297,,0.9,5,1
20260216_002137,DpwBiFbmSimulator,4096,200,0.7,157,0.6530609536362756,,0.9,5,1
20260216_002137,DpwBiFbmSimulator,4096,200,0.7,158,0.5759640186765249,,0.9,5,1
20260216_002137,DpwBiFbmSimulator,4096,200,0.7,159,0.5252506565046158,,0.9,5,1
20260216_002137,DpwBiFbmSimulator,4096,200,0.7,160,0.7301411704309508,,0.9,5,1
20260216_002137,DpwBiFbmSimulator,4096,200,0.7,161,0.5970728065727287,,0.9,5,1
20260216_002137,DpwBiFbmSimulator,4096,200,0.7,162,0.5474014317442133,,0.9,5,1
20260216_002137,DpwBiFbmSimulator,4096,200,0.7,163,0.7816838624692254,,0.9,5,1
20260216_002137,DpwBiFbmSimulator,4096,200,0.7,164,0.685134468059014,,0.9,5,1
20260216_002137,DpwBiFbmSimulator,4096,200,0.7,165,0.6194677479443739,,0.9,5,1
20260216_002137,DpwBiFbmSimulator,4096,200,0.7,166,0.7488630712586147,,0.9,5,1
20260216_002137,DpwBiFbmSimulator,4096,200,0.7,167,0.7128995779971331,,0.9,5,1
20260216_002137,DpwBiFbmSimulator,4096,200,0.7,168,0.6116602716393654,,0.9,5,1
20260216_002137,DpwBiFbmSimulator,4096,200,0.7,169,0.6522823044628067,,0.9,5,1
20260216_002137,DpwBiFbmSimulator,4096,200,0.7,170,0.6240158122412365,,0.9,5,1
20260216_002137,DpwBiFbmSimulator,4096,200,0.7,171,0.734222424900572,,0.9,5,1
20260216_002137,DpwBiFbmSimulator,4096,200,0.7,172,0.594853200931164,,0.9,5,1
20260216_002137,DpwBiFbmSimulator,4096,200,0.7,173,0.7115581214750163,,0.9,5,1
20260216_002137,DpwBiFbmSimulator,4096,200,0.7,174,0.667688050073938,,0.9,5,1
20260216_002137,DpwBiFbmSimulator,4096,200,0.7,175,0.6390881027588202,,0.9,5,1
20260216_002137,DpwBiFbmSimulator,4096,200,0.7,176,0.5768106614472597,,0.9,5,1
20260216_002137,DpwBiFbmSimulator,4096,200,0.7,177,0.6211129627134807,,0.9,5,1
20260216_002137,DpwBiFbmSimulator,4096,200,0.7,178,0.5918544749169877,,0.9,5,1
20260216_002137,DpwBiFbmSimulator,4096,200,0.7,179,0.5807240013954282,,0.9,5,1
20260216_002137,DpwBiFbmSimulator,4096,200,0.7,180,0.6551889459174395,,0.9,5,1
20260216_002137,DpwBiFbmSimulator,4096,200,0.7,181,0.6217279192411589,,0.9,5,1
20260216_002137,DpwBiFbmSimulator,4096,200,0.7,182,0.67623455580756,,0.9,5,1
20260216_002137,DpwBiFbmSimulator,4096,200,0.7,183,0.5718287376018242,,0.9,5,1
20260216_002137,DpwBiFbmSimulator,4096,200,0.7,184,0.5590906719862678,,0.9,5,1
20260216_002137,DpwBiFbmSimulator,4096,200,0.7,185,0.5695687527248345,,0.9,5,1
20260216_002137,DpwBiFbmSimulator,4096,200,0.7,186,0.6533724206299659,,0.9,5,1
20260216_002137,DpwBiFbmSimulator,4096,200,0.7,187,0.6158731500073998,,0.9,5,1
20260216_002137,DpwBiFbmSimulator,4096,200,0.7,188,0.7231412469699381,,0.9,5,1
20260216_002137,DpwBiFbmSimulator,4096,200,0.7,189,0.6681194478334539,,0.9,5,1
20260216_002137,DpwBiFbmSimulator,4096,200,0.7,190,0.6611121966807904,,0.9,5,1
20260216_002137,DpwBiFbmSimulator,4096,200,0.7,191,0.6319943018143839,,0.9,5,1
20260216_002137,DpwBiFbmSimulator,4096,200,0.7,192,0.6967605184393348,,0.9,5,1
20260216_002137,DpwBiFbmSimulator,4096,200,0.7,193,0.6990965083715631,,0.9,5,1
20260216_002137,DpwBiFbmSimulator,4096,200,0.7,194,0.5889813837535602,,0.9,5,1
20260216_002137,DpwBiFbmSimulator,4096,200,0.7,195,0.7145783189912798,,0.9,5,1
20260216_002137,DpwBiFbmSimulator,4096,200,0.7,196,0.7335447127574646,,0.9,5,1
20260216_002137,DpwBiFbmSimulator,4096,200,0.7,197,0.6721581024572988,,0.9,5,1
20260216_002137,DpwBiFbmSimulator,4096,200,0.7,198,0.6618944968045869,,0.9,5,1
20260216_002137,DpwBiFbmSimulator,4096,200,0.7,199,0.681615090047993,,0.9,5,1
20260216_002137,DpwBiFbmSimulator,4096,200,0.7,200,0.5799864435921723,,0.9,5,1
20260216_002137,DpwBiFbmSimulator,4096,200,0.9,1,0.8619115092413314,,0.9,5,1
20260216_002137,DpwBiFbmSimulator,4096,200,0.9,2,0.9526509283359512,,0.9,5,1
20260216_002137,DpwBiFbmSimulator,4096,200,0.9,3,1.0465181068356408,,0.9,5,1
20260216_002137,DpwBiFbmSimulator,4096,200,0.9,4,0.7896713400737626,,0.9,5,1
20260216_002137,DpwBiFbmSimulator,4096,200,0.9,5,0.6661417607041203,,0.9,5,1
20260216_002137,DpwBiFbmSimulator,4096,200,0.9,6,0.7562042523930695,,0.9,5,1
20260216_002137,DpwBiFbmSimulator,4096,200,0.9,7,0.8280982835211902,,0.9,5,1
20260216_002137,DpwBiFbmSimulator,4096,200,0.9,8,0.7905275163812675,,0.9,5,1
20260216_002137,DpwBiFbmSimulator,4096,200,0.9,9,0.6796408699331473,,0.9,5,1
20260216_002137,DpwBiFbmSimulator,4096,200,0.9,10,0.9326736336591338,,0.9,5,1
20260216_002137,DpwBiFbmSimulator,4096,200,0.9,11,0.9239150228240384,,0.9,5,1
20260216_002137,DpwBiFbmSimulator,4096,200,0.9,12,0.8928768625285705,,0.9,5,1
20260216_002137,DpwBiFbmSimulator,4096,200,0.9,13,0.7836882451964399,,0.9,5,1
20260216_002137,DpwBiFbmSimulator,4096,200,0.9,14,0.9454705789188068,,0.9,5,1
20260216_002137,DpwBiFbmSimulator,4096,200,0.9,15,0.792026225990743,,0.9,5,1
20260216_002137,DpwBiFbmSimulator,4096,200,0.9,16,0.7916872107814525,,0.9,5,1
20260216_002137,DpwBiFbmSimulator,4096,200,0.9,17,0.7202504985109455,,0.9,5,1
20260216_002137,DpwBiFbmSimulator,4096,200,0.9,18,0.6401754617298181,,0.9,5,1
20260216_002137,DpwBiFbmSimulator,4096,200,0.9,19,0.9053640682332112,,0.9,5,1
20260216_002137,DpwBiFbmSimulator,4096,200,0.9,20,0.8897330160064498,,0.9,5,1
20260216_002137,DpwBiFbmSimulator,4096,200,0.9,21,0.8386713228425897,,0.9,5,1
20260216_002137,DpwBiFbmSimulator,4096,200,0.9,22,0.8756170247650616,,0.9,5,1
20260216_002137,DpwBiFbmSimulator,4096,200,0.9,23,0.7800589982854159,,0.9,5,1
20260216_002137,DpwBiFbmSimulator,4096,200,0.9,24,0.890269892466878,,0.9,5,1
20260216_002137,DpwBiFbmSimulator,4096,200,0.9,25,0.6132591604833268,,0.9,5,1
20260216_002137,DpwBiFbmSimulator,4096,200,0.9,26,0.8522889496658279,,0.9,5,1
20260216_002137,DpwBiFbmSimulator,4096,200,0.9,27,0.8968122882629699,,0.9,5,1
20260216_002137,DpwBiFbmSimulator,4096,200,0.9,28,0.8646614688254932,,0.9,5,1
20260216_002137,DpwBiFbmSimulator,4096,200,0.9,29,0.8460702580180572,,0.9,5,1
20260216_002137,DpwBiFbmSimulator,4096,200,0.9,30,0.8225734344318066,,0.9,5,1
20260216_002137,DpwBiFbmSimulator,4096,200,0.9,31,0.7906438646273168,,0.9,5,1
20260216_002137,DpwBiFbmSimulator,4096,200,0.9,32,0.9250930220204544,,0.9,5,1
20260216_002137,DpwBiFbmSimulator,4096,200,0.9,33,0.7697596611985162,,0.9,5,1
20260216_002137,DpwBiFbmSimulator,4096,200,0.9,34,0.8347987525482885,,0.9,5,1
20260216_002137,DpwBiFbmSimulator,4096,200,0.9,35,1.04705941312581,,0.9,5,1
20260216_002137,DpwBiFbmSimulator,4096,200,0.9,36,0.7686528786170029,,0.9,5,1
20260216_002137,DpwBiFbmSimulator,4096,200,0.9,37,0.8571243056532037,,0.9,5,1
20260216_002137,DpwBiFbmSimulator,4096,200,0.9,38,0.671335788192698,,0.9,5,1
20260216_002137,DpwBiFbmSimulator,4096,200,0.9,39,0.8169000747878841,,0.9,5,1
20260216_002137,DpwBiFbmSimulator,4096,200,0.9,40,0.9445543688254624,,0.9,5,1
20260216_002137,DpwBiFbmSimulator,4096,200,0.9,41,0.8499062418956321,,0.9,5,1
20260216_002137,DpwBiFbmSimulator,4096,200,0.9,42,0.7805192222353166,,0.9,5,1
20260216_002137,DpwBiFbmSimulator,4096,200,0.9,43,0.8567862232007163,,0.9,5,1
20260216_002137,DpwBiFbmSimulator,4096,200,0.9,44,0.9684320058474056,,0.9,5,1
20260216_002137,DpwBiFbmSimulator,4096,200,0.9,45,0.8524955232238934,,0.9,5,1
20260216_002137,DpwBiFbmSimulator,4096,200,0.9,46,0.9302269312697796,,0.9,5,1
20260216_002137,DpwBiFbmSimulator,4096,200,0.9,47,0.6428872680960551,,0.9,5,1
20260216_002137,DpwBiFbmSimulator,4096,200,0.9,48,0.828479468616531,,0.9,5,1
20260216_002137,DpwBiFbmSimulator,4096,200,0.9,49,0.8487296810770526,,0.9,5,1
20260216_002137,DpwBiFbmSimulator,4096,200,0.9,50,0.9308877513428884,,0.9,5,1
20260216_002137,DpwBiFbmSimulator,4096,200,0.9,51,0.7875377721161928,,0.9,5,1
20260216_002137,DpwBiFbmSimulator,4096,200,0.9,52,0.75857391461171,,0.9,5,1
20260216_002137,DpwBiFbmSimulator,4096,200,0.9,53,0.914416634792537,,0.9,5,1
20260216_002137,DpwBiFbmSimulator,4096,200,0.9,54,0.840927661146617,,0.9,5,1
20260216_002137,DpwBiFbmSimulator,4096,200,0.9,55,0.7958432260441469,,0.9,5,1
20260216_002137,DpwBiFbmSimulator,4096,200,0.9,56,0.7897286272100121,,0.9,5,1
20260216_002137,DpwBiFbmSimulator,4096,200,0.9,57,0.7896397935389898,,0.9,5,1
20260216_002137,DpwBiFbmSimulator,4096,200,0.9,58,0.6549625679838846,,0.9,5,1
20260216_002137,DpwBiFbmSimulator,4096,200,0.9,59,0.6719187021635111,,0.9,5,1
20260216_002137,DpwBiFbmSimulator,4096,200,0.9,60,0.7971256757572571,,0.9,5,1
20260216_002137,DpwBiFbmSimulator,4096,200,0.9,61,0.8893580552616247,,0.9,5,1
20260216_002137,DpwBiFbmSimulator,4096,200,0.9,62,0.8345243602081062,,0.9,5,1
20260216_002137,DpwBiFbmSimulator,4096,200,0.9,63,0.8706035716975825,,0.9,5,1
20260216_002137,DpwBiFbmSimulator,4096,200,0.9,64,0.8685874669001977,,0.9,5,1
20260216_002137,DpwBiFbmSimulator,4096,200,0.9,65,0.7803702792976706,,0.9,5,1
20260216_002137,DpwBiFbmSimulator,4096,200,0.9,66,0.8780079240575787,,0.9,5,1
20260216_002137,DpwBiFbmSimulator,4096,200,0.9,67,0.8741240669786885,,0.9,5,1
20260216_002137,DpwBiFbmSimulator,4096,200,0.9,68,0.9266664137678448,,0.9,5,1
20260216_002137,DpwBiFbmSimulator,4096,200,0.9,69,0.978548215342223,,0.9,5,1
20260216_002137,DpwBiFbmSimulator,4096,200,0.9,70,0.5120097551298094,,0.9,5,1
20260216_002137,DpwBiFbmSimulator,4096,200,0.9,71,0.7598028736732967,,0.9,5,1
20260216_002137,DpwBiFbmSimulator,4096,200,0.9,72,0.8767781199279158,,0.9,5,1
20260216_002137,DpwBiFbmSimulator,4096,200,0.9,73,0.8886198154296319,,0.9,5,1
20260216_002137,DpwBiFbmSimulator,4096,200,0.9,74,0.7620762822773521,,0.9,5,1
20260216_002137,DpwBiFbmSimulator,4096,200,0.9,75,0.9417815197997568,,0.9,5,1
20260216_002137,DpwBiFbmSimulator,4096,200,0.9,76,0.875113170703969,,0.9,5,1
20260216_002137,DpwBiFbmSimulator,4096,200,0.9,77,0.8157673689860534,,0.9,5,1
20260216_002137,DpwBiFbmSimulator,4096,200,0.9,78,0.8586659148834755,,0.9,5,1
20260216_002137,DpwBiFbmSimulator,4096,200,0.9,79,0.7731984973981718,,0.9,5,1
20260216_002137,DpwBiFbmSimulator,4096,200,0.9,80,0.7670811638665544,,0.9,5,1
20260216_002137,DpwBiFbmSimulator,4096,200,0.9,81,0.928393981173532,,0.9,5,1
20260216_002137,DpwBiFbmSimulator,4096,200,0.9,82,0.7106318035205487,,0.9,5,1
20260216_002137,DpwBiFbmSimulator,4096,200,0.9,83,1.0395610847963643,,0.9,5,1
20260216_002137,DpwBiFbmSimulator,4096,200,0.9,84,0.8439628417576167,,0.9,5,1
20260216_002137,DpwBiFbmSimulator,4096,200,0.9,85,0.8396990958586567,,0.9,5,1
20260216_002137,DpwBiFbmSimulator,4096,200,0.9,86,0.808181282329158,,0.9,5,1
20260216_002137,DpwBiFbmSimulator,4096,200,0.9,87,0.9006880110277837,,0.9,5,1
20260216_002137,DpwBiFbmSimulator,4096,200,0.9,88,0.8536398645025624,,0.9,5,1
20260216_002137,DpwBiFbmSimulator,4096,200,0.9,89,0.875675119603125,,0.9,5,1
20260216_002137,DpwBiFbmSimulator,4096,200,0.9,90,0.9867287111951016,,0.9,5,1
20260216_002137,DpwBiFbmSimulator,4096,200,0.9,91,0.8555577926473563,,0.9,5,1
20260216_002137,DpwBiFbmSimulator,4096,200,0.9,92,0.8069443442393811,,0.9,5,1
20260216_002137,DpwBiFbmSimulator,4096,200,0.9,93,0.8300483336246508,,0.9,5,1
20260216_002137,DpwBiFbmSimulator,4096,200,0.9,94,0.8989157619238759,,0.9,5,1
20260216_002137,DpwBiFbmSimulator,4096,200,0.9,95,0.9298133484393932,,0.9,5,1
20260216_002137,DpwBiFbmSimulator,4096,200,0.9,96,0.7583016291554231,,0.9,5,1
20260216_002137,DpwBiFbmSimulator,4096,200,0.9,97,0.7781197295150034,,0.9,5,1
20260216_002137,DpwBiFbmSimulator,4096,200,0.9,98,0.7549493479181393,,0.9,5,1
20260216_002137,DpwBiFbmSimulator,4096,200,0.9,99,0.8699719884827357,,0.9,5,1
20260216_002137,DpwBiFbmSimulator,4096,200,0.9,100,0.7739149427573058,,0.9,5,1
20260216_002137,DpwBiFbmSimulator,4096,200,0.9,101,0.8158130783338775,,0.9,5,1
20260216_002137,DpwBiFbmSimulator,4096,200,0.9,102,0.916197746739332,,0.9,5,1
20260216_002137,DpwBiFbmSimulator,4096,200,0.9,103,0.874069027672271,,0.9,5,1
20260216_002137,DpwBiFbmSimulator,4096,200,0.9,104,0.8916127824937462,,0.9,5,1
20260216_002137,DpwBiFbmSimulator,4096,200,0.9,105,0.7748559168865691,,0.9,5,1
20260216_002137,DpwBiFbmSimulator,4096,200,0.9,106,0.8532917392303018,,0.9,5,1
20260216_002137,DpwBiFbmSimulator,4096,200,0.9,107,0.7653044233259749,,0.9,5,1
20260216_002137,DpwBiFbmSimulator,4096,200,0.9,108,0.9694024738182172,,0.9,5,1
20260216_002137,DpwBiFbmSimulator,4096,200,0.9,109,0.7222891978101306,,0.9,5,1
20260216_002137,DpwBiFbmSimulator,4096,200,0.9,110,0.7758343642468725,,0.9,5,1
20260216_002137,DpwBiFbmSimulator,4096,200,0.9,111,0.738232568717675,,0.9,5,1
20260216_002137,DpwBiFbmSimulator,4096,200,0.9,112,0.6286597158033462,,0.9,5,1
20260216_002137,DpwBiFbmSimulator,4096,200,0.9,113,0.6818668132509641,,0.9,5,1
20260216_002137,DpwBiFbmSimulator,4096,200,0.9,114,0.7575349279470063,,0.9,5,1
20260216_002137,DpwBiFbmSimulator,4096,200,0.9,115,0.8298058558990621,,0.9,5,1
20260216_002137,DpwBiFbmSimulator,4096,200,0.9,116,1.0001839137882425,,0.9,5,1
20260216_002137,DpwBiFbmSimulator,4096,200,0.9,117,0.7170404248433778,,0.9,5,1
20260216_002137,DpwBiFbmSimulator,4096,200,0.9,118,0.5919465138368261,,0.9,5,1
20260216_002137,DpwBiFbmSimulator,4096,200,0.9,119,0.7935165980253786,,0.9,5,1
20260216_002137,DpwBiFbmSimulator,4096,200,0.9,120,1.0094587623576072,,0.9,5,1
20260216_002137,DpwBiFbmSimulator,4096,200,0.9,121,0.8734956589958943,,0.9,5,1
20260216_002137,DpwBiFbmSimulator,4096,200,0.9,122,0.9092523356611264,,0.9,5,1
20260216_002137,DpwBiFbmSimulator,4096,200,0.9,123,0.7974540396762458,,0.9,5,1
20260216_002137,DpwBiFbmSimulator,4096,200,0.9,124,0.770791395850881,,0.9,5,1
20260216_002137,DpwBiFbmSimulator,4096,200,0.9,125,0.5597058098030993,,0.9,5,1
20260216_002137,DpwBiFbmSimulator,4096,200,0.9,126,0.8156675041526779,,0.9,5,1
20260216_002137,DpwBiFbmSimulator,4096,200,0.9,127,0.7830409274598663,,0.9,5,1
20260216_002137,DpwBiFbmSimulator,4096,200,0.9,128,0.8747252913433301,,0.9,5,1
20260216_002137,DpwBiFbmSimulator,4096,200,0.9,129,0.7136676813866919,,0.9,5,1
20260216_002137,DpwBiFbmSimulator,4096,200,0.9,130,0.9287765230499676,,0.9,5,1
20260216_002137,DpwBiFbmSimulator,4096,200,0.9,131,0.7182035330443278,,0.9,5,1
20260216_002137,DpwBiFbmSimulator,4096,200,0.9,132,0.7619778430160866,,0.9,5,1
20260216_002137,DpwBiFbmSimulator,4096,200,0.9,133,0.8483060417032952,,0.9,5,1
20260216_002137,DpwBiFbmSimulator,4096,200,0.9,134,0.6647367320470605,,0.9,5,1
20260216_002137,DpwBiFbmSimulator,4096,200,0.9,135,0.9603079494031636,,0.9,5,1
20260216_002137,DpwBiFbmSimulator,4096,200,0.9,136,0.9250101695415772,,0.9,5,1
20260216_002137,DpwBiFbmSimulator,4096,200,0.9,137,0.8543251196557402,,0.9,5,1
20260216_002137,DpwBiFbmSimulator,4096,200,0.9,138,0.7881455531800667,,0.9,5,1
20260216_002137,DpwBiFbmSimulator,4096,200,0.9,139,0.9600271508658492,,0.9,5,1
20260216_002137,DpwBiFbmSimulator,4096,200,0.9,140,0.8470160676373532,,0.9,5,1
20260216_002137,DpwBiFbmSimulator,4096,200,0.9,141,0.7337933450877507,,0.9,5,1
20260216_002137,DpwBiFbmSimulator,4096,200,0.9,142,0.8159552850479436,,0.9,5,1
20260216_002137,DpwBiFbmSimulator,4096,200,0.9,143,0.761926966522848,,0.9,5,1
20260216_002137,DpwBiFbmSimulator,4096,200,0.9,144,0.6421886139892234,,0.9,5,1
20260216_002137,DpwBiFbmSimulator,4096,200,0.9,145,0.9660009671748986,,0.9,5,1
20260216_002137,DpwBiFbmSimulator,4096,200,0.9,146,0.8547237508378703,,0.9,5,1
20260216_002137,DpwBiFbmSimulator,4096,200,0.9,147,0.9636452617388396,,0.9,5,1
20260216_002137,DpwBiFbmSimulator,4096,200,0.9,148,0.9426511801717268,,0.9,5,1
20260216_002137,DpwBiFbmSimulator,4096,200,0.9,149,0.4765839783156937,,0.9,5,1
20260216_002137,DpwBiFbmSimulator,4096,200,0.9,150,0.8581402932480211,,0.9,5,1
20260216_002137,DpwBiFbmSimulator,4096,200,0.9,151,0.6513816633519128,,0.9,5,1
20260216_002137,DpwBiFbmSimulator,4096,200,0.9,152,0.7757126299303504,,0.9,5,1
20260216_002137,DpwBiFbmSimulator,4096,200,0.9,153,0.9396619525440474,,0.9,5,1
20260216_002137,DpwBiFbmSimulator,4096,200,0.9,154,0.9102678430502034,,0.9,5,1
20260216_002137,DpwBiFbmSimulator,4096,200,0.9,155,0.8413473384876452,,0.9,5,1
20260216_002137,DpwBiFbmSimulator,4096,200,0.9,156,0.9046178395750925,,0.9,5,1
20260216_002137,DpwBiFbmSimulator,4096,200,0.9,157,0.7086133502956787,,0.9,5,1
20260216_002137,DpwBiFbmSimulator,4096,200,0.9,158,0.7319704278518269,,0.9,5,1
20260216_002137,DpwBiFbmSimulator,4096,200,0.9,159,0.9045346612204388,,0.9,5,1
20260216_002137,DpwBiFbmSimulator,4096,200,0.9,160,0.6627152266840932,,0.9,5,1
20260216_002137,DpwBiFbmSimulator,4096,200,0.9,161,0.7466569787852005,,0.9,5,1
20260216_002137,DpwBiFbmSimulator,4096,200,0.9,162,0.6882804614464947,,0.9,5,1
20260216_002137,DpwBiFbmSimulator,4096,200,0.9,163,0.9345094031850052,,0.9,5,1
20260216_002137,DpwBiFbmSimulator,4096,200,0.9,164,0.7941312465959804,,0.9,5,1
20260216_002137,DpwBiFbmSimulator,4096,200,0.9,165,0.8785630138172409,,0.9,5,1
20260216_002137,DpwBiFbmSimulator,4096,200,0.9,166,0.8105439748238352,,0.9,5,1
20260216_002137,DpwBiFbmSimulator,4096,200,0.9,167,0.7629065307021661,,0.9,5,1
20260216_002137,DpwBiFbmSimulator,4096,200,0.9,168,0.8949124840364024,,0.9,5,1
20260216_002137,DpwBiFbmSimulator,4096,200,0.9,169,0.8120182692945243,,0.9,5,1
20260216_002137,DpwBiFbmSimulator,4096,200,0.9,170,0.7617531240953958,,0.9,5,1
20260216_002137,DpwBiFbmSimulator,4096,200,0.9,171,0.9592478493289692,,0.9,5,1
20260216_002137,DpwBiFbmSimulator,4096,200,0.9,172,0.896875718898288,,0.9,5,1
20260216_002137,DpwBiFbmSimulator,4096,200,0.9,173,0.9027818522052704,,0.9,5,1
20260216_002137,DpwBiFbmSimulator,4096,200,0.9,174,0.8621081214763668,,0.9,5,1
20260216_002137,DpwBiFbmSimulator,4096,200,0.9,175,0.9054304354654424,,0.9,5,1
20260216_002137,DpwBiFbmSimulator,4096,200,0.9,176,0.7552062373516665,,0.9,5,1
20260216_002137,DpwBiFbmSimulator,4096,200,0.9,177,0.9106631283012876,,0.9,5,1
20260216_002137,DpwBiFbmSimulator,4096,200,0.9,178,0.9613598416532882,,0.9,5,1
20260216_002137,DpwBiFbmSimulator,4096,200,0.9,179,0.8512424902215298,,0.9,5,1
20260216_002137,DpwBiFbmSimulator,4096,200,0.9,180,0.8700681061582266,,0.9,5,1
20260216_002137,DpwBiFbmSimulator,4096,200,0.9,181,0.897380588827003,,0.9,5,1
20260216_002137,DpwBiFbmSimulator,4096,200,0.9,182,0.9861231795399468,,0.9,5,1
20260216_002137,DpwBiFbmSimulator,4096,200,0.9,183,0.6225863422282938,,0.9,5,1
20260216_002137,DpwBiFbmSimulator,4096,200,0.9,184,0.8949026540007413,,0.9,5,1
20260216_002137,DpwBiFbmSimulator,4096,200,0.9,185,0.7320473437894165,,0.9,5,1
20260216_002137,DpwBiFbmSimulator,4096,200,0.9,186,0.7938684783996398,,0.9,5,1
20260216_002137,DpwBiFbmSimulator,4096,200,0.9,187,0.7814118078057534,,0.9,5,1
20260216_002137,DpwBiFbmSimulator,4096,200,0.9,188,0.971505018575776,,0.9,5,1
20260216_002137,DpwBiFbmSimulator,4096,200,0.9,189,0.8372904873639141,,0.9,5,1
20260216_002137,DpwBiFbmSimulator,4096,200,0.9,190,0.9357223409245252,,0.9,5,1
20260216_002137,DpwBiFbmSimulator,4096,200,0.9,191,0.8799497216377111,,0.9,5,1
20260216_002137,DpwBiFbmSimulator,4096,200,0.9,192,0.8455275726484108,,0.9,5,1
20260216_002137,DpwBiFbmSimulator,4096,200,0.9,193,0.7633474694529684,,0.9,5,1
20260216_002137,DpwBiFbmSimulator,4096,200,0.9,194,0.8212933016695892,,0.9,5,1
20260216_002137,DpwBiFbmSimulator,4096,200,0.9,195,0.9412254069104514,,0.9,5,1
20260216_002137,DpwBiFbmSimulator,4096,200,0.9,196,0.8010215594358976,,0.9,5,1
20260216_002137,DpwBiFbmSimulator,4096,200,0.9,197,0.8804419600236504,,0.9,5,1
20260216_002137,DpwBiFbmSimulator,4096,200,0.9,198,0.8401129895397887,,0.9,5,1
20260216_002137,DpwBiFbmSimulator,4096,200,0.9,199,0.9784400899997908,,0.9,5,1
20260216_002137,DpwBiFbmSimulator,4096,200,0.9,200,0.9472000187473604,,0.9,5,1