run_id,process,N,trials,H0,trial,H_hat,sigma2_hat,K,L,sigma
20260216_173832,DpwTriFbmSimulator,4096,200,0.4,1,0.4124960203863722,,0.5,5,1
20260216_173832,DpwTriFbmSimulator,4096,200,0.4,2,0.2194401708158925,,0.5,5,1
20260216_173832,DpwTriFbmSimulator,4096,200,0.4,3,0.1178806848442186,,0.5,5,1
20260216_173832,DpwTriFbmSimulator,4096,200,0.4,4,0.4086934834691117,,0.5,5,1
20260216_173832,DpwTriFbmSimulator,4096,200,0.4,5,0.3481874450106356,,0.5,5,1
20260216_173832,DpwTriFbmSimulator,4096,200,0.4,6,0.2798051056729771,,0.5,5,1
20260216_173832,DpwTriFbmSimulator,4096,200,0.4,7,0.3220154124644059,,0.5,5,1
20260216_173832,DpwTriFbmSimulator,4096,200,0.4,8,0.4527288935678496,,0.5,5,1
20260216_173832,DpwTriFbmSimulator,4096,200,0.4,9,0.1595614505319594,,0.5,5,1
20260216_173832,DpwTriFbmSimulator,4096,200,0.4,10,0.3451159878551934,,0.5,5,1
20260216_173832,DpwTriFbmSimulator,4096,200,0.4,11,0.219742531234711,,0.5,5,1
20260216_173832,DpwTriFbmSimulator,4096,200,0.4,12,0.2902098717298572,,0.5,5,1
20260216_173832,DpwTriFbmSimulator,4096,200,0.4,13,0.4214386960985571,,0.5,5,1
20260216_173832,DpwTriFbmSimulator,4096,200,0.4,14,0.3271621073024089,,0.5,5,1
20260216_173832,DpwTriFbmSimulator,4096,200,0.4,15,0.3266154796394146,,0.5,5,1
20260216_173832,DpwTriFbmSimulator,4096,200,0.4,16,0.2706532304229433,,0.5,5,1
20260216_173832,DpwTriFbmSimulator,4096,200,0.4,17,0.3462935127660645,,0.5,5,1
20260216_173832,DpwTriFbmSimulator,4096,200,0.4,18,0.2221813517370113,,0.5,5,1
20260216_173832,DpwTriFbmSimulator,4096,200,0.4,19,0.0116352314933421,,0.5,5,1
20260216_173832,DpwTriFbmSimulator,4096,200,0.4,20,0.3299025292519784,,0.5,5,1
20260216_173832,DpwTriFbmSimulator,4096,200,0.4,21,0.353423552999256,,0.5,5,1
20260216_173832,DpwTriFbmSimulator,4096,200,0.4,22,0.2112552926682007,,0.5,5,1
20260216_173832,DpwTriFbmSimulator,4096,200,0.4,23,0.1102039115349341,,0.5,5,1
20260216_173832,DpwTriFbmSimulator,4096,200,0.4,24,0.3588598211602478,,0.5,5,1
20260216_173832,DpwTriFbmSimulator,4096,200,0.4,25,0.1400062799669661,,0.5,5,1
20260216_173832,DpwTriFbmSimulator,4096,200,0.4,26,0.3802091118805252,,0.5,5,1
20260216_173832,DpwTriFbmSimulator,4096,200,0.4,27,0.1177292366877015,,0.5,5,1
20260216_173832,DpwTriFbmSimulator,4096,200,0.4,28,0.2913913797202712,,0.5,5,1
20260216_173832,DpwTriFbmSimulator,4096,200,0.4,29,0.2005595655086046,,0.5,5,1
20260216_173832,DpwTriFbmSimulator,4096,200,0.4,30,0.2444503728027028,,0.5,5,1
20260216_173832,DpwTriFbmSimulator,4096,200,0.4,31,0.4873460854365714,,0.5,5,1
20260216_173832,DpwTriFbmSimulator,4096,200,0.4,32,0.2066156480845889,,0.5,5,1
20260216_173832,DpwTriFbmSimulator,4096,200,0.4,33,0.1836134515829485,,0.5,5,1
20260216_173832,DpwTriFbmSimulator,4096,200,0.4,34,0.120260369268059,,0.5,5,1
20260216_173832,DpwTriFbmSimulator,4096,200,0.4,35,0.0212948293524252,,0.5,5,1
20260216_173832,DpwTriFbmSimulator,4096,200,0.4,36,0.2119712769976866,,0.5,5,1
20260216_173832,DpwTriFbmSimulator,4096,200,0.4,37,0.2402860412492405,,0.5,5,1
20260216_173832,DpwTriFbmSimulator,4096,200,0.4,38,0.3655455368129337,,0.5,5,1
20260216_173832,DpwTriFbmSimulator,4096,200,0.4,39,0.361399250814057,,0.5,5,1
20260216_173832,DpwTriFbmSimulator,4096,200,0.4,40,0.1691481983437353,,0.5,5,1
20260216_173832,DpwTriFbmSimulator,4096,200,0.4,41,0.1675655700412744,,0.5,5,1
20260216_173832,DpwTriFbmSimulator,4096,200,0.4,42,0.3790688548455271,,0.5,5,1
20260216_173832,DpwTriFbmSimulator,4096,200,0.4,43,0.4892503245331975,,0.5,5,1
20260216_173832,DpwTriFbmSimulator,4096,200,0.4,44,0.3603060255934866,,0.5,5,1
20260216_173832,DpwTriFbmSimulator,4096,200,0.4,45,0.3218064761206295,,0.5,5,1
20260216_173832,DpwTriFbmSimulator,4096,200,0.4,46,0.286279010698621,,0.5,5,1
20260216_173832,DpwTriFbmSimulator,4096,200,0.4,47,0.2636330102953715,,0.5,5,1
20260216_173832,DpwTriFbmSimulator,4096,200,0.4,48,0.2288871020558032,,0.5,5,1
20260216_173832,DpwTriFbmSimulator,4096,200,0.4,49,0.3719989140515328,,0.5,5,1
20260216_173832,DpwTriFbmSimulator,4096,200,0.4,50,0.3714824777988812,,0.5,5,1
20260216_173832,DpwTriFbmSimulator,4096,200,0.4,51,0.0867172313242428,,0.5,5,1
20260216_173832,DpwTriFbmSimulator,4096,200,0.4,52,0.1592282871129023,,0.5,5,1
20260216_173832,DpwTriFbmSimulator,4096,200,0.4,53,0.1190831999136765,,0.5,5,1
20260216_173832,DpwTriFbmSimulator,4096,200,0.4,54,0.1986990104628321,,0.5,5,1
20260216_173832,DpwTriFbmSimulator,4096,200,0.4,55,0.3943397265150366,,0.5,5,1
20260216_173832,DpwTriFbmSimulator,4096,200,0.4,56,0.1959997499280375,,0.5,5,1
20260216_173832,DpwTriFbmSimulator,4096,200,0.4,57,0.3311792287168689,,0.5,5,1
20260216_173832,DpwTriFbmSimulator,4096,200,0.4,58,0.2612469173974245,,0.5,5,1
20260216_173832,DpwTriFbmSimulator,4096,200,0.4,59,0.3822594600576186,,0.5,5,1
20260216_173832,DpwTriFbmSimulator,4096,200,0.4,60,0.2836704307003125,,0.5,5,1
20260216_173832,DpwTriFbmSimulator,4096,200,0.4,61,0.1593395631694993,,0.5,5,1
20260216_173832,DpwTriFbmSimulator,4096,200,0.4,62,0.2158269535170922,,0.5,5,1
20260216_173832,DpwTriFbmSimulator,4096,200,0.4,63,0.165936818975165,,0.5,5,1
20260216_173832,DpwTriFbmSimulator,4096,200,0.4,64,0.0815077424919282,,0.5,5,1
20260216_173832,DpwTriFbmSimulator,4096,200,0.4,65,0.0417274871468532,,0.5,5,1
20260216_173832,DpwTriFbmSimulator,4096,200,0.4,66,0.2123233190089959,,0.5,5,1
20260216_173832,DpwTriFbmSimulator,4096,200,0.4,67,0.1632040260060996,,0.5,5,1
20260216_173832,DpwTriFbmSimulator,4096,200,0.4,68,-0.2316992717891511,,0.5,5,1
20260216_173832,DpwTriFbmSimulator,4096,200,0.4,69,0.4506062039335608,,0.5,5,1
20260216_173832,DpwTriFbmSimulator,4096,200,0.4,70,0.2321013470931308,,0.5,5,1
20260216_173832,DpwTriFbmSimulator,4096,200,0.4,71,0.2773869058849421,,0.5,5,1
20260216_173832,DpwTriFbmSimulator,4096,200,0.4,72,0.1016110301054479,,0.5,5,1
20260216_173832,DpwTriFbmSimulator,4096,200,0.4,73,0.2057150073062718,,0.5,5,1
20260216_173832,DpwTriFbmSimulator,4096,200,0.4,74,0.3634330752262006,,0.5,5,1
20260216_173832,DpwTriFbmSimulator,4096,200,0.4,75,0.0644331293520678,,0.5,5,1
20260216_173832,DpwTriFbmSimulator,4096,200,0.4,76,0.3379967312898085,,0.5,5,1
20260216_173832,DpwTriFbmSimulator,4096,200,0.4,77,0.2453814605428128,,0.5,5,1
20260216_173832,DpwTriFbmSimulator,4096,200,0.4,78,0.2177325754222273,,0.5,5,1
20260216_173832,DpwTriFbmSimulator,4096,200,0.4,79,0.2335446813098879,,0.5,5,1
20260216_173832,DpwTriFbmSimulator,4096,200,0.4,80,0.4806264765165228,,0.5,5,1
20260216_173832,DpwTriFbmSimulator,4096,200,0.4,81,0.2928534992268448,,0.5,5,1
20260216_173832,DpwTriFbmSimulator,4096,200,0.4,82,0.0518263598851754,,0.5,5,1
20260216_173832,DpwTriFbmSimulator,4096,200,0.4,83,0.3480839943658525,,0.5,5,1
20260216_173832,DpwTriFbmSimulator,4096,200,0.4,84,0.2664068330604391,,0.5,5,1
20260216_173832,DpwTriFbmSimulator,4096,200,0.4,85,0.2253232217717483,,0.5,5,1
20260216_173832,DpwTriFbmSimulator,4096,200,0.4,86,0.1412982208087566,,0.5,5,1
20260216_173832,DpwTriFbmSimulator,4096,200,0.4,87,0.1023917414215203,,0.5,5,1
20260216_173832,DpwTriFbmSimulator,4096,200,0.4,88,0.183122692947892,,0.5,5,1
20260216_173832,DpwTriFbmSimulator,4096,200,0.4,89,0.3742161932536527,,0.5,5,1
20260216_173832,DpwTriFbmSimulator,4096,200,0.4,90,0.2080988070249735,,0.5,5,1
20260216_173832,DpwTriFbmSimulator,4096,200,0.4,91,0.0837124640110163,,0.5,5,1
20260216_173832,DpwTriFbmSimulator,4096,200,0.4,92,0.2200965997938718,,0.5,5,1
20260216_173832,DpwTriFbmSimulator,4096,200,0.4,93,0.2108200823516791,,0.5,5,1
20260216_173832,DpwTriFbmSimulator,4096,200,0.4,94,-0.0726139454731175,,0.5,5,1
20260216_173832,DpwTriFbmSimulator,4096,200,0.4,95,0.3845542995780266,,0.5,5,1
20260216_173832,DpwTriFbmSimulator,4096,200,0.4,96,0.2750450182147405,,0.5,5,1
20260216_173832,DpwTriFbmSimulator,4096,200,0.4,97,0.2922187818993162,,0.5,5,1
20260216_173832,DpwTriFbmSimulator,4096,200,0.4,98,0.4520669139067098,,0.5,5,1
20260216_173832,DpwTriFbmSimulator,4096,200,0.4,99,0.0052146089141886,,0.5,5,1
20260216_173832,DpwTriFbmSimulator,4096,200,0.4,100,0.3384465585550294,,0.5,5,1
20260216_173832,DpwTriFbmSimulator,4096,200,0.4,101,0.3379042859743393,,0.5,5,1
20260216_173832,DpwTriFbmSimulator,4096,200,0.4,102,0.4604775049621909,,0.5,5,1
20260216_173832,DpwTriFbmSimulator,4096,200,0.4,103,0.257403090508785,,0.5,5,1
20260216_173832,DpwTriFbmSimulator,4096,200,0.4,104,0.3852127921846824,,0.5,5,1
20260216_173832,DpwTriFbmSimulator,4096,200,0.4,105,0.3606407605816794,,0.5,5,1
20260216_173832,DpwTriFbmSimulator,4096,200,0.4,106,0.2425258229558876,,0.5,5,1
20260216_173832,DpwTriFbmSimulator,4096,200,0.4,107,0.3842932363692015,,0.5,5,1
20260216_173832,DpwTriFbmSimulator,4096,200,0.4,108,0.2090039130124809,,0.5,5,1
20260216_173832,DpwTriFbmSimulator,4096,200,0.4,109,-0.0854873461057329,,0.5,5,1
20260216_173832,DpwTriFbmSimulator,4096,200,0.4,110,0.3017909886645458,,0.5,5,1
20260216_173832,DpwTriFbmSimulator,4096,200,0.4,111,0.508039541903135,,0.5,5,1
20260216_173832,DpwTriFbmSimulator,4096,200,0.4,112,0.3502293988998242,,0.5,5,1
20260216_173832,DpwTriFbmSimulator,4096,200,0.4,113,0.2625604525512353,,0.5,5,1
20260216_173832,DpwTriFbmSimulator,4096,200,0.4,114,0.12564326733767,,0.5,5,1
20260216_173832,DpwTriFbmSimulator,4096,200,0.4,115,0.2923568729048707,,0.5,5,1
20260216_173832,DpwTriFbmSimulator,4096,200,0.4,116,-0.0210280443731319,,0.5,5,1
20260216_173832,DpwTriFbmSimulator,4096,200,0.4,117,0.3793904236407189,,0.5,5,1
20260216_173832,DpwTriFbmSimulator,4096,200,0.4,118,0.3221210920845446,,0.5,5,1
20260216_173832,DpwTriFbmSimulator,4096,200,0.4,119,0.4332174902619395,,0.5,5,1
20260216_173832,DpwTriFbmSimulator,4096,200,0.4,120,0.1190392381932276,,0.5,5,1
20260216_173832,DpwTriFbmSimulator,4096,200,0.4,121,0.2613105308010064,,0.5,5,1
20260216_173832,DpwTriFbmSimulator,4096,200,0.4,122,0.3845148011820793,,0.5,5,1
20260216_173832,DpwTriFbmSimulator,4096,200,0.4,123,0.1267139114871635,,0.5,5,1
20260216_173832,DpwTriFbmSimulator,4096,200,0.4,124,0.3190004194871086,,0.5,5,1
20260216_173832,DpwTriFbmSimulator,4096,200,0.4,125,0.1287467439127004,,0.5,5,1
20260216_173832,DpwTriFbmSimulator,4096,200,0.4,126,0.1586528562429781,,0.5,5,1
20260216_173832,DpwTriFbmSimulator,4096,200,0.4,127,0.163430668830863,,0.5,5,1
20260216_173832,DpwTriFbmSimulator,4096,200,0.4,128,0.2604541948748744,,0.5,5,1
20260216_173832,DpwTriFbmSimulator,4096,200,0.4,129,0.4123280288473562,,0.5,5,1
20260216_173832,DpwTriFbmSimulator,4096,200,0.4,130,0.2669398974323675,,0.5,5,1
20260216_173832,DpwTriFbmSimulator,4096,200,0.4,131,0.3360368893988947,,0.5,5,1
20260216_173832,DpwTriFbmSimulator,4096,200,0.4,132,0.3852138438746757,,0.5,5,1
20260216_173832,DpwTriFbmSimulator,4096,200,0.4,133,0.3427282164332128,,0.5,5,1
20260216_173832,DpwTriFbmSimulator,4096,200,0.4,134,0.3361675733455044,,0.5,5,1
20260216_173832,DpwTriFbmSimulator,4096,200,0.4,135,0.2254752565790127,,0.5,5,1
20260216_173832,DpwTriFbmSimulator,4096,200,0.4,136,0.2228267517857557,,0.5,5,1
20260216_173832,DpwTriFbmSimulator,4096,200,0.4,137,0.2306564764651621,,0.5,5,1
20260216_173832,DpwTriFbmSimulator,4096,200,0.4,138,0.3037343189039741,,0.5,5,1
20260216_173832,DpwTriFbmSimulator,4096,200,0.4,139,0.1769073133913706,,0.5,5,1
20260216_173832,DpwTriFbmSimulator,4096,200,0.4,140,0.383137048899612,,0.5,5,1
20260216_173832,DpwTriFbmSimulator,4096,200,0.4,141,0.2588859711500456,,0.5,5,1
20260216_173832,DpwTriFbmSimulator,4096,200,0.4,142,0.2503090282432852,,0.5,5,1
20260216_173832,DpwTriFbmSimulator,4096,200,0.4,143,0.1768179557148073,,0.5,5,1
20260216_173832,DpwTriFbmSimulator,4096,200,0.4,144,0.241468013581421,,0.5,5,1
20260216_173832,DpwTriFbmSimulator,4096,200,0.4,145,0.0417595196170529,,0.5,5,1
20260216_173832,DpwTriFbmSimulator,4096,200,0.4,146,0.2591248040178786,,0.5,5,1
20260216_173832,DpwTriFbmSimulator,4096,200,0.4,147,0.1722239450003056,,0.5,5,1
20260216_173832,DpwTriFbmSimulator,4096,200,0.4,148,0.1744076626283829,,0.5,5,1
20260216_173832,DpwTriFbmSimulator,4096,200,0.4,149,0.3964877682974287,,0.5,5,1
20260216_173832,DpwTriFbmSimulator,4096,200,0.4,150,0.259480091365281,,0.5,5,1
20260216_173832,DpwTriFbmSimulator,4096,200,0.4,151,0.2823741490903859,,0.5,5,1
20260216_173832,DpwTriFbmSimulator,4096,200,0.4,152,0.1743883319602572,,0.5,5,1
20260216_173832,DpwTriFbmSimulator,4096,200,0.4,153,0.4147464199326691,,0.5,5,1
20260216_173832,DpwTriFbmSimulator,4096,200,0.4,154,0.2856255481784298,,0.5,5,1
20260216_173832,DpwTriFbmSimulator,4096,200,0.4,155,0.2808182350551846,,0.5,5,1
20260216_173832,DpwTriFbmSimulator,4096,200,0.4,156,0.0131391516842407,,0.5,5,1
20260216_173832,DpwTriFbmSimulator,4096,200,0.4,157,0.0541900411088505,,0.5,5,1
20260216_173832,DpwTriFbmSimulator,4096,200,0.4,158,0.2246317844316065,,0.5,5,1
20260216_173832,DpwTriFbmSimulator,4096,200,0.4,159,0.2971071419670502,,0.5,5,1
20260216_173832,DpwTriFbmSimulator,4096,200,0.4,160,0.223757725273154,,0.5,5,1
20260216_173832,DpwTriFbmSimulator,4096,200,0.4,161,0.4505977618323868,,0.5,5,1
20260216_173832,DpwTriFbmSimulator,4096,200,0.4,162,0.225345179311917,,0.5,5,1
20260216_173832,DpwTriFbmSimulator,4096,200,0.4,163,0.2101934891277908,,0.5,5,1
20260216_173832,DpwTriFbmSimulator,4096,200,0.4,164,0.3373687346628003,,0.5,5,1
20260216_173832,DpwTriFbmSimulator,4096,200,0.4,165,0.2060163807561999,,0.5,5,1
20260216_173832,DpwTriFbmSimulator,4096,200,0.4,166,0.1804239132674448,,0.5,5,1
20260216_173832,DpwTriFbmSimulator,4096,200,0.4,167,0.2972247662066847,,0.5,5,1
20260216_173832,DpwTriFbmSimulator,4096,200,0.4,168,0.3760813511891082,,0.5,5,1
20260216_173832,DpwTriFbmSimulator,4096,200,0.4,169,0.1269547850052402,,0.5,5,1
20260216_173832,DpwTriFbmSimulator,4096,200,0.4,170,0.3233584484779904,,0.5,5,1
20260216_173832,DpwTriFbmSimulator,4096,200,0.4,171,0.4345586345503406,,0.5,5,1
20260216_173832,DpwTriFbmSimulator,4096,200,0.4,172,0.1802264939860187,,0.5,5,1
20260216_173832,DpwTriFbmSimulator,4096,200,0.4,173,0.0726158547832976,,0.5,5,1
20260216_173832,DpwTriFbmSimulator,4096,200,0.4,174,0.2330186926361128,,0.5,5,1
20260216_173832,DpwTriFbmSimulator,4096,200,0.4,175,0.1675595637013348,,0.5,5,1
20260216_173832,DpwTriFbmSimulator,4096,200,0.4,176,0.2685093901438674,,0.5,5,1
20260216_173832,DpwTriFbmSimulator,4096,200,0.4,177,0.2696980424657145,,0.5,5,1
20260216_173832,DpwTriFbmSimulator,4096,200,0.4,178,0.351549980038564,,0.5,5,1
20260216_173832,DpwTriFbmSimulator,4096,200,0.4,179,0.2239417930449183,,0.5,5,1
20260216_173832,DpwTriFbmSimulator,4096,200,0.4,180,0.0799387537505165,,0.5,5,1
20260216_173832,DpwTriFbmSimulator,4096,200,0.4,181,0.3315765852452083,,0.5,5,1
20260216_173832,DpwTriFbmSimulator,4096,200,0.4,182,0.5339363978055661,,0.5,5,1
20260216_173832,DpwTriFbmSimulator,4096,200,0.4,183,0.4051951359724963,,0.5,5,1
20260216_173832,DpwTriFbmSimulator,4096,200,0.4,184,0.2998033917348841,,0.5,5,1
20260216_173832,DpwTriFbmSimulator,4096,200,0.4,185,0.1287808879381708,,0.5,5,1
20260216_173832,DpwTriFbmSimulator,4096,200,0.4,186,0.3436513790391451,,0.5,5,1
20260216_173832,DpwTriFbmSimulator,4096,200,0.4,187,0.3365205504984737,,0.5,5,1
20260216_173832,DpwTriFbmSimulator,4096,200,0.4,188,0.0768706063836885,,0.5,5,1
20260216_173832,DpwTriFbmSimulator,4096,200,0.4,189,0.2642465156653398,,0.5,5,1
20260216_173832,DpwTriFbmSimulator,4096,200,0.4,190,0.1501038606308988,,0.5,5,1
20260216_173832,DpwTriFbmSimulator,4096,200,0.4,191,0.286265999273197,,0.5,5,1
20260216_173832,DpwTriFbmSimulator,4096,200,0.4,192,0.1553614826211514,,0.5,5,1
20260216_173832,DpwTriFbmSimulator,4096,200,0.4,193,0.3791245709809689,,0.5,5,1
20260216_173832,DpwTriFbmSimulator,4096,200,0.4,194,0.3721152843794448,,0.5,5,1
20260216_173832,DpwTriFbmSimulator,4096,200,0.4,195,0.2882407399741103,,0.5,5,1
20260216_173832,DpwTriFbmSimulator,4096,200,0.4,196,0.160880187367353,,0.5,5,1
20260216_173832,DpwTriFbmSimulator,4096,200,0.4,197,0.3494085119214141,,0.5,5,1
20260216_173832,DpwTriFbmSimulator,4096,200,0.4,198,0.1266848484953053,,0.5,5,1
20260216_173832,DpwTriFbmSimulator,4096,200,0.4,199,0.0783559467626226,,0.5,5,1
20260216_173832,DpwTriFbmSimulator,4096,200,0.4,200,-0.0017432670990841,,0.5,5,1
20260216_173832,DpwTriFbmSimulator,4096,200,0.7,1,0.3103455756019602,,0.5,5,1
20260216_173832,DpwTriFbmSimulator,4096,200,0.7,2,0.4095156164046091,,0.5,5,1
20260216_173832,DpwTriFbmSimulator,4096,200,0.7,3,0.2918242313081312,,0.5,5,1
20260216_173832,DpwTriFbmSimulator,4096,200,0.7,4,0.3475538502652393,,0.5,5,1
20260216_173832,DpwTriFbmSimulator,4096,200,0.7,5,0.4474675365064119,,0.5,5,1
20260216_173832,DpwTriFbmSimulator,4096,200,0.7,6,0.5135382367209651,,0.5,5,1
20260216_173832,DpwTriFbmSimulator,4096,200,0.7,7,0.4747348843894447,,0.5,5,1
20260216_173832,DpwTriFbmSimulator,4096,200,0.7,8,0.5006405278489623,,0.5,5,1
20260216_173832,DpwTriFbmSimulator,4096,200,0.7,9,0.4221893928564124,,0.5,5,1
20260216_173832,DpwTriFbmSimulator,4096,200,0.7,10,0.334801624649548,,0.5,5,1
20260216_173832,DpwTriFbmSimulator,4096,200,0.7,11,0.3880006881157514,,0.5,5,1
20260216_173832,DpwTriFbmSimulator,4096,200,0.7,12,0.3481170152426653,,0.5,5,1
20260216_173832,DpwTriFbmSimulator,4096,200,0.7,13,0.414701208731029,,0.5,5,1
20260216_173832,DpwTriFbmSimulator,4096,200,0.7,14,0.2926880106969783,,0.5,5,1
20260216_173832,DpwTriFbmSimulator,4096,200,0.7,15,0.4505309718752282,,0.5,5,1
20260216_173832,DpwTriFbmSimulator,4096,200,0.7,16,0.3423052614266131,,0.5,5,1
20260216_173832,DpwTriFbmSimulator,4096,200,0.7,17,0.2046187549446532,,0.5,5,1
20260216_173832,DpwTriFbmSimulator,4096,200,0.7,18,0.072252663118412,,0.5,5,1
20260216_173832,DpwTriFbmSimulator,4096,200,0.7,19,0.4251567024671811,,0.5,5,1
20260216_173832,DpwTriFbmSimulator,4096,200,0.7,20,0.2961800601807088,,0.5,5,1
20260216_173832,DpwTriFbmSimulator,4096,200,0.7,21,0.5915664844285081,,0.5,5,1
20260216_173832,DpwTriFbmSimulator,4096,200,0.7,22,0.3091925879773535,,0.5,5,1
20260216_173832,DpwTriFbmSimulator,4096,200,0.7,23,0.2774673078874241,,0.5,5,1
20260216_173832,DpwTriFbmSimulator,4096,200,0.7,24,0.2351089374408931,,0.5,5,1
20260216_173832,DpwTriFbmSimulator,4096,200,0.7,25,0.2883915623772916,,0.5,5,1
20260216_173832,DpwTriFbmSimulator,4096,200,0.7,26,0.3377460165127774,,0.5,5,1
20260216_173832,DpwTriFbmSimulator,4096,200,0.7,27,0.3575195275832719,,0.5,5,1
20260216_173832,DpwTriFbmSimulator,4096,200,0.7,28,0.5386276073664146,,0.5,5,1
20260216_173832,DpwTriFbmSimulator,4096,200,0.7,29,0.5237928235888498,,0.5,5,1
20260216_173832,DpwTriFbmSimulator,4096,200,0.7,30,0.4315559554604878,,0.5,5,1
20260216_173832,DpwTriFbmSimulator,4096,200,0.7,31,0.4073973640440528,,0.5,5,1
20260216_173832,DpwTriFbmSimulator,4096,200,0.7,32,0.2727705166971296,,0.5,5,1
20260216_173832,DpwTriFbmSimulator,4096,200,0.7,33,0.1984541897803255,,0.5,5,1
20260216_173832,DpwTriFbmSimulator,4096,200,0.7,34,0.5211878470219311,,0.5,5,1
20260216_173832,DpwTriFbmSimulator,4096,200,0.7,35,0.3727766646669487,,0.5,5,1
20260216_173832,DpwTriFbmSimulator,4096,200,0.7,36,0.218558489424971,,0.5,5,1
20260216_173832,DpwTriFbmSimulator,4096,200,0.7,37,0.3373561631305816,,0.5,5,1
20260216_173832,DpwTriFbmSimulator,4096,200,0.7,38,0.4306658663716097,,0.5,5,1
20260216_173832,DpwTriFbmSimulator,4096,200,0.7,39,0.312962411984432,,0.5,5,1
20260216_173832,DpwTriFbmSimulator,4096,200,0.7,40,0.3641028138421664,,0.5,5,1
20260216_173832,DpwTriFbmSimulator,4096,200,0.7,41,0.2183834963460243,,0.5,5,1
20260216_173832,DpwTriFbmSimulator,4096,200,0.7,42,0.4449943406557616,,0.5,5,1
20260216_173832,DpwTriFbmSimulator,4096,200,0.7,43,0.2000032032541193,,0.5,5,1
20260216_173832,DpwTriFbmSimulator,4096,200,0.7,44,0.4532589671019811,,0.5,5,1
20260216_173832,DpwTriFbmSimulator,4096,200,0.7,45,0.5277701240781234,,0.5,5,1
20260216_173832,DpwTriFbmSimulator,4096,200,0.7,46,0.3061683036108517,,0.5,5,1
20260216_173832,DpwTriFbmSimulator,4096,200,0.7,47,0.2987243565354232,,0.5,5,1
20260216_173832,DpwTriFbmSimulator,4096,200,0.7,48,0.3961825914907773,,0.5,5,1
20260216_173832,DpwTriFbmSimulator,4096,200,0.7,49,0.4013990845905068,,0.5,5,1
20260216_173832,DpwTriFbmSimulator,4096,200,0.7,50,0.3375847342238482,,0.5,5,1
20260216_173832,DpwTriFbmSimulator,4096,200,0.7,51,0.3849265121400879,,0.5,5,1
20260216_173832,DpwTriFbmSimulator,4096,200,0.7,52,0.3898140062533359,,0.5,5,1
20260216_173832,DpwTriFbmSimulator,4096,200,0.7,53,0.3457427318040001,,0.5,5,1
20260216_173832,DpwTriFbmSimulator,4096,200,0.7,54,0.4682401631096863,,0.5,5,1
20260216_173832,DpwTriFbmSimulator,4096,200,0.7,55,0.3874105489632597,,0.5,5,1
20260216_173832,DpwTriFbmSimulator,4096,200,0.7,56,0.2712543928440689,,0.5,5,1
20260216_173832,DpwTriFbmSimulator,4096,200,0.7,57,0.354219056805359,,0.5,5,1
20260216_173832,DpwTriFbmSimulator,4096,200,0.7,58,0.4714552609105035,,0.5,5,1
20260216_173832,DpwTriFbmSimulator,4096,200,0.7,59,0.3439114595147791,,0.5,5,1
20260216_173832,DpwTriFbmSimulator,4096,200,0.7,60,0.4249573160478518,,0.5,5,1
20260216_173832,DpwTriFbmSimulator,4096,200,0.7,61,0.3893590558273802,,0.5,5,1
20260216_173832,DpwTriFbmSimulator,4096,200,0.7,62,0.3836560682253693,,0.5,5,1
20260216_173832,DpwTriFbmSimulator,4096,200,0.7,63,0.2605972957735039,,0.5,5,1
20260216_173832,DpwTriFbmSimulator,4096,200,0.7,64,0.3789120782792514,,0.5,5,1
20260216_173832,DpwTriFbmSimulator,4096,200,0.7,65,0.3550218216027738,,0.5,5,1
20260216_173832,DpwTriFbmSimulator,4096,200,0.7,66,0.3335449191549003,,0.5,5,1
20260216_173832,DpwTriFbmSimulator,4096,200,0.7,67,0.4584339653010589,,0.5,5,1
20260216_173832,DpwTriFbmSimulator,4096,200,0.7,68,0.4103107270976083,,0.5,5,1
20260216_173832,DpwTriFbmSimulator,4096,200,0.7,69,0.3776908695109903,,0.5,5,1
20260216_173832,DpwTriFbmSimulator,4096,200,0.7,70,0.3472675357650785,,0.5,5,1
20260216_173832,DpwTriFbmSimulator,4096,200,0.7,71,0.3110986637054954,,0.5,5,1
20260216_173832,DpwTriFbmSimulator,4096,200,0.7,72,0.6196810322020184,,0.5,5,1
20260216_173832,DpwTriFbmSimulator,4096,200,0.7,73,0.3477236867857657,,0.5,5,1
20260216_173832,DpwTriFbmSimulator,4096,200,0.7,74,0.4138109088393882,,0.5,5,1
20260216_173832,DpwTriFbmSimulator,4096,200,0.7,75,0.2511710427202773,,0.5,5,1
20260216_173832,DpwTriFbmSimulator,4096,200,0.7,76,0.3595539105884821,,0.5,5,1
20260216_173832,DpwTriFbmSimulator,4096,200,0.7,77,0.1969351493515485,,0.5,5,1
20260216_173832,DpwTriFbmSimulator,4096,200,0.7,78,0.304278726698246,,0.5,5,1
20260216_173832,DpwTriFbmSimulator,4096,200,0.7,79,0.3585815407352423,,0.5,5,1
20260216_173832,DpwTriFbmSimulator,4096,200,0.7,80,0.5250549986798433,,0.5,5,1
20260216_173832,DpwTriFbmSimulator,4096,200,0.7,81,0.2914023842761133,,0.5,5,1
20260216_173832,DpwTriFbmSimulator,4096,200,0.7,82,0.187336560746282,,0.5,5,1
20260216_173832,DpwTriFbmSimulator,4096,200,0.7,83,0.4002640443157475,,0.5,5,1
20260216_173832,DpwTriFbmSimulator,4096,200,0.7,84,0.4673694451813051,,0.5,5,1
20260216_173832,DpwTriFbmSimulator,4096,200,0.7,85,-0.2444760665354121,,0.5,5,1
20260216_173832,DpwTriFbmSimulator,4096,200,0.7,86,0.4095023944805932,,0.5,5,1
20260216_173832,DpwTriFbmSimulator,4096,200,0.7,87,0.3773991795839717,,0.5,5,1
20260216_173832,DpwTriFbmSimulator,4096,200,0.7,88,0.4141611756361081,,0.5,5,1
20260216_173832,DpwTriFbmSimulator,4096,200,0.7,89,0.3909080496332403,,0.5,5,1
20260216_173832,DpwTriFbmSimulator,4096,200,0.7,90,0.2097202498114312,,0.5,5,1
20260216_173832,DpwTriFbmSimulator,4096,200,0.7,91,0.4936373968553548,,0.5,5,1
20260216_173832,DpwTriFbmSimulator,4096,200,0.7,92,0.5251949807829268,,0.5,5,1
20260216_173832,DpwTriFbmSimulator,4096,200,0.7,93,0.240734015627812,,0.5,5,1
20260216_173832,DpwTriFbmSimulator,4096,200,0.7,94,0.3478373592264425,,0.5,5,1
20260216_173832,DpwTriFbmSimulator,4096,200,0.7,95,0.430011663004982,,0.5,5,1
20260216_173832,DpwTriFbmSimulator,4096,200,0.7,96,0.3461535488416863,,0.5,5,1
20260216_173832,DpwTriFbmSimulator,4096,200,0.7,97,0.3382807744222814,,0.5,5,1
20260216_173832,DpwTriFbmSimulator,4096,200,0.7,98,0.3092509114529259,,0.5,5,1
20260216_173832,DpwTriFbmSimulator,4096,200,0.7,99,0.5381731482479494,,0.5,5,1
20260216_173832,DpwTriFbmSimulator,4096,200,0.7,100,0.3533625020568877,,0.5,5,1
20260216_173832,DpwTriFbmSimulator,4096,200,0.7,101,0.2989982909330199,,0.5,5,1
20260216_173832,DpwTriFbmSimulator,4096,200,0.7,102,0.5180700977129749,,0.5,5,1
20260216_173832,DpwTriFbmSimulator,4096,200,0.7,103,0.2780081680657623,,0.5,5,1
20260216_173832,DpwTriFbmSimulator,4096,200,0.7,104,0.4575492985161636,,0.5,5,1
20260216_173832,DpwTriFbmSimulator,4096,200,0.7,105,0.4253474243637612,,0.5,5,1
20260216_173832,DpwTriFbmSimulator,4096,200,0.7,106,0.4686688475013583,,0.5,5,1
20260216_173832,DpwTriFbmSimulator,4096,200,0.7,107,0.6778716439047816,,0.5,5,1
20260216_173832,DpwTriFbmSimulator,4096,200,0.7,108,0.502745439830944,,0.5,5,1
20260216_173832,DpwTriFbmSimulator,4096,200,0.7,109,0.3300080614598663,,0.5,5,1
20260216_173832,DpwTriFbmSimulator,4096,200,0.7,110,0.4718334464190543,,0.5,5,1
20260216_173832,DpwTriFbmSimulator,4096,200,0.7,111,0.3096392908628998,,0.5,5,1
20260216_173832,DpwTriFbmSimulator,4096,200,0.7,112,0.3746906954071878,,0.5,5,1
20260216_173832,DpwTriFbmSimulator,4096,200,0.7,113,0.4580542777346773,,0.5,5,1
20260216_173832,DpwTriFbmSimulator,4096,200,0.7,114,0.2960007607375194,,0.5,5,1
20260216_173832,DpwTriFbmSimulator,4096,200,0.7,115,0.2352194147903009,,0.5,5,1
20260216_173832,DpwTriFbmSimulator,4096,200,0.7,116,0.3832761421094579,,0.5,5,1
20260216_173832,DpwTriFbmSimulator,4096,200,0.7,117,0.2636159113931895,,0.5,5,1
20260216_173832,DpwTriFbmSimulator,4096,200,0.7,118,0.60982718858456,,0.5,5,1
20260216_173832,DpwTriFbmSimulator,4096,200,0.7,119,0.2136392165567828,,0.5,5,1
20260216_173832,DpwTriFbmSimulator,4096,200,0.7,120,0.3590855670993979,,0.5,5,1
20260216_173832,DpwTriFbmSimulator,4096,200,0.7,121,0.3467381998663422,,0.5,5,1
20260216_173832,DpwTriFbmSimulator,4096,200,0.7,122,0.4391616972378541,,0.5,5,1
20260216_173832,DpwTriFbmSimulator,4096,200,0.7,123,0.348293590307926,,0.5,5,1
20260216_173832,DpwTriFbmSimulator,4096,200,0.7,124,0.5209815104919386,,0.5,5,1
20260216_173832,DpwTriFbmSimulator,4096,200,0.7,125,0.3567479927875322,,0.5,5,1
20260216_173832,DpwTriFbmSimulator,4096,200,0.7,126,0.4962586831995889,,0.5,5,1
20260216_173832,DpwTriFbmSimulator,4096,200,0.7,127,0.344752222763434,,0.5,5,1
20260216_173832,DpwTriFbmSimulator,4096,200,0.7,128,0.5597073965730615,,0.5,5,1
20260216_173832,DpwTriFbmSimulator,4096,200,0.7,129,0.2616911601919602,,0.5,5,1
20260216_173832,DpwTriFbmSimulator,4096,200,0.7,130,0.415119378715448,,0.5,5,1
20260216_173832,DpwTriFbmSimulator,4096,200,0.7,131,0.4369979641523706,,0.5,5,1
20260216_173832,DpwTriFbmSimulator,4096,200,0.7,132,0.383133036302644,,0.5,5,1
20260216_173832,DpwTriFbmSimulator,4096,200,0.7,133,0.5709651012601158,,0.5,5,1
20260216_173832,DpwTriFbmSimulator,4096,200,0.7,134,0.7397428140186465,,0.5,5,1
20260216_173832,DpwTriFbmSimulator,4096,200,0.7,135,0.4096259567022737,,0.5,5,1
20260216_173832,DpwTriFbmSimulator,4096,200,0.7,136,0.6250190425614607,,0.5,5,1
20260216_173832,DpwTriFbmSimulator,4096,200,0.7,137,0.304493642012492,,0.5,5,1
20260216_173832,DpwTriFbmSimulator,4096,200,0.7,138,0.5255907531911469,,0.5,5,1
20260216_173832,DpwTriFbmSimulator,4096,200,0.7,139,0.5334794568246007,,0.5,5,1
20260216_173832,DpwTriFbmSimulator,4096,200,0.7,140,0.4352383686748508,,0.5,5,1
20260216_173832,DpwTriFbmSimulator,4096,200,0.7,141,0.5239394482683053,,0.5,5,1
20260216_173832,DpwTriFbmSimulator,4096,200,0.7,142,0.3605017010900542,,0.5,5,1
20260216_173832,DpwTriFbmSimulator,4096,200,0.7,143,0.2681026316863959,,0.5,5,1
20260216_173832,DpwTriFbmSimulator,4096,200,0.7,144,0.6940414967238097,,0.5,5,1
20260216_173832,DpwTriFbmSimulator,4096,200,0.7,145,0.3865673607081241,,0.5,5,1
20260216_173832,DpwTriFbmSimulator,4096,200,0.7,146,0.3231903865299919,,0.5,5,1
20260216_173832,DpwTriFbmSimulator,4096,200,0.7,147,0.3546121906085441,,0.5,5,1
20260216_173832,DpwTriFbmSimulator,4096,200,0.7,148,0.1875942684518654,,0.5,5,1
20260216_173832,DpwTriFbmSimulator,4096,200,0.7,149,0.4160286931784437,,0.5,5,1
20260216_173832,DpwTriFbmSimulator,4096,200,0.7,150,0.5252268466275901,,0.5,5,1
20260216_173832,DpwTriFbmSimulator,4096,200,0.7,151,0.3165619094817352,,0.5,5,1
20260216_173832,DpwTriFbmSimulator,4096,200,0.7,152,0.2446734710832632,,0.5,5,1
20260216_173832,DpwTriFbmSimulator,4096,200,0.7,153,0.3625035923501495,,0.5,5,1
20260216_173832,DpwTriFbmSimulator,4096,200,0.7,154,0.279588526901475,,0.5,5,1
20260216_173832,DpwTriFbmSimulator,4096,200,0.7,155,0.3634155807205341,,0.5,5,1
20260216_173832,DpwTriFbmSimulator,4096,200,0.7,156,0.4257617424026369,,0.5,5,1
20260216_173832,DpwTriFbmSimulator,4096,200,0.7,157,0.3928483544539701,,0.5,5,1
20260216_173832,DpwTriFbmSimulator,4096,200,0.7,158,0.4346284874351661,,0.5,5,1
20260216_173832,DpwTriFbmSimulator,4096,200,0.7,159,0.3445008762051819,,0.5,5,1
20260216_173832,DpwTriFbmSimulator,4096,200,0.7,160,0.5029527149728859,,0.5,5,1
20260216_173832,DpwTriFbmSimulator,4096,200,0.7,161,0.445418052085246,,0.5,5,1
20260216_173832,DpwTriFbmSimulator,4096,200,0.7,162,0.2832116726437413,,0.5,5,1
20260216_173832,DpwTriFbmSimulator,4096,200,0.7,163,0.4698590280421255,,0.5,5,1
20260216_173832,DpwTriFbmSimulator,4096,200,0.7,164,0.3114978628503973,,0.5,5,1
20260216_173832,DpwTriFbmSimulator,4096,200,0.7,165,0.3935645191699234,,0.5,5,1
20260216_173832,DpwTriFbmSimulator,4096,200,0.7,166,0.3124106552294307,,0.5,5,1
20260216_173832,DpwTriFbmSimulator,4096,200,0.7,167,0.4478107491345946,,0.5,5,1
20260216_173832,DpwTriFbmSimulator,4096,200,0.7,168,0.3470897848810471,,0.5,5,1
20260216_173832,DpwTriFbmSimulator,4096,200,0.7,169,0.3993889240202071,,0.5,5,1
20260216_173832,DpwTriFbmSimulator,4096,200,0.7,170,0.3222501341628275,,0.5,5,1
20260216_173832,DpwTriFbmSimulator,4096,200,0.7,171,0.4413644038415059,,0.5,5,1
20260216_173832,DpwTriFbmSimulator,4096,200,0.7,172,0.4153831777440919,,0.5,5,1
20260216_173832,DpwTriFbmSimulator,4096,200,0.7,173,0.2984646951892162,,0.5,5,1
20260216_173832,DpwTriFbmSimulator,4096,200,0.7,174,0.4688185725942789,,0.5,5,1
20260216_173832,DpwTriFbmSimulator,4096,200,0.7,175,0.4904816730695702,,0.5,5,1
20260216_173832,DpwTriFbmSimulator,4096,200,0.7,176,0.4051742075333001,,0.5,5,1
20260216_173832,DpwTriFbmSimulator,4096,200,0.7,177,0.3900803285994196,,0.5,5,1
20260216_173832,DpwTriFbmSimulator,4096,200,0.7,178,0.4387011545352249,,0.5,5,1
20260216_173832,DpwTriFbmSimulator,4096,200,0.7,179,0.1394120849161026,,0.5,5,1
20260216_173832,DpwTriFbmSimulator,4096,200,0.7,180,0.2272044680958458,,0.5,5,1
20260216_173832,DpwTriFbmSimulator,4096,200,0.7,181,0.4493906738429578,,0.5,5,1
20260216_173832,DpwTriFbmSimulator,4096,200,0.7,182,0.340916264150308,,0.5,5,1
20260216_173832,DpwTriFbmSimulator,4096,200,0.7,183,0.3318658592253796,,0.5,5,1
20260216_173832,DpwTriFbmSimulator,4096,200,0.7,184,0.3622562515895542,,0.5,5,1
20260216_173832,DpwTriFbmSimulator,4096,200,0.7,185,0.4459873511432405,,0.5,5,1
20260216_173832,DpwTriFbmSimulator,4096,200,0.7,186,0.3367401033310229,,0.5,5,1
20260216_173832,DpwTriFbmSimulator,4096,200,0.7,187,0.4673138078825327,,0.5,5,1
20260216_173832,DpwTriFbmSimulator,4096,200,0.7,188,0.4951107071793803,,0.5,5,1
20260216_173832,DpwTriFbmSimulator,4096,200,0.7,189,0.5150366044979856,,0.5,5,1
20260216_173832,DpwTriFbmSimulator,4096,200,0.7,190,0.2133622225041721,,0.5,5,1
20260216_173832,DpwTriFbmSimulator,4096,200,0.7,191,0.4220540646980869,,0.5,5,1
20260216_173832,DpwTriFbmSimulator,4096,200,0.7,192,0.5224140895249638,,0.5,5,1
20260216_173832,DpwTriFbmSimulator,4096,200,0.7,193,0.388390453803554,,0.5,5,1
20260216_173832,DpwTriFbmSimulator,4096,200,0.7,194,0.4252272588532467,,0.5,5,1
20260216_173832,DpwTriFbmSimulator,4096,200,0.7,195,0.3519392039310194,,0.5,5,1
20260216_173832,DpwTriFbmSimulator,4096,200,0.7,196,0.4085931050934151,,0.5,5,1
20260216_173832,DpwTriFbmSimulator,4096,200,0.7,197,0.4864119815879513,,0.5,5,1
20260216_173832,DpwTriFbmSimulator,4096,200,0.7,198,0.2471704892849067,,0.5,5,1
20260216_173832,DpwTriFbmSimulator,4096,200,0.7,199,0.2076552409929113,,0.5,5,1
20260216_173832,DpwTriFbmSimulator,4096,200,0.7,200,0.3046492933732626,,0.5,5,1
20260216_173832,DpwTriFbmSimulator,4096,200,0.9,1,0.520792927267442,,0.5,5,1
20260216_173832,DpwTriFbmSimulator,4096,200,0.9,2,0.4424995763729606,,0.5,5,1
20260216_173832,DpwTriFbmSimulator,4096,200,0.9,3,0.4522200134945724,,0.5,5,1
20260216_173832,DpwTriFbmSimulator,4096,200,0.9,4,0.5987699902395988,,0.5,5,1
20260216_173832,DpwTriFbmSimulator,4096,200,0.9,5,0.71088177988553,,0.5,5,1
20260216_173832,DpwTriFbmSimulator,4096,200,0.9,6,0.4790364195974427,,0.5,5,1
20260216_173832,DpwTriFbmSimulator,4096,200,0.9,7,0.5306957491338083,,0.5,5,1
20260216_173832,DpwTriFbmSimulator,4096,200,0.9,8,0.5518674857087857,,0.5,5,1
20260216_173832,DpwTriFbmSimulator,4096,200,0.9,9,0.3608676783493141,,0.5,5,1
20260216_173832,DpwTriFbmSimulator,4096,200,0.9,10,0.3862362629891879,,0.5,5,1
20260216_173832,DpwTriFbmSimulator,4096,200,0.9,11,0.5504266088213224,,0.5,5,1
20260216_173832,DpwTriFbmSimulator,4096,200,0.9,12,0.4441858003510747,,0.5,5,1
20260216_173832,DpwTriFbmSimulator,4096,200,0.9,13,0.4694455884345492,,0.5,5,1
20260216_173832,DpwTriFbmSimulator,4096,200,0.9,14,0.1543099499239509,,0.5,5,1
20260216_173832,DpwTriFbmSimulator,4096,200,0.9,15,0.5944557136058563,,0.5,5,1
20260216_173832,DpwTriFbmSimulator,4096,200,0.9,16,0.4633600135946207,,0.5,5,1
20260216_173832,DpwTriFbmSimulator,4096,200,0.9,17,0.6254578975206905,,0.5,5,1
20260216_173832,DpwTriFbmSimulator,4096,200,0.9,18,0.3561580587861858,,0.5,5,1
20260216_173832,DpwTriFbmSimulator,4096,200,0.9,19,0.3867948590480606,,0.5,5,1
20260216_173832,DpwTriFbmSimulator,4096,200,0.9,20,0.3777224337749,,0.5,5,1
20260216_173832,DpwTriFbmSimulator,4096,200,0.9,21,0.3780589624851452,,0.5,5,1
20260216_173832,DpwTriFbmSimulator,4096,200,0.9,22,0.4437067565342754,,0.5,5,1
20260216_173832,DpwTriFbmSimulator,4096,200,0.9,23,0.525402277862185,,0.5,5,1
20260216_173832,DpwTriFbmSimulator,4096,200,0.9,24,0.4124704405313333,,0.5,5,1
20260216_173832,DpwTriFbmSimulator,4096,200,0.9,25,0.4116115775154527,,0.5,5,1
20260216_173832,DpwTriFbmSimulator,4096,200,0.9,26,0.6160990018706103,,0.5,5,1
20260216_173832,DpwTriFbmSimulator,4096,200,0.9,27,0.4221829425012176,,0.5,5,1
20260216_173832,DpwTriFbmSimulator,4096,200,0.9,28,0.592098922373629,,0.5,5,1
20260216_173832,DpwTriFbmSimulator,4096,200,0.9,29,0.4789592109705705,,0.5,5,1
20260216_173832,DpwTriFbmSimulator,4096,200,0.9,30,0.5223845736526954,,0.5,5,1
20260216_173832,DpwTriFbmSimulator,4096,200,0.9,31,0.5200098465263561,,0.5,5,1
20260216_173832,DpwTriFbmSimulator,4096,200,0.9,32,0.3536012734331935,,0.5,5,1
20260216_173832,DpwTriFbmSimulator,4096,200,0.9,33,0.3744403371851072,,0.5,5,1
20260216_173832,DpwTriFbmSimulator,4096,200,0.9,34,0.4373004993066347,,0.5,5,1
20260216_173832,DpwTriFbmSimulator,4096,200,0.9,35,0.4553013171535083,,0.5,5,1
20260216_173832,DpwTriFbmSimulator,4096,200,0.9,36,0.556340595732147,,0.5,5,1
20260216_173832,DpwTriFbmSimulator,4096,200,0.9,37,0.2883680308578437,,0.5,5,1
20260216_173832,DpwTriFbmSimulator,4096,200,0.9,38,0.5568903259260385,,0.5,5,1
20260216_173832,DpwTriFbmSimulator,4096,200,0.9,39,0.4635590378544602,,0.5,5,1
20260216_173832,DpwTriFbmSimulator,4096,200,0.9,40,0.5512218672305056,,0.5,5,1
20260216_173832,DpwTriFbmSimulator,4096,200,0.9,41,0.4532062381524373,,0.5,5,1
20260216_173832,DpwTriFbmSimulator,4096,200,0.9,42,0.4407840430230954,,0.5,5,1
20260216_173832,DpwTriFbmSimulator,4096,200,0.9,43,0.368966363627482,,0.5,5,1
20260216_173832,DpwTriFbmSimulator,4096,200,0.9,44,0.648660131101863,,0.5,5,1
20260216_173832,DpwTriFbmSimulator,4096,200,0.9,45,0.5937999551185826,,0.5,5,1
20260216_173832,DpwTriFbmSimulator,4096,200,0.9,46,0.4025897689272328,,0.5,5,1
20260216_173832,DpwTriFbmSimulator,4096,200,0.9,47,0.2931537698345838,,0.5,5,1
20260216_173832,DpwTriFbmSimulator,4096,200,0.9,48,0.4999116431188952,,0.5,5,1
20260216_173832,DpwTriFbmSimulator,4096,200,0.9,49,0.4362963217677936,,0.5,5,1
20260216_173832,DpwTriFbmSimulator,4096,200,0.9,50,0.4094190563409561,,0.5,5,1
20260216_173832,DpwTriFbmSimulator,4096,200,0.9,51,0.4564833509610444,,0.5,5,1
20260216_173832,DpwTriFbmSimulator,4096,200,0.9,52,0.2494166968210157,,0.5,5,1
20260216_173832,DpwTriFbmSimulator,4096,200,0.9,53,0.34451933582496,,0.5,5,1
20260216_173832,DpwTriFbmSimulator,4096,200,0.9,54,0.6218782291768233,,0.5,5,1
20260216_173832,DpwTriFbmSimulator,4096,200,0.9,55,0.4460514685596032,,0.5,5,1
20260216_173832,DpwTriFbmSimulator,4096,200,0.9,56,-0.094895668231394,,0.5,5,1
20260216_173832,DpwTriFbmSimulator,4096,200,0.9,57,0.5122630772965878,,0.5,5,1
20260216_173832,DpwTriFbmSimulator,4096,200,0.9,58,0.4331367458524874,,0.5,5,1
20260216_173832,DpwTriFbmSimulator,4096,200,0.9,59,0.5378241249793414,,0.5,5,1
20260216_173832,DpwTriFbmSimulator,4096,200,0.9,60,0.612535227933123,,0.5,5,1
20260216_173832,DpwTriFbmSimulator,4096,200,0.9,61,0.4827452432897094,,0.5,5,1
20260216_173832,DpwTriFbmSimulator,4096,200,0.9,62,0.6323745253167763,,0.5,5,1
20260216_173832,DpwTriFbmSimulator,4096,200,0.9,63,0.2463492401505714,,0.5,5,1
20260216_173832,DpwTriFbmSimulator,4096,200,0.9,64,0.5256265771000758,,0.5,5,1
20260216_173832,DpwTriFbmSimulator,4096,200,0.9,65,0.6335064405882961,,0.5,5,1
20260216_173832,DpwTriFbmSimulator,4096,200,0.9,66,0.5625857090257396,,0.5,5,1
20260216_173832,DpwTriFbmSimulator,4096,200,0.9,67,0.474857041512822,,0.5,5,1
20260216_173832,DpwTriFbmSimulator,4096,200,0.9,68,0.4941031218393955,,0.5,5,1
20260216_173832,DpwTriFbmSimulator,4096,200,0.9,69,0.4535103706027318,,0.5,5,1
20260216_173832,DpwTriFbmSimulator,4096,200,0.9,70,0.4870338394342638,,0.5,5,1
20260216_173832,DpwTriFbmSimulator,4096,200,0.9,71,0.3819093645569665,,0.5,5,1
20260216_173832,DpwTriFbmSimulator,4096,200,0.9,72,0.5164741948882096,,0.5,5,1
20260216_173832,DpwTriFbmSimulator,4096,200,0.9,73,0.4836425315734606,,0.5,5,1
20260216_173832,DpwTriFbmSimulator,4096,200,0.9,74,0.4429579991436949,,0.5,5,1
20260216_173832,DpwTriFbmSimulator,4096,200,0.9,75,0.4289322101382454,,0.5,5,1
20260216_173832,DpwTriFbmSimulator,4096,200,0.9,76,0.5467290419761482,,0.5,5,1
20260216_173832,DpwTriFbmSimulator,4096,200,0.9,77,0.4719963305750438,,0.5,5,1
20260216_173832,DpwTriFbmSimulator,4096,200,0.9,78,0.3843370379576667,,0.5,5,1
20260216_173832,DpwTriFbmSimulator,4096,200,0.9,79,0.5786354979101112,,0.5,5,1
20260216_173832,DpwTriFbmSimulator,4096,200,0.9,80,0.5633381876560802,,0.5,5,1
20260216_173832,DpwTriFbmSimulator,4096,200,0.9,81,0.5953369237276313,,0.5,5,1
20260216_173832,DpwTriFbmSimulator,4096,200,0.9,82,0.446635453580862,,0.5,5,1
20260216_173832,DpwTriFbmSimulator,4096,200,0.9,83,0.2824884994539849,,0.5,5,1
20260216_173832,DpwTriFbmSimulator,4096,200,0.9,84,0.1701327877342006,,0.5,5,1
20260216_173832,DpwTriFbmSimulator,4096,200,0.9,85,0.3851897284119385,,0.5,5,1
20260216_173832,DpwTriFbmSimulator,4096,200,0.9,86,0.4988633465697726,,0.5,5,1
20260216_173832,DpwTriFbmSimulator,4096,200,0.9,87,0.5246401814864304,,0.5,5,1
20260216_173832,DpwTriFbmSimulator,4096,200,0.9,88,0.395882313406301,,0.5,5,1
20260216_173832,DpwTriFbmSimulator,4096,200,0.9,89,0.4178423722844058,,0.5,5,1
20260216_173832,DpwTriFbmSimulator,4096,200,0.9,90,0.461170127191803,,0.5,5,1
20260216_173832,DpwTriFbmSimulator,4096,200,0.9,91,0.2435374716521573,,0.5,5,1
20260216_173832,DpwTriFbmSimulator,4096,200,0.9,92,0.3178011418368296,,0.5,5,1
20260216_173832,DpwTriFbmSimulator,4096,200,0.9,93,0.5477199196556024,,0.5,5,1
20260216_173832,DpwTriFbmSimulator,4096,200,0.9,94,0.3273617224653074,,0.5,5,1
20260216_173832,DpwTriFbmSimulator,4096,200,0.9,95,0.5728930501536322,,0.5,5,1
20260216_173832,DpwTriFbmSimulator,4096,200,0.9,96,0.3145024883863824,,0.5,5,1
20260216_173832,DpwTriFbmSimulator,4096,200,0.9,97,0.3874022495938461,,0.5,5,1
20260216_173832,DpwTriFbmSimulator,4096,200,0.9,98,0.4093331833331642,,0.5,5,1
20260216_173832,DpwTriFbmSimulator,4096,200,0.9,99,0.3821290619036079,,0.5,5,1
20260216_173832,DpwTriFbmSimulator,4096,200,0.9,100,0.6112405543752365,,0.5,5,1
20260216_173832,DpwTriFbmSimulator,4096,200,0.9,101,0.4650432523314832,,0.5,5,1
20260216_173832,DpwTriFbmSimulator,4096,200,0.9,102,0.4325495161844914,,0.5,5,1
20260216_173832,DpwTriFbmSimulator,4096,200,0.9,103,0.4589223506457293,,0.5,5,1
20260216_173832,DpwTriFbmSimulator,4096,200,0.9,104,0.4106870059939779,,0.5,5,1
20260216_173832,DpwTriFbmSimulator,4096,200,0.9,105,0.6583844826755763,,0.5,5,1
20260216_173832,DpwTriFbmSimulator,4096,200,0.9,106,0.4249650298026443,,0.5,5,1
20260216_173832,DpwTriFbmSimulator,4096,200,0.9,107,0.4458614160557811,,0.5,5,1
20260216_173832,DpwTriFbmSimulator,4096,200,0.9,108,0.5207459271778982,,0.5,5,1
20260216_173832,DpwTriFbmSimulator,4096,200,0.9,109,0.4282353153118258,,0.5,5,1
20260216_173832,DpwTriFbmSimulator,4096,200,0.9,110,0.4738994255036433,,0.5,5,1
20260216_173832,DpwTriFbmSimulator,4096,200,0.9,111,0.4581760915080396,,0.5,5,1
20260216_173832,DpwTriFbmSimulator,4096,200,0.9,112,0.5667583196731456,,0.5,5,1
20260216_173832,DpwTriFbmSimulator,4096,200,0.9,113,0.4987027932417637,,0.5,5,1
20260216_173832,DpwTriFbmSimulator,4096,200,0.9,114,0.4683165283622459,,0.5,5,1
20260216_173832,DpwTriFbmSimulator,4096,200,0.9,115,0.3265019324755804,,0.5,5,1
20260216_173832,DpwTriFbmSimulator,4096,200,0.9,116,0.413718032434171,,0.5,5,1
20260216_173832,DpwTriFbmSimulator,4096,200,0.9,117,0.4411066347236929,,0.5,5,1
20260216_173832,DpwTriFbmSimulator,4096,200,0.9,118,0.4437266897654468,,0.5,5,1
20260216_173832,DpwTriFbmSimulator,4096,200,0.9,119,0.7147900401478282,,0.5,5,1
20260216_173832,DpwTriFbmSimulator,4096,200,0.9,120,0.57730914927059,,0.5,5,1
20260216_173832,DpwTriFbmSimulator,4096,200,0.9,121,0.587052389783052,,0.5,5,1
20260216_173832,DpwTriFbmSimulator,4096,200,0.9,122,0.4076784919659309,,0.5,5,1
20260216_173832,DpwTriFbmSimulator,4096,200,0.9,123,0.2774583772426566,,0.5,5,1
20260216_173832,DpwTriFbmSimulator,4096,200,0.9,124,0.5366167187321359,,0.5,5,1
20260216_173832,DpwTriFbmSimulator,4096,200,0.9,125,0.4925481534123978,,0.5,5,1
20260216_173832,DpwTriFbmSimulator,4096,200,0.9,126,0.4454496342659981,,0.5,5,1
20260216_173832,DpwTriFbmSimulator,4096,200,0.9,127,0.6027959098826422,,0.5,5,1
20260216_173832,DpwTriFbmSimulator,4096,200,0.9,128,0.6015550715422769,,0.5,5,1
20260216_173832,DpwTriFbmSimulator,4096,200,0.9,129,0.5173693187412779,,0.5,5,1
20260216_173832,DpwTriFbmSimulator,4096,200,0.9,130,0.4224561457210502,,0.5,5,1
20260216_173832,DpwTriFbmSimulator,4096,200,0.9,131,0.4236241827874807,,0.5,5,1
20260216_173832,DpwTriFbmSimulator,4096,200,0.9,132,0.3780748328300342,,0.5,5,1
20260216_173832,DpwTriFbmSimulator,4096,200,0.9,133,0.400627722799939,,0.5,5,1
20260216_173832,DpwTriFbmSimulator,4096,200,0.9,134,0.4788307334230071,,0.5,5,1
20260216_173832,DpwTriFbmSimulator,4096,200,0.9,135,0.3667127037464018,,0.5,5,1
20260216_173832,DpwTriFbmSimulator,4096,200,0.9,136,0.4414856182055703,,0.5,5,1
20260216_173832,DpwTriFbmSimulator,4096,200,0.9,137,0.341299490920508,,0.5,5,1
20260216_173832,DpwTriFbmSimulator,4096,200,0.9,138,0.4849587184338378,,0.5,5,1
20260216_173832,DpwTriFbmSimulator,4096,200,0.9,139,0.515647002283522,,0.5,5,1
20260216_173832,DpwTriFbmSimulator,4096,200,0.9,140,0.4086394753612114,,0.5,5,1
20260216_173832,DpwTriFbmSimulator,4096,200,0.9,141,0.4558789304473982,,0.5,5,1
20260216_173832,DpwTriFbmSimulator,4096,200,0.9,142,0.3259691363157521,,0.5,5,1
20260216_173832,DpwTriFbmSimulator,4096,200,0.9,143,0.4616872143652675,,0.5,5,1
20260216_173832,DpwTriFbmSimulator,4096,200,0.9,144,0.1639869821013307,,0.5,5,1
20260216_173832,DpwTriFbmSimulator,4096,200,0.9,145,0.5151133242040729,,0.5,5,1
20260216_173832,DpwTriFbmSimulator,4096,200,0.9,146,0.3833644644910908,,0.5,5,1
20260216_173832,DpwTriFbmSimulator,4096,200,0.9,147,0.400384748796228,,0.5,5,1
20260216_173832,DpwTriFbmSimulator,4096,200,0.9,148,0.5137051817070475,,0.5,5,1
20260216_173832,DpwTriFbmSimulator,4096,200,0.9,149,0.6097044258348744,,0.5,5,1
20260216_173832,DpwTriFbmSimulator,4096,200,0.9,150,0.3336433785227766,,0.5,5,1
20260216_173832,DpwTriFbmSimulator,4096,200,0.9,151,0.422232810068016,,0.5,5,1
20260216_173832,DpwTriFbmSimulator,4096,200,0.9,152,0.4306565333214928,,0.5,5,1
20260216_173832,DpwTriFbmSimulator,4096,200,0.9,153,0.3308033587802192,,0.5,5,1
20260216_173832,DpwTriFbmSimulator,4096,200,0.9,154,0.4078588069731102,,0.5,5,1
20260216_173832,DpwTriFbmSimulator,4096,200,0.9,155,0.4785622451702453,,0.5,5,1
20260216_173832,DpwTriFbmSimulator,4096,200,0.9,156,0.356945359778139,,0.5,5,1
20260216_173832,DpwTriFbmSimulator,4096,200,0.9,157,0.4888677164813347,,0.5,5,1
20260216_173832,DpwTriFbmSimulator,4096,200,0.9,158,0.5464526469712879,,0.5,5,1
20260216_173832,DpwTriFbmSimulator,4096,200,0.9,159,0.587056370618675,,0.5,5,1
20260216_173832,DpwTriFbmSimulator,4096,200,0.9,160,0.4063812454399331,,0.5,5,1
20260216_173832,DpwTriFbmSimulator,4096,200,0.9,161,0.5688098914031535,,0.5,5,1
20260216_173832,DpwTriFbmSimulator,4096,200,0.9,162,0.2986456262125424,,0.5,5,1
20260216_173832,DpwTriFbmSimulator,4096,200,0.9,163,0.5468229004006563,,0.5,5,1
20260216_173832,DpwTriFbmSimulator,4096,200,0.9,164,0.4459580693607191,,0.5,5,1
20260216_173832,DpwTriFbmSimulator,4096,200,0.9,165,0.3725973925715086,,0.5,5,1
20260216_173832,DpwTriFbmSimulator,4096,200,0.9,166,0.5902253122787965,,0.5,5,1
20260216_173832,DpwTriFbmSimulator,4096,200,0.9,167,0.5084567645466566,,0.5,5,1
20260216_173832,DpwTriFbmSimulator,4096,200,0.9,168,0.5413492211947744,,0.5,5,1
20260216_173832,DpwTriFbmSimulator,4096,200,0.9,169,0.4288384637981152,,0.5,5,1
20260216_173832,DpwTriFbmSimulator,4096,200,0.9,170,0.4846144554054251,,0.5,5,1
20260216_173832,DpwTriFbmSimulator,4096,200,0.9,171,0.4843229351785243,,0.5,5,1
20260216_173832,DpwTriFbmSimulator,4096,200,0.9,172,0.4712331446211337,,0.5,5,1
20260216_173832,DpwTriFbmSimulator,4096,200,0.9,173,0.3026139896858233,,0.5,5,1
20260216_173832,DpwTriFbmSimulator,4096,200,0.9,174,0.5395918000473535,,0.5,5,1
20260216_173832,DpwTriFbmSimulator,4096,200,0.9,175,0.559189367285387,,0.5,5,1
20260216_173832,DpwTriFbmSimulator,4096,200,0.9,176,0.4684547541007756,,0.5,5,1
20260216_173832,DpwTriFbmSimulator,4096,200,0.9,177,0.5326242043813494,,0.5,5,1
20260216_173832,DpwTriFbmSimulator,4096,200,0.9,178,0.4983793669119566,,0.5,5,1
20260216_173832,DpwTriFbmSimulator,4096,200,0.9,179,0.5744659634094818,,0.5,5,1
20260216_173832,DpwTriFbmSimulator,4096,200,0.9,180,0.5720962051867808,,0.5,5,1
20260216_173832,DpwTriFbmSimulator,4096,200,0.9,181,0.5135198018692675,,0.5,5,1
20260216_173832,DpwTriFbmSimulator,4096,200,0.9,182,0.5635275250985443,,0.5,5,1
20260216_173832,DpwTriFbmSimulator,4096,200,0.9,183,0.4244222823788833,,0.5,5,1
20260216_173832,DpwTriFbmSimulator,4096,200,0.9,184,0.4941417593824607,,0.5,5,1
20260216_173832,DpwTriFbmSimulator,4096,200,0.9,185,0.3394772368073768,,0.5,5,1
20260216_173832,DpwTriFbmSimulator,4096,200,0.9,186,0.5092427789347225,,0.5,5,1
20260216_173832,DpwTriFbmSimulator,4096,200,0.9,187,0.4083160872693278,,0.5,5,1
20260216_173832,DpwTriFbmSimulator,4096,200,0.9,188,0.3906012534478966,,0.5,5,1
20260216_173832,DpwTriFbmSimulator,4096,200,0.9,189,0.50016391418805,,0.5,5,1
20260216_173832,DpwTriFbmSimulator,4096,200,0.9,190,0.5164010925656369,,0.5,5,1
20260216_173832,DpwTriFbmSimulator,4096,200,0.9,191,0.3922844302241406,,0.5,5,1
20260216_173832,DpwTriFbmSimulator,4096,200,0.9,192,0.5540906339452775,,0.5,5,1
20260216_173832,DpwTriFbmSimulator,4096,200,0.9,193,0.4931173780726013,,0.5,5,1
20260216_173832,DpwTriFbmSimulator,4096,200,0.9,194,0.6217166879680839,,0.5,5,1
20260216_173832,DpwTriFbmSimulator,4096,200,0.9,195,0.350706782366261,,0.5,5,1
20260216_173832,DpwTriFbmSimulator,4096,200,0.9,196,0.6038572070655743,,0.5,5,1
20260216_173832,DpwTriFbmSimulator,4096,200,0.9,197,0.1699296835475928,,0.5,5,1
20260216_173832,DpwTriFbmSimulator,4096,200,0.9,198,0.5379301903304894,,0.5,5,1
20260216_173832,DpwTriFbmSimulator,4096,200,0.9,199,0.6312526929851204,,0.5,5,1
20260216_173832,DpwTriFbmSimulator,4096,200,0.9,200,0.4716384252892046,,0.5,5,1
20260216_174400,DpwTriFbmSimulator,4096,200,0.4,1,0.4262868247482402,,0.7,5,1
20260216_174400,DpwTriFbmSimulator,4096,200,0.4,2,0.3242489535416812,,0.7,5,1
20260216_174400,DpwTriFbmSimulator,4096,200,0.4,3,0.2809939540313507,,0.7,5,1
20260216_174400,DpwTriFbmSimulator,4096,200,0.4,4,0.3178331177310444,,0.7,5,1
20260216_174400,DpwTriFbmSimulator,4096,200,0.4,5,0.2690812130863564,,0.7,5,1
20260216_174400,DpwTriFbmSimulator,4096,200,0.4,6,0.3455938266037914,,0.7,5,1
20260216_174400,DpwTriFbmSimulator,4096,200,0.4,7,0.3159232910132949,,0.7,5,1
20260216_174400,DpwTriFbmSimulator,4096,200,0.4,8,0.405844901218664,,0.7,5,1
20260216_174400,DpwTriFbmSimulator,4096,200,0.4,9,0.280069161401855,,0.7,5,1
20260216_174400,DpwTriFbmSimulator,4096,200,0.4,10,0.4026685432394887,,0.7,5,1
20260216_174400,DpwTriFbmSimulator,4096,200,0.4,11,0.3012456705816369,,0.7,5,1
20260216_174400,DpwTriFbmSimulator,4096,200,0.4,12,0.2814576168527919,,0.7,5,1
20260216_174400,DpwTriFbmSimulator,4096,200,0.4,13,0.3945282099608627,,0.7,5,1
20260216_174400,DpwTriFbmSimulator,4096,200,0.4,14,0.2636956313448459,,0.7,5,1
20260216_174400,DpwTriFbmSimulator,4096,200,0.4,15,0.2846068586939165,,0.7,5,1
20260216_174400,DpwTriFbmSimulator,4096,200,0.4,16,0.3671773678853692,,0.7,5,1
20260216_174400,DpwTriFbmSimulator,4096,200,0.4,17,-0.0489040765324371,,0.7,5,1
20260216_174400,DpwTriFbmSimulator,4096,200,0.4,18,0.4055689203842308,,0.7,5,1
20260216_174400,DpwTriFbmSimulator,4096,200,0.4,19,0.3175542847931634,,0.7,5,1
20260216_174400,DpwTriFbmSimulator,4096,200,0.4,20,0.2791770422926753,,0.7,5,1
20260216_174400,DpwTriFbmSimulator,4096,200,0.4,21,0.5219628665355793,,0.7,5,1
20260216_174400,DpwTriFbmSimulator,4096,200,0.4,22,0.2731272097959741,,0.7,5,1
20260216_174400,DpwTriFbmSimulator,4096,200,0.4,23,0.5018378816316661,,0.7,5,1
20260216_174400,DpwTriFbmSimulator,4096,200,0.4,24,0.1951935761172847,,0.7,5,1
20260216_174400,DpwTriFbmSimulator,4096,200,0.4,25,0.2395255861829291,,0.7,5,1
20260216_174400,DpwTriFbmSimulator,4096,200,0.4,26,0.3695692866067946,,0.7,5,1
20260216_174400,DpwTriFbmSimulator,4096,200,0.4,27,0.3282033974080311,,0.7,5,1
20260216_174400,DpwTriFbmSimulator,4096,200,0.4,28,0.3920752071955349,,0.7,5,1
20260216_174400,DpwTriFbmSimulator,4096,200,0.4,29,0.1719651991977099,,0.7,5,1
20260216_174400,DpwTriFbmSimulator,4096,200,0.4,30,0.3913392171515599,,0.7,5,1
20260216_174400,DpwTriFbmSimulator,4096,200,0.4,31,0.3952099406994133,,0.7,5,1
20260216_174400,DpwTriFbmSimulator,4096,200,0.4,32,0.2541002634427403,,0.7,5,1
20260216_174400,DpwTriFbmSimulator,4096,200,0.4,33,0.2869413937071559,,0.7,5,1
20260216_174400,DpwTriFbmSimulator,4096,200,0.4,34,0.2615465015304005,,0.7,5,1
20260216_174400,DpwTriFbmSimulator,4096,200,0.4,35,0.3204037107573964,,0.7,5,1
20260216_174400,DpwTriFbmSimulator,4096,200,0.4,36,0.3301591740909288,,0.7,5,1
20260216_174400,DpwTriFbmSimulator,4096,200,0.4,37,0.47183197606708,,0.7,5,1
20260216_174400,DpwTriFbmSimulator,4096,200,0.4,38,0.3243844989045277,,0.7,5,1
20260216_174400,DpwTriFbmSimulator,4096,200,0.4,39,0.4055824656030957,,0.7,5,1
20260216_174400,DpwTriFbmSimulator,4096,200,0.4,40,0.2055367890480596,,0.7,5,1
20260216_174400,DpwTriFbmSimulator,4096,200,0.4,41,0.2909286246795839,,0.7,5,1
20260216_174400,DpwTriFbmSimulator,4096,200,0.4,42,0.2685087521803676,,0.7,5,1
20260216_174400,DpwTriFbmSimulator,4096,200,0.4,43,0.2756594483341562,,0.7,5,1
20260216_174400,DpwTriFbmSimulator,4096,200,0.4,44,0.6330862016620223,,0.7,5,1
20260216_174400,DpwTriFbmSimulator,4096,200,0.4,45,0.283113316213923,,0.7,5,1
20260216_174400,DpwTriFbmSimulator,4096,200,0.4,46,0.0569988512617719,,0.7,5,1
20260216_174400,DpwTriFbmSimulator,4096,200,0.4,47,0.1623766190221553,,0.7,5,1
20260216_174400,DpwTriFbmSimulator,4096,200,0.4,48,0.240244801229554,,0.7,5,1
20260216_174400,DpwTriFbmSimulator,4096,200,0.4,49,0.2198683079284051,,0.7,5,1
20260216_174400,DpwTriFbmSimulator,4096,200,0.4,50,0.2520218507307024,,0.7,5,1
20260216_174400,DpwTriFbmSimulator,4096,200,0.4,51,0.3789534366940209,,0.7,5,1
20260216_174400,DpwTriFbmSimulator,4096,200,0.4,52,0.5402739209199358,,0.7,5,1
20260216_174400,DpwTriFbmSimulator,4096,200,0.4,53,0.2597298394246699,,0.7,5,1
20260216_174400,DpwTriFbmSimulator,4096,200,0.4,54,0.356358106079241,,0.7,5,1
20260216_174400,DpwTriFbmSimulator,4096,200,0.4,55,0.3725893690070892,,0.7,5,1
20260216_174400,DpwTriFbmSimulator,4096,200,0.4,56,0.1475306478572903,,0.7,5,1
20260216_174400,DpwTriFbmSimulator,4096,200,0.4,57,0.2410480074745553,,0.7,5,1
20260216_174400,DpwTriFbmSimulator,4096,200,0.4,58,0.3713907592204581,,0.7,5,1
20260216_174400,DpwTriFbmSimulator,4096,200,0.4,59,0.61017552122147,,0.7,5,1
20260216_174400,DpwTriFbmSimulator,4096,200,0.4,60,0.2667483163758983,,0.7,5,1
20260216_174400,DpwTriFbmSimulator,4096,200,0.4,61,0.3674453457557091,,0.7,5,1
20260216_174400,DpwTriFbmSimulator,4096,200,0.4,62,0.2456278589418857,,0.7,5,1
20260216_174400,DpwTriFbmSimulator,4096,200,0.4,63,0.4622012461839898,,0.7,5,1
20260216_174400,DpwTriFbmSimulator,4096,200,0.4,64,0.4078171786985116,,0.7,5,1
20260216_174400,DpwTriFbmSimulator,4096,200,0.4,65,0.2271936955625836,,0.7,5,1
20260216_174400,DpwTriFbmSimulator,4096,200,0.4,66,0.2405818288934726,,0.7,5,1
20260216_174400,DpwTriFbmSimulator,4096,200,0.4,67,0.4195855532528624,,0.7,5,1
20260216_174400,DpwTriFbmSimulator,4096,200,0.4,68,0.2667570063703041,,0.7,5,1
20260216_174400,DpwTriFbmSimulator,4096,200,0.4,69,0.4689330356466973,,0.7,5,1
20260216_174400,DpwTriFbmSimulator,4096,200,0.4,70,0.2599066405698066,,0.7,5,1
20260216_174400,DpwTriFbmSimulator,4096,200,0.4,71,0.2625227223189156,,0.7,5,1
20260216_174400,DpwTriFbmSimulator,4096,200,0.4,72,0.5471321701905176,,0.7,5,1
20260216_174400,DpwTriFbmSimulator,4096,200,0.4,73,0.4154482595379599,,0.7,5,1
20260216_174400,DpwTriFbmSimulator,4096,200,0.4,74,0.3676357931942623,,0.7,5,1
20260216_174400,DpwTriFbmSimulator,4096,200,0.4,75,0.3819638983159104,,0.7,5,1
20260216_174400,DpwTriFbmSimulator,4096,200,0.4,76,0.091386602742809,,0.7,5,1
20260216_174400,DpwTriFbmSimulator,4096,200,0.4,77,0.2656203808201953,,0.7,5,1
20260216_174400,DpwTriFbmSimulator,4096,200,0.4,78,0.4194258774239242,,0.7,5,1
20260216_174400,DpwTriFbmSimulator,4096,200,0.4,79,0.4340057446063137,,0.7,5,1
20260216_174400,DpwTriFbmSimulator,4096,200,0.4,80,0.3148095057396946,,0.7,5,1
20260216_174400,DpwTriFbmSimulator,4096,200,0.4,81,0.4251225214979041,,0.7,5,1
20260216_174400,DpwTriFbmSimulator,4096,200,0.4,82,0.2169630995315875,,0.7,5,1
20260216_174400,DpwTriFbmSimulator,4096,200,0.4,83,0.4846218209172322,,0.7,5,1
20260216_174400,DpwTriFbmSimulator,4096,200,0.4,84,0.158701634126806,,0.7,5,1
20260216_174400,DpwTriFbmSimulator,4096,200,0.4,85,0.276182986770417,,0.7,5,1
20260216_174400,DpwTriFbmSimulator,4096,200,0.4,86,0.178340475630253,,0.7,5,1
20260216_174400,DpwTriFbmSimulator,4096,200,0.4,87,0.3233555080024425,,0.7,5,1
20260216_174400,DpwTriFbmSimulator,4096,200,0.4,88,0.2928003125751142,,0.7,5,1
20260216_174400,DpwTriFbmSimulator,4096,200,0.4,89,0.2894767954617214,,0.7,5,1
20260216_174400,DpwTriFbmSimulator,4096,200,0.4,90,0.0725221185252217,,0.7,5,1
20260216_174400,DpwTriFbmSimulator,4096,200,0.4,91,0.1627536953738265,,0.7,5,1
20260216_174400,DpwTriFbmSimulator,4096,200,0.4,92,0.3940605671694334,,0.7,5,1
20260216_174400,DpwTriFbmSimulator,4096,200,0.4,93,0.3686584126695407,,0.7,5,1
20260216_174400,DpwTriFbmSimulator,4096,200,0.4,94,0.3832701463376599,,0.7,5,1
20260216_174400,DpwTriFbmSimulator,4096,200,0.4,95,0.3016366257395885,,0.7,5,1
20260216_174400,DpwTriFbmSimulator,4096,200,0.4,96,0.220293168880602,,0.7,5,1
20260216_174400,DpwTriFbmSimulator,4096,200,0.4,97,0.4566514227313293,,0.7,5,1
20260216_174400,DpwTriFbmSimulator,4096,200,0.4,98,0.2704389920159206,,0.7,5,1
20260216_174400,DpwTriFbmSimulator,4096,200,0.4,99,0.3558953253392807,,0.7,5,1
20260216_174400,DpwTriFbmSimulator,4096,200,0.4,100,0.2128024890871364,,0.7,5,1
20260216_174400,DpwTriFbmSimulator,4096,200,0.4,101,0.2380428156259562,,0.7,5,1
20260216_174400,DpwTriFbmSimulator,4096,200,0.4,102,0.1475207550253099,,0.7,5,1
20260216_174400,DpwTriFbmSimulator,4096,200,0.4,103,0.2651579299690814,,0.7,5,1
20260216_174400,DpwTriFbmSimulator,4096,200,0.4,104,0.2641659790808708,,0.7,5,1
20260216_174400,DpwTriFbmSimulator,4096,200,0.4,105,0.3377452342591917,,0.7,5,1
20260216_174400,DpwTriFbmSimulator,4096,200,0.4,106,0.0452661268610068,,0.7,5,1
20260216_174400,DpwTriFbmSimulator,4096,200,0.4,107,0.4224946133483291,,0.7,5,1
20260216_174400,DpwTriFbmSimulator,4096,200,0.4,108,0.4594953215766261,,0.7,5,1
20260216_174400,DpwTriFbmSimulator,4096,200,0.4,109,0.2381376417541053,,0.7,5,1
20260216_174400,DpwTriFbmSimulator,4096,200,0.4,110,0.4484856871357741,,0.7,5,1
20260216_174400,DpwTriFbmSimulator,4096,200,0.4,111,0.4183642643258625,,0.7,5,1
20260216_174400,DpwTriFbmSimulator,4096,200,0.4,112,0.4330039292681639,,0.7,5,1
20260216_174400,DpwTriFbmSimulator,4096,200,0.4,113,0.319426137839385,,0.7,5,1
20260216_174400,DpwTriFbmSimulator,4096,200,0.4,114,0.4320107963808572,,0.7,5,1
20260216_174400,DpwTriFbmSimulator,4096,200,0.4,115,0.3019950305414434,,0.7,5,1
20260216_174400,DpwTriFbmSimulator,4096,200,0.4,116,0.2360163739733661,,0.7,5,1
20260216_174400,DpwTriFbmSimulator,4096,200,0.4,117,0.4762941509017877,,0.7,5,1
20260216_174400,DpwTriFbmSimulator,4096,200,0.4,118,0.2235336719961183,,0.7,5,1
20260216_174400,DpwTriFbmSimulator,4096,200,0.4,119,0.357778862890005,,0.7,5,1
20260216_174400,DpwTriFbmSimulator,4096,200,0.4,120,0.4680697068914123,,0.7,5,1
20260216_174400,DpwTriFbmSimulator,4096,200,0.4,121,0.2331841141014421,,0.7,5,1
20260216_174400,DpwTriFbmSimulator,4096,200,0.4,122,0.2968555598753906,,0.7,5,1
20260216_174400,DpwTriFbmSimulator,4096,200,0.4,123,0.3000373277635411,,0.7,5,1
20260216_174400,DpwTriFbmSimulator,4096,200,0.4,124,0.3475108319029869,,0.7,5,1
20260216_174400,DpwTriFbmSimulator,4096,200,0.4,125,0.3633267264352608,,0.7,5,1
20260216_174400,DpwTriFbmSimulator,4096,200,0.4,126,0.2983416873506467,,0.7,5,1
20260216_174400,DpwTriFbmSimulator,4096,200,0.4,127,0.4148108042705751,,0.7,5,1
20260216_174400,DpwTriFbmSimulator,4096,200,0.4,128,0.3314538538899191,,0.7,5,1
20260216_174400,DpwTriFbmSimulator,4096,200,0.4,129,0.2127742943839048,,0.7,5,1
20260216_174400,DpwTriFbmSimulator,4096,200,0.4,130,0.5365697231737968,,0.7,5,1
20260216_174400,DpwTriFbmSimulator,4096,200,0.4,131,0.2350937326830501,,0.7,5,1
20260216_174400,DpwTriFbmSimulator,4096,200,0.4,132,0.3378065467308844,,0.7,5,1
20260216_174400,DpwTriFbmSimulator,4096,200,0.4,133,0.2290685059896903,,0.7,5,1
20260216_174400,DpwTriFbmSimulator,4096,200,0.4,134,0.3169690053605674,,0.7,5,1
20260216_174400,DpwTriFbmSimulator,4096,200,0.4,135,0.2794701241937132,,0.7,5,1
20260216_174400,DpwTriFbmSimulator,4096,200,0.4,136,0.3238167770067913,,0.7,5,1
20260216_174400,DpwTriFbmSimulator,4096,200,0.4,137,0.3585439910949695,,0.7,5,1
20260216_174400,DpwTriFbmSimulator,4096,200,0.4,138,0.4283478640569372,,0.7,5,1
20260216_174400,DpwTriFbmSimulator,4096,200,0.4,139,0.2739031574151251,,0.7,5,1
20260216_174400,DpwTriFbmSimulator,4096,200,0.4,140,0.3291148538614261,,0.7,5,1
20260216_174400,DpwTriFbmSimulator,4096,200,0.4,141,0.261438918161611,,0.7,5,1
20260216_174400,DpwTriFbmSimulator,4096,200,0.4,142,0.3393906781030965,,0.7,5,1
20260216_174400,DpwTriFbmSimulator,4096,200,0.4,143,0.2035578684101553,,0.7,5,1
20260216_174400,DpwTriFbmSimulator,4096,200,0.4,144,0.1066953568043204,,0.7,5,1
20260216_174400,DpwTriFbmSimulator,4096,200,0.4,145,0.4523132702723744,,0.7,5,1
20260216_174400,DpwTriFbmSimulator,4096,200,0.4,146,0.3032767644341734,,0.7,5,1
20260216_174400,DpwTriFbmSimulator,4096,200,0.4,147,0.1380815343883829,,0.7,5,1
20260216_174400,DpwTriFbmSimulator,4096,200,0.4,148,0.3454587465767726,,0.7,5,1
20260216_174400,DpwTriFbmSimulator,4096,200,0.4,149,0.2381655553634879,,0.7,5,1
20260216_174400,DpwTriFbmSimulator,4096,200,0.4,150,0.3249984712553251,,0.7,5,1
20260216_174400,DpwTriFbmSimulator,4096,200,0.4,151,0.3678705110119603,,0.7,5,1
20260216_174400,DpwTriFbmSimulator,4096,200,0.4,152,-0.1119790700960774,,0.7,5,1
20260216_174400,DpwTriFbmSimulator,4096,200,0.4,153,0.4349261827112303,,0.7,5,1
20260216_174400,DpwTriFbmSimulator,4096,200,0.4,154,0.3310457538210997,,0.7,5,1
20260216_174400,DpwTriFbmSimulator,4096,200,0.4,155,0.3462220174483782,,0.7,5,1
20260216_174400,DpwTriFbmSimulator,4096,200,0.4,156,0.402680234756594,,0.7,5,1
20260216_174400,DpwTriFbmSimulator,4096,200,0.4,157,0.2898087281636442,,0.7,5,1
20260216_174400,DpwTriFbmSimulator,4096,200,0.4,158,0.4236650282222615,,0.7,5,1
20260216_174400,DpwTriFbmSimulator,4096,200,0.4,159,0.0555241463971651,,0.7,5,1
20260216_174400,DpwTriFbmSimulator,4096,200,0.4,160,0.3741990932370567,,0.7,5,1
20260216_174400,DpwTriFbmSimulator,4096,200,0.4,161,0.4291702890700871,,0.7,5,1
20260216_174400,DpwTriFbmSimulator,4096,200,0.4,162,0.4052682983215941,,0.7,5,1
20260216_174400,DpwTriFbmSimulator,4096,200,0.4,163,0.1870436305242026,,0.7,5,1
20260216_174400,DpwTriFbmSimulator,4096,200,0.4,164,0.5280272345988134,,0.7,5,1
20260216_174400,DpwTriFbmSimulator,4096,200,0.4,165,0.3418150854384229,,0.7,5,1
20260216_174400,DpwTriFbmSimulator,4096,200,0.4,166,0.2317254199486533,,0.7,5,1
20260216_174400,DpwTriFbmSimulator,4096,200,0.4,167,0.4861654740252599,,0.7,5,1
20260216_174400,DpwTriFbmSimulator,4096,200,0.4,168,0.3941955986250708,,0.7,5,1
20260216_174400,DpwTriFbmSimulator,4096,200,0.4,169,0.3648846913781877,,0.7,5,1
20260216_174400,DpwTriFbmSimulator,4096,200,0.4,170,0.2311774289159368,,0.7,5,1
20260216_174400,DpwTriFbmSimulator,4096,200,0.4,171,0.1197655042321836,,0.7,5,1
20260216_174400,DpwTriFbmSimulator,4096,200,0.4,172,0.1780819990399471,,0.7,5,1
20260216_174400,DpwTriFbmSimulator,4096,200,0.4,173,0.4886663755134122,,0.7,5,1
20260216_174400,DpwTriFbmSimulator,4096,200,0.4,174,0.0521538708610803,,0.7,5,1
20260216_174400,DpwTriFbmSimulator,4096,200,0.4,175,0.210687461657377,,0.7,5,1
20260216_174400,DpwTriFbmSimulator,4096,200,0.4,176,0.395598490406397,,0.7,5,1
20260216_174400,DpwTriFbmSimulator,4096,200,0.4,177,0.2845378897979595,,0.7,5,1
20260216_174400,DpwTriFbmSimulator,4096,200,0.4,178,0.346345247646102,,0.7,5,1
20260216_174400,DpwTriFbmSimulator,4096,200,0.4,179,0.2734008227733293,,0.7,5,1
20260216_174400,DpwTriFbmSimulator,4096,200,0.4,180,-0.0581631677878193,,0.7,5,1
20260216_174400,DpwTriFbmSimulator,4096,200,0.4,181,0.0475555612634919,,0.7,5,1
20260216_174400,DpwTriFbmSimulator,4096,200,0.4,182,0.3194996214033532,,0.7,5,1
20260216_174400,DpwTriFbmSimulator,4096,200,0.4,183,0.4363923924632036,,0.7,5,1
20260216_174400,DpwTriFbmSimulator,4096,200,0.4,184,0.2685586051302658,,0.7,5,1
20260216_174400,DpwTriFbmSimulator,4096,200,0.4,185,0.4451061606067842,,0.7,5,1
20260216_174400,DpwTriFbmSimulator,4096,200,0.4,186,0.4173452186338058,,0.7,5,1
20260216_174400,DpwTriFbmSimulator,4096,200,0.4,187,0.3844195363885135,,0.7,5,1
20260216_174400,DpwTriFbmSimulator,4096,200,0.4,188,0.5564405526299966,,0.7,5,1
20260216_174400,DpwTriFbmSimulator,4096,200,0.4,189,0.29898216124447,,0.7,5,1
20260216_174400,DpwTriFbmSimulator,4096,200,0.4,190,0.5771893799895119,,0.7,5,1
20260216_174400,DpwTriFbmSimulator,4096,200,0.4,191,0.302765950048256,,0.7,5,1
20260216_174400,DpwTriFbmSimulator,4096,200,0.4,192,0.3219180055643078,,0.7,5,1
20260216_174400,DpwTriFbmSimulator,4096,200,0.4,193,0.205830591807747,,0.7,5,1
20260216_174400,DpwTriFbmSimulator,4096,200,0.4,194,0.355900754509407,,0.7,5,1
20260216_174400,DpwTriFbmSimulator,4096,200,0.4,195,0.3080444126720458,,0.7,5,1
20260216_174400,DpwTriFbmSimulator,4096,200,0.4,196,0.3135557763941789,,0.7,5,1
20260216_174400,DpwTriFbmSimulator,4096,200,0.4,197,0.2264435341454504,,0.7,5,1
20260216_174400,DpwTriFbmSimulator,4096,200,0.4,198,0.2937608280599573,,0.7,5,1
20260216_174400,DpwTriFbmSimulator,4096,200,0.4,199,0.0461952669954427,,0.7,5,1
20260216_174400,DpwTriFbmSimulator,4096,200,0.4,200,0.2375008203418604,,0.7,5,1
20260216_174400,DpwTriFbmSimulator,4096,200,0.7,1,0.4821800290024013,,0.7,5,1
20260216_174400,DpwTriFbmSimulator,4096,200,0.7,2,0.5056796400877064,,0.7,5,1
20260216_174400,DpwTriFbmSimulator,4096,200,0.7,3,0.5708966227608904,,0.7,5,1
20260216_174400,DpwTriFbmSimulator,4096,200,0.7,4,0.4584677730319094,,0.7,5,1
20260216_174400,DpwTriFbmSimulator,4096,200,0.7,5,0.5663532618635738,,0.7,5,1
20260216_174400,DpwTriFbmSimulator,4096,200,0.7,6,0.4428005030904805,,0.7,5,1
20260216_174400,DpwTriFbmSimulator,4096,200,0.7,7,0.2473858268968059,,0.7,5,1
20260216_174400,DpwTriFbmSimulator,4096,200,0.7,8,0.4604826579995766,,0.7,5,1
20260216_174400,DpwTriFbmSimulator,4096,200,0.7,9,0.4145899877644267,,0.7,5,1
20260216_174400,DpwTriFbmSimulator,4096,200,0.7,10,0.5060854472630932,,0.7,5,1
20260216_174400,DpwTriFbmSimulator,4096,200,0.7,11,0.5561575359373367,,0.7,5,1
20260216_174400,DpwTriFbmSimulator,4096,200,0.7,12,0.6146015048188106,,0.7,5,1
20260216_174400,DpwTriFbmSimulator,4096,200,0.7,13,0.5914717286255489,,0.7,5,1
20260216_174400,DpwTriFbmSimulator,4096,200,0.7,14,0.2625259067657562,,0.7,5,1
20260216_174400,DpwTriFbmSimulator,4096,200,0.7,15,0.5122588393465637,,0.7,5,1
20260216_174400,DpwTriFbmSimulator,4096,200,0.7,16,0.518071579757152,,0.7,5,1
20260216_174400,DpwTriFbmSimulator,4096,200,0.7,17,0.6458021155789141,,0.7,5,1
20260216_174400,DpwTriFbmSimulator,4096,200,0.7,18,0.5408100435537957,,0.7,5,1
20260216_174400,DpwTriFbmSimulator,4096,200,0.7,19,0.4151904190087573,,0.7,5,1
20260216_174400,DpwTriFbmSimulator,4096,200,0.7,20,0.5082793497496414,,0.7,5,1
20260216_174400,DpwTriFbmSimulator,4096,200,0.7,21,0.3972073777040419,,0.7,5,1
20260216_174400,DpwTriFbmSimulator,4096,200,0.7,22,0.4918670213623153,,0.7,5,1
20260216_174400,DpwTriFbmSimulator,4096,200,0.7,23,0.433028587993715,,0.7,5,1
20260216_174400,DpwTriFbmSimulator,4096,200,0.7,24,0.3698988460814426,,0.7,5,1
20260216_174400,DpwTriFbmSimulator,4096,200,0.7,25,0.5143879532736639,,0.7,5,1
20260216_174400,DpwTriFbmSimulator,4096,200,0.7,26,0.5588534947673603,,0.7,5,1
20260216_174400,DpwTriFbmSimulator,4096,200,0.7,27,0.54505739844891,,0.7,5,1
20260216_174400,DpwTriFbmSimulator,4096,200,0.7,28,0.6915575381290638,,0.7,5,1
20260216_174400,DpwTriFbmSimulator,4096,200,0.7,29,0.4735598884610533,,0.7,5,1
20260216_174400,DpwTriFbmSimulator,4096,200,0.7,30,0.6108140537698362,,0.7,5,1
20260216_174400,DpwTriFbmSimulator,4096,200,0.7,31,0.6281008420699009,,0.7,5,1
20260216_174400,DpwTriFbmSimulator,4096,200,0.7,32,0.3856917039459356,,0.7,5,1
20260216_174400,DpwTriFbmSimulator,4096,200,0.7,33,0.3358140203276069,,0.7,5,1
20260216_174400,DpwTriFbmSimulator,4096,200,0.7,34,0.5714237610185772,,0.7,5,1
20260216_174400,DpwTriFbmSimulator,4096,200,0.7,35,0.393463571784137,,0.7,5,1
20260216_174400,DpwTriFbmSimulator,4096,200,0.7,36,0.5728095753825387,,0.7,5,1
20260216_174400,DpwTriFbmSimulator,4096,200,0.7,37,0.5532651354767129,,0.7,5,1
20260216_174400,DpwTriFbmSimulator,4096,200,0.7,38,0.386389836621378,,0.7,5,1
20260216_174400,DpwTriFbmSimulator,4096,200,0.7,39,0.5885127704025923,,0.7,5,1
20260216_174400,DpwTriFbmSimulator,4096,200,0.7,40,0.5443270908295135,,0.7,5,1
20260216_174400,DpwTriFbmSimulator,4096,200,0.7,41,0.4191912596626107,,0.7,5,1
20260216_174400,DpwTriFbmSimulator,4096,200,0.7,42,0.7469007007030477,,0.7,5,1
20260216_174400,DpwTriFbmSimulator,4096,200,0.7,43,0.4337826238835512,,0.7,5,1
20260216_174400,DpwTriFbmSimulator,4096,200,0.7,44,0.4556766210962706,,0.7,5,1
20260216_174400,DpwTriFbmSimulator,4096,200,0.7,45,0.4142271957553011,,0.7,5,1
20260216_174400,DpwTriFbmSimulator,4096,200,0.7,46,0.5587612981564762,,0.7,5,1
20260216_174400,DpwTriFbmSimulator,4096,200,0.7,47,0.8266705854622727,,0.7,5,1
20260216_174400,DpwTriFbmSimulator,4096,200,0.7,48,0.5633087069987852,,0.7,5,1
20260216_174400,DpwTriFbmSimulator,4096,200,0.7,49,0.4270781407064479,,0.7,5,1
20260216_174400,DpwTriFbmSimulator,4096,200,0.7,50,0.5492599919395923,,0.7,5,1
20260216_174400,DpwTriFbmSimulator,4096,200,0.7,51,0.2929620156759962,,0.7,5,1
20260216_174400,DpwTriFbmSimulator,4096,200,0.7,52,0.3900825713475194,,0.7,5,1
20260216_174400,DpwTriFbmSimulator,4096,200,0.7,53,0.629935228434119,,0.7,5,1
20260216_174400,DpwTriFbmSimulator,4096,200,0.7,54,0.578554585678453,,0.7,5,1
20260216_174400,DpwTriFbmSimulator,4096,200,0.7,55,0.6498443441674959,,0.7,5,1
20260216_174400,DpwTriFbmSimulator,4096,200,0.7,56,0.5783047378534623,,0.7,5,1
20260216_174400,DpwTriFbmSimulator,4096,200,0.7,57,0.44144853493458,,0.7,5,1
20260216_174400,DpwTriFbmSimulator,4096,200,0.7,58,0.5559711754499558,,0.7,5,1
20260216_174400,DpwTriFbmSimulator,4096,200,0.7,59,0.4833446082204581,,0.7,5,1
20260216_174400,DpwTriFbmSimulator,4096,200,0.7,60,0.4100192687739235,,0.7,5,1
20260216_174400,DpwTriFbmSimulator,4096,200,0.7,61,0.5610643033526159,,0.7,5,1
20260216_174400,DpwTriFbmSimulator,4096,200,0.7,62,0.6107739326488283,,0.7,5,1
20260216_174400,DpwTriFbmSimulator,4096,200,0.7,63,0.4530043985624514,,0.7,5,1
20260216_174400,DpwTriFbmSimulator,4096,200,0.7,64,0.5177250186202722,,0.7,5,1
20260216_174400,DpwTriFbmSimulator,4096,200,0.7,65,0.5923244912904027,,0.7,5,1
20260216_174400,DpwTriFbmSimulator,4096,200,0.7,66,0.4745637477575185,,0.7,5,1
20260216_174400,DpwTriFbmSimulator,4096,200,0.7,67,0.5000488652597782,,0.7,5,1
20260216_174400,DpwTriFbmSimulator,4096,200,0.7,68,0.4276593423761506,,0.7,5,1
20260216_174400,DpwTriFbmSimulator,4096,200,0.7,69,0.6994383721870389,,0.7,5,1
20260216_174400,DpwTriFbmSimulator,4096,200,0.7,70,0.545871327235292,,0.7,5,1
20260216_174400,DpwTriFbmSimulator,4096,200,0.7,71,0.6974865789076464,,0.7,5,1
20260216_174400,DpwTriFbmSimulator,4096,200,0.7,72,0.6084576672684558,,0.7,5,1
20260216_174400,DpwTriFbmSimulator,4096,200,0.7,73,0.3587662506187578,,0.7,5,1
20260216_174400,DpwTriFbmSimulator,4096,200,0.7,74,0.5304607381268478,,0.7,5,1
20260216_174400,DpwTriFbmSimulator,4096,200,0.7,75,0.4992922072740156,,0.7,5,1
20260216_174400,DpwTriFbmSimulator,4096,200,0.7,76,0.6264891614927539,,0.7,5,1
20260216_174400,DpwTriFbmSimulator,4096,200,0.7,77,0.5894948413059502,,0.7,5,1
20260216_174400,DpwTriFbmSimulator,4096,200,0.7,78,0.4787445114271668,,0.7,5,1
20260216_174400,DpwTriFbmSimulator,4096,200,0.7,79,0.5367416477192366,,0.7,5,1
20260216_174400,DpwTriFbmSimulator,4096,200,0.7,80,0.7849809575779735,,0.7,5,1
20260216_174400,DpwTriFbmSimulator,4096,200,0.7,81,0.5389919493905191,,0.7,5,1
20260216_174400,DpwTriFbmSimulator,4096,200,0.7,82,0.5501474594160457,,0.7,5,1
20260216_174400,DpwTriFbmSimulator,4096,200,0.7,83,0.5814833107277296,,0.7,5,1
20260216_174400,DpwTriFbmSimulator,4096,200,0.7,84,0.1214453469910338,,0.7,5,1
20260216_174400,DpwTriFbmSimulator,4096,200,0.7,85,0.5043424459624843,,0.7,5,1
20260216_174400,DpwTriFbmSimulator,4096,200,0.7,86,0.4148009321821086,,0.7,5,1
20260216_174400,DpwTriFbmSimulator,4096,200,0.7,87,0.5155222411656141,,0.7,5,1
20260216_174400,DpwTriFbmSimulator,4096,200,0.7,88,0.432780330201314,,0.7,5,1
20260216_174400,DpwTriFbmSimulator,4096,200,0.7,89,0.4748851270768031,,0.7,5,1
20260216_174400,DpwTriFbmSimulator,4096,200,0.7,90,0.5847639195259291,,0.7,5,1
20260216_174400,DpwTriFbmSimulator,4096,200,0.7,91,0.105504406533271,,0.7,5,1
20260216_174400,DpwTriFbmSimulator,4096,200,0.7,92,0.5239902682501676,,0.7,5,1
20260216_174400,DpwTriFbmSimulator,4096,200,0.7,93,0.3718826925122398,,0.7,5,1
20260216_174400,DpwTriFbmSimulator,4096,200,0.7,94,0.5458790247924499,,0.7,5,1
20260216_174400,DpwTriFbmSimulator,4096,200,0.7,95,0.4604093000983832,,0.7,5,1
20260216_174400,DpwTriFbmSimulator,4096,200,0.7,96,0.418230865423276,,0.7,5,1
20260216_174400,DpwTriFbmSimulator,4096,200,0.7,97,0.5250639245847473,,0.7,5,1
20260216_174400,DpwTriFbmSimulator,4096,200,0.7,98,0.472259636330911,,0.7,5,1
20260216_174400,DpwTriFbmSimulator,4096,200,0.7,99,0.4508850785672711,,0.7,5,1
20260216_174400,DpwTriFbmSimulator,4096,200,0.7,100,0.6088138638695414,,0.7,5,1
20260216_174400,DpwTriFbmSimulator,4096,200,0.7,101,0.5331913194175188,,0.7,5,1
20260216_174400,DpwTriFbmSimulator,4096,200,0.7,102,0.5313185200803525,,0.7,5,1
20260216_174400,DpwTriFbmSimulator,4096,200,0.7,103,0.6003676821610493,,0.7,5,1
20260216_174400,DpwTriFbmSimulator,4096,200,0.7,104,0.5411740361840951,,0.7,5,1
20260216_174400,DpwTriFbmSimulator,4096,200,0.7,105,0.4880768758263667,,0.7,5,1
20260216_174400,DpwTriFbmSimulator,4096,200,0.7,106,0.5564906278753228,,0.7,5,1
20260216_174400,DpwTriFbmSimulator,4096,200,0.7,107,0.6463006513291417,,0.7,5,1
20260216_174400,DpwTriFbmSimulator,4096,200,0.7,108,0.4939670383607961,,0.7,5,1
20260216_174400,DpwTriFbmSimulator,4096,200,0.7,109,0.6265123675136298,,0.7,5,1
20260216_174400,DpwTriFbmSimulator,4096,200,0.7,110,0.3278407558477739,,0.7,5,1
20260216_174400,DpwTriFbmSimulator,4096,200,0.7,111,0.7051488311803497,,0.7,5,1
20260216_174400,DpwTriFbmSimulator,4096,200,0.7,112,0.4887872746632816,,0.7,5,1
20260216_174400,DpwTriFbmSimulator,4096,200,0.7,113,0.6532288433530409,,0.7,5,1
20260216_174400,DpwTriFbmSimulator,4096,200,0.7,114,0.6155860069931617,,0.7,5,1
20260216_174400,DpwTriFbmSimulator,4096,200,0.7,115,0.3981879968600316,,0.7,5,1
20260216_174400,DpwTriFbmSimulator,4096,200,0.7,116,0.4353928133280887,,0.7,5,1
20260216_174400,DpwTriFbmSimulator,4096,200,0.7,117,0.5420019712377965,,0.7,5,1
20260216_174400,DpwTriFbmSimulator,4096,200,0.7,118,0.6097839802238397,,0.7,5,1
20260216_174400,DpwTriFbmSimulator,4096,200,0.7,119,0.4731173328870309,,0.7,5,1
20260216_174400,DpwTriFbmSimulator,4096,200,0.7,120,0.4824842042369332,,0.7,5,1
20260216_174400,DpwTriFbmSimulator,4096,200,0.7,121,0.258930105394887,,0.7,5,1
20260216_174400,DpwTriFbmSimulator,4096,200,0.7,122,0.5575540147347906,,0.7,5,1
20260216_174400,DpwTriFbmSimulator,4096,200,0.7,123,0.4987052937379126,,0.7,5,1
20260216_174400,DpwTriFbmSimulator,4096,200,0.7,124,0.4745683646453963,,0.7,5,1
20260216_174400,DpwTriFbmSimulator,4096,200,0.7,125,0.4944492769664833,,0.7,5,1
20260216_174400,DpwTriFbmSimulator,4096,200,0.7,126,0.5026287464383603,,0.7,5,1
20260216_174400,DpwTriFbmSimulator,4096,200,0.7,127,0.3897382503479744,,0.7,5,1
20260216_174400,DpwTriFbmSimulator,4096,200,0.7,128,0.5328312266784723,,0.7,5,1
20260216_174400,DpwTriFbmSimulator,4096,200,0.7,129,0.5589694612627913,,0.7,5,1
20260216_174400,DpwTriFbmSimulator,4096,200,0.7,130,0.5655860656297852,,0.7,5,1
20260216_174400,DpwTriFbmSimulator,4096,200,0.7,131,0.4911647458388629,,0.7,5,1
20260216_174400,DpwTriFbmSimulator,4096,200,0.7,132,0.3536758185682688,,0.7,5,1
20260216_174400,DpwTriFbmSimulator,4096,200,0.7,133,0.5036618797044397,,0.7,5,1
20260216_174400,DpwTriFbmSimulator,4096,200,0.7,134,0.7535443315376169,,0.7,5,1
20260216_174400,DpwTriFbmSimulator,4096,200,0.7,135,0.5571637952900743,,0.7,5,1
20260216_174400,DpwTriFbmSimulator,4096,200,0.7,136,0.4633487432912543,,0.7,5,1
20260216_174400,DpwTriFbmSimulator,4096,200,0.7,137,0.444004914823411,,0.7,5,1
20260216_174400,DpwTriFbmSimulator,4096,200,0.7,138,0.7511110556023113,,0.7,5,1
20260216_174400,DpwTriFbmSimulator,4096,200,0.7,139,0.6035932163581726,,0.7,5,1
20260216_174400,DpwTriFbmSimulator,4096,200,0.7,140,0.6421564577585616,,0.7,5,1
20260216_174400,DpwTriFbmSimulator,4096,200,0.7,141,0.5930132788885125,,0.7,5,1
20260216_174400,DpwTriFbmSimulator,4096,200,0.7,142,0.495951254875805,,0.7,5,1
20260216_174400,DpwTriFbmSimulator,4096,200,0.7,143,0.3822791923597401,,0.7,5,1
20260216_174400,DpwTriFbmSimulator,4096,200,0.7,144,0.5237309344080796,,0.7,5,1
20260216_174400,DpwTriFbmSimulator,4096,200,0.7,145,0.4912049687010215,,0.7,5,1
20260216_174400,DpwTriFbmSimulator,4096,200,0.7,146,0.5429288385055568,,0.7,5,1
20260216_174400,DpwTriFbmSimulator,4096,200,0.7,147,0.3768054156683358,,0.7,5,1
20260216_174400,DpwTriFbmSimulator,4096,200,0.7,148,0.5422140776555056,,0.7,5,1
20260216_174400,DpwTriFbmSimulator,4096,200,0.7,149,0.3307914275542419,,0.7,5,1
20260216_174400,DpwTriFbmSimulator,4096,200,0.7,150,0.3576893515909388,,0.7,5,1
20260216_174400,DpwTriFbmSimulator,4096,200,0.7,151,0.3261158780385546,,0.7,5,1
20260216_174400,DpwTriFbmSimulator,4096,200,0.7,152,0.5317899245764848,,0.7,5,1
20260216_174400,DpwTriFbmSimulator,4096,200,0.7,153,0.5941403781576775,,0.7,5,1
20260216_174400,DpwTriFbmSimulator,4096,200,0.7,154,0.4545561027350351,,0.7,5,1
20260216_174400,DpwTriFbmSimulator,4096,200,0.7,155,0.6256665473198846,,0.7,5,1
20260216_174400,DpwTriFbmSimulator,4096,200,0.7,156,0.5704134572298006,,0.7,5,1
20260216_174400,DpwTriFbmSimulator,4096,200,0.7,157,0.4264668024507204,,0.7,5,1
20260216_174400,DpwTriFbmSimulator,4096,200,0.7,158,0.5408356768203363,,0.7,5,1
20260216_174400,DpwTriFbmSimulator,4096,200,0.7,159,0.1642621366726376,,0.7,5,1
20260216_174400,DpwTriFbmSimulator,4096,200,0.7,160,0.5784834846499491,,0.7,5,1
20260216_174400,DpwTriFbmSimulator,4096,200,0.7,161,0.6865230075478531,,0.7,5,1
20260216_174400,DpwTriFbmSimulator,4096,200,0.7,162,0.4734512322670254,,0.7,5,1
20260216_174400,DpwTriFbmSimulator,4096,200,0.7,163,0.5858933960440176,,0.7,5,1
20260216_174400,DpwTriFbmSimulator,4096,200,0.7,164,0.4901386189972338,,0.7,5,1
20260216_174400,DpwTriFbmSimulator,4096,200,0.7,165,0.4514054360160033,,0.7,5,1
20260216_174400,DpwTriFbmSimulator,4096,200,0.7,166,0.4552150538760819,,0.7,5,1
20260216_174400,DpwTriFbmSimulator,4096,200,0.7,167,0.4798657895566374,,0.7,5,1
20260216_174400,DpwTriFbmSimulator,4096,200,0.7,168,0.5569467733531986,,0.7,5,1
20260216_174400,DpwTriFbmSimulator,4096,200,0.7,169,0.4815048906875277,,0.7,5,1
20260216_174400,DpwTriFbmSimulator,4096,200,0.7,170,0.465616957367991,,0.7,5,1
20260216_174400,DpwTriFbmSimulator,4096,200,0.7,171,0.5566969655894907,,0.7,5,1
20260216_174400,DpwTriFbmSimulator,4096,200,0.7,172,0.4575708909238447,,0.7,5,1
20260216_174400,DpwTriFbmSimulator,4096,200,0.7,173,0.5277379911978065,,0.7,5,1
20260216_174400,DpwTriFbmSimulator,4096,200,0.7,174,0.4618188909904657,,0.7,5,1
20260216_174400,DpwTriFbmSimulator,4096,200,0.7,175,0.4669567405670305,,0.7,5,1
20260216_174400,DpwTriFbmSimulator,4096,200,0.7,176,0.5600201751445077,,0.7,5,1
20260216_174400,DpwTriFbmSimulator,4096,200,0.7,177,0.4718283777091898,,0.7,5,1
20260216_174400,DpwTriFbmSimulator,4096,200,0.7,178,0.4415519005513774,,0.7,5,1
20260216_174400,DpwTriFbmSimulator,4096,200,0.7,179,0.7678226667267891,,0.7,5,1
20260216_174400,DpwTriFbmSimulator,4096,200,0.7,180,0.5954648809454596,,0.7,5,1
20260216_174400,DpwTriFbmSimulator,4096,200,0.7,181,0.6010892465658807,,0.7,5,1
20260216_174400,DpwTriFbmSimulator,4096,200,0.7,182,0.5769600747470776,,0.7,5,1
20260216_174400,DpwTriFbmSimulator,4096,200,0.7,183,0.4682541726706083,,0.7,5,1
20260216_174400,DpwTriFbmSimulator,4096,200,0.7,184,0.47693388458241,,0.7,5,1
20260216_174400,DpwTriFbmSimulator,4096,200,0.7,185,0.4295241822113605,,0.7,5,1
20260216_174400,DpwTriFbmSimulator,4096,200,0.7,186,0.4975298766673353,,0.7,5,1
20260216_174400,DpwTriFbmSimulator,4096,200,0.7,187,0.5917830541883755,,0.7,5,1
20260216_174400,DpwTriFbmSimulator,4096,200,0.7,188,0.6008381238221754,,0.7,5,1
20260216_174400,DpwTriFbmSimulator,4096,200,0.7,189,0.4250683299458979,,0.7,5,1
20260216_174400,DpwTriFbmSimulator,4096,200,0.7,190,0.5486436269179961,,0.7,5,1
20260216_174400,DpwTriFbmSimulator,4096,200,0.7,191,0.647481438883736,,0.7,5,1
20260216_174400,DpwTriFbmSimulator,4096,200,0.7,192,0.5302450929378199,,0.7,5,1
20260216_174400,DpwTriFbmSimulator,4096,200,0.7,193,0.5964548054618869,,0.7,5,1
20260216_174400,DpwTriFbmSimulator,4096,200,0.7,194,0.4960855045425973,,0.7,5,1
20260216_174400,DpwTriFbmSimulator,4096,200,0.7,195,0.4590264900385815,,0.7,5,1
20260216_174400,DpwTriFbmSimulator,4096,200,0.7,196,0.4896107337256731,,0.7,5,1
20260216_174400,DpwTriFbmSimulator,4096,200,0.7,197,0.4868420109402436,,0.7,5,1
20260216_174400,DpwTriFbmSimulator,4096,200,0.7,198,0.5379457871753522,,0.7,5,1
20260216_174400,DpwTriFbmSimulator,4096,200,0.7,199,0.4342381005970454,,0.7,5,1
20260216_174400,DpwTriFbmSimulator,4096,200,0.7,200,0.4434111469347456,,0.7,5,1
20260216_174400,DpwTriFbmSimulator,4096,200,0.9,1,0.8568225623067359,,0.7,5,1
20260216_174400,DpwTriFbmSimulator,4096,200,0.9,2,0.4671009887217119,,0.7,5,1
20260216_174400,DpwTriFbmSimulator,4096,200,0.9,3,0.6147062171075504,,0.7,5,1
20260216_174400,DpwTriFbmSimulator,4096,200,0.9,4,0.5931983092848648,,0.7,5,1
20260216_174400,DpwTriFbmSimulator,4096,200,0.9,5,0.6314413706945181,,0.7,5,1
20260216_174400,DpwTriFbmSimulator,4096,200,0.9,6,0.6288384177097766,,0.7,5,1
20260216_174400,DpwTriFbmSimulator,4096,200,0.9,7,0.6038971545066313,,0.7,5,1
20260216_174400,DpwTriFbmSimulator,4096,200,0.9,8,0.604105685707676,,0.7,5,1
20260216_174400,DpwTriFbmSimulator,4096,200,0.9,9,0.5163835179461983,,0.7,5,1
20260216_174400,DpwTriFbmSimulator,4096,200,0.9,10,0.5374604430945124,,0.7,5,1
20260216_174400,DpwTriFbmSimulator,4096,200,0.9,11,0.5613608803025012,,0.7,5,1
20260216_174400,DpwTriFbmSimulator,4096,200,0.9,12,0.6687642653054658,,0.7,5,1
20260216_174400,DpwTriFbmSimulator,4096,200,0.9,13,0.6298348933453818,,0.7,5,1
20260216_174400,DpwTriFbmSimulator,4096,200,0.9,14,0.9112244589698564,,0.7,5,1
20260216_174400,DpwTriFbmSimulator,4096,200,0.9,15,0.5872953602660844,,0.7,5,1
20260216_174400,DpwTriFbmSimulator,4096,200,0.9,16,0.6714556412806755,,0.7,5,1
20260216_174400,DpwTriFbmSimulator,4096,200,0.9,17,0.6921077988115855,,0.7,5,1
20260216_174400,DpwTriFbmSimulator,4096,200,0.9,18,0.6709526062472729,,0.7,5,1
20260216_174400,DpwTriFbmSimulator,4096,200,0.9,19,0.711255414370714,,0.7,5,1
20260216_174400,DpwTriFbmSimulator,4096,200,0.9,20,0.3992414066979544,,0.7,5,1
20260216_174400,DpwTriFbmSimulator,4096,200,0.9,21,0.775321243749068,,0.7,5,1
20260216_174400,DpwTriFbmSimulator,4096,200,0.9,22,0.6995669096397308,,0.7,5,1
20260216_174400,DpwTriFbmSimulator,4096,200,0.9,23,0.642788283431624,,0.7,5,1
20260216_174400,DpwTriFbmSimulator,4096,200,0.9,24,0.7942226173804053,,0.7,5,1
20260216_174400,DpwTriFbmSimulator,4096,200,0.9,25,0.7856892301974686,,0.7,5,1
20260216_174400,DpwTriFbmSimulator,4096,200,0.9,26,0.1505996743316942,,0.7,5,1
20260216_174400,DpwTriFbmSimulator,4096,200,0.9,27,0.7991136770351627,,0.7,5,1
20260216_174400,DpwTriFbmSimulator,4096,200,0.9,28,0.7785776817714586,,0.7,5,1
20260216_174400,DpwTriFbmSimulator,4096,200,0.9,29,0.496802013457873,,0.7,5,1
20260216_174400,DpwTriFbmSimulator,4096,200,0.9,30,0.7269262435828022,,0.7,5,1
20260216_174400,DpwTriFbmSimulator,4096,200,0.9,31,0.6812055919091374,,0.7,5,1
20260216_174400,DpwTriFbmSimulator,4096,200,0.9,32,0.6962917664899771,,0.7,5,1
20260216_174400,DpwTriFbmSimulator,4096,200,0.9,33,0.5414527987911368,,0.7,5,1
20260216_174400,DpwTriFbmSimulator,4096,200,0.9,34,0.7309450896807798,,0.7,5,1
20260216_174400,DpwTriFbmSimulator,4096,200,0.9,35,0.6641480856747566,,0.7,5,1
20260216_174400,DpwTriFbmSimulator,4096,200,0.9,36,0.5865732411736846,,0.7,5,1
20260216_174400,DpwTriFbmSimulator,4096,200,0.9,37,0.7093194368022117,,0.7,5,1
20260216_174400,DpwTriFbmSimulator,4096,200,0.9,38,0.6081348590546674,,0.7,5,1
20260216_174400,DpwTriFbmSimulator,4096,200,0.9,39,0.6334458987741918,,0.7,5,1
20260216_174400,DpwTriFbmSimulator,4096,200,0.9,40,0.7372522363965768,,0.7,5,1
20260216_174400,DpwTriFbmSimulator,4096,200,0.9,41,0.7546516345700659,,0.7,5,1
20260216_174400,DpwTriFbmSimulator,4096,200,0.9,42,0.5833986080468683,,0.7,5,1
20260216_174400,DpwTriFbmSimulator,4096,200,0.9,43,0.6276196751521266,,0.7,5,1
20260216_174400,DpwTriFbmSimulator,4096,200,0.9,44,0.5966057693083975,,0.7,5,1
20260216_174400,DpwTriFbmSimulator,4096,200,0.9,45,0.7206613381303583,,0.7,5,1
20260216_174400,DpwTriFbmSimulator,4096,200,0.9,46,0.5130649574643825,,0.7,5,1
20260216_174400,DpwTriFbmSimulator,4096,200,0.9,47,0.5219454182857168,,0.7,5,1
20260216_174400,DpwTriFbmSimulator,4096,200,0.9,48,0.6284881711510074,,0.7,5,1
20260216_174400,DpwTriFbmSimulator,4096,200,0.9,49,0.4296217193370471,,0.7,5,1
20260216_174400,DpwTriFbmSimulator,4096,200,0.9,50,0.6506502170265233,,0.7,5,1
20260216_174400,DpwTriFbmSimulator,4096,200,0.9,51,0.5843044043321074,,0.7,5,1
20260216_174400,DpwTriFbmSimulator,4096,200,0.9,52,0.6028724756811464,,0.7,5,1
20260216_174400,DpwTriFbmSimulator,4096,200,0.9,53,0.5671830666601085,,0.7,5,1
20260216_174400,DpwTriFbmSimulator,4096,200,0.9,54,0.6025755410350244,,0.7,5,1
20260216_174400,DpwTriFbmSimulator,4096,200,0.9,55,0.5888907248377033,,0.7,5,1
20260216_174400,DpwTriFbmSimulator,4096,200,0.9,56,0.5258493356653907,,0.7,5,1
20260216_174400,DpwTriFbmSimulator,4096,200,0.9,57,0.6654779221584239,,0.7,5,1
20260216_174400,DpwTriFbmSimulator,4096,200,0.9,58,0.4533647997001058,,0.7,5,1
20260216_174400,DpwTriFbmSimulator,4096,200,0.9,59,0.6444023867355736,,0.7,5,1
20260216_174400,DpwTriFbmSimulator,4096,200,0.9,60,0.7141577823269945,,0.7,5,1
20260216_174400,DpwTriFbmSimulator,4096,200,0.9,61,0.6318623368392066,,0.7,5,1
20260216_174400,DpwTriFbmSimulator,4096,200,0.9,62,0.7007728644352236,,0.7,5,1
20260216_174400,DpwTriFbmSimulator,4096,200,0.9,63,0.2616912306401137,,0.7,5,1
20260216_174400,DpwTriFbmSimulator,4096,200,0.9,64,0.5317988014795555,,0.7,5,1
20260216_174400,DpwTriFbmSimulator,4096,200,0.9,65,0.5673757686675788,,0.7,5,1
20260216_174400,DpwTriFbmSimulator,4096,200,0.9,66,0.607787030960456,,0.7,5,1
20260216_174400,DpwTriFbmSimulator,4096,200,0.9,67,0.8053564742303027,,0.7,5,1
20260216_174400,DpwTriFbmSimulator,4096,200,0.9,68,0.8522599137346822,,0.7,5,1
20260216_174400,DpwTriFbmSimulator,4096,200,0.9,69,0.6188282548153085,,0.7,5,1
20260216_174400,DpwTriFbmSimulator,4096,200,0.9,70,0.6938398286201372,,0.7,5,1
20260216_174400,DpwTriFbmSimulator,4096,200,0.9,71,0.6567342752360094,,0.7,5,1
20260216_174400,DpwTriFbmSimulator,4096,200,0.9,72,0.5673074190575039,,0.7,5,1
20260216_174400,DpwTriFbmSimulator,4096,200,0.9,73,0.5859818711352397,,0.7,5,1
20260216_174400,DpwTriFbmSimulator,4096,200,0.9,74,0.5129110407110253,,0.7,5,1
20260216_174400,DpwTriFbmSimulator,4096,200,0.9,75,0.5699632643430689,,0.7,5,1
20260216_174400,DpwTriFbmSimulator,4096,200,0.9,76,0.5597067056101881,,0.7,5,1
20260216_174400,DpwTriFbmSimulator,4096,200,0.9,77,0.0377445071341192,,0.7,5,1
20260216_174400,DpwTriFbmSimulator,4096,200,0.9,78,0.4918226990638987,,0.7,5,1
20260216_174400,DpwTriFbmSimulator,4096,200,0.9,79,0.6720145727943582,,0.7,5,1
20260216_174400,DpwTriFbmSimulator,4096,200,0.9,80,0.7149771957205423,,0.7,5,1
20260216_174400,DpwTriFbmSimulator,4096,200,0.9,81,0.5451513897728147,,0.7,5,1
20260216_174400,DpwTriFbmSimulator,4096,200,0.9,82,0.7373801837777142,,0.7,5,1
20260216_174400,DpwTriFbmSimulator,4096,200,0.9,83,0.4359755257042353,,0.7,5,1
20260216_174400,DpwTriFbmSimulator,4096,200,0.9,84,0.5702819057682333,,0.7,5,1
20260216_174400,DpwTriFbmSimulator,4096,200,0.9,85,0.8031767708132118,,0.7,5,1
20260216_174400,DpwTriFbmSimulator,4096,200,0.9,86,0.6399878523312345,,0.7,5,1
20260216_174400,DpwTriFbmSimulator,4096,200,0.9,87,0.590590723561909,,0.7,5,1
20260216_174400,DpwTriFbmSimulator,4096,200,0.9,88,0.544587849046688,,0.7,5,1
20260216_174400,DpwTriFbmSimulator,4096,200,0.9,89,0.6146842352446824,,0.7,5,1
20260216_174400,DpwTriFbmSimulator,4096,200,0.9,90,0.6760693101935578,,0.7,5,1
20260216_174400,DpwTriFbmSimulator,4096,200,0.9,91,0.5897178386271159,,0.7,5,1
20260216_174400,DpwTriFbmSimulator,4096,200,0.9,92,0.6134642912032,,0.7,5,1
20260216_174400,DpwTriFbmSimulator,4096,200,0.9,93,0.6478009629789139,,0.7,5,1
20260216_174400,DpwTriFbmSimulator,4096,200,0.9,94,0.5100083820243027,,0.7,5,1
20260216_174400,DpwTriFbmSimulator,4096,200,0.9,95,0.7236614012716169,,0.7,5,1
20260216_174400,DpwTriFbmSimulator,4096,200,0.9,96,0.5857016030016788,,0.7,5,1
20260216_174400,DpwTriFbmSimulator,4096,200,0.9,97,0.62026247343598,,0.7,5,1
20260216_174400,DpwTriFbmSimulator,4096,200,0.9,98,0.5743599115918951,,0.7,5,1
20260216_174400,DpwTriFbmSimulator,4096,200,0.9,99,0.7020941727521679,,0.7,5,1
20260216_174400,DpwTriFbmSimulator,4096,200,0.9,100,0.7295016633202565,,0.7,5,1
20260216_174400,DpwTriFbmSimulator,4096,200,0.9,101,0.6768853798843348,,0.7,5,1
20260216_174400,DpwTriFbmSimulator,4096,200,0.9,102,0.6273241679303123,,0.7,5,1
20260216_174400,DpwTriFbmSimulator,4096,200,0.9,103,0.5479121209239325,,0.7,5,1
20260216_174400,DpwTriFbmSimulator,4096,200,0.9,104,0.7119037136915298,,0.7,5,1
20260216_174400,DpwTriFbmSimulator,4096,200,0.9,105,0.5424363039397552,,0.7,5,1
20260216_174400,DpwTriFbmSimulator,4096,200,0.9,106,0.603512960346381,,0.7,5,1
20260216_174400,DpwTriFbmSimulator,4096,200,0.9,107,0.595604544356353,,0.7,5,1
20260216_174400,DpwTriFbmSimulator,4096,200,0.9,108,0.6118339676566965,,0.7,5,1
20260216_174400,DpwTriFbmSimulator,4096,200,0.9,109,0.6037627488284476,,0.7,5,1
20260216_174400,DpwTriFbmSimulator,4096,200,0.9,110,0.5078643031334229,,0.7,5,1
20260216_174400,DpwTriFbmSimulator,4096,200,0.9,111,0.6261045322836626,,0.7,5,1
20260216_174400,DpwTriFbmSimulator,4096,200,0.9,112,0.5470091852838604,,0.7,5,1
20260216_174400,DpwTriFbmSimulator,4096,200,0.9,113,0.6770446003521666,,0.7,5,1
20260216_174400,DpwTriFbmSimulator,4096,200,0.9,114,0.6367485570975564,,0.7,5,1
20260216_174400,DpwTriFbmSimulator,4096,200,0.9,115,0.7225498843030896,,0.7,5,1
20260216_174400,DpwTriFbmSimulator,4096,200,0.9,116,0.8119808664106392,,0.7,5,1
20260216_174400,DpwTriFbmSimulator,4096,200,0.9,117,0.6216788192466364,,0.7,5,1
20260216_174400,DpwTriFbmSimulator,4096,200,0.9,118,0.5644839073623482,,0.7,5,1
20260216_174400,DpwTriFbmSimulator,4096,200,0.9,119,0.7784825142651118,,0.7,5,1
20260216_174400,DpwTriFbmSimulator,4096,200,0.9,120,0.6791187061290217,,0.7,5,1
20260216_174400,DpwTriFbmSimulator,4096,200,0.9,121,0.5200409844383881,,0.7,5,1
20260216_174400,DpwTriFbmSimulator,4096,200,0.9,122,0.6506648796429015,,0.7,5,1
20260216_174400,DpwTriFbmSimulator,4096,200,0.9,123,0.7851426851235541,,0.7,5,1
20260216_174400,DpwTriFbmSimulator,4096,200,0.9,124,0.6865885239912637,,0.7,5,1
20260216_174400,DpwTriFbmSimulator,4096,200,0.9,125,0.7208169075506191,,0.7,5,1
20260216_174400,DpwTriFbmSimulator,4096,200,0.9,126,0.6107008308669276,,0.7,5,1
20260216_174400,DpwTriFbmSimulator,4096,200,0.9,127,0.6579437842320728,,0.7,5,1
20260216_174400,DpwTriFbmSimulator,4096,200,0.9,128,0.7576027390748341,,0.7,5,1
20260216_174400,DpwTriFbmSimulator,4096,200,0.9,129,0.5899940147836602,,0.7,5,1
20260216_174400,DpwTriFbmSimulator,4096,200,0.9,130,0.7634200521999335,,0.7,5,1
20260216_174400,DpwTriFbmSimulator,4096,200,0.9,131,0.4420783679836521,,0.7,5,1
20260216_174400,DpwTriFbmSimulator,4096,200,0.9,132,0.5669338446361527,,0.7,5,1
20260216_174400,DpwTriFbmSimulator,4096,200,0.9,133,0.7892618971951255,,0.7,5,1
20260216_174400,DpwTriFbmSimulator,4096,200,0.9,134,0.5083176828137387,,0.7,5,1
20260216_174400,DpwTriFbmSimulator,4096,200,0.9,135,0.6344087114937081,,0.7,5,1
20260216_174400,DpwTriFbmSimulator,4096,200,0.9,136,0.5769549111930043,,0.7,5,1
20260216_174400,DpwTriFbmSimulator,4096,200,0.9,137,0.6763410319109268,,0.7,5,1
20260216_174400,DpwTriFbmSimulator,4096,200,0.9,138,0.6478752166543303,,0.7,5,1
20260216_174400,DpwTriFbmSimulator,4096,200,0.9,139,0.7829116908321125,,0.7,5,1
20260216_174400,DpwTriFbmSimulator,4096,200,0.9,140,0.7891161536460695,,0.7,5,1
20260216_174400,DpwTriFbmSimulator,4096,200,0.9,141,0.7359717340877137,,0.7,5,1
20260216_174400,DpwTriFbmSimulator,4096,200,0.9,142,0.6115699850978439,,0.7,5,1
20260216_174400,DpwTriFbmSimulator,4096,200,0.9,143,0.7055729527512404,,0.7,5,1
20260216_174400,DpwTriFbmSimulator,4096,200,0.9,144,0.625327468657165,,0.7,5,1
20260216_174400,DpwTriFbmSimulator,4096,200,0.9,145,0.5024498877253695,,0.7,5,1
20260216_174400,DpwTriFbmSimulator,4096,200,0.9,146,0.6579849590302285,,0.7,5,1
20260216_174400,DpwTriFbmSimulator,4096,200,0.9,147,0.4712516936031489,,0.7,5,1
20260216_174400,DpwTriFbmSimulator,4096,200,0.9,148,0.6651008312809459,,0.7,5,1
20260216_174400,DpwTriFbmSimulator,4096,200,0.9,149,0.8604599800009882,,0.7,5,1
20260216_174400,DpwTriFbmSimulator,4096,200,0.9,150,0.9203677795592168,,0.7,5,1
20260216_174400,DpwTriFbmSimulator,4096,200,0.9,151,0.7158275213899966,,0.7,5,1
20260216_174400,DpwTriFbmSimulator,4096,200,0.9,152,0.7217461011213372,,0.7,5,1
20260216_174400,DpwTriFbmSimulator,4096,200,0.9,153,0.6709085368461768,,0.7,5,1
20260216_174400,DpwTriFbmSimulator,4096,200,0.9,154,0.6570358784461301,,0.7,5,1
20260216_174400,DpwTriFbmSimulator,4096,200,0.9,155,0.7268034855604081,,0.7,5,1
20260216_174400,DpwTriFbmSimulator,4096,200,0.9,156,0.6206105690131746,,0.7,5,1
20260216_174400,DpwTriFbmSimulator,4096,200,0.9,157,0.5529819190240899,,0.7,5,1
20260216_174400,DpwTriFbmSimulator,4096,200,0.9,158,0.6875221105937541,,0.7,5,1
20260216_174400,DpwTriFbmSimulator,4096,200,0.9,159,0.7137745294006509,,0.7,5,1
20260216_174400,DpwTriFbmSimulator,4096,200,0.9,160,0.5145680118909063,,0.7,5,1
20260216_174400,DpwTriFbmSimulator,4096,200,0.9,161,0.6846804975703804,,0.7,5,1
20260216_174400,DpwTriFbmSimulator,4096,200,0.9,162,0.6028426631540514,,0.7,5,1
20260216_174400,DpwTriFbmSimulator,4096,200,0.9,163,0.6499337084062949,,0.7,5,1
20260216_174400,DpwTriFbmSimulator,4096,200,0.9,164,0.5106709963962621,,0.7,5,1
20260216_174400,DpwTriFbmSimulator,4096,200,0.9,165,0.6388601612539598,,0.7,5,1
20260216_174400,DpwTriFbmSimulator,4096,200,0.9,166,0.6000196391824583,,0.7,5,1
20260216_174400,DpwTriFbmSimulator,4096,200,0.9,167,0.745573774711683,,0.7,5,1
20260216_174400,DpwTriFbmSimulator,4096,200,0.9,168,0.6542541646708954,,0.7,5,1
20260216_174400,DpwTriFbmSimulator,4096,200,0.9,169,0.6987730590809464,,0.7,5,1
20260216_174400,DpwTriFbmSimulator,4096,200,0.9,170,0.6324330236067167,,0.7,5,1
20260216_174400,DpwTriFbmSimulator,4096,200,0.9,171,0.5086707500445354,,0.7,5,1
20260216_174400,DpwTriFbmSimulator,4096,200,0.9,172,0.767103283114927,,0.7,5,1
20260216_174400,DpwTriFbmSimulator,4096,200,0.9,173,0.5880553133635611,,0.7,5,1
20260216_174400,DpwTriFbmSimulator,4096,200,0.9,174,0.5131068632526543,,0.7,5,1
20260216_174400,DpwTriFbmSimulator,4096,200,0.9,175,0.698971184090604,,0.7,5,1
20260216_174400,DpwTriFbmSimulator,4096,200,0.9,176,0.5681720517541128,,0.7,5,1
20260216_174400,DpwTriFbmSimulator,4096,200,0.9,177,0.6063036972558017,,0.7,5,1
20260216_174400,DpwTriFbmSimulator,4096,200,0.9,178,0.7297954530870829,,0.7,5,1
20260216_174400,DpwTriFbmSimulator,4096,200,0.9,179,0.4939845398246409,,0.7,5,1
20260216_174400,DpwTriFbmSimulator,4096,200,0.9,180,0.7115134266034263,,0.7,5,1
20260216_174400,DpwTriFbmSimulator,4096,200,0.9,181,0.6569708944178432,,0.7,5,1
20260216_174400,DpwTriFbmSimulator,4096,200,0.9,182,0.6852665530076049,,0.7,5,1
20260216_174400,DpwTriFbmSimulator,4096,200,0.9,183,0.4979062720751466,,0.7,5,1
20260216_174400,DpwTriFbmSimulator,4096,200,0.9,184,0.5727108314371064,,0.7,5,1
20260216_174400,DpwTriFbmSimulator,4096,200,0.9,185,0.6045579450593425,,0.7,5,1
20260216_174400,DpwTriFbmSimulator,4096,200,0.9,186,0.5699161329816264,,0.7,5,1
20260216_174400,DpwTriFbmSimulator,4096,200,0.9,187,0.4495308387913518,,0.7,5,1
20260216_174400,DpwTriFbmSimulator,4096,200,0.9,188,0.7613767002625357,,0.7,5,1
20260216_174400,DpwTriFbmSimulator,4096,200,0.9,189,0.6481503952257596,,0.7,5,1
20260216_174400,DpwTriFbmSimulator,4096,200,0.9,190,0.6391610402998659,,0.7,5,1
20260216_174400,DpwTriFbmSimulator,4096,200,0.9,191,0.4224257594520362,,0.7,5,1
20260216_174400,DpwTriFbmSimulator,4096,200,0.9,192,0.7981672133226805,,0.7,5,1
20260216_174400,DpwTriFbmSimulator,4096,200,0.9,193,0.5907747603467582,,0.7,5,1
20260216_174400,DpwTriFbmSimulator,4096,200,0.9,194,0.7209141321553588,,0.7,5,1
20260216_174400,DpwTriFbmSimulator,4096,200,0.9,195,0.5905599484139623,,0.7,5,1
20260216_174400,DpwTriFbmSimulator,4096,200,0.9,196,0.4702700067055819,,0.7,5,1
20260216_174400,DpwTriFbmSimulator,4096,200,0.9,197,0.5529747953146815,,0.7,5,1
20260216_174400,DpwTriFbmSimulator,4096,200,0.9,198,0.5612983939210175,,0.7,5,1
20260216_174400,DpwTriFbmSimulator,4096,200,0.9,199,0.8422887775193765,,0.7,5,1
20260216_174400,DpwTriFbmSimulator,4096,200,0.9,200,0.5677098592708045,,0.7,5,1
20260216_174830,DpwTriFbmSimulator,4096,200,0.4,1,0.2520889711567076,,0.9,5,1
20260216_174830,DpwTriFbmSimulator,4096,200,0.4,2,0.3677075620120403,,0.9,5,1
20260216_174830,DpwTriFbmSimulator,4096,200,0.4,3,0.2531898536419458,,0.9,5,1
20260216_174830,DpwTriFbmSimulator,4096,200,0.4,4,0.3815595353457618,,0.9,5,1
20260216_174830,DpwTriFbmSimulator,4096,200,0.4,5,0.5439851271366379,,0.9,5,1
20260216_174830,DpwTriFbmSimulator,4096,200,0.4,6,0.2806242736906694,,0.9,5,1
20260216_174830,DpwTriFbmSimulator,4096,200,0.4,7,0.4414356761791131,,0.9,5,1
20260216_174830,DpwTriFbmSimulator,4096,200,0.4,8,0.3454766596008659,,0.9,5,1
20260216_174830,DpwTriFbmSimulator,4096,200,0.4,9,0.5593341841580967,,0.9,5,1
20260216_174830,DpwTriFbmSimulator,4096,200,0.4,10,0.3873974611048671,,0.9,5,1
20260216_174830,DpwTriFbmSimulator,4096,200,0.4,11,0.0328030371740708,,0.9,5,1
20260216_174830,DpwTriFbmSimulator,4096,200,0.4,12,0.3115048204332628,,0.9,5,1
20260216_174830,DpwTriFbmSimulator,4096,200,0.4,13,0.311489247052022,,0.9,5,1
20260216_174830,DpwTriFbmSimulator,4096,200,0.4,14,0.306728891566503,,0.9,5,1
20260216_174830,DpwTriFbmSimulator,4096,200,0.4,15,0.3022618531237169,,0.9,5,1
20260216_174830,DpwTriFbmSimulator,4096,200,0.4,16,0.3301813635560764,,0.9,5,1
20260216_174830,DpwTriFbmSimulator,4096,200,0.4,17,0.4348852069396354,,0.9,5,1
20260216_174830,DpwTriFbmSimulator,4096,200,0.4,18,0.5621654924772808,,0.9,5,1
20260216_174830,DpwTriFbmSimulator,4096,200,0.4,19,0.1584756139101748,,0.9,5,1
20260216_174830,DpwTriFbmSimulator,4096,200,0.4,20,0.6588136807616537,,0.9,5,1
20260216_174830,DpwTriFbmSimulator,4096,200,0.4,21,0.3713152131019211,,0.9,5,1
20260216_174830,DpwTriFbmSimulator,4096,200,0.4,22,0.135509001052044,,0.9,5,1
20260216_174830,DpwTriFbmSimulator,4096,200,0.4,23,0.3854610674669295,,0.9,5,1
20260216_174830,DpwTriFbmSimulator,4096,200,0.4,24,0.3833791012093979,,0.9,5,1
20260216_174830,DpwTriFbmSimulator,4096,200,0.4,25,0.3808723180015355,,0.9,5,1
20260216_174830,DpwTriFbmSimulator,4096,200,0.4,26,0.2504964695051962,,0.9,5,1
20260216_174830,DpwTriFbmSimulator,4096,200,0.4,27,0.31342316403015,,0.9,5,1
20260216_174830,DpwTriFbmSimulator,4096,200,0.4,28,0.4358904159834422,,0.9,5,1
20260216_174830,DpwTriFbmSimulator,4096,200,0.4,29,0.5711542158366438,,0.9,5,1
20260216_174830,DpwTriFbmSimulator,4096,200,0.4,30,0.3729734216272959,,0.9,5,1
20260216_174830,DpwTriFbmSimulator,4096,200,0.4,31,0.2377471665663872,,0.9,5,1
20260216_174830,DpwTriFbmSimulator,4096,200,0.4,32,0.1552701086298372,,0.9,5,1
20260216_174830,DpwTriFbmSimulator,4096,200,0.4,33,0.2691445323248542,,0.9,5,1
20260216_174830,DpwTriFbmSimulator,4096,200,0.4,34,0.3915983641567228,,0.9,5,1
20260216_174830,DpwTriFbmSimulator,4096,200,0.4,35,0.5835017907385192,,0.9,5,1
20260216_174830,DpwTriFbmSimulator,4096,200,0.4,36,0.4147856181080065,,0.9,5,1
20260216_174830,DpwTriFbmSimulator,4096,200,0.4,37,0.4165697499309436,,0.9,5,1
20260216_174830,DpwTriFbmSimulator,4096,200,0.4,38,0.3288615154216876,,0.9,5,1
20260216_174830,DpwTriFbmSimulator,4096,200,0.4,39,0.3988677990366332,,0.9,5,1
20260216_174830,DpwTriFbmSimulator,4096,200,0.4,40,0.5973457994400853,,0.9,5,1
20260216_174830,DpwTriFbmSimulator,4096,200,0.4,41,0.4201119731175405,,0.9,5,1
20260216_174830,DpwTriFbmSimulator,4096,200,0.4,42,0.2512969959994607,,0.9,5,1
20260216_174830,DpwTriFbmSimulator,4096,200,0.4,43,0.3660522715817489,,0.9,5,1
20260216_174830,DpwTriFbmSimulator,4096,200,0.4,44,0.3789407008299024,,0.9,5,1
20260216_174830,DpwTriFbmSimulator,4096,200,0.4,45,0.4877671859986198,,0.9,5,1
20260216_174830,DpwTriFbmSimulator,4096,200,0.4,46,0.4338147906259862,,0.9,5,1
20260216_174830,DpwTriFbmSimulator,4096,200,0.4,47,0.588884776917626,,0.9,5,1
20260216_174830,DpwTriFbmSimulator,4096,200,0.4,48,0.4322463852378035,,0.9,5,1
20260216_174830,DpwTriFbmSimulator,4096,200,0.4,49,0.5172734793446087,,0.9,5,1
20260216_174830,DpwTriFbmSimulator,4096,200,0.4,50,0.4371827045959405,,0.9,5,1
20260216_174830,DpwTriFbmSimulator,4096,200,0.4,51,0.3871043249619795,,0.9,5,1
20260216_174830,DpwTriFbmSimulator,4096,200,0.4,52,0.3094030615864185,,0.9,5,1
20260216_174830,DpwTriFbmSimulator,4096,200,0.4,53,0.3845584578507725,,0.9,5,1
20260216_174830,DpwTriFbmSimulator,4096,200,0.4,54,0.3353331795186954,,0.9,5,1
20260216_174830,DpwTriFbmSimulator,4096,200,0.4,55,0.4064505783926084,,0.9,5,1
20260216_174830,DpwTriFbmSimulator,4096,200,0.4,56,0.3538234379435062,,0.9,5,1
20260216_174830,DpwTriFbmSimulator,4096,200,0.4,57,0.1763418365463301,,0.9,5,1
20260216_174830,DpwTriFbmSimulator,4096,200,0.4,58,0.2592291863631423,,0.9,5,1
20260216_174830,DpwTriFbmSimulator,4096,200,0.4,59,0.0355474033222218,,0.9,5,1
20260216_174830,DpwTriFbmSimulator,4096,200,0.4,60,0.3466121558020023,,0.9,5,1
20260216_174830,DpwTriFbmSimulator,4096,200,0.4,61,0.4347531371726172,,0.9,5,1
20260216_174830,DpwTriFbmSimulator,4096,200,0.4,62,0.4637713059532638,,0.9,5,1
20260216_174830,DpwTriFbmSimulator,4096,200,0.4,63,-0.066789441031968,,0.9,5,1
20260216_174830,DpwTriFbmSimulator,4096,200,0.4,64,0.4744805494763772,,0.9,5,1
20260216_174830,DpwTriFbmSimulator,4096,200,0.4,65,0.2830652971315983,,0.9,5,1
20260216_174830,DpwTriFbmSimulator,4096,200,0.4,66,0.3279598168333273,,0.9,5,1
20260216_174830,DpwTriFbmSimulator,4096,200,0.4,67,0.5677147668359008,,0.9,5,1
20260216_174830,DpwTriFbmSimulator,4096,200,0.4,68,0.4173813869891487,,0.9,5,1
20260216_174830,DpwTriFbmSimulator,4096,200,0.4,69,0.387660616918968,,0.9,5,1
20260216_174830,DpwTriFbmSimulator,4096,200,0.4,70,0.1942192492895492,,0.9,5,1
20260216_174830,DpwTriFbmSimulator,4096,200,0.4,71,0.3911135535676158,,0.9,5,1
20260216_174830,DpwTriFbmSimulator,4096,200,0.4,72,0.483135014489362,,0.9,5,1
20260216_174830,DpwTriFbmSimulator,4096,200,0.4,73,0.365386948120848,,0.9,5,1
20260216_174830,DpwTriFbmSimulator,4096,200,0.4,74,0.3090711512021695,,0.9,5,1
20260216_174830,DpwTriFbmSimulator,4096,200,0.4,75,0.4324734174384414,,0.9,5,1
20260216_174830,DpwTriFbmSimulator,4096,200,0.4,76,0.5370239543551287,,0.9,5,1
20260216_174830,DpwTriFbmSimulator,4096,200,0.4,77,0.4813237628669574,,0.9,5,1
20260216_174830,DpwTriFbmSimulator,4096,200,0.4,78,0.391226968338196,,0.9,5,1
20260216_174830,DpwTriFbmSimulator,4096,200,0.4,79,0.4986696399133745,,0.9,5,1
20260216_174830,DpwTriFbmSimulator,4096,200,0.4,80,0.4515642736506383,,0.9,5,1
20260216_174830,DpwTriFbmSimulator,4096,200,0.4,81,0.3681026314312023,,0.9,5,1
20260216_174830,DpwTriFbmSimulator,4096,200,0.4,82,0.5527613101815887,,0.9,5,1
20260216_174830,DpwTriFbmSimulator,4096,200,0.4,83,0.4549912199241184,,0.9,5,1
20260216_174830,DpwTriFbmSimulator,4096,200,0.4,84,0.1455925612538428,,0.9,5,1
20260216_174830,DpwTriFbmSimulator,4096,200,0.4,85,0.3100276459774549,,0.9,5,1
20260216_174830,DpwTriFbmSimulator,4096,200,0.4,86,0.7038032855992021,,0.9,5,1
20260216_174830,DpwTriFbmSimulator,4096,200,0.4,87,0.4240513193172836,,0.9,5,1
20260216_174830,DpwTriFbmSimulator,4096,200,0.4,88,0.3051703194437534,,0.9,5,1
20260216_174830,DpwTriFbmSimulator,4096,200,0.4,89,0.2770467157032096,,0.9,5,1
20260216_174830,DpwTriFbmSimulator,4096,200,0.4,90,0.4335473010999059,,0.9,5,1
20260216_174830,DpwTriFbmSimulator,4096,200,0.4,91,0.3268076182835529,,0.9,5,1
20260216_174830,DpwTriFbmSimulator,4096,200,0.4,92,0.4913450784780513,,0.9,5,1
20260216_174830,DpwTriFbmSimulator,4096,200,0.4,93,0.6463931005440153,,0.9,5,1
20260216_174830,DpwTriFbmSimulator,4096,200,0.4,94,0.4728385562804464,,0.9,5,1
20260216_174830,DpwTriFbmSimulator,4096,200,0.4,95,0.2520137260282316,,0.9,5,1
20260216_174830,DpwTriFbmSimulator,4096,200,0.4,96,0.3611367628657262,,0.9,5,1
20260216_174830,DpwTriFbmSimulator,4096,200,0.4,97,0.5213401394426063,,0.9,5,1
20260216_174830,DpwTriFbmSimulator,4096,200,0.4,98,0.4420220962967349,,0.9,5,1
20260216_174830,DpwTriFbmSimulator,4096,200,0.4,99,0.4166037859643707,,0.9,5,1
20260216_174830,DpwTriFbmSimulator,4096,200,0.4,100,0.3100156736101618,,0.9,5,1
20260216_174830,DpwTriFbmSimulator,4096,200,0.4,101,0.4669390781870971,,0.9,5,1
20260216_174830,DpwTriFbmSimulator,4096,200,0.4,102,0.4193217686820611,,0.9,5,1
20260216_174830,DpwTriFbmSimulator,4096,200,0.4,103,0.2521783465315915,,0.9,5,1
20260216_174830,DpwTriFbmSimulator,4096,200,0.4,104,0.4643700980916297,,0.9,5,1
20260216_174830,DpwTriFbmSimulator,4096,200,0.4,105,0.5548167391431156,,0.9,5,1
20260216_174830,DpwTriFbmSimulator,4096,200,0.4,106,0.3377258862489594,,0.9,5,1
20260216_174830,DpwTriFbmSimulator,4096,200,0.4,107,0.4598636874399169,,0.9,5,1
20260216_174830,DpwTriFbmSimulator,4096,200,0.4,108,0.41511482341354,,0.9,5,1
20260216_174830,DpwTriFbmSimulator,4096,200,0.4,109,0.3016130879676874,,0.9,5,1
20260216_174830,DpwTriFbmSimulator,4096,200,0.4,110,0.2597565231224888,,0.9,5,1
20260216_174830,DpwTriFbmSimulator,4096,200,0.4,111,0.2005870882853574,,0.9,5,1
20260216_174830,DpwTriFbmSimulator,4096,200,0.4,112,0.5457696321324844,,0.9,5,1
20260216_174830,DpwTriFbmSimulator,4096,200,0.4,113,0.3456754732580612,,0.9,5,1
20260216_174830,DpwTriFbmSimulator,4096,200,0.4,114,-0.0276900143448144,,0.9,5,1
20260216_174830,DpwTriFbmSimulator,4096,200,0.4,115,0.6468876807330682,,0.9,5,1
20260216_174830,DpwTriFbmSimulator,4096,200,0.4,116,0.4479159984009592,,0.9,5,1
20260216_174830,DpwTriFbmSimulator,4096,200,0.4,117,0.3679728032797384,,0.9,5,1
20260216_174830,DpwTriFbmSimulator,4096,200,0.4,118,0.4159864190259883,,0.9,5,1
20260216_174830,DpwTriFbmSimulator,4096,200,0.4,119,0.266681282396469,,0.9,5,1
20260216_174830,DpwTriFbmSimulator,4096,200,0.4,120,0.4041749870459397,,0.9,5,1
20260216_174830,DpwTriFbmSimulator,4096,200,0.4,121,0.333388698468302,,0.9,5,1
20260216_174830,DpwTriFbmSimulator,4096,200,0.4,122,0.3119598517180394,,0.9,5,1
20260216_174830,DpwTriFbmSimulator,4096,200,0.4,123,0.3240418411482465,,0.9,5,1
20260216_174830,DpwTriFbmSimulator,4096,200,0.4,124,0.3554688908368577,,0.9,5,1
20260216_174830,DpwTriFbmSimulator,4096,200,0.4,125,0.3530406395356386,,0.9,5,1
20260216_174830,DpwTriFbmSimulator,4096,200,0.4,126,0.4911622664907493,,0.9,5,1
20260216_174830,DpwTriFbmSimulator,4096,200,0.4,127,0.3305101301926122,,0.9,5,1
20260216_174830,DpwTriFbmSimulator,4096,200,0.4,128,0.4100024323006169,,0.9,5,1
20260216_174830,DpwTriFbmSimulator,4096,200,0.4,129,0.4914382639339565,,0.9,5,1
20260216_174830,DpwTriFbmSimulator,4096,200,0.4,130,0.3604881783649421,,0.9,5,1
20260216_174830,DpwTriFbmSimulator,4096,200,0.4,131,0.4585564619305269,,0.9,5,1
20260216_174830,DpwTriFbmSimulator,4096,200,0.4,132,-0.0239574784014925,,0.9,5,1
20260216_174830,DpwTriFbmSimulator,4096,200,0.4,133,0.4155420397962754,,0.9,5,1
20260216_174830,DpwTriFbmSimulator,4096,200,0.4,134,0.5605236533368365,,0.9,5,1
20260216_174830,DpwTriFbmSimulator,4096,200,0.4,135,0.325183434776357,,0.9,5,1
20260216_174830,DpwTriFbmSimulator,4096,200,0.4,136,0.2897922978732831,,0.9,5,1
20260216_174830,DpwTriFbmSimulator,4096,200,0.4,137,0.4425736452409446,,0.9,5,1
20260216_174830,DpwTriFbmSimulator,4096,200,0.4,138,0.4425235687615806,,0.9,5,1
20260216_174830,DpwTriFbmSimulator,4096,200,0.4,139,0.3227323122717666,,0.9,5,1
20260216_174830,DpwTriFbmSimulator,4096,200,0.4,140,0.0577010727704226,,0.9,5,1
20260216_174830,DpwTriFbmSimulator,4096,200,0.4,141,0.4181845067641136,,0.9,5,1
20260216_174830,DpwTriFbmSimulator,4096,200,0.4,142,0.4250210034330504,,0.9,5,1
20260216_174830,DpwTriFbmSimulator,4096,200,0.4,143,0.4400561952794496,,0.9,5,1
20260216_174830,DpwTriFbmSimulator,4096,200,0.4,144,0.3784216859559426,,0.9,5,1
20260216_174830,DpwTriFbmSimulator,4096,200,0.4,145,0.5251683523156249,,0.9,5,1
20260216_174830,DpwTriFbmSimulator,4096,200,0.4,146,0.184208821362113,,0.9,5,1
20260216_174830,DpwTriFbmSimulator,4096,200,0.4,147,0.407654281279855,,0.9,5,1
20260216_174830,DpwTriFbmSimulator,4096,200,0.4,148,0.4819198983358081,,0.9,5,1
20260216_174830,DpwTriFbmSimulator,4096,200,0.4,149,0.4084626366806214,,0.9,5,1
20260216_174830,DpwTriFbmSimulator,4096,200,0.4,150,0.5191770912131378,,0.9,5,1
20260216_174830,DpwTriFbmSimulator,4096,200,0.4,151,0.2344307456906288,,0.9,5,1
20260216_174830,DpwTriFbmSimulator,4096,200,0.4,152,0.3347992226133537,,0.9,5,1
20260216_174830,DpwTriFbmSimulator,4096,200,0.4,153,0.6151527523488116,,0.9,5,1
20260216_174830,DpwTriFbmSimulator,4096,200,0.4,154,0.466321067078201,,0.9,5,1
20260216_174830,DpwTriFbmSimulator,4096,200,0.4,155,0.3952030673284245,,0.9,5,1
20260216_174830,DpwTriFbmSimulator,4096,200,0.4,156,0.4299279099789954,,0.9,5,1
20260216_174830,DpwTriFbmSimulator,4096,200,0.4,157,0.174946217829796,,0.9,5,1
20260216_174830,DpwTriFbmSimulator,4096,200,0.4,158,0.4779063899225062,,0.9,5,1
20260216_174830,DpwTriFbmSimulator,4096,200,0.4,159,0.0829732685029613,,0.9,5,1
20260216_174830,DpwTriFbmSimulator,4096,200,0.4,160,0.2626300271872016,,0.9,5,1
20260216_174830,DpwTriFbmSimulator,4096,200,0.4,161,0.3060909086072989,,0.9,5,1
20260216_174830,DpwTriFbmSimulator,4096,200,0.4,162,0.3618329288063185,,0.9,5,1
20260216_174830,DpwTriFbmSimulator,4096,200,0.4,163,0.4473525796000118,,0.9,5,1
20260216_174830,DpwTriFbmSimulator,4096,200,0.4,164,0.411436053641144,,0.9,5,1
20260216_174830,DpwTriFbmSimulator,4096,200,0.4,165,0.0506111836496624,,0.9,5,1
20260216_174830,DpwTriFbmSimulator,4096,200,0.4,166,0.5388498991720081,,0.9,5,1
20260216_174830,DpwTriFbmSimulator,4096,200,0.4,167,0.1265654539106051,,0.9,5,1
20260216_174830,DpwTriFbmSimulator,4096,200,0.4,168,0.4920620083027922,,0.9,5,1
20260216_174830,DpwTriFbmSimulator,4096,200,0.4,169,0.1170103708298355,,0.9,5,1
20260216_174830,DpwTriFbmSimulator,4096,200,0.4,170,0.3862975736584879,,0.9,5,1
20260216_174830,DpwTriFbmSimulator,4096,200,0.4,171,0.4678225173435051,,0.9,5,1
20260216_174830,DpwTriFbmSimulator,4096,200,0.4,172,0.6167870241051617,,0.9,5,1
20260216_174830,DpwTriFbmSimulator,4096,200,0.4,173,0.4252843573869427,,0.9,5,1
20260216_174830,DpwTriFbmSimulator,4096,200,0.4,174,0.6249595013388809,,0.9,5,1
20260216_174830,DpwTriFbmSimulator,4096,200,0.4,175,0.591381111616431,,0.9,5,1
20260216_174830,DpwTriFbmSimulator,4096,200,0.4,176,0.1114606182659712,,0.9,5,1
20260216_174830,DpwTriFbmSimulator,4096,200,0.4,177,0.3920272051892567,,0.9,5,1
20260216_174830,DpwTriFbmSimulator,4096,200,0.4,178,0.3834989120680749,,0.9,5,1
20260216_174830,DpwTriFbmSimulator,4096,200,0.4,179,0.2859446753397818,,0.9,5,1
20260216_174830,DpwTriFbmSimulator,4096,200,0.4,180,0.4892372570599611,,0.9,5,1
20260216_174830,DpwTriFbmSimulator,4096,200,0.4,181,0.3836159646074032,,0.9,5,1
20260216_174830,DpwTriFbmSimulator,4096,200,0.4,182,0.3997124417029366,,0.9,5,1
20260216_174830,DpwTriFbmSimulator,4096,200,0.4,183,0.3351017306219628,,0.9,5,1
20260216_174830,DpwTriFbmSimulator,4096,200,0.4,184,0.2014572503135333,,0.9,5,1
20260216_174830,DpwTriFbmSimulator,4096,200,0.4,185,0.4079625189491717,,0.9,5,1
20260216_174830,DpwTriFbmSimulator,4096,200,0.4,186,0.325374719666913,,0.9,5,1
20260216_174830,DpwTriFbmSimulator,4096,200,0.4,187,0.4410833440677836,,0.9,5,1
20260216_174830,DpwTriFbmSimulator,4096,200,0.4,188,0.4087990595300053,,0.9,5,1
20260216_174830,DpwTriFbmSimulator,4096,200,0.4,189,0.3857014383709723,,0.9,5,1
20260216_174830,DpwTriFbmSimulator,4096,200,0.4,190,0.5132809163826695,,0.9,5,1
20260216_174830,DpwTriFbmSimulator,4096,200,0.4,191,0.2787739895031662,,0.9,5,1
20260216_174830,DpwTriFbmSimulator,4096,200,0.4,192,0.4605287553580187,,0.9,5,1
20260216_174830,DpwTriFbmSimulator,4096,200,0.4,193,0.2280887670525119,,0.9,5,1
20260216_174830,DpwTriFbmSimulator,4096,200,0.4,194,0.5437222389842454,,0.9,5,1
20260216_174830,DpwTriFbmSimulator,4096,200,0.4,195,0.388780831901293,,0.9,5,1
20260216_174830,DpwTriFbmSimulator,4096,200,0.4,196,0.453845537354769,,0.9,5,1
20260216_174830,DpwTriFbmSimulator,4096,200,0.4,197,0.5828063134422864,,0.9,5,1
20260216_174830,DpwTriFbmSimulator,4096,200,0.4,198,0.4487019472769075,,0.9,5,1
20260216_174830,DpwTriFbmSimulator,4096,200,0.4,199,0.5258018493402953,,0.9,5,1
20260216_174830,DpwTriFbmSimulator,4096,200,0.4,200,0.3740701816472063,,0.9,5,1
20260216_174830,DpwTriFbmSimulator,4096,200,0.7,1,0.6452399012162275,,0.9,5,1
20260216_174830,DpwTriFbmSimulator,4096,200,0.7,2,0.5528824879418348,,0.9,5,1
20260216_174830,DpwTriFbmSimulator,4096,200,0.7,3,0.5419052384249915,,0.9,5,1
20260216_174830,DpwTriFbmSimulator,4096,200,0.7,4,0.5999296055567848,,0.9,5,1
20260216_174830,DpwTriFbmSimulator,4096,200,0.7,5,0.70240468736215,,0.9,5,1
20260216_174830,DpwTriFbmSimulator,4096,200,0.7,6,0.6174012417295083,,0.9,5,1
20260216_174830,DpwTriFbmSimulator,4096,200,0.7,7,0.7694076998637375,,0.9,5,1
20260216_174830,DpwTriFbmSimulator,4096,200,0.7,8,0.6082906293631252,,0.9,5,1
20260216_174830,DpwTriFbmSimulator,4096,200,0.7,9,0.5837191729196378,,0.9,5,1
20260216_174830,DpwTriFbmSimulator,4096,200,0.7,10,0.7756765015656493,,0.9,5,1
20260216_174830,DpwTriFbmSimulator,4096,200,0.7,11,0.0609847170440021,,0.9,5,1
20260216_174830,DpwTriFbmSimulator,4096,200,0.7,12,0.6021744176343402,,0.9,5,1
20260216_174830,DpwTriFbmSimulator,4096,200,0.7,13,0.7952045575598631,,0.9,5,1
20260216_174830,DpwTriFbmSimulator,4096,200,0.7,14,0.6203100855430688,,0.9,5,1
20260216_174830,DpwTriFbmSimulator,4096,200,0.7,15,0.59341321124187,,0.9,5,1
20260216_174830,DpwTriFbmSimulator,4096,200,0.7,16,0.7157122191406777,,0.9,5,1
20260216_174830,DpwTriFbmSimulator,4096,200,0.7,17,0.7361648583823853,,0.9,5,1
20260216_174830,DpwTriFbmSimulator,4096,200,0.7,18,0.6261427121654429,,0.9,5,1
20260216_174830,DpwTriFbmSimulator,4096,200,0.7,19,0.6193388168333822,,0.9,5,1
20260216_174830,DpwTriFbmSimulator,4096,200,0.7,20,0.7330999226938572,,0.9,5,1
20260216_174830,DpwTriFbmSimulator,4096,200,0.7,21,0.673115829511979,,0.9,5,1
20260216_174830,DpwTriFbmSimulator,4096,200,0.7,22,0.7325397907546658,,0.9,5,1
20260216_174830,DpwTriFbmSimulator,4096,200,0.7,23,0.6817466599061475,,0.9,5,1
20260216_174830,DpwTriFbmSimulator,4096,200,0.7,24,0.4544775493198403,,0.9,5,1
20260216_174830,DpwTriFbmSimulator,4096,200,0.7,25,0.6479620843651765,,0.9,5,1
20260216_174830,DpwTriFbmSimulator,4096,200,0.7,26,0.8121608601784572,,0.9,5,1
20260216_174830,DpwTriFbmSimulator,4096,200,0.7,27,0.5425276412915153,,0.9,5,1
20260216_174830,DpwTriFbmSimulator,4096,200,0.7,28,0.5625419059734037,,0.9,5,1
20260216_174830,DpwTriFbmSimulator,4096,200,0.7,29,0.6251119222083752,,0.9,5,1
20260216_174830,DpwTriFbmSimulator,4096,200,0.7,30,0.6219002764090897,,0.9,5,1
20260216_174830,DpwTriFbmSimulator,4096,200,0.7,31,0.549256521008936,,0.9,5,1
20260216_174830,DpwTriFbmSimulator,4096,200,0.7,32,0.5775344816059055,,0.9,5,1
20260216_174830,DpwTriFbmSimulator,4096,200,0.7,33,0.8181841259429299,,0.9,5,1
20260216_174830,DpwTriFbmSimulator,4096,200,0.7,34,0.7566697140401494,,0.9,5,1
20260216_174830,DpwTriFbmSimulator,4096,200,0.7,35,0.6723232803982406,,0.9,5,1
20260216_174830,DpwTriFbmSimulator,4096,200,0.7,36,0.4536456207665445,,0.9,5,1
20260216_174830,DpwTriFbmSimulator,4096,200,0.7,37,0.7757552105339256,,0.9,5,1
20260216_174830,DpwTriFbmSimulator,4096,200,0.7,38,0.7231641259556799,,0.9,5,1
20260216_174830,DpwTriFbmSimulator,4096,200,0.7,39,0.6479199885126429,,0.9,5,1
20260216_174830,DpwTriFbmSimulator,4096,200,0.7,40,0.9980504102326464,,0.9,5,1
20260216_174830,DpwTriFbmSimulator,4096,200,0.7,41,0.6291002077338301,,0.9,5,1
20260216_174830,DpwTriFbmSimulator,4096,200,0.7,42,0.6857196516140733,,0.9,5,1
20260216_174830,DpwTriFbmSimulator,4096,200,0.7,43,0.6306940252974506,,0.9,5,1
20260216_174830,DpwTriFbmSimulator,4096,200,0.7,44,0.4106722792220269,,0.9,5,1
20260216_174830,DpwTriFbmSimulator,4096,200,0.7,45,0.6971933217257134,,0.9,5,1
20260216_174830,DpwTriFbmSimulator,4096,200,0.7,46,0.5898595230410351,,0.9,5,1
20260216_174830,DpwTriFbmSimulator,4096,200,0.7,47,0.5124432227117494,,0.9,5,1
20260216_174830,DpwTriFbmSimulator,4096,200,0.7,48,0.9352830881658598,,0.9,5,1
20260216_174830,DpwTriFbmSimulator,4096,200,0.7,49,0.8411688472896489,,0.9,5,1
20260216_174830,DpwTriFbmSimulator,4096,200,0.7,50,0.7425689840124655,,0.9,5,1
20260216_174830,DpwTriFbmSimulator,4096,200,0.7,51,0.5877152876601026,,0.9,5,1
20260216_174830,DpwTriFbmSimulator,4096,200,0.7,52,0.782600043498937,,0.9,5,1
20260216_174830,DpwTriFbmSimulator,4096,200,0.7,53,0.688085565331902,,0.9,5,1
20260216_174830,DpwTriFbmSimulator,4096,200,0.7,54,0.7124690001652377,,0.9,5,1
20260216_174830,DpwTriFbmSimulator,4096,200,0.7,55,0.6769223313362172,,0.9,5,1
20260216_174830,DpwTriFbmSimulator,4096,200,0.7,56,0.6585300124604325,,0.9,5,1
20260216_174830,DpwTriFbmSimulator,4096,200,0.7,57,0.6867310398355355,,0.9,5,1
20260216_174830,DpwTriFbmSimulator,4096,200,0.7,58,0.7163915072355329,,0.9,5,1
20260216_174830,DpwTriFbmSimulator,4096,200,0.7,59,0.6389524613540152,,0.9,5,1
20260216_174830,DpwTriFbmSimulator,4096,200,0.7,60,0.6480776495414244,,0.9,5,1
20260216_174830,DpwTriFbmSimulator,4096,200,0.7,61,0.6301413662885432,,0.9,5,1
20260216_174830,DpwTriFbmSimulator,4096,200,0.7,62,0.5253263991632243,,0.9,5,1
20260216_174830,DpwTriFbmSimulator,4096,200,0.7,63,0.5937972783671863,,0.9,5,1
20260216_174830,DpwTriFbmSimulator,4096,200,0.7,64,0.6754367790055892,,0.9,5,1
20260216_174830,DpwTriFbmSimulator,4096,200,0.7,65,0.5924283862485092,,0.9,5,1
20260216_174830,DpwTriFbmSimulator,4096,200,0.7,66,0.5008101628055223,,0.9,5,1
20260216_174830,DpwTriFbmSimulator,4096,200,0.7,67,0.6595575534046423,,0.9,5,1
20260216_174830,DpwTriFbmSimulator,4096,200,0.7,68,0.6410999715054073,,0.9,5,1
20260216_174830,DpwTriFbmSimulator,4096,200,0.7,69,0.8235341084923901,,0.9,5,1
20260216_174830,DpwTriFbmSimulator,4096,200,0.7,70,0.5517171430130765,,0.9,5,1
20260216_174830,DpwTriFbmSimulator,4096,200,0.7,71,0.640230728621653,,0.9,5,1
20260216_174830,DpwTriFbmSimulator,4096,200,0.7,72,0.6907838249628631,,0.9,5,1
20260216_174830,DpwTriFbmSimulator,4096,200,0.7,73,0.6904711621696161,,0.9,5,1
20260216_174830,DpwTriFbmSimulator,4096,200,0.7,74,0.7367745461230814,,0.9,5,1
20260216_174830,DpwTriFbmSimulator,4096,200,0.7,75,0.7367419094317023,,0.9,5,1
20260216_174830,DpwTriFbmSimulator,4096,200,0.7,76,0.4098552527436574,,0.9,5,1
20260216_174830,DpwTriFbmSimulator,4096,200,0.7,77,0.8479538884790195,,0.9,5,1
20260216_174830,DpwTriFbmSimulator,4096,200,0.7,78,0.6481817226817888,,0.9,5,1
20260216_174830,DpwTriFbmSimulator,4096,200,0.7,79,0.6623713522995807,,0.9,5,1
20260216_174830,DpwTriFbmSimulator,4096,200,0.7,80,0.4735557269206701,,0.9,5,1
20260216_174830,DpwTriFbmSimulator,4096,200,0.7,81,0.6171950773087926,,0.9,5,1
20260216_174830,DpwTriFbmSimulator,4096,200,0.7,82,0.2564675718344062,,0.9,5,1
20260216_174830,DpwTriFbmSimulator,4096,200,0.7,83,0.6615319789291977,,0.9,5,1
20260216_174830,DpwTriFbmSimulator,4096,200,0.7,84,0.7692248195830674,,0.9,5,1
20260216_174830,DpwTriFbmSimulator,4096,200,0.7,85,0.6620861554979508,,0.9,5,1
20260216_174830,DpwTriFbmSimulator,4096,200,0.7,86,0.7390655712507987,,0.9,5,1
20260216_174830,DpwTriFbmSimulator,4096,200,0.7,87,0.8282518975186144,,0.9,5,1
20260216_174830,DpwTriFbmSimulator,4096,200,0.7,88,0.7214412355991493,,0.9,5,1
20260216_174830,DpwTriFbmSimulator,4096,200,0.7,89,0.722419436222525,,0.9,5,1
20260216_174830,DpwTriFbmSimulator,4096,200,0.7,90,0.6566641969072486,,0.9,5,1
20260216_174830,DpwTriFbmSimulator,4096,200,0.7,91,0.5756419219188761,,0.9,5,1
20260216_174830,DpwTriFbmSimulator,4096,200,0.7,92,0.5805401878448226,,0.9,5,1
20260216_174830,DpwTriFbmSimulator,4096,200,0.7,93,0.5705377567205129,,0.9,5,1
20260216_174830,DpwTriFbmSimulator,4096,200,0.7,94,0.6921492170595173,,0.9,5,1
20260216_174830,DpwTriFbmSimulator,4096,200,0.7,95,0.8689731550954708,,0.9,5,1
20260216_174830,DpwTriFbmSimulator,4096,200,0.7,96,0.6357460213033721,,0.9,5,1
20260216_174830,DpwTriFbmSimulator,4096,200,0.7,97,0.7357886622554005,,0.9,5,1
20260216_174830,DpwTriFbmSimulator,4096,200,0.7,98,0.5113421589239725,,0.9,5,1
20260216_174830,DpwTriFbmSimulator,4096,200,0.7,99,0.5459730369021287,,0.9,5,1
20260216_174830,DpwTriFbmSimulator,4096,200,0.7,100,0.5845129179988539,,0.9,5,1
20260216_174830,DpwTriFbmSimulator,4096,200,0.7,101,0.4738323759456246,,0.9,5,1
20260216_174830,DpwTriFbmSimulator,4096,200,0.7,102,0.7141969257545844,,0.9,5,1
20260216_174830,DpwTriFbmSimulator,4096,200,0.7,103,0.6564372139368543,,0.9,5,1
20260216_174830,DpwTriFbmSimulator,4096,200,0.7,104,0.511248555631889,,0.9,5,1
20260216_174830,DpwTriFbmSimulator,4096,200,0.7,105,0.700001743529308,,0.9,5,1
20260216_174830,DpwTriFbmSimulator,4096,200,0.7,106,0.7010304907432003,,0.9,5,1
20260216_174830,DpwTriFbmSimulator,4096,200,0.7,107,0.6188875560194094,,0.9,5,1
20260216_174830,DpwTriFbmSimulator,4096,200,0.7,108,0.6372239282382058,,0.9,5,1
20260216_174830,DpwTriFbmSimulator,4096,200,0.7,109,0.8285836378031052,,0.9,5,1
20260216_174830,DpwTriFbmSimulator,4096,200,0.7,110,0.681657444240301,,0.9,5,1
20260216_174830,DpwTriFbmSimulator,4096,200,0.7,111,0.550081825131846,,0.9,5,1
20260216_174830,DpwTriFbmSimulator,4096,200,0.7,112,0.6300995732828829,,0.9,5,1
20260216_174830,DpwTriFbmSimulator,4096,200,0.7,113,0.5679448136147064,,0.9,5,1
20260216_174830,DpwTriFbmSimulator,4096,200,0.7,114,0.7693847203968599,,0.9,5,1
20260216_174830,DpwTriFbmSimulator,4096,200,0.7,115,0.4027534297489093,,0.9,5,1
20260216_174830,DpwTriFbmSimulator,4096,200,0.7,116,0.3491356166131497,,0.9,5,1
20260216_174830,DpwTriFbmSimulator,4096,200,0.7,117,0.6217458263875947,,0.9,5,1
20260216_174830,DpwTriFbmSimulator,4096,200,0.7,118,0.6192668044756937,,0.9,5,1
20260216_174830,DpwTriFbmSimulator,4096,200,0.7,119,0.5487637399202494,,0.9,5,1
20260216_174830,DpwTriFbmSimulator,4096,200,0.7,120,0.7254367822141091,,0.9,5,1
20260216_174830,DpwTriFbmSimulator,4096,200,0.7,121,0.7715697405532653,,0.9,5,1
20260216_174830,DpwTriFbmSimulator,4096,200,0.7,122,0.7372543348826927,,0.9,5,1
20260216_174830,DpwTriFbmSimulator,4096,200,0.7,123,0.6854883335577526,,0.9,5,1
20260216_174830,DpwTriFbmSimulator,4096,200,0.7,124,0.58490679921656,,0.9,5,1
20260216_174830,DpwTriFbmSimulator,4096,200,0.7,125,0.6214269748010031,,0.9,5,1
20260216_174830,DpwTriFbmSimulator,4096,200,0.7,126,0.7826647947274507,,0.9,5,1
20260216_174830,DpwTriFbmSimulator,4096,200,0.7,127,0.5959775112002156,,0.9,5,1
20260216_174830,DpwTriFbmSimulator,4096,200,0.7,128,0.8778926967910123,,0.9,5,1
20260216_174830,DpwTriFbmSimulator,4096,200,0.7,129,0.631285164877241,,0.9,5,1
20260216_174830,DpwTriFbmSimulator,4096,200,0.7,130,0.7035917304710049,,0.9,5,1
20260216_174830,DpwTriFbmSimulator,4096,200,0.7,131,0.5360467143448422,,0.9,5,1
20260216_174830,DpwTriFbmSimulator,4096,200,0.7,132,0.3470197211669832,,0.9,5,1
20260216_174830,DpwTriFbmSimulator,4096,200,0.7,133,0.6431691850767332,,0.9,5,1
20260216_174830,DpwTriFbmSimulator,4096,200,0.7,134,0.6010056926862773,,0.9,5,1
20260216_174830,DpwTriFbmSimulator,4096,200,0.7,135,0.6978319523570446,,0.9,5,1
20260216_174830,DpwTriFbmSimulator,4096,200,0.7,136,0.8293450863152071,,0.9,5,1
20260216_174830,DpwTriFbmSimulator,4096,200,0.7,137,0.7517244769699072,,0.9,5,1
20260216_174830,DpwTriFbmSimulator,4096,200,0.7,138,0.6576085205948174,,0.9,5,1
20260216_174830,DpwTriFbmSimulator,4096,200,0.7,139,0.4269379006312899,,0.9,5,1
20260216_174830,DpwTriFbmSimulator,4096,200,0.7,140,0.760889111190436,,0.9,5,1
20260216_174830,DpwTriFbmSimulator,4096,200,0.7,141,0.6797936993712782,,0.9,5,1
20260216_174830,DpwTriFbmSimulator,4096,200,0.7,142,0.6247223717885984,,0.9,5,1
20260216_174830,DpwTriFbmSimulator,4096,200,0.7,143,0.5327868069440883,,0.9,5,1
20260216_174830,DpwTriFbmSimulator,4096,200,0.7,144,0.4688909935331496,,0.9,5,1
20260216_174830,DpwTriFbmSimulator,4096,200,0.7,145,0.8071398585821341,,0.9,5,1
20260216_174830,DpwTriFbmSimulator,4096,200,0.7,146,0.6211138517452811,,0.9,5,1
20260216_174830,DpwTriFbmSimulator,4096,200,0.7,147,0.7532388766848477,,0.9,5,1
20260216_174830,DpwTriFbmSimulator,4096,200,0.7,148,0.7757620464394382,,0.9,5,1
20260216_174830,DpwTriFbmSimulator,4096,200,0.7,149,0.6001829103868684,,0.9,5,1
20260216_174830,DpwTriFbmSimulator,4096,200,0.7,150,0.5739501290169653,,0.9,5,1
20260216_174830,DpwTriFbmSimulator,4096,200,0.7,151,0.6676613255013453,,0.9,5,1
20260216_174830,DpwTriFbmSimulator,4096,200,0.7,152,0.6739227571842192,,0.9,5,1
20260216_174830,DpwTriFbmSimulator,4096,200,0.7,153,0.516468469442175,,0.9,5,1
20260216_174830,DpwTriFbmSimulator,4096,200,0.7,154,0.672525475656291,,0.9,5,1
20260216_174830,DpwTriFbmSimulator,4096,200,0.7,155,0.6804339832331969,,0.9,5,1
20260216_174830,DpwTriFbmSimulator,4096,200,0.7,156,0.7035923195642931,,0.9,5,1
20260216_174830,DpwTriFbmSimulator,4096,200,0.7,157,0.4185825926141821,,0.9,5,1
20260216_174830,DpwTriFbmSimulator,4096,200,0.7,158,0.7199448347240829,,0.9,5,1
20260216_174830,DpwTriFbmSimulator,4096,200,0.7,159,0.9036922247772716,,0.9,5,1
20260216_174830,DpwTriFbmSimulator,4096,200,0.7,160,0.3456710480958326,,0.9,5,1
20260216_174830,DpwTriFbmSimulator,4096,200,0.7,161,0.7351999986940225,,0.9,5,1
20260216_174830,DpwTriFbmSimulator,4096,200,0.7,162,0.7490719808813233,,0.9,5,1
20260216_174830,DpwTriFbmSimulator,4096,200,0.7,163,0.7395277787241137,,0.9,5,1
20260216_174830,DpwTriFbmSimulator,4096,200,0.7,164,0.7059214427577268,,0.9,5,1
20260216_174830,DpwTriFbmSimulator,4096,200,0.7,165,0.5913097011017431,,0.9,5,1
20260216_174830,DpwTriFbmSimulator,4096,200,0.7,166,0.6828752345970379,,0.9,5,1
20260216_174830,DpwTriFbmSimulator,4096,200,0.7,167,0.5977571446699391,,0.9,5,1
20260216_174830,DpwTriFbmSimulator,4096,200,0.7,168,0.7392670132032731,,0.9,5,1
20260216_174830,DpwTriFbmSimulator,4096,200,0.7,169,0.4682480865470864,,0.9,5,1
20260216_174830,DpwTriFbmSimulator,4096,200,0.7,170,0.5738937706994085,,0.9,5,1
20260216_174830,DpwTriFbmSimulator,4096,200,0.7,171,0.0091335748420701,,0.9,5,1
20260216_174830,DpwTriFbmSimulator,4096,200,0.7,172,0.7750001620184261,,0.9,5,1
20260216_174830,DpwTriFbmSimulator,4096,200,0.7,173,0.7176121999365963,,0.9,5,1
20260216_174830,DpwTriFbmSimulator,4096,200,0.7,174,0.6085033666160635,,0.9,5,1
20260216_174830,DpwTriFbmSimulator,4096,200,0.7,175,0.7388401997663206,,0.9,5,1
20260216_174830,DpwTriFbmSimulator,4096,200,0.7,176,0.6769875590751113,,0.9,5,1
20260216_174830,DpwTriFbmSimulator,4096,200,0.7,177,0.5579187715470353,,0.9,5,1
20260216_174830,DpwTriFbmSimulator,4096,200,0.7,178,0.7896026828117431,,0.9,5,1
20260216_174830,DpwTriFbmSimulator,4096,200,0.7,179,0.6068957112345355,,0.9,5,1
20260216_174830,DpwTriFbmSimulator,4096,200,0.7,180,0.540947881960728,,0.9,5,1
20260216_174830,DpwTriFbmSimulator,4096,200,0.7,181,0.5224629245723226,,0.9,5,1
20260216_174830,DpwTriFbmSimulator,4096,200,0.7,182,0.6896521599266641,,0.9,5,1
20260216_174830,DpwTriFbmSimulator,4096,200,0.7,183,0.7718059796776606,,0.9,5,1
20260216_174830,DpwTriFbmSimulator,4096,200,0.7,184,0.7079494534516751,,0.9,5,1
20260216_174830,DpwTriFbmSimulator,4096,200,0.7,185,0.7598309635602517,,0.9,5,1
20260216_174830,DpwTriFbmSimulator,4096,200,0.7,186,0.6959360582353216,,0.9,5,1
20260216_174830,DpwTriFbmSimulator,4096,200,0.7,187,0.9176283055770944,,0.9,5,1
20260216_174830,DpwTriFbmSimulator,4096,200,0.7,188,0.6074325619967489,,0.9,5,1
20260216_174830,DpwTriFbmSimulator,4096,200,0.7,189,0.7404952015830877,,0.9,5,1
20260216_174830,DpwTriFbmSimulator,4096,200,0.7,190,0.6088321013794368,,0.9,5,1
20260216_174830,DpwTriFbmSimulator,4096,200,0.7,191,0.6067097630135897,,0.9,5,1
20260216_174830,DpwTriFbmSimulator,4096,200,0.7,192,0.5539582216017919,,0.9,5,1
20260216_174830,DpwTriFbmSimulator,4096,200,0.7,193,0.7017469459977599,,0.9,5,1
20260216_174830,DpwTriFbmSimulator,4096,200,0.7,194,0.4399475520479233,,0.9,5,1
20260216_174830,DpwTriFbmSimulator,4096,200,0.7,195,0.722098738910194,,0.9,5,1
20260216_174830,DpwTriFbmSimulator,4096,200,0.7,196,0.6404005533393026,,0.9,5,1
20260216_174830,DpwTriFbmSimulator,4096,200,0.7,197,0.6625974392144113,,0.9,5,1
20260216_174830,DpwTriFbmSimulator,4096,200,0.7,198,0.6334661377953212,,0.9,5,1
20260216_174830,DpwTriFbmSimulator,4096,200,0.7,199,0.6731117170569855,,0.9,5,1
20260216_174830,DpwTriFbmSimulator,4096,200,0.7,200,0.7759096292420689,,0.9,5,1
20260216_174830,DpwTriFbmSimulator,4096,200,0.9,1,0.4132192826906468,,0.9,5,1
20260216_174830,DpwTriFbmSimulator,4096,200,0.9,2,0.921041466899222,,0.9,5,1
20260216_174830,DpwTriFbmSimulator,4096,200,0.9,3,0.7819667726028158,,0.9,5,1
20260216_174830,DpwTriFbmSimulator,4096,200,0.9,4,0.8231599693546294,,0.9,5,1
20260216_174830,DpwTriFbmSimulator,4096,200,0.9,5,0.8545580694061451,,0.9,5,1
20260216_174830,DpwTriFbmSimulator,4096,200,0.9,6,0.818567913909348,,0.9,5,1
20260216_174830,DpwTriFbmSimulator,4096,200,0.9,7,1.0321979760645368,,0.9,5,1
20260216_174830,DpwTriFbmSimulator,4096,200,0.9,8,0.7147796642239723,,0.9,5,1
20260216_174830,DpwTriFbmSimulator,4096,200,0.9,9,0.7461267467757933,,0.9,5,1
20260216_174830,DpwTriFbmSimulator,4096,200,0.9,10,0.7812125602902775,,0.9,5,1
20260216_174830,DpwTriFbmSimulator,4096,200,0.9,11,0.7863851304033755,,0.9,5,1
20260216_174830,DpwTriFbmSimulator,4096,200,0.9,12,0.8953114966889384,,0.9,5,1
20260216_174830,DpwTriFbmSimulator,4096,200,0.9,13,0.7658216325335231,,0.9,5,1
20260216_174830,DpwTriFbmSimulator,4096,200,0.9,14,0.8643491389013624,,0.9,5,1
20260216_174830,DpwTriFbmSimulator,4096,200,0.9,15,0.7607017793048763,,0.9,5,1
20260216_174830,DpwTriFbmSimulator,4096,200,0.9,16,0.7825547586802899,,0.9,5,1
20260216_174830,DpwTriFbmSimulator,4096,200,0.9,17,0.8374932695540573,,0.9,5,1
20260216_174830,DpwTriFbmSimulator,4096,200,0.9,18,0.8687692562294298,,0.9,5,1
20260216_174830,DpwTriFbmSimulator,4096,200,0.9,19,0.7898693044318992,,0.9,5,1
20260216_174830,DpwTriFbmSimulator,4096,200,0.9,20,0.803756563503493,,0.9,5,1
20260216_174830,DpwTriFbmSimulator,4096,200,0.9,21,0.9003382054397049,,0.9,5,1
20260216_174830,DpwTriFbmSimulator,4096,200,0.9,22,0.952619427750023,,0.9,5,1
20260216_174830,DpwTriFbmSimulator,4096,200,0.9,23,0.6629002647945281,,0.9,5,1
20260216_174830,DpwTriFbmSimulator,4096,200,0.9,24,0.8354058550300123,,0.9,5,1
20260216_174830,DpwTriFbmSimulator,4096,200,0.9,25,0.709301051754487,,0.9,5,1
20260216_174830,DpwTriFbmSimulator,4096,200,0.9,26,0.8120907086476677,,0.9,5,1
20260216_174830,DpwTriFbmSimulator,4096,200,0.9,27,0.920967994108904,,0.9,5,1
20260216_174830,DpwTriFbmSimulator,4096,200,0.9,28,0.8942415121857135,,0.9,5,1
20260216_174830,DpwTriFbmSimulator,4096,200,0.9,29,0.7854642008613272,,0.9,5,1
20260216_174830,DpwTriFbmSimulator,4096,200,0.9,30,1.1382306605044044,,0.9,5,1
20260216_174830,DpwTriFbmSimulator,4096,200,0.9,31,0.7731599135986925,,0.9,5,1
20260216_174830,DpwTriFbmSimulator,4096,200,0.9,32,0.92584887983983,,0.9,5,1
20260216_174830,DpwTriFbmSimulator,4096,200,0.9,33,0.7269657333390821,,0.9,5,1
20260216_174830,DpwTriFbmSimulator,4096,200,0.9,34,0.6799767435054188,,0.9,5,1
20260216_174830,DpwTriFbmSimulator,4096,200,0.9,35,0.7208477288208941,,0.9,5,1
20260216_174830,DpwTriFbmSimulator,4096,200,0.9,36,0.769716719571349,,0.9,5,1
20260216_174830,DpwTriFbmSimulator,4096,200,0.9,37,0.7629314358658741,,0.9,5,1
20260216_174830,DpwTriFbmSimulator,4096,200,0.9,38,0.8254258629567454,,0.9,5,1
20260216_174830,DpwTriFbmSimulator,4096,200,0.9,39,0.8163981961776053,,0.9,5,1
20260216_174830,DpwTriFbmSimulator,4096,200,0.9,40,0.7461319790263605,,0.9,5,1
20260216_174830,DpwTriFbmSimulator,4096,200,0.9,41,0.8646846662568306,,0.9,5,1
20260216_174830,DpwTriFbmSimulator,4096,200,0.9,42,0.7793304699988305,,0.9,5,1
20260216_174830,DpwTriFbmSimulator,4096,200,0.9,43,0.7617956036946364,,0.9,5,1
20260216_174830,DpwTriFbmSimulator,4096,200,0.9,44,0.7258906845859309,,0.9,5,1
20260216_174830,DpwTriFbmSimulator,4096,200,0.9,45,0.9150927619551608,,0.9,5,1
20260216_174830,DpwTriFbmSimulator,4096,200,0.9,46,0.8099667600920007,,0.9,5,1
20260216_174830,DpwTriFbmSimulator,4096,200,0.9,47,0.8016012733667897,,0.9,5,1
20260216_174830,DpwTriFbmSimulator,4096,200,0.9,48,0.8117031699375932,,0.9,5,1
20260216_174830,DpwTriFbmSimulator,4096,200,0.9,49,0.7645142253250511,,0.9,5,1
20260216_174830,DpwTriFbmSimulator,4096,200,0.9,50,0.7855837453809764,,0.9,5,1
20260216_174830,DpwTriFbmSimulator,4096,200,0.9,51,0.8845850346203873,,0.9,5,1
20260216_174830,DpwTriFbmSimulator,4096,200,0.9,52,0.8758844041107297,,0.9,5,1
20260216_174830,DpwTriFbmSimulator,4096,200,0.9,53,0.8331370218895363,,0.9,5,1
20260216_174830,DpwTriFbmSimulator,4096,200,0.9,54,0.9092180110818778,,0.9,5,1
20260216_174830,DpwTriFbmSimulator,4096,200,0.9,55,0.8215471152374852,,0.9,5,1
20260216_174830,DpwTriFbmSimulator,4096,200,0.9,56,0.7119153658189777,,0.9,5,1
20260216_174830,DpwTriFbmSimulator,4096,200,0.9,57,0.8744951928457559,,0.9,5,1
20260216_174830,DpwTriFbmSimulator,4096,200,0.9,58,0.8559342118797443,,0.9,5,1
20260216_174830,DpwTriFbmSimulator,4096,200,0.9,59,0.9180507289262732,,0.9,5,1
20260216_174830,DpwTriFbmSimulator,4096,200,0.9,60,0.8910878662402509,,0.9,5,1
20260216_174830,DpwTriFbmSimulator,4096,200,0.9,61,0.8400020449901969,,0.9,5,1
20260216_174830,DpwTriFbmSimulator,4096,200,0.9,62,0.4998931686466338,,0.9,5,1
20260216_174830,DpwTriFbmSimulator,4096,200,0.9,63,0.7537652104757203,,0.9,5,1
20260216_174830,DpwTriFbmSimulator,4096,200,0.9,64,0.9194802385649156,,0.9,5,1
20260216_174830,DpwTriFbmSimulator,4096,200,0.9,65,0.780332527314111,,0.9,5,1
20260216_174830,DpwTriFbmSimulator,4096,200,0.9,66,0.9169008007561772,,0.9,5,1
20260216_174830,DpwTriFbmSimulator,4096,200,0.9,67,0.8339304492430819,,0.9,5,1
20260216_174830,DpwTriFbmSimulator,4096,200,0.9,68,0.8603523981233583,,0.9,5,1
20260216_174830,DpwTriFbmSimulator,4096,200,0.9,69,0.8697343771910598,,0.9,5,1
20260216_174830,DpwTriFbmSimulator,4096,200,0.9,70,0.7160292490415503,,0.9,5,1
20260216_174830,DpwTriFbmSimulator,4096,200,0.9,71,0.8177033749326081,,0.9,5,1
20260216_174830,DpwTriFbmSimulator,4096,200,0.9,72,0.8142596727055592,,0.9,5,1
20260216_174830,DpwTriFbmSimulator,4096,200,0.9,73,0.8436911035574609,,0.9,5,1
20260216_174830,DpwTriFbmSimulator,4096,200,0.9,74,0.7711964569635609,,0.9,5,1
20260216_174830,DpwTriFbmSimulator,4096,200,0.9,75,0.8953250027318744,,0.9,5,1
20260216_174830,DpwTriFbmSimulator,4096,200,0.9,76,0.7502496786243877,,0.9,5,1
20260216_174830,DpwTriFbmSimulator,4096,200,0.9,77,0.6642224557642814,,0.9,5,1
20260216_174830,DpwTriFbmSimulator,4096,200,0.9,78,0.7644011209930271,,0.9,5,1
20260216_174830,DpwTriFbmSimulator,4096,200,0.9,79,0.9763796905068906,,0.9,5,1
20260216_174830,DpwTriFbmSimulator,4096,200,0.9,80,0.6552039459517309,,0.9,5,1
20260216_174830,DpwTriFbmSimulator,4096,200,0.9,81,0.6413237439087635,,0.9,5,1
20260216_174830,DpwTriFbmSimulator,4096,200,0.9,82,0.7010328964938441,,0.9,5,1
20260216_174830,DpwTriFbmSimulator,4096,200,0.9,83,0.7922669556877355,,0.9,5,1
20260216_174830,DpwTriFbmSimulator,4096,200,0.9,84,0.7400671155436549,,0.9,5,1
20260216_174830,DpwTriFbmSimulator,4096,200,0.9,85,0.824506860875291,,0.9,5,1
20260216_174830,DpwTriFbmSimulator,4096,200,0.9,86,0.8928361110484584,,0.9,5,1
20260216_174830,DpwTriFbmSimulator,4096,200,0.9,87,0.7573220461569592,,0.9,5,1
20260216_174830,DpwTriFbmSimulator,4096,200,0.9,88,0.5313073339369291,,0.9,5,1
20260216_174830,DpwTriFbmSimulator,4096,200,0.9,89,0.8778806478363224,,0.9,5,1
20260216_174830,DpwTriFbmSimulator,4096,200,0.9,90,0.9347464793262312,,0.9,5,1
20260216_174830,DpwTriFbmSimulator,4096,200,0.9,91,0.8784360972054258,,0.9,5,1
20260216_174830,DpwTriFbmSimulator,4096,200,0.9,92,0.8520859544585366,,0.9,5,1
20260216_174830,DpwTriFbmSimulator,4096,200,0.9,93,0.8353867997424713,,0.9,5,1
20260216_174830,DpwTriFbmSimulator,4096,200,0.9,94,0.7105979180123289,,0.9,5,1
20260216_174830,DpwTriFbmSimulator,4096,200,0.9,95,0.8940345089719365,,0.9,5,1
20260216_174830,DpwTriFbmSimulator,4096,200,0.9,96,0.7653150293473382,,0.9,5,1
20260216_174830,DpwTriFbmSimulator,4096,200,0.9,97,0.6412823378083576,,0.9,5,1
20260216_174830,DpwTriFbmSimulator,4096,200,0.9,98,0.7226205367244801,,0.9,5,1
20260216_174830,DpwTriFbmSimulator,4096,200,0.9,99,0.7134941093498586,,0.9,5,1
20260216_174830,DpwTriFbmSimulator,4096,200,0.9,100,0.7318890161094768,,0.9,5,1
20260216_174830,DpwTriFbmSimulator,4096,200,0.9,101,0.8023771092033778,,0.9,5,1
20260216_174830,DpwTriFbmSimulator,4096,200,0.9,102,1.073341440607925,,0.9,5,1
20260216_174830,DpwTriFbmSimulator,4096,200,0.9,103,0.9191307507260802,,0.9,5,1
20260216_174830,DpwTriFbmSimulator,4096,200,0.9,104,0.7528227027504176,,0.9,5,1
20260216_174830,DpwTriFbmSimulator,4096,200,0.9,105,0.7774570406189002,,0.9,5,1
20260216_174830,DpwTriFbmSimulator,4096,200,0.9,106,0.9110533409524334,,0.9,5,1
20260216_174830,DpwTriFbmSimulator,4096,200,0.9,107,0.8296201911034333,,0.9,5,1
20260216_174830,DpwTriFbmSimulator,4096,200,0.9,108,0.7644393740753537,,0.9,5,1
20260216_174830,DpwTriFbmSimulator,4096,200,0.9,109,0.8738511154422052,,0.9,5,1
20260216_174830,DpwTriFbmSimulator,4096,200,0.9,110,0.709755754070971,,0.9,5,1
20260216_174830,DpwTriFbmSimulator,4096,200,0.9,111,0.7426556523624657,,0.9,5,1
20260216_174830,DpwTriFbmSimulator,4096,200,0.9,112,0.9372921163512076,,0.9,5,1
20260216_174830,DpwTriFbmSimulator,4096,200,0.9,113,0.936283811455135,,0.9,5,1
20260216_174830,DpwTriFbmSimulator,4096,200,0.9,114,1.034974389448596,,0.9,5,1
20260216_174830,DpwTriFbmSimulator,4096,200,0.9,115,1.0747235435468092,,0.9,5,1
20260216_174830,DpwTriFbmSimulator,4096,200,0.9,116,0.8112906176792137,,0.9,5,1
20260216_174830,DpwTriFbmSimulator,4096,200,0.9,117,0.8181413810358622,,0.9,5,1
20260216_174830,DpwTriFbmSimulator,4096,200,0.9,118,0.3411678897405003,,0.9,5,1
20260216_174830,DpwTriFbmSimulator,4096,200,0.9,119,0.8068806810089856,,0.9,5,1
20260216_174830,DpwTriFbmSimulator,4096,200,0.9,120,0.9416234213080898,,0.9,5,1
20260216_174830,DpwTriFbmSimulator,4096,200,0.9,121,0.9093473587961264,,0.9,5,1
20260216_174830,DpwTriFbmSimulator,4096,200,0.9,122,0.7285756801071377,,0.9,5,1
20260216_174830,DpwTriFbmSimulator,4096,200,0.9,123,0.8944575097037408,,0.9,5,1
20260216_174830,DpwTriFbmSimulator,4096,200,0.9,124,0.899295116220498,,0.9,5,1
20260216_174830,DpwTriFbmSimulator,4096,200,0.9,125,0.8056097113824717,,0.9,5,1
20260216_174830,DpwTriFbmSimulator,4096,200,0.9,126,0.7515834542338625,,0.9,5,1
20260216_174830,DpwTriFbmSimulator,4096,200,0.9,127,0.812073835724893,,0.9,5,1
20260216_174830,DpwTriFbmSimulator,4096,200,0.9,128,1.0006954031878952,,0.9,5,1
20260216_174830,DpwTriFbmSimulator,4096,200,0.9,129,0.7905046979895788,,0.9,5,1
20260216_174830,DpwTriFbmSimulator,4096,200,0.9,130,0.8002028096207268,,0.9,5,1
20260216_174830,DpwTriFbmSimulator,4096,200,0.9,131,0.8789847960795892,,0.9,5,1
20260216_174830,DpwTriFbmSimulator,4096,200,0.9,132,0.857148132789291,,0.9,5,1
20260216_174830,DpwTriFbmSimulator,4096,200,0.9,133,0.7985882764721217,,0.9,5,1
20260216_174830,DpwTriFbmSimulator,4096,200,0.9,134,0.8083742881322435,,0.9,5,1
20260216_174830,DpwTriFbmSimulator,4096,200,0.9,135,0.8386081406622252,,0.9,5,1
20260216_174830,DpwTriFbmSimulator,4096,200,0.9,136,0.9524237946687678,,0.9,5,1
20260216_174830,DpwTriFbmSimulator,4096,200,0.9,137,0.641861332277055,,0.9,5,1
20260216_174830,DpwTriFbmSimulator,4096,200,0.9,138,0.8445792612980564,,0.9,5,1
20260216_174830,DpwTriFbmSimulator,4096,200,0.9,139,0.8198585454551236,,0.9,5,1
20260216_174830,DpwTriFbmSimulator,4096,200,0.9,140,0.9211315005900332,,0.9,5,1
20260216_174830,DpwTriFbmSimulator,4096,200,0.9,141,0.940476151837018,,0.9,5,1
20260216_174830,DpwTriFbmSimulator,4096,200,0.9,142,0.92332432169687,,0.9,5,1
20260216_174830,DpwTriFbmSimulator,4096,200,0.9,143,0.8275214572903117,,0.9,5,1
20260216_174830,DpwTriFbmSimulator,4096,200,0.9,144,0.8752509516061936,,0.9,5,1
20260216_174830,DpwTriFbmSimulator,4096,200,0.9,145,0.7894845541967918,,0.9,5,1
20260216_174830,DpwTriFbmSimulator,4096,200,0.9,146,0.7247906812097139,,0.9,5,1
20260216_174830,DpwTriFbmSimulator,4096,200,0.9,147,0.8472847010851232,,0.9,5,1
20260216_174830,DpwTriFbmSimulator,4096,200,0.9,148,0.8437696032045058,,0.9,5,1
20260216_174830,DpwTriFbmSimulator,4096,200,0.9,149,0.800811339827625,,0.9,5,1
20260216_174830,DpwTriFbmSimulator,4096,200,0.9,150,0.8537024720869035,,0.9,5,1
20260216_174830,DpwTriFbmSimulator,4096,200,0.9,151,0.8329450098508258,,0.9,5,1
20260216_174830,DpwTriFbmSimulator,4096,200,0.9,152,0.7651544192058167,,0.9,5,1
20260216_174830,DpwTriFbmSimulator,4096,200,0.9,153,0.793538541737011,,0.9,5,1
20260216_174830,DpwTriFbmSimulator,4096,200,0.9,154,0.9671054605698514,,0.9,5,1
20260216_174830,DpwTriFbmSimulator,4096,200,0.9,155,0.8319481820923067,,0.9,5,1
20260216_174830,DpwTriFbmSimulator,4096,200,0.9,156,0.8089106159106588,,0.9,5,1
20260216_174830,DpwTriFbmSimulator,4096,200,0.9,157,0.7203686630806514,,0.9,5,1
20260216_174830,DpwTriFbmSimulator,4096,200,0.9,158,0.7985719985610165,,0.9,5,1
20260216_174830,DpwTriFbmSimulator,4096,200,0.9,159,0.7061466334687615,,0.9,5,1
20260216_174830,DpwTriFbmSimulator,4096,200,0.9,160,0.9284969923129506,,0.9,5,1
20260216_174830,DpwTriFbmSimulator,4096,200,0.9,161,0.9096124835332976,,0.9,5,1
20260216_174830,DpwTriFbmSimulator,4096,200,0.9,162,0.8637701403719636,,0.9,5,1
20260216_174830,DpwTriFbmSimulator,4096,200,0.9,163,0.7923028392625732,,0.9,5,1
20260216_174830,DpwTriFbmSimulator,4096,200,0.9,164,0.886921115676431,,0.9,5,1
20260216_174830,DpwTriFbmSimulator,4096,200,0.9,165,0.7199142861695526,,0.9,5,1
20260216_174830,DpwTriFbmSimulator,4096,200,0.9,166,0.8781684601461028,,0.9,5,1
20260216_174830,DpwTriFbmSimulator,4096,200,0.9,167,0.9663801740910142,,0.9,5,1
20260216_174830,DpwTriFbmSimulator,4096,200,0.9,168,0.8243779062038397,,0.9,5,1
20260216_174830,DpwTriFbmSimulator,4096,200,0.9,169,0.9629146873967384,,0.9,5,1
20260216_174830,DpwTriFbmSimulator,4096,200,0.9,170,0.8839678812047396,,0.9,5,1
20260216_174830,DpwTriFbmSimulator,4096,200,0.9,171,0.8793250009758077,,0.9,5,1
20260216_174830,DpwTriFbmSimulator,4096,200,0.9,172,0.8098636386601878,,0.9,5,1
20260216_174830,DpwTriFbmSimulator,4096,200,0.9,173,0.9348935935121084,,0.9,5,1
20260216_174830,DpwTriFbmSimulator,4096,200,0.9,174,0.7053753650543101,,0.9,5,1
20260216_174830,DpwTriFbmSimulator,4096,200,0.9,175,0.8942772572256502,,0.9,5,1
20260216_174830,DpwTriFbmSimulator,4096,200,0.9,176,0.8008786938423539,,0.9,5,1
20260216_174830,DpwTriFbmSimulator,4096,200,0.9,177,0.8605883141066653,,0.9,5,1
20260216_174830,DpwTriFbmSimulator,4096,200,0.9,178,0.7681364087310903,,0.9,5,1
20260216_174830,DpwTriFbmSimulator,4096,200,0.9,179,0.6811951869561882,,0.9,5,1
20260216_174830,DpwTriFbmSimulator,4096,200,0.9,180,0.508231870434479,,0.9,5,1
20260216_174830,DpwTriFbmSimulator,4096,200,0.9,181,0.9293765154880989,,0.9,5,1
20260216_174830,DpwTriFbmSimulator,4096,200,0.9,182,0.9619877324101171,,0.9,5,1
20260216_174830,DpwTriFbmSimulator,4096,200,0.9,183,0.7806619449494934,,0.9,5,1
20260216_174830,DpwTriFbmSimulator,4096,200,0.9,184,0.7376573568811671,,0.9,5,1
20260216_174830,DpwTriFbmSimulator,4096,200,0.9,185,0.9070317042830396,,0.9,5,1
20260216_174830,DpwTriFbmSimulator,4096,200,0.9,186,0.8595292624946592,,0.9,5,1
20260216_174830,DpwTriFbmSimulator,4096,200,0.9,187,0.8009774060344093,,0.9,5,1
20260216_174830,DpwTriFbmSimulator,4096,200,0.9,188,0.7767406561955517,,0.9,5,1
20260216_174830,DpwTriFbmSimulator,4096,200,0.9,189,0.9712949919872556,,0.9,5,1
20260216_174830,DpwTriFbmSimulator,4096,200,0.9,190,0.9001869616483535,,0.9,5,1
20260216_174830,DpwTriFbmSimulator,4096,200,0.9,191,0.7554399247382997,,0.9,5,1
20260216_174830,DpwTriFbmSimulator,4096,200,0.9,192,0.8958976072564561,,0.9,5,1
20260216_174830,DpwTriFbmSimulator,4096,200,0.9,193,0.7550606485265983,,0.9,5,1
20260216_174830,DpwTriFbmSimulator,4096,200,0.9,194,0.9147587365663516,,0.9,5,1
20260216_174830,DpwTriFbmSimulator,4096,200,0.9,195,0.8303365590267477,,0.9,5,1
20260216_174830,DpwTriFbmSimulator,4096,200,0.9,196,0.784699829514164,,0.9,5,1
20260216_174830,DpwTriFbmSimulator,4096,200,0.9,197,0.8104278900172568,,0.9,5,1
20260216_174830,DpwTriFbmSimulator,4096,200,0.9,198,0.7318962018593668,,0.9,5,1
20260216_174830,DpwTriFbmSimulator,4096,200,0.9,199,0.7042626793424606,,0.9,5,1
20260216_174830,DpwTriFbmSimulator,4096,200,0.9,200,0.7923976745466156,,0.9,5,1
