run_id,process,N,trials,H0,trial,H_hat,sigma2_hat,K,L,sigma
20260217_011929,DpwTriFbmSimulator,4096,200,0.4,1,0.057125174571784,2.5223303650338584,0.5,5,2
20260217_011929,DpwTriFbmSimulator,4096,200,0.4,2,0.1898839617347169,0.4479736622789564,0.5,5,2
20260217_011929,DpwTriFbmSimulator,4096,200,0.4,3,0.0486097649907883,1.2875897002341132,0.5,5,2
20260217_011929,DpwTriFbmSimulator,4096,200,0.4,4,0.0790135921408413,0.3046903200469771,0.5,5,2
20260217_011929,DpwTriFbmSimulator,4096,200,0.4,5,0.2109442313035919,3.6417206088995706,0.5,5,2
20260217_011929,DpwTriFbmSimulator,4096,200,0.4,6,0.3515746601582222,9.814600465777303,0.5,5,2
20260217_011929,DpwTriFbmSimulator,4096,200,0.4,7,0.1650752908425957,12.382779267197664,0.5,5,2
20260217_011929,DpwTriFbmSimulator,4096,200,0.4,8,0.1693949115863954,1.9676821272163552,0.5,5,2
20260217_011929,DpwTriFbmSimulator,4096,200,0.4,9,0.1697457620408202,1.704401974212966,0.5,5,2
20260217_011929,DpwTriFbmSimulator,4096,200,0.4,10,0.1498605853209499,0.4110326916804993,0.5,5,2
20260217_011929,DpwTriFbmSimulator,4096,200,0.4,11,0.2183776095314052,15.891164673403734,0.5,5,2
20260217_011929,DpwTriFbmSimulator,4096,200,0.4,12,0.0294465157897714,0.2173095264435454,0.5,5,2
20260217_011929,DpwTriFbmSimulator,4096,200,0.4,13,0.2975822463731036,1.6796172921614978,0.5,5,2
20260217_011929,DpwTriFbmSimulator,4096,200,0.4,14,0.2505894931936974,1.8386221425650044,0.5,5,2
20260217_011929,DpwTriFbmSimulator,4096,200,0.4,15,6.960849064827165e-06,1.25830301577866,0.5,5,2
20260217_011929,DpwTriFbmSimulator,4096,200,0.4,16,0.180695808476439,1.0904010385302934,0.5,5,2
20260217_011929,DpwTriFbmSimulator,4096,200,0.4,17,0.2964465997403486,3.921114322342713,0.5,5,2
20260217_011929,DpwTriFbmSimulator,4096,200,0.4,18,0.1801288675634978,3.07065907832834,0.5,5,2
20260217_011929,DpwTriFbmSimulator,4096,200,0.4,19,0.0721598378923238,0.4318434182027976,0.5,5,2
20260217_011929,DpwTriFbmSimulator,4096,200,0.4,20,0.294127875195829,1.5248986104668534,0.5,5,2
20260217_011929,DpwTriFbmSimulator,4096,200,0.4,21,0.3429086907104107,4.872498458666721,0.5,5,2
20260217_011929,DpwTriFbmSimulator,4096,200,0.4,22,0.214618736059456,1.113834084340478,0.5,5,2
20260217_011929,DpwTriFbmSimulator,4096,200,0.4,23,0.1720931905482659,3.0682993248277644,0.5,5,2
20260217_011929,DpwTriFbmSimulator,4096,200,0.4,24,0.1866993196067888,0.5662222411314073,0.5,5,2
20260217_011929,DpwTriFbmSimulator,4096,200,0.4,25,0.2075223401295592,13.822228430124037,0.5,5,2
20260217_011929,DpwTriFbmSimulator,4096,200,0.4,26,0.3215151212415611,1.4292244309172184,0.5,5,2
20260217_011929,DpwTriFbmSimulator,4096,200,0.4,27,0.1798149989102735,5.62799687334044,0.5,5,2
20260217_011929,DpwTriFbmSimulator,4096,200,0.4,28,0.1757555449693899,1.4369434564881491,0.5,5,2
20260217_011929,DpwTriFbmSimulator,4096,200,0.4,29,0.4408037334852387,21.7976027946126,0.5,5,2
20260217_011929,DpwTriFbmSimulator,4096,200,0.4,30,0.0651507007266663,0.497348380969523,0.5,5,2
20260217_011929,DpwTriFbmSimulator,4096,200,0.4,31,0.2834196668096578,5.044694574985832,0.5,5,2
20260217_011929,DpwTriFbmSimulator,4096,200,0.4,32,0.3686743862859742,16.466676876082037,0.5,5,2
20260217_011929,DpwTriFbmSimulator,4096,200,0.4,33,0.136963602959927,0.3248836010530221,0.5,5,2
20260217_011929,DpwTriFbmSimulator,4096,200,0.4,34,0.2313611392720641,1.015595592773335,0.5,5,2
20260217_011929,DpwTriFbmSimulator,4096,200,0.4,35,0.3170063078721464,4.984629978970905,0.5,5,2
20260217_011929,DpwTriFbmSimulator,4096,200,0.4,36,0.2242082854324949,1.7457150375782609,0.5,5,2
20260217_011929,DpwTriFbmSimulator,4096,200,0.4,37,0.0805273263254168,0.2224557756881053,0.5,5,2
20260217_011929,DpwTriFbmSimulator,4096,200,0.4,38,0.1570667927147927,0.9427900278865023,0.5,5,2
20260217_011929,DpwTriFbmSimulator,4096,200,0.4,39,0.3946678534979496,2.9402101723442766,0.5,5,2
20260217_011929,DpwTriFbmSimulator,4096,200,0.4,40,0.1192000240388875,0.6314265944350523,0.5,5,2
20260217_011929,DpwTriFbmSimulator,4096,200,0.4,41,0.2077971849651154,0.9491858323001467,0.5,5,2
20260217_011929,DpwTriFbmSimulator,4096,200,0.4,42,0.27796128043296,0.9072532105122548,0.5,5,2
20260217_011929,DpwTriFbmSimulator,4096,200,0.4,43,0.3352094461305442,15.455564521225844,0.5,5,2
20260217_011929,DpwTriFbmSimulator,4096,200,0.4,44,0.2700456955139416,2.659555060916059,0.5,5,2
20260217_011929,DpwTriFbmSimulator,4096,200,0.4,45,0.2306589236705029,10.36058605038044,0.5,5,2
20260217_011929,DpwTriFbmSimulator,4096,200,0.4,46,0.3414333019424327,9.909215843066155,0.5,5,2
20260217_011929,DpwTriFbmSimulator,4096,200,0.4,47,0.2936058452932535,14.396676803361846,0.5,5,2
20260217_011929,DpwTriFbmSimulator,4096,200,0.4,48,0.1567633487016714,0.2760814517990941,0.5,5,2
20260217_011929,DpwTriFbmSimulator,4096,200,0.4,49,0.0903982375632959,0.4018551997185761,0.5,5,2
20260217_011929,DpwTriFbmSimulator,4096,200,0.4,50,0.0979588765270691,0.173363074836243,0.5,5,2
20260217_011929,DpwTriFbmSimulator,4096,200,0.4,51,0.3195734730187477,5.918378662416012,0.5,5,2
20260217_011929,DpwTriFbmSimulator,4096,200,0.4,52,6.960849064827165e-06,0.1533202555832354,0.5,5,2
20260217_011929,DpwTriFbmSimulator,4096,200,0.4,53,0.217184838176089,2.158126655901268,0.5,5,2
20260217_011929,DpwTriFbmSimulator,4096,200,0.4,54,6.960849064827165e-06,0.2494042175259677,0.5,5,2
20260217_011929,DpwTriFbmSimulator,4096,200,0.4,55,0.173291920738389,3.6786099600693887,0.5,5,2
20260217_011929,DpwTriFbmSimulator,4096,200,0.4,56,0.5602615333296703,90.65207354962476,0.5,5,2
20260217_011929,DpwTriFbmSimulator,4096,200,0.4,57,0.0878181364932925,0.1326210462220915,0.5,5,2
20260217_011929,DpwTriFbmSimulator,4096,200,0.4,58,0.3612969877447366,6.712458219730664,0.5,5,2
20260217_011929,DpwTriFbmSimulator,4096,200,0.4,59,0.2535543439704441,2.0362782220043387,0.5,5,2
20260217_011929,DpwTriFbmSimulator,4096,200,0.4,60,0.4646527992865349,7.655790815857422,0.5,5,2
20260217_011929,DpwTriFbmSimulator,4096,200,0.4,61,6.960849064827165e-06,0.1341330162447171,0.5,5,2
20260217_011929,DpwTriFbmSimulator,4096,200,0.4,62,6.960849064827165e-06,0.1254320811603405,0.5,5,2
20260217_011929,DpwTriFbmSimulator,4096,200,0.4,63,0.1043713906728733,0.2951423879217581,0.5,5,2
20260217_011929,DpwTriFbmSimulator,4096,200,0.4,64,0.3071508681424362,2.7751268575069856,0.5,5,2
20260217_011929,DpwTriFbmSimulator,4096,200,0.4,65,0.2880330286883193,6.538182877174679,0.5,5,2
20260217_011929,DpwTriFbmSimulator,4096,200,0.4,66,0.2022017273475554,1.855538956864544,0.5,5,2
20260217_011929,DpwTriFbmSimulator,4096,200,0.4,67,0.2959360117074679,3.0354833494902143,0.5,5,2
20260217_011929,DpwTriFbmSimulator,4096,200,0.4,68,0.2792496015400536,1.836824779441509,0.5,5,2
20260217_011929,DpwTriFbmSimulator,4096,200,0.4,69,0.1968026197685503,1.9605623824814349,0.5,5,2
20260217_011929,DpwTriFbmSimulator,4096,200,0.4,70,0.1065538343523122,0.612624932967561,0.5,5,2
20260217_011929,DpwTriFbmSimulator,4096,200,0.4,71,0.3705365360696547,34.583028228309274,0.5,5,2
20260217_011929,DpwTriFbmSimulator,4096,200,0.4,72,0.1642791869790462,2.848345019183649,0.5,5,2
20260217_011929,DpwTriFbmSimulator,4096,200,0.4,73,0.3370859553723346,1.307849872443582,0.5,5,2
20260217_011929,DpwTriFbmSimulator,4096,200,0.4,74,0.447375251119552,6.806961882986871,0.5,5,2
20260217_011929,DpwTriFbmSimulator,4096,200,0.4,75,0.1665091693548619,1.2784243925289949,0.5,5,2
20260217_011929,DpwTriFbmSimulator,4096,200,0.4,76,0.2946636537252133,0.4811946877855991,0.5,5,2
20260217_011929,DpwTriFbmSimulator,4096,200,0.4,77,0.1185063900773608,3.036515565557637,0.5,5,2
20260217_011929,DpwTriFbmSimulator,4096,200,0.4,78,0.072323997932614,0.4682529548655517,0.5,5,2
20260217_011929,DpwTriFbmSimulator,4096,200,0.4,79,0.0780818241070233,1.4008679051581183,0.5,5,2
20260217_011929,DpwTriFbmSimulator,4096,200,0.4,80,0.2472865892293828,2.859591995606386,0.5,5,2
20260217_011929,DpwTriFbmSimulator,4096,200,0.4,81,0.2919896714732027,0.6460761400466981,0.5,5,2
20260217_011929,DpwTriFbmSimulator,4096,200,0.4,82,0.5545879795203192,23.973938873796712,0.5,5,2
20260217_011929,DpwTriFbmSimulator,4096,200,0.4,83,0.5096668892652829,14.80881741772104,0.5,5,2
20260217_011929,DpwTriFbmSimulator,4096,200,0.4,84,0.4851537717928287,25.69032637907902,0.5,5,2
20260217_011929,DpwTriFbmSimulator,4096,200,0.4,85,0.0518268875167644,0.5936981927471994,0.5,5,2
20260217_011929,DpwTriFbmSimulator,4096,200,0.4,86,0.4123927334937443,13.017289186726186,0.5,5,2
20260217_011929,DpwTriFbmSimulator,4096,200,0.4,87,6.960849064827165e-06,0.2481110296115123,0.5,5,2
20260217_011929,DpwTriFbmSimulator,4096,200,0.4,88,0.3458753469626767,4.401082536727158,0.5,5,2
20260217_011929,DpwTriFbmSimulator,4096,200,0.4,89,0.1469224709292963,1.225704820646764,0.5,5,2
20260217_011929,DpwTriFbmSimulator,4096,200,0.4,90,0.2186816291683984,1.1934705230885527,0.5,5,2
20260217_011929,DpwTriFbmSimulator,4096,200,0.4,91,0.1549355051182316,2.739566270748786,0.5,5,2
20260217_011929,DpwTriFbmSimulator,4096,200,0.4,92,0.4193447970635973,1.6284957252833252,0.5,5,2
20260217_011929,DpwTriFbmSimulator,4096,200,0.4,93,0.3041914715676386,3.9641006361797926,0.5,5,2
20260217_011929,DpwTriFbmSimulator,4096,200,0.4,94,0.2859992090682337,1.162760415870921,0.5,5,2
20260217_011929,DpwTriFbmSimulator,4096,200,0.4,95,0.2483257778037626,12.372490707503529,0.5,5,2
20260217_011929,DpwTriFbmSimulator,4096,200,0.4,96,0.2946947130502632,4.217754570307486,0.5,5,2
20260217_011929,DpwTriFbmSimulator,4096,200,0.4,97,0.0684866007913964,1.0928415082349017,0.5,5,2
20260217_011929,DpwTriFbmSimulator,4096,200,0.4,98,0.4976483166860838,46.99456340648255,0.5,5,2
20260217_011929,DpwTriFbmSimulator,4096,200,0.4,99,0.2205426758912722,11.013005232914944,0.5,5,2
20260217_011929,DpwTriFbmSimulator,4096,200,0.4,100,0.2607657019768563,1.2752587198202665,0.5,5,2
20260217_011929,DpwTriFbmSimulator,4096,200,0.4,101,0.2965407165939079,17.224924649802507,0.5,5,2
20260217_011929,DpwTriFbmSimulator,4096,200,0.4,102,0.2174360781934079,0.7845336024092668,0.5,5,2
20260217_011929,DpwTriFbmSimulator,4096,200,0.4,103,0.2305203601908242,2.090105298005892,0.5,5,2
20260217_011929,DpwTriFbmSimulator,4096,200,0.4,104,0.0630855950196103,0.3199664664954215,0.5,5,2
20260217_011929,DpwTriFbmSimulator,4096,200,0.4,105,0.5158733439576965,61.844424026765054,0.5,5,2
20260217_011929,DpwTriFbmSimulator,4096,200,0.4,106,0.2553411529310987,1.6692119898839943,0.5,5,2
20260217_011929,DpwTriFbmSimulator,4096,200,0.4,107,0.0917069871308411,0.7173903477425555,0.5,5,2
20260217_011929,DpwTriFbmSimulator,4096,200,0.4,108,6.960849064827165e-06,0.3002380778704782,0.5,5,2
20260217_011929,DpwTriFbmSimulator,4096,200,0.4,109,0.3012880333692154,12.693863727629711,0.5,5,2
20260217_011929,DpwTriFbmSimulator,4096,200,0.4,110,0.2888114957611369,2.1557530808702,0.5,5,2
20260217_011929,DpwTriFbmSimulator,4096,200,0.4,111,0.1352828050575459,0.6022930406081318,0.5,5,2
20260217_011929,DpwTriFbmSimulator,4096,200,0.4,112,0.1091774701962542,0.7765893110977495,0.5,5,2
20260217_011929,DpwTriFbmSimulator,4096,200,0.4,113,0.2052078085186623,3.7478621947243234,0.5,5,2
20260217_011929,DpwTriFbmSimulator,4096,200,0.4,114,0.2371053444462254,4.602999407590406,0.5,5,2
20260217_011929,DpwTriFbmSimulator,4096,200,0.4,115,0.0415070976266042,0.9230928475033904,0.5,5,2
20260217_011929,DpwTriFbmSimulator,4096,200,0.4,116,0.1702784183626905,13.254612205489494,0.5,5,2
20260217_011929,DpwTriFbmSimulator,4096,200,0.4,117,0.4073453613935222,6.723790794123602,0.5,5,2
20260217_011929,DpwTriFbmSimulator,4096,200,0.4,118,0.2293537333352948,4.3638353493628665,0.5,5,2
20260217_011929,DpwTriFbmSimulator,4096,200,0.4,119,0.0207660667267563,0.709660018144565,0.5,5,2
20260217_011929,DpwTriFbmSimulator,4096,200,0.4,120,0.2271602167413825,1.4908761235647698,0.5,5,2
20260217_011929,DpwTriFbmSimulator,4096,200,0.4,121,0.2299983365437718,3.555294578352755,0.5,5,2
20260217_011929,DpwTriFbmSimulator,4096,200,0.4,122,0.2305598449933544,0.4278532971230815,0.5,5,2
20260217_011929,DpwTriFbmSimulator,4096,200,0.4,123,6.960849064827165e-06,0.2993706002637454,0.5,5,2
20260217_011929,DpwTriFbmSimulator,4096,200,0.4,124,0.0141163850413649,0.3302272929064088,0.5,5,2
20260217_011929,DpwTriFbmSimulator,4096,200,0.4,125,0.12103669862647,0.6346403175618734,0.5,5,2
20260217_011929,DpwTriFbmSimulator,4096,200,0.4,126,0.3373916440317447,6.181819453134974,0.5,5,2
20260217_011929,DpwTriFbmSimulator,4096,200,0.4,127,0.2177095503167777,2.1981786789283,0.5,5,2
20260217_011929,DpwTriFbmSimulator,4096,200,0.4,128,0.2912444434747073,2.962397743261487,0.5,5,2
20260217_011929,DpwTriFbmSimulator,4096,200,0.4,129,0.2363386422218832,3.764642932339931,0.5,5,2
20260217_011929,DpwTriFbmSimulator,4096,200,0.4,130,0.3494650420791671,12.556326966618814,0.5,5,2
20260217_011929,DpwTriFbmSimulator,4096,200,0.4,131,0.1844274561024666,0.5317647728749314,0.5,5,2
20260217_011929,DpwTriFbmSimulator,4096,200,0.4,132,0.3301774690748993,2.165441938036502,0.5,5,2
20260217_011929,DpwTriFbmSimulator,4096,200,0.4,133,0.0640093751444538,0.1947177638555359,0.5,5,2
20260217_011929,DpwTriFbmSimulator,4096,200,0.4,134,0.2030965790130138,5.266113063169557,0.5,5,2
20260217_011929,DpwTriFbmSimulator,4096,200,0.4,135,0.3463755952630208,13.063675679890018,0.5,5,2
20260217_011929,DpwTriFbmSimulator,4096,200,0.4,136,0.445866522683789,10.37060683003544,0.5,5,2
20260217_011929,DpwTriFbmSimulator,4096,200,0.4,137,0.1595444296882235,0.6941020172212728,0.5,5,2
20260217_011929,DpwTriFbmSimulator,4096,200,0.4,138,0.4899624380773896,23.91947780416272,0.5,5,2
20260217_011929,DpwTriFbmSimulator,4096,200,0.4,139,0.3616866729509903,13.239135481793069,0.5,5,2
20260217_011929,DpwTriFbmSimulator,4096,200,0.4,140,0.0600958229595848,0.2368759461272853,0.5,5,2
20260217_011929,DpwTriFbmSimulator,4096,200,0.4,141,0.1424205589922549,1.4391275446583187,0.5,5,2
20260217_011929,DpwTriFbmSimulator,4096,200,0.4,142,6.960849064827165e-06,0.2543926721770398,0.5,5,2
20260217_011929,DpwTriFbmSimulator,4096,200,0.4,143,6.960849064827165e-06,0.2180990641137156,0.5,5,2
20260217_011929,DpwTriFbmSimulator,4096,200,0.4,144,0.0309682340956507,0.5387853213568138,0.5,5,2
20260217_011929,DpwTriFbmSimulator,4096,200,0.4,145,0.0339890362049171,1.3377600239017298,0.5,5,2
20260217_011929,DpwTriFbmSimulator,4096,200,0.4,146,0.1348155423217475,2.37868749872784,0.5,5,2
20260217_011929,DpwTriFbmSimulator,4096,200,0.4,147,0.2603514430331588,23.12665562725994,0.5,5,2
20260217_011929,DpwTriFbmSimulator,4096,200,0.4,148,0.3295537191083433,2.217182635427527,0.5,5,2
20260217_011929,DpwTriFbmSimulator,4096,200,0.4,149,0.1939376639188273,1.901602556001021,0.5,5,2
20260217_011929,DpwTriFbmSimulator,4096,200,0.4,150,0.0220301364052209,0.6592503157286302,0.5,5,2
20260217_011929,DpwTriFbmSimulator,4096,200,0.4,151,0.2648261706631901,5.2631112702535,0.5,5,2
20260217_011929,DpwTriFbmSimulator,4096,200,0.4,152,0.4347718102601751,37.664425739661176,0.5,5,2
20260217_011929,DpwTriFbmSimulator,4096,200,0.4,153,6.960849064827165e-06,0.1801112291709265,0.5,5,2
20260217_011929,DpwTriFbmSimulator,4096,200,0.4,154,0.4569781763836599,18.98097880747044,0.5,5,2
20260217_011929,DpwTriFbmSimulator,4096,200,0.4,155,0.6402039736103142,107.82136217595932,0.5,5,2
20260217_011929,DpwTriFbmSimulator,4096,200,0.4,156,0.2363580158324845,4.367075062238597,0.5,5,2
20260217_011929,DpwTriFbmSimulator,4096,200,0.4,157,0.0431539718033839,0.2152184218068881,0.5,5,2
20260217_011929,DpwTriFbmSimulator,4096,200,0.4,158,0.0727719420989529,0.284876766735504,0.5,5,2
20260217_011929,DpwTriFbmSimulator,4096,200,0.4,159,0.1810022520424561,4.369460662936556,0.5,5,2
20260217_011929,DpwTriFbmSimulator,4096,200,0.4,160,0.3958117434997122,7.543515789550957,0.5,5,2
20260217_011929,DpwTriFbmSimulator,4096,200,0.4,161,0.1521373621122932,0.3555720750272676,0.5,5,2
20260217_011929,DpwTriFbmSimulator,4096,200,0.4,162,0.2265714539758671,3.872937372769244,0.5,5,2
20260217_011929,DpwTriFbmSimulator,4096,200,0.4,163,0.0529427014857097,0.5889286022732825,0.5,5,2
20260217_011929,DpwTriFbmSimulator,4096,200,0.4,164,0.3443180467754428,1.266187833340824,0.5,5,2
20260217_011929,DpwTriFbmSimulator,4096,200,0.4,165,6.960849064827165e-06,0.2595085157207649,0.5,5,2
20260217_011929,DpwTriFbmSimulator,4096,200,0.4,166,0.3307778461669637,3.2098302095861064,0.5,5,2
20260217_011929,DpwTriFbmSimulator,4096,200,0.4,167,0.2691644033982742,7.821548108860362,0.5,5,2
20260217_011929,DpwTriFbmSimulator,4096,200,0.4,168,0.3033059751182192,1.893433095266466,0.5,5,2
20260217_011929,DpwTriFbmSimulator,4096,200,0.4,169,0.2985454177024791,2.82535953377192,0.5,5,2
20260217_011929,DpwTriFbmSimulator,4096,200,0.4,170,0.0733672828158038,4.301197310858121,0.5,5,2
20260217_011929,DpwTriFbmSimulator,4096,200,0.4,171,0.0917874251838605,1.0228418355418518,0.5,5,2
20260217_011929,DpwTriFbmSimulator,4096,200,0.4,172,0.0809408302052575,3.2069104941195823,0.5,5,2
20260217_011929,DpwTriFbmSimulator,4096,200,0.4,173,0.1906488306143214,1.3441401129424209,0.5,5,2
20260217_011929,DpwTriFbmSimulator,4096,200,0.4,174,0.5712869340558351,144.29402118678024,0.5,5,2
20260217_011929,DpwTriFbmSimulator,4096,200,0.4,175,0.3182512163985981,4.2202040283687845,0.5,5,2
20260217_011929,DpwTriFbmSimulator,4096,200,0.4,176,0.3035104938730615,6.416265290451546,0.5,5,2
20260217_011929,DpwTriFbmSimulator,4096,200,0.4,177,0.3955400543229499,20.983472833229477,0.5,5,2
20260217_011929,DpwTriFbmSimulator,4096,200,0.4,178,0.2291791288777446,2.972427195345752,0.5,5,2
20260217_011929,DpwTriFbmSimulator,4096,200,0.4,179,0.2156510614956832,0.7101194783520134,0.5,5,2
20260217_011929,DpwTriFbmSimulator,4096,200,0.4,180,0.5921678059175043,34.510362465630216,0.5,5,2
20260217_011929,DpwTriFbmSimulator,4096,200,0.4,181,0.1108328090350619,0.678300204139664,0.5,5,2
20260217_011929,DpwTriFbmSimulator,4096,200,0.4,182,0.0588248165963364,0.2172277636143665,0.5,5,2
20260217_011929,DpwTriFbmSimulator,4096,200,0.4,183,0.2106920139151669,2.396104434304085,0.5,5,2
20260217_011929,DpwTriFbmSimulator,4096,200,0.4,184,6.960849064827165e-06,0.1059615888924919,0.5,5,2
20260217_011929,DpwTriFbmSimulator,4096,200,0.4,185,0.1795884568597636,1.9113190623323275,0.5,5,2
20260217_011929,DpwTriFbmSimulator,4096,200,0.4,186,0.3605944338509251,5.911814975923038,0.5,5,2
20260217_011929,DpwTriFbmSimulator,4096,200,0.4,187,0.2061559458559114,1.3852102566973197,0.5,5,2
20260217_011929,DpwTriFbmSimulator,4096,200,0.4,188,0.4208767892975533,7.222300816251888,0.5,5,2
20260217_011929,DpwTriFbmSimulator,4096,200,0.4,189,0.0613154481557846,0.7618561655969646,0.5,5,2
20260217_011929,DpwTriFbmSimulator,4096,200,0.4,190,0.120375119560098,2.1871265064010763,0.5,5,2
20260217_011929,DpwTriFbmSimulator,4096,200,0.4,191,0.3108135435929161,6.134469497620942,0.5,5,2
20260217_011929,DpwTriFbmSimulator,4096,200,0.4,192,0.3963654837719139,15.196522318126789,0.5,5,2
20260217_011929,DpwTriFbmSimulator,4096,200,0.4,193,0.2630795801669448,2.0188378200055217,0.5,5,2
20260217_011929,DpwTriFbmSimulator,4096,200,0.4,194,0.3194884587598654,5.806278628043417,0.5,5,2
20260217_011929,DpwTriFbmSimulator,4096,200,0.4,195,0.2849388339274779,0.9623559677379774,0.5,5,2
20260217_011929,DpwTriFbmSimulator,4096,200,0.4,196,0.3325681775336839,1.5740573022024045,0.5,5,2
20260217_011929,DpwTriFbmSimulator,4096,200,0.4,197,0.3818170302251918,24.06724978857435,0.5,5,2
20260217_011929,DpwTriFbmSimulator,4096,200,0.4,198,0.1947839058852651,0.5060217732950255,0.5,5,2
20260217_011929,DpwTriFbmSimulator,4096,200,0.4,199,0.1764718425568209,1.158883346524559,0.5,5,2
20260217_011929,DpwTriFbmSimulator,4096,200,0.4,200,0.3293911374401555,4.880741634249566,0.5,5,2
20260217_011929,DpwTriFbmSimulator,4096,200,0.7,1,0.177199577634967,0.9965206237238642,0.5,5,2
20260217_011929,DpwTriFbmSimulator,4096,200,0.7,2,0.3706693742360904,3.1534173513179904,0.5,5,2
20260217_011929,DpwTriFbmSimulator,4096,200,0.7,3,0.1156080275393024,0.0813954974256176,0.5,5,2
20260217_011929,DpwTriFbmSimulator,4096,200,0.7,4,0.5745343569260515,33.61596302984672,0.5,5,2
20260217_011929,DpwTriFbmSimulator,4096,200,0.7,5,0.3427422668339163,1.7048431923516365,0.5,5,2
20260217_011929,DpwTriFbmSimulator,4096,200,0.7,6,0.4454477438438506,3.052319306667237,0.5,5,2
20260217_011929,DpwTriFbmSimulator,4096,200,0.7,7,0.5397152269718587,33.39765091147808,0.5,5,2
20260217_011929,DpwTriFbmSimulator,4096,200,0.7,8,0.3632312602717326,2.610814224524426,0.5,5,2
20260217_011929,DpwTriFbmSimulator,4096,200,0.7,9,0.1353359465573732,0.1962411117354209,0.5,5,2
20260217_011929,DpwTriFbmSimulator,4096,200,0.7,10,0.2447400829875467,2.3013635273094737,0.5,5,2
20260217_011929,DpwTriFbmSimulator,4096,200,0.7,11,0.3002584611882086,2.1787063113044134,0.5,5,2
20260217_011929,DpwTriFbmSimulator,4096,200,0.7,12,0.1325622963075316,0.1645265573195009,0.5,5,2
20260217_011929,DpwTriFbmSimulator,4096,200,0.7,13,0.494501570138035,2.82877297190089,0.5,5,2
20260217_011929,DpwTriFbmSimulator,4096,200,0.7,14,0.388296967871519,4.664815460025562,0.5,5,2
20260217_011929,DpwTriFbmSimulator,4096,200,0.7,15,0.533612175619488,32.843004110239605,0.5,5,2
20260217_011929,DpwTriFbmSimulator,4096,200,0.7,16,0.6345486254686556,49.1758404451133,0.5,5,2
20260217_011929,DpwTriFbmSimulator,4096,200,0.7,17,0.3888695775375343,4.355560950133943,0.5,5,2
20260217_011929,DpwTriFbmSimulator,4096,200,0.7,18,0.421524724074904,9.04513900732607,0.5,5,2
20260217_011929,DpwTriFbmSimulator,4096,200,0.7,19,0.4783434658954215,4.301786556561559,0.5,5,2
20260217_011929,DpwTriFbmSimulator,4096,200,0.7,20,0.5133589027299389,17.556143211545493,0.5,5,2
20260217_011929,DpwTriFbmSimulator,4096,200,0.7,21,0.3077053225514397,4.004769093997731,0.5,5,2
20260217_011929,DpwTriFbmSimulator,4096,200,0.7,22,0.2542957842409682,1.2370243609794866,0.5,5,2
20260217_011929,DpwTriFbmSimulator,4096,200,0.7,23,0.4112191451893162,1.9800127985655984,0.5,5,2
20260217_011929,DpwTriFbmSimulator,4096,200,0.7,24,0.2812813518995106,2.544295905198121,0.5,5,2
20260217_011929,DpwTriFbmSimulator,4096,200,0.7,25,0.4705040373902179,3.930133856557274,0.5,5,2
20260217_011929,DpwTriFbmSimulator,4096,200,0.7,26,0.3166223930374411,6.254565602179375,0.5,5,2
20260217_011929,DpwTriFbmSimulator,4096,200,0.7,27,0.8292124770561219,1082.276055745435,0.5,5,2
20260217_011929,DpwTriFbmSimulator,4096,200,0.7,28,0.2301809879292745,1.4149660368387735,0.5,5,2
20260217_011929,DpwTriFbmSimulator,4096,200,0.7,29,0.3778109849551571,3.77324674793511,0.5,5,2
20260217_011929,DpwTriFbmSimulator,4096,200,0.7,30,0.2472569556509563,1.0811739998899954,0.5,5,2
20260217_011929,DpwTriFbmSimulator,4096,200,0.7,31,0.3666038128622262,1.5020985101893265,0.5,5,2
20260217_011929,DpwTriFbmSimulator,4096,200,0.7,32,0.2276085809621091,0.8537055196277337,0.5,5,2
20260217_011929,DpwTriFbmSimulator,4096,200,0.7,33,0.1342097462280669,0.3934046450399905,0.5,5,2
20260217_011929,DpwTriFbmSimulator,4096,200,0.7,34,0.4407050047892266,9.572970609287657,0.5,5,2
20260217_011929,DpwTriFbmSimulator,4096,200,0.7,35,0.6372035190240304,6.169128017498212,0.5,5,2
20260217_011929,DpwTriFbmSimulator,4096,200,0.7,36,0.4963659537073719,7.495473820987763,0.5,5,2
20260217_011929,DpwTriFbmSimulator,4096,200,0.7,37,0.546005484464392,5.480875072300588,0.5,5,2
20260217_011929,DpwTriFbmSimulator,4096,200,0.7,38,0.5868510065854774,5.418124759110719,0.5,5,2
20260217_011929,DpwTriFbmSimulator,4096,200,0.7,39,0.4002850328102851,1.4242693671419693,0.5,5,2
20260217_011929,DpwTriFbmSimulator,4096,200,0.7,40,0.3197240486055039,2.991021577569222,0.5,5,2
20260217_011929,DpwTriFbmSimulator,4096,200,0.7,41,0.2929004699271832,0.6561045359309517,0.5,5,2
20260217_011929,DpwTriFbmSimulator,4096,200,0.7,42,0.326186154379226,1.6895114156962074,0.5,5,2
20260217_011929,DpwTriFbmSimulator,4096,200,0.7,43,0.3202187260887102,3.381403458084657,0.5,5,2
20260217_011929,DpwTriFbmSimulator,4096,200,0.7,44,0.3232210491904563,0.82231588269133,0.5,5,2
20260217_011929,DpwTriFbmSimulator,4096,200,0.7,45,0.200367685573933,0.6142945759804755,0.5,5,2
20260217_011929,DpwTriFbmSimulator,4096,200,0.7,46,0.5502174447902014,13.414234828770644,0.5,5,2
20260217_011929,DpwTriFbmSimulator,4096,200,0.7,47,0.374764938492585,2.29329997158135,0.5,5,2
20260217_011929,DpwTriFbmSimulator,4096,200,0.7,48,0.2881003372063659,2.124608247234788,0.5,5,2
20260217_011929,DpwTriFbmSimulator,4096,200,0.7,49,0.2635605422501461,3.438577530946375,0.5,5,2
20260217_011929,DpwTriFbmSimulator,4096,200,0.7,50,0.0643992631755432,0.1653917262368598,0.5,5,2
20260217_011929,DpwTriFbmSimulator,4096,200,0.7,51,0.2671999515192322,0.3459465832499445,0.5,5,2
20260217_011929,DpwTriFbmSimulator,4096,200,0.7,52,0.3712790839779246,1.7683614656601092,0.5,5,2
20260217_011929,DpwTriFbmSimulator,4096,200,0.7,53,0.2533123450327054,0.4235520586965084,0.5,5,2
20260217_011929,DpwTriFbmSimulator,4096,200,0.7,54,0.4435837866648573,3.520804393141893,0.5,5,2
20260217_011929,DpwTriFbmSimulator,4096,200,0.7,55,0.1843951018364356,2.122076283512754,0.5,5,2
20260217_011929,DpwTriFbmSimulator,4096,200,0.7,56,0.0407099489416238,0.2269781044905376,0.5,5,2
20260217_011929,DpwTriFbmSimulator,4096,200,0.7,57,0.27662157855396,0.8194903494531405,0.5,5,2
20260217_011929,DpwTriFbmSimulator,4096,200,0.7,58,0.5994745211113,0.824308045753486,0.5,5,2
20260217_011929,DpwTriFbmSimulator,4096,200,0.7,59,0.5680528745039672,10.492011701313144,0.5,5,2
20260217_011929,DpwTriFbmSimulator,4096,200,0.7,60,0.2554587783007432,1.26631805867936,0.5,5,2
20260217_011929,DpwTriFbmSimulator,4096,200,0.7,61,0.3150321383098119,3.876890811926416,0.5,5,2
20260217_011929,DpwTriFbmSimulator,4096,200,0.7,62,0.3475812573217581,0.7030987717710344,0.5,5,2
20260217_011929,DpwTriFbmSimulator,4096,200,0.7,63,0.4685390170833057,12.16131987584986,0.5,5,2
20260217_011929,DpwTriFbmSimulator,4096,200,0.7,64,0.3579349722249912,3.446641306897774,0.5,5,2
20260217_011929,DpwTriFbmSimulator,4096,200,0.7,65,0.4443217015256139,17.31620956342099,0.5,5,2
20260217_011929,DpwTriFbmSimulator,4096,200,0.7,66,0.195847048468231,0.4578815270081193,0.5,5,2
20260217_011929,DpwTriFbmSimulator,4096,200,0.7,67,0.4263452077872766,3.834028964394209,0.5,5,2
20260217_011929,DpwTriFbmSimulator,4096,200,0.7,68,0.6121663112304276,16.842676420268766,0.5,5,2
20260217_011929,DpwTriFbmSimulator,4096,200,0.7,69,0.1609796158544346,0.4080275354481105,0.5,5,2
20260217_011929,DpwTriFbmSimulator,4096,200,0.7,70,0.3081039045374864,0.5794906381496866,0.5,5,2
20260217_011929,DpwTriFbmSimulator,4096,200,0.7,71,0.4450867819749078,11.300287478247522,0.5,5,2
20260217_011929,DpwTriFbmSimulator,4096,200,0.7,72,0.4246807815379833,3.525638792895,0.5,5,2
20260217_011929,DpwTriFbmSimulator,4096,200,0.7,73,0.434433257565669,6.708077279312492,0.5,5,2
20260217_011929,DpwTriFbmSimulator,4096,200,0.7,74,0.401257811049878,9.818034011581185,0.5,5,2
20260217_011929,DpwTriFbmSimulator,4096,200,0.7,75,0.3414153195765823,1.8458223827373337,0.5,5,2
20260217_011929,DpwTriFbmSimulator,4096,200,0.7,76,0.393156361985946,1.9257654196407248,0.5,5,2
20260217_011929,DpwTriFbmSimulator,4096,200,0.7,77,0.5713307167967253,7.964237294285665,0.5,5,2
20260217_011929,DpwTriFbmSimulator,4096,200,0.7,78,0.5172526036990572,6.932082316853527,0.5,5,2
20260217_011929,DpwTriFbmSimulator,4096,200,0.7,79,0.2664345003977105,2.167267343997321,0.5,5,2
20260217_011929,DpwTriFbmSimulator,4096,200,0.7,80,0.6523317215486949,50.03259811266928,0.5,5,2
20260217_011929,DpwTriFbmSimulator,4096,200,0.7,81,0.3833592926549878,9.271016766659368,0.5,5,2
20260217_011929,DpwTriFbmSimulator,4096,200,0.7,82,0.3838130927209245,1.076756912676582,0.5,5,2
20260217_011929,DpwTriFbmSimulator,4096,200,0.7,83,0.0770288396068178,0.4595548236538765,0.5,5,2
20260217_011929,DpwTriFbmSimulator,4096,200,0.7,84,0.3860652526082154,4.598973460108671,0.5,5,2
20260217_011929,DpwTriFbmSimulator,4096,200,0.7,85,0.7222242365317946,82.27695056462548,0.5,5,2
20260217_011929,DpwTriFbmSimulator,4096,200,0.7,86,0.1083646263586257,0.096364435102521,0.5,5,2
20260217_011929,DpwTriFbmSimulator,4096,200,0.7,87,0.6669134211794024,172.28175238603387,0.5,5,2
20260217_011929,DpwTriFbmSimulator,4096,200,0.7,88,0.3058870051797132,0.3564026862128202,0.5,5,2
20260217_011929,DpwTriFbmSimulator,4096,200,0.7,89,0.2203093877553398,1.2843420605356966,0.5,5,2
20260217_011929,DpwTriFbmSimulator,4096,200,0.7,90,0.2435354047398946,1.8352642981748712,0.5,5,2
20260217_011929,DpwTriFbmSimulator,4096,200,0.7,91,0.0732536587374281,0.1244451277560957,0.5,5,2
20260217_011929,DpwTriFbmSimulator,4096,200,0.7,92,0.3106679426890578,0.526527796361205,0.5,5,2
20260217_011929,DpwTriFbmSimulator,4096,200,0.7,93,0.2191681261708041,0.5834747715100623,0.5,5,2
20260217_011929,DpwTriFbmSimulator,4096,200,0.7,94,0.3624022078207952,1.0966146439872435,0.5,5,2
20260217_011929,DpwTriFbmSimulator,4096,200,0.7,95,0.3074583021070083,2.113555940451183,0.5,5,2
20260217_011929,DpwTriFbmSimulator,4096,200,0.7,96,0.2594398965281844,1.131198639797388,0.5,5,2
20260217_011929,DpwTriFbmSimulator,4096,200,0.7,97,0.3073198698898108,1.1590445122709252,0.5,5,2
20260217_011929,DpwTriFbmSimulator,4096,200,0.7,98,0.4339645694104878,14.418922109367374,0.5,5,2
20260217_011929,DpwTriFbmSimulator,4096,200,0.7,99,0.7909569545418265,24.6694414210952,0.5,5,2
20260217_011929,DpwTriFbmSimulator,4096,200,0.7,100,0.5323207816360361,3.1083313919688726,0.5,5,2
20260217_011929,DpwTriFbmSimulator,4096,200,0.7,101,0.4448204992631548,5.929499962791653,0.5,5,2
20260217_011929,DpwTriFbmSimulator,4096,200,0.7,102,0.3423008940426212,4.283458631633446,0.5,5,2
20260217_011929,DpwTriFbmSimulator,4096,200,0.7,103,0.2987221367455739,0.4743166245264631,0.5,5,2
20260217_011929,DpwTriFbmSimulator,4096,200,0.7,104,0.435015057191557,6.349830809349296,0.5,5,2
20260217_011929,DpwTriFbmSimulator,4096,200,0.7,105,0.4615630030024005,3.1642506034219102,0.5,5,2
20260217_011929,DpwTriFbmSimulator,4096,200,0.7,106,0.4224972716608614,4.041627039596766,0.5,5,2
20260217_011929,DpwTriFbmSimulator,4096,200,0.7,107,0.6809206057383567,89.99631403256296,0.5,5,2
20260217_011929,DpwTriFbmSimulator,4096,200,0.7,108,0.8231202127976396,62.55789831402885,0.5,5,2
20260217_011929,DpwTriFbmSimulator,4096,200,0.7,109,0.2748387328343735,1.486267151717801,0.5,5,2
20260217_011929,DpwTriFbmSimulator,4096,200,0.7,110,0.5600972191662865,40.75706487038156,0.5,5,2
20260217_011929,DpwTriFbmSimulator,4096,200,0.7,111,0.0253432411630843,0.1160941197312152,0.5,5,2
20260217_011929,DpwTriFbmSimulator,4096,200,0.7,112,0.4574126501446343,1.702058602786416,0.5,5,2
20260217_011929,DpwTriFbmSimulator,4096,200,0.7,113,0.3907832339808115,0.6558474695297628,0.5,5,2
20260217_011929,DpwTriFbmSimulator,4096,200,0.7,114,0.2157163816460573,0.838019343918705,0.5,5,2
20260217_011929,DpwTriFbmSimulator,4096,200,0.7,115,0.5344966103181004,19.91534021016852,0.5,5,2
20260217_011929,DpwTriFbmSimulator,4096,200,0.7,116,0.2900447515717835,2.910574960801288,0.5,5,2
20260217_011929,DpwTriFbmSimulator,4096,200,0.7,117,0.3112367023419662,3.229810922441009,0.5,5,2
20260217_011929,DpwTriFbmSimulator,4096,200,0.7,118,0.2229328042836535,0.7395165083088703,0.5,5,2
20260217_011929,DpwTriFbmSimulator,4096,200,0.7,119,0.1331841201566517,0.1859655850293169,0.5,5,2
20260217_011929,DpwTriFbmSimulator,4096,200,0.7,120,0.3859499218879388,6.644964845844106,0.5,5,2
20260217_011929,DpwTriFbmSimulator,4096,200,0.7,121,0.7697859283856212,141.65565672856036,0.5,5,2
20260217_011929,DpwTriFbmSimulator,4096,200,0.7,122,0.2208291327194869,0.4884089985393414,0.5,5,2
20260217_011929,DpwTriFbmSimulator,4096,200,0.7,123,0.4244394390785911,7.526995170560077,0.5,5,2
20260217_011929,DpwTriFbmSimulator,4096,200,0.7,124,0.4061835263048969,2.07259128889674,0.5,5,2
20260217_011929,DpwTriFbmSimulator,4096,200,0.7,125,0.5881448890945263,41.69601163831312,0.5,5,2
20260217_011929,DpwTriFbmSimulator,4096,200,0.7,126,0.5172222710459401,14.976890807046482,0.5,5,2
20260217_011929,DpwTriFbmSimulator,4096,200,0.7,127,0.4902882398613344,7.034057595053077,0.5,5,2
20260217_011929,DpwTriFbmSimulator,4096,200,0.7,128,0.7141566632892405,31.804663597555283,0.5,5,2
20260217_011929,DpwTriFbmSimulator,4096,200,0.7,129,0.2760586405421474,1.2263092580121424,0.5,5,2
20260217_011929,DpwTriFbmSimulator,4096,200,0.7,130,0.3531765650052996,1.856596670303453,0.5,5,2
20260217_011929,DpwTriFbmSimulator,4096,200,0.7,131,0.4281634362748243,2.3400346948305915,0.5,5,2
20260217_011929,DpwTriFbmSimulator,4096,200,0.7,132,0.4671004624478764,7.165348550329888,0.5,5,2
20260217_011929,DpwTriFbmSimulator,4096,200,0.7,133,0.3706789233487316,5.506709867493283,0.5,5,2
20260217_011929,DpwTriFbmSimulator,4096,200,0.7,134,0.4743028222495765,3.5227159236866488,0.5,5,2
20260217_011929,DpwTriFbmSimulator,4096,200,0.7,135,0.3406605991567649,2.225942606613477,0.5,5,2
20260217_011929,DpwTriFbmSimulator,4096,200,0.7,136,0.5039535359353768,6.836442762719571,0.5,5,2
20260217_011929,DpwTriFbmSimulator,4096,200,0.7,137,0.3718500425240386,0.90231881534483,0.5,5,2
20260217_011929,DpwTriFbmSimulator,4096,200,0.7,138,0.4525305498037893,3.3053117112520662,0.5,5,2
20260217_011929,DpwTriFbmSimulator,4096,200,0.7,139,0.4281040920765839,6.59933418908112,0.5,5,2
20260217_011929,DpwTriFbmSimulator,4096,200,0.7,140,0.3445953252724826,2.553567239561546,0.5,5,2
20260217_011929,DpwTriFbmSimulator,4096,200,0.7,141,0.0034258969633914,0.195420729577018,0.5,5,2
20260217_011929,DpwTriFbmSimulator,4096,200,0.7,142,0.5321334806324387,19.12235074142157,0.5,5,2
20260217_011929,DpwTriFbmSimulator,4096,200,0.7,143,0.4478980804034718,4.925833278910153,0.5,5,2
20260217_011929,DpwTriFbmSimulator,4096,200,0.7,144,0.4999765328617106,3.125416769894443,0.5,5,2
20260217_011929,DpwTriFbmSimulator,4096,200,0.7,145,0.1702373950921845,0.467568079953731,0.5,5,2
20260217_011929,DpwTriFbmSimulator,4096,200,0.7,146,0.4543352439201866,4.764353646424713,0.5,5,2
20260217_011929,DpwTriFbmSimulator,4096,200,0.7,147,0.3020519525241822,3.197896196291321,0.5,5,2
20260217_011929,DpwTriFbmSimulator,4096,200,0.7,148,0.3573458399633223,0.8977318250844631,0.5,5,2
20260217_011929,DpwTriFbmSimulator,4096,200,0.7,149,0.278936516743749,0.7534251104725539,0.5,5,2
20260217_011929,DpwTriFbmSimulator,4096,200,0.7,150,0.1639600538924328,0.1612583857391466,0.5,5,2
20260217_011929,DpwTriFbmSimulator,4096,200,0.7,151,0.3368921959169434,2.358603187065019,0.5,5,2
20260217_011929,DpwTriFbmSimulator,4096,200,0.7,152,0.3956921058955993,2.981355789049991,0.5,5,2
20260217_011929,DpwTriFbmSimulator,4096,200,0.7,153,0.3077785176940169,1.8843916869131363,0.5,5,2
20260217_011929,DpwTriFbmSimulator,4096,200,0.7,154,0.5282805840400222,26.832152501542563,0.5,5,2
20260217_011929,DpwTriFbmSimulator,4096,200,0.7,155,0.0573927797680188,0.1600461738750684,0.5,5,2
20260217_011929,DpwTriFbmSimulator,4096,200,0.7,156,0.3327393127333277,10.924242142964308,0.5,5,2
20260217_011929,DpwTriFbmSimulator,4096,200,0.7,157,0.2979380509234512,4.878568437985196,0.5,5,2
20260217_011929,DpwTriFbmSimulator,4096,200,0.7,158,0.3871654849569369,5.4785076631386005,0.5,5,2
20260217_011929,DpwTriFbmSimulator,4096,200,0.7,159,0.443647324143456,2.632235822271145,0.5,5,2
20260217_011929,DpwTriFbmSimulator,4096,200,0.7,160,0.2683383960000874,3.7331192172547287,0.5,5,2
20260217_011929,DpwTriFbmSimulator,4096,200,0.7,161,0.2253922440973123,1.1859660877083305,0.5,5,2
20260217_011929,DpwTriFbmSimulator,4096,200,0.7,162,0.3271365325357642,3.898762425236708,0.5,5,2
20260217_011929,DpwTriFbmSimulator,4096,200,0.7,163,0.2459688868557831,1.0989850053308274,0.5,5,2
20260217_011929,DpwTriFbmSimulator,4096,200,0.7,164,0.5203943901137865,13.072984073973034,0.5,5,2
20260217_011929,DpwTriFbmSimulator,4096,200,0.7,165,0.5519620992040569,28.225447546491612,0.5,5,2
20260217_011929,DpwTriFbmSimulator,4096,200,0.7,166,0.6330535225321368,10.475590049281438,0.5,5,2
20260217_011929,DpwTriFbmSimulator,4096,200,0.7,167,0.289441584722905,0.1911766323664785,0.5,5,2
20260217_011929,DpwTriFbmSimulator,4096,200,0.7,168,0.2009057169571633,1.099123175772168,0.5,5,2
20260217_011929,DpwTriFbmSimulator,4096,200,0.7,169,0.4053593295597857,12.993311695733484,0.5,5,2
20260217_011929,DpwTriFbmSimulator,4096,200,0.7,170,0.1442199885787002,1.2702766084471635,0.5,5,2
20260217_011929,DpwTriFbmSimulator,4096,200,0.7,171,0.2930808687348733,4.33755338834889,0.5,5,2
20260217_011929,DpwTriFbmSimulator,4096,200,0.7,172,0.3410951617168439,7.253374796539196,0.5,5,2
20260217_011929,DpwTriFbmSimulator,4096,200,0.7,173,0.3190703578027087,6.356745502871838,0.5,5,2
20260217_011929,DpwTriFbmSimulator,4096,200,0.7,174,0.4987086228413143,28.850747294044183,0.5,5,2
20260217_011929,DpwTriFbmSimulator,4096,200,0.7,175,0.1916618194104568,0.1804183626043281,0.5,5,2
20260217_011929,DpwTriFbmSimulator,4096,200,0.7,176,0.4064114308267375,2.487314978295819,0.5,5,2
20260217_011929,DpwTriFbmSimulator,4096,200,0.7,177,0.2907619395941778,1.042180069419527,0.5,5,2
20260217_011929,DpwTriFbmSimulator,4096,200,0.7,178,0.3085566499781293,3.532923955036098,0.5,5,2
20260217_011929,DpwTriFbmSimulator,4096,200,0.7,179,0.5952123792918571,8.83276350217767,0.5,5,2
20260217_011929,DpwTriFbmSimulator,4096,200,0.7,180,0.4428293982363295,7.147113927490017,0.5,5,2
20260217_011929,DpwTriFbmSimulator,4096,200,0.7,181,0.2848480018179351,1.291683418737544,0.5,5,2
20260217_011929,DpwTriFbmSimulator,4096,200,0.7,182,0.415981843532875,8.158951815268578,0.5,5,2
20260217_011929,DpwTriFbmSimulator,4096,200,0.7,183,0.200134785086521,0.407823985858656,0.5,5,2
20260217_011929,DpwTriFbmSimulator,4096,200,0.7,184,0.3720060482642797,2.335345238736457,0.5,5,2
20260217_011929,DpwTriFbmSimulator,4096,200,0.7,185,0.2795357237378524,2.1265614162815645,0.5,5,2
20260217_011929,DpwTriFbmSimulator,4096,200,0.7,186,0.3982908854436209,1.8016030866851511,0.5,5,2
20260217_011929,DpwTriFbmSimulator,4096,200,0.7,187,0.3018577300492917,0.244253371423767,0.5,5,2
20260217_011929,DpwTriFbmSimulator,4096,200,0.7,188,0.3830927899473347,3.594115005463411,0.5,5,2
20260217_011929,DpwTriFbmSimulator,4096,200,0.7,189,0.6103626777405621,27.080297303255048,0.5,5,2
20260217_011929,DpwTriFbmSimulator,4096,200,0.7,190,0.2421630051944901,0.9636887673610433,0.5,5,2
20260217_011929,DpwTriFbmSimulator,4096,200,0.7,191,0.3045541350826556,5.644700317294556,0.5,5,2
20260217_011929,DpwTriFbmSimulator,4096,200,0.7,192,0.4914664339460922,14.61863368733894,0.5,5,2
20260217_011929,DpwTriFbmSimulator,4096,200,0.7,193,0.3539801816924939,3.804666948050743,0.5,5,2
20260217_011929,DpwTriFbmSimulator,4096,200,0.7,194,0.3143103898246344,0.775471334646134,0.5,5,2
20260217_011929,DpwTriFbmSimulator,4096,200,0.7,195,0.3294456660423924,0.6316195599797141,0.5,5,2
20260217_011929,DpwTriFbmSimulator,4096,200,0.7,196,0.3915468661361447,2.0607752116429103,0.5,5,2
20260217_011929,DpwTriFbmSimulator,4096,200,0.7,197,0.2694958742306789,1.2888455770804623,0.5,5,2
20260217_011929,DpwTriFbmSimulator,4096,200,0.7,198,0.218514382599175,1.121196633739858,0.5,5,2
20260217_011929,DpwTriFbmSimulator,4096,200,0.7,199,0.3860552308380265,10.388920266706196,0.5,5,2
20260217_011929,DpwTriFbmSimulator,4096,200,0.7,200,0.2733966113393963,3.6973518696539145,0.5,5,2
20260217_011929,DpwTriFbmSimulator,4096,200,0.9,1,0.4583083534115678,2.2531219148759742,0.5,5,2
20260217_011929,DpwTriFbmSimulator,4096,200,0.9,2,0.2864752333656307,0.6117296252288332,0.5,5,2
20260217_011929,DpwTriFbmSimulator,4096,200,0.9,3,0.7949805372764613,40.92869222124902,0.5,5,2
20260217_011929,DpwTriFbmSimulator,4096,200,0.9,4,0.6274869055661841,6.811130076470304,0.5,5,2
20260217_011929,DpwTriFbmSimulator,4096,200,0.9,5,0.5094220774343469,2.5230427667017774,0.5,5,2
20260217_011929,DpwTriFbmSimulator,4096,200,0.9,6,0.6301656532547759,29.176280114856088,0.5,5,2
20260217_011929,DpwTriFbmSimulator,4096,200,0.9,7,0.3975374347035599,6.115622882203195,0.5,5,2
20260217_011929,DpwTriFbmSimulator,4096,200,0.9,8,0.8363481853058169,113.90840335639918,0.5,5,2
20260217_011929,DpwTriFbmSimulator,4096,200,0.9,9,0.7390978950858554,121.3087128744345,0.5,5,2
20260217_011929,DpwTriFbmSimulator,4096,200,0.9,10,0.7882363576236818,9.7592037012596,0.5,5,2
20260217_011929,DpwTriFbmSimulator,4096,200,0.9,11,0.382602138908943,1.5553513760961069,0.5,5,2
20260217_011929,DpwTriFbmSimulator,4096,200,0.9,12,0.4346645771202403,0.9954256400414484,0.5,5,2
20260217_011929,DpwTriFbmSimulator,4096,200,0.9,13,0.5751995984673893,7.261339440710757,0.5,5,2
20260217_011929,DpwTriFbmSimulator,4096,200,0.9,14,0.4518955079838517,1.948388502667076,0.5,5,2
20260217_011929,DpwTriFbmSimulator,4096,200,0.9,15,0.4425829211074381,1.174590995458643,0.5,5,2
20260217_011929,DpwTriFbmSimulator,4096,200,0.9,16,0.6415531393245378,20.932036243859624,0.5,5,2
20260217_011929,DpwTriFbmSimulator,4096,200,0.9,17,0.3720374608155986,3.472262397685488,0.5,5,2
20260217_011929,DpwTriFbmSimulator,4096,200,0.9,18,0.7623896218648182,30.497142386086637,0.5,5,2
20260217_011929,DpwTriFbmSimulator,4096,200,0.9,19,0.2403002288304969,0.1418776345950259,0.5,5,2
20260217_011929,DpwTriFbmSimulator,4096,200,0.9,20,0.7047041212688366,91.07619981735375,0.5,5,2
20260217_011929,DpwTriFbmSimulator,4096,200,0.9,21,0.4317730120526026,2.591965081023365,0.5,5,2
20260217_011929,DpwTriFbmSimulator,4096,200,0.9,22,0.7711151689957154,64.92841434194851,0.5,5,2
20260217_011929,DpwTriFbmSimulator,4096,200,0.9,23,0.6473870734188668,4.052849197733852,0.5,5,2
20260217_011929,DpwTriFbmSimulator,4096,200,0.9,24,0.240355909570486,0.2183274125482252,0.5,5,2
20260217_011929,DpwTriFbmSimulator,4096,200,0.9,25,0.1494302193276247,0.0652202778567169,0.5,5,2
20260217_011929,DpwTriFbmSimulator,4096,200,0.9,26,0.5081218322558172,2.764504257440081,0.5,5,2
20260217_011929,DpwTriFbmSimulator,4096,200,0.9,27,0.3754034143025812,2.5207791727749744,0.5,5,2
20260217_011929,DpwTriFbmSimulator,4096,200,0.9,28,0.596118815202129,28.37718862805224,0.5,5,2
20260217_011929,DpwTriFbmSimulator,4096,200,0.9,29,0.4818532728900258,9.153956698784384,0.5,5,2
20260217_011929,DpwTriFbmSimulator,4096,200,0.9,30,0.250160211880466,1.1928418039603996,0.5,5,2
20260217_011929,DpwTriFbmSimulator,4096,200,0.9,31,0.50565605483937,9.075365867206331,0.5,5,2
20260217_011929,DpwTriFbmSimulator,4096,200,0.9,32,0.5446816715637984,2.9596008980178325,0.5,5,2
20260217_011929,DpwTriFbmSimulator,4096,200,0.9,33,0.3137145576575077,0.8730280617676112,0.5,5,2
20260217_011929,DpwTriFbmSimulator,4096,200,0.9,34,0.5985183428886931,22.10901968836627,0.5,5,2
20260217_011929,DpwTriFbmSimulator,4096,200,0.9,35,0.6760897713089586,17.351338434269163,0.5,5,2
20260217_011929,DpwTriFbmSimulator,4096,200,0.9,36,0.9267559598161004,551.3862132699638,0.5,5,2
20260217_011929,DpwTriFbmSimulator,4096,200,0.9,37,0.3626992885816986,0.894810044401413,0.5,5,2
20260217_011929,DpwTriFbmSimulator,4096,200,0.9,38,0.447188718381942,11.32477006750499,0.5,5,2
20260217_011929,DpwTriFbmSimulator,4096,200,0.9,39,0.5501707587470809,4.927506355558955,0.5,5,2
20260217_011929,DpwTriFbmSimulator,4096,200,0.9,40,0.4049414126899683,2.783956332450831,0.5,5,2
20260217_011929,DpwTriFbmSimulator,4096,200,0.9,41,0.4819056496450015,4.795551567651629,0.5,5,2
20260217_011929,DpwTriFbmSimulator,4096,200,0.9,42,0.435661958677065,6.011172708844361,0.5,5,2
20260217_011929,DpwTriFbmSimulator,4096,200,0.9,43,0.5573607778170914,6.174694459644194,0.5,5,2
20260217_011929,DpwTriFbmSimulator,4096,200,0.9,44,0.2628300683092369,0.1074682048996294,0.5,5,2
20260217_011929,DpwTriFbmSimulator,4096,200,0.9,45,0.2838899281520979,2.541322702694583,0.5,5,2
20260217_011929,DpwTriFbmSimulator,4096,200,0.9,46,0.4517913002188803,3.7054368804494415,0.5,5,2
20260217_011929,DpwTriFbmSimulator,4096,200,0.9,47,0.6580097592655847,61.60444373508975,0.5,5,2
20260217_011929,DpwTriFbmSimulator,4096,200,0.9,48,0.6689096946367371,15.265375973762495,0.5,5,2
20260217_011929,DpwTriFbmSimulator,4096,200,0.9,49,0.1580908869336665,0.3931887747574733,0.5,5,2
20260217_011929,DpwTriFbmSimulator,4096,200,0.9,50,0.4537366472561306,14.195465256129175,0.5,5,2
20260217_011929,DpwTriFbmSimulator,4096,200,0.9,51,0.5730172607647229,3.7156445015627297,0.5,5,2
20260217_011929,DpwTriFbmSimulator,4096,200,0.9,52,0.2071569351160913,0.4728628374439147,0.5,5,2
20260217_011929,DpwTriFbmSimulator,4096,200,0.9,53,0.478285128410176,1.888670152339279,0.5,5,2
20260217_011929,DpwTriFbmSimulator,4096,200,0.9,54,0.4120162641694407,3.7914737747274287,0.5,5,2
20260217_011929,DpwTriFbmSimulator,4096,200,0.9,55,0.1509949101906882,0.1386836447244905,0.5,5,2
20260217_011929,DpwTriFbmSimulator,4096,200,0.9,56,0.8689959075676139,48.0923620058869,0.5,5,2
20260217_011929,DpwTriFbmSimulator,4096,200,0.9,57,0.5465350750846321,11.120504999660724,0.5,5,2
20260217_011929,DpwTriFbmSimulator,4096,200,0.9,58,0.4440971422769194,5.158361855565678,0.5,5,2
20260217_011929,DpwTriFbmSimulator,4096,200,0.9,59,0.3972227095033765,1.8319240559141787,0.5,5,2
20260217_011929,DpwTriFbmSimulator,4096,200,0.9,60,0.4733759507977502,8.046868808717665,0.5,5,2
20260217_011929,DpwTriFbmSimulator,4096,200,0.9,61,0.4328046721928831,2.053319515390355,0.5,5,2
20260217_011929,DpwTriFbmSimulator,4096,200,0.9,62,0.3624764002406906,0.9871754726334144,0.5,5,2
20260217_011929,DpwTriFbmSimulator,4096,200,0.9,63,0.6447173983755086,9.571217205572513,0.5,5,2
20260217_011929,DpwTriFbmSimulator,4096,200,0.9,64,0.6209856997995018,13.39915171842821,0.5,5,2
20260217_011929,DpwTriFbmSimulator,4096,200,0.9,65,0.3690102644558805,1.291471844790095,0.5,5,2
20260217_011929,DpwTriFbmSimulator,4096,200,0.9,66,0.094272106846272,0.2577549549244443,0.5,5,2
20260217_011929,DpwTriFbmSimulator,4096,200,0.9,67,0.3064969021662942,1.0980590303965545,0.5,5,2
20260217_011929,DpwTriFbmSimulator,4096,200,0.9,68,0.0605933014254193,0.1672138866257717,0.5,5,2
20260217_011929,DpwTriFbmSimulator,4096,200,0.9,69,0.4300695868198489,2.913230178774066,0.5,5,2
20260217_011929,DpwTriFbmSimulator,4096,200,0.9,70,0.4284124418374249,2.396226413029662,0.5,5,2
20260217_011929,DpwTriFbmSimulator,4096,200,0.9,71,0.2683979487236063,0.554668392688175,0.5,5,2
20260217_011929,DpwTriFbmSimulator,4096,200,0.9,72,0.5021837523952085,1.8046554160148092,0.5,5,2
20260217_011929,DpwTriFbmSimulator,4096,200,0.9,73,0.4024074359973574,2.656017465380616,0.5,5,2
20260217_011929,DpwTriFbmSimulator,4096,200,0.9,74,0.5786692191213552,5.667067094915831,0.5,5,2
20260217_011929,DpwTriFbmSimulator,4096,200,0.9,75,0.281455040133313,1.326107798756823,0.5,5,2
20260217_011929,DpwTriFbmSimulator,4096,200,0.9,76,0.6391127638410316,2.853772426265325,0.5,5,2
20260217_011929,DpwTriFbmSimulator,4096,200,0.9,77,0.3258157105955635,0.3349928803119755,0.5,5,2
20260217_011929,DpwTriFbmSimulator,4096,200,0.9,78,0.1906673674542846,0.3177781251408245,0.5,5,2
20260217_011929,DpwTriFbmSimulator,4096,200,0.9,79,0.7053819106053604,15.953044289838358,0.5,5,2
20260217_011929,DpwTriFbmSimulator,4096,200,0.9,80,0.4005667941908769,2.28629880397252,0.5,5,2
20260217_011929,DpwTriFbmSimulator,4096,200,0.9,81,0.4626312646141236,1.869768155909878,0.5,5,2
20260217_011929,DpwTriFbmSimulator,4096,200,0.9,82,0.2863428244630888,0.3190857508459384,0.5,5,2
20260217_011929,DpwTriFbmSimulator,4096,200,0.9,83,0.4295366729474582,5.853256687680694,0.5,5,2
20260217_011929,DpwTriFbmSimulator,4096,200,0.9,84,0.4872665371728594,9.224019990163136,0.5,5,2
20260217_011929,DpwTriFbmSimulator,4096,200,0.9,85,0.4649591627908484,5.374602443665961,0.5,5,2
20260217_011929,DpwTriFbmSimulator,4096,200,0.9,86,0.6388914517890981,14.615728123623306,0.5,5,2
20260217_011929,DpwTriFbmSimulator,4096,200,0.9,87,0.4506803868906295,0.4463299578554564,0.5,5,2
20260217_011929,DpwTriFbmSimulator,4096,200,0.9,88,0.2098429883383038,0.4106150437184416,0.5,5,2
20260217_011929,DpwTriFbmSimulator,4096,200,0.9,89,0.4713977777313143,5.391192491062661,0.5,5,2
20260217_011929,DpwTriFbmSimulator,4096,200,0.9,90,0.5867298058267104,13.432272851920793,0.5,5,2
20260217_011929,DpwTriFbmSimulator,4096,200,0.9,91,0.5580650019714112,2.121777347909958,0.5,5,2
20260217_011929,DpwTriFbmSimulator,4096,200,0.9,92,0.4761243865573194,3.635863145104084,0.5,5,2
20260217_011929,DpwTriFbmSimulator,4096,200,0.9,93,0.686459508757875,15.558711271600576,0.5,5,2
20260217_011929,DpwTriFbmSimulator,4096,200,0.9,94,0.3976506166056858,2.402467013280507,0.5,5,2
20260217_011929,DpwTriFbmSimulator,4096,200,0.9,95,0.4463638707504535,13.53045148556342,0.5,5,2
20260217_011929,DpwTriFbmSimulator,4096,200,0.9,96,0.9810231336419984,339.342970215736,0.5,5,2
20260217_011929,DpwTriFbmSimulator,4096,200,0.9,97,0.3666978356702265,1.7099589836957092,0.5,5,2
20260217_011929,DpwTriFbmSimulator,4096,200,0.9,98,0.4313855992267767,3.2619720935598955,0.5,5,2
20260217_011929,DpwTriFbmSimulator,4096,200,0.9,99,0.7252660180542916,9.879556402684363,0.5,5,2
20260217_011929,DpwTriFbmSimulator,4096,200,0.9,100,0.712934700942612,30.950153298906148,0.5,5,2
20260217_011929,DpwTriFbmSimulator,4096,200,0.9,101,0.8277105411666102,306.8535553561543,0.5,5,2
20260217_011929,DpwTriFbmSimulator,4096,200,0.9,102,0.5843707888957005,8.603496905339316,0.5,5,2
20260217_011929,DpwTriFbmSimulator,4096,200,0.9,103,0.4199834087857317,5.803030974520138,0.5,5,2
20260217_011929,DpwTriFbmSimulator,4096,200,0.9,104,0.5541752245432415,20.73811707883912,0.5,5,2
20260217_011929,DpwTriFbmSimulator,4096,200,0.9,105,0.3398687115459006,1.1741677970014508,0.5,5,2
20260217_011929,DpwTriFbmSimulator,4096,200,0.9,106,0.2730867586897775,0.5471544364641193,0.5,5,2
20260217_011929,DpwTriFbmSimulator,4096,200,0.9,107,0.5898679699918121,3.1216251507962283,0.5,5,2
20260217_011929,DpwTriFbmSimulator,4096,200,0.9,108,0.2983111144951346,1.1626991897132997,0.5,5,2
20260217_011929,DpwTriFbmSimulator,4096,200,0.9,109,0.4298665206935083,1.6887113600998385,0.5,5,2
20260217_011929,DpwTriFbmSimulator,4096,200,0.9,110,0.3475749021092275,0.3191542863851561,0.5,5,2
20260217_011929,DpwTriFbmSimulator,4096,200,0.9,111,0.7265519299300317,15.583038485289528,0.5,5,2
20260217_011929,DpwTriFbmSimulator,4096,200,0.9,112,0.578387846819273,2.2504791879523567,0.5,5,2
20260217_011929,DpwTriFbmSimulator,4096,200,0.9,113,0.5043381846735224,7.833308188177785,0.5,5,2
20260217_011929,DpwTriFbmSimulator,4096,200,0.9,114,0.4953408474088236,1.332202326299457,0.5,5,2
20260217_011929,DpwTriFbmSimulator,4096,200,0.9,115,0.4565443384026793,6.403064947288441,0.5,5,2
20260217_011929,DpwTriFbmSimulator,4096,200,0.9,116,0.5627925399155382,2.7060266988455703,0.5,5,2
20260217_011929,DpwTriFbmSimulator,4096,200,0.9,117,0.4205285574536779,1.9914126043779,0.5,5,2
20260217_011929,DpwTriFbmSimulator,4096,200,0.9,118,0.4294214299895069,1.1625551495445836,0.5,5,2
20260217_011929,DpwTriFbmSimulator,4096,200,0.9,119,0.4550371042113357,1.999789421687423,0.5,5,2
20260217_011929,DpwTriFbmSimulator,4096,200,0.9,120,0.7071886403690975,6.417058363951451,0.5,5,2
20260217_011929,DpwTriFbmSimulator,4096,200,0.9,121,0.4328111644310581,4.517833030502343,0.5,5,2
20260217_011929,DpwTriFbmSimulator,4096,200,0.9,122,0.5345917915139163,8.837921170981874,0.5,5,2
20260217_011929,DpwTriFbmSimulator,4096,200,0.9,123,0.2499116785444804,0.2890043311382899,0.5,5,2
20260217_011929,DpwTriFbmSimulator,4096,200,0.9,124,0.3663620171551071,2.191658188887809,0.5,5,2
20260217_011929,DpwTriFbmSimulator,4096,200,0.9,125,0.2982787865855204,0.9100050943828212,0.5,5,2
20260217_011929,DpwTriFbmSimulator,4096,200,0.9,126,0.4696800429968406,0.8369559543451622,0.5,5,2
20260217_011929,DpwTriFbmSimulator,4096,200,0.9,127,0.391028168864289,0.6934409206520007,0.5,5,2
20260217_011929,DpwTriFbmSimulator,4096,200,0.9,128,0.5494885291569108,10.32772416005406,0.5,5,2
20260217_011929,DpwTriFbmSimulator,4096,200,0.9,129,0.698908034685253,12.022950523551703,0.5,5,2
20260217_011929,DpwTriFbmSimulator,4096,200,0.9,130,0.1336296664060954,0.1106464013078782,0.5,5,2
20260217_011929,DpwTriFbmSimulator,4096,200,0.9,131,0.3771759485149805,2.324177258393744,0.5,5,2
20260217_011929,DpwTriFbmSimulator,4096,200,0.9,132,0.4760873821929133,6.596914251280025,0.5,5,2
20260217_011929,DpwTriFbmSimulator,4096,200,0.9,133,0.672785464093996,16.39169865154187,0.5,5,2
20260217_011929,DpwTriFbmSimulator,4096,200,0.9,134,0.4660518349895464,2.386185598506532,0.5,5,2
20260217_011929,DpwTriFbmSimulator,4096,200,0.9,135,0.2519877996589534,0.3989180807911142,0.5,5,2
20260217_011929,DpwTriFbmSimulator,4096,200,0.9,136,0.2974954735423977,2.1722988585395,0.5,5,2
20260217_011929,DpwTriFbmSimulator,4096,200,0.9,137,0.4448876669982874,7.425718475180983,0.5,5,2
20260217_011929,DpwTriFbmSimulator,4096,200,0.9,138,0.2345177183273256,0.1688366620765611,0.5,5,2
20260217_011929,DpwTriFbmSimulator,4096,200,0.9,139,0.4907136824085196,1.5927315456744582,0.5,5,2
20260217_011929,DpwTriFbmSimulator,4096,200,0.9,140,0.6738572896584243,15.064877270753737,0.5,5,2
20260217_011929,DpwTriFbmSimulator,4096,200,0.9,141,0.6229212824460705,7.863214866729894,0.5,5,2
20260217_011929,DpwTriFbmSimulator,4096,200,0.9,142,0.4753040100395042,1.9466882917685533,0.5,5,2
20260217_011929,DpwTriFbmSimulator,4096,200,0.9,143,0.536057982582029,9.98581849688162,0.5,5,2
20260217_011929,DpwTriFbmSimulator,4096,200,0.9,144,0.3795996338583947,3.4538884911061865,0.5,5,2
20260217_011929,DpwTriFbmSimulator,4096,200,0.9,145,0.5815828028122146,8.173274758627876,0.5,5,2
20260217_011929,DpwTriFbmSimulator,4096,200,0.9,146,0.2551929206066159,0.7651259467365739,0.5,5,2
20260217_011929,DpwTriFbmSimulator,4096,200,0.9,147,0.7082928145835221,24.748434964190164,0.5,5,2
20260217_011929,DpwTriFbmSimulator,4096,200,0.9,148,0.3948164095387725,3.1751921119160897,0.5,5,2
20260217_011929,DpwTriFbmSimulator,4096,200,0.9,149,0.5005783407778822,2.68217297710649,0.5,5,2
20260217_011929,DpwTriFbmSimulator,4096,200,0.9,150,0.4097419552876343,2.501061720366275,0.5,5,2
20260217_011929,DpwTriFbmSimulator,4096,200,0.9,151,0.550582274193515,9.19875048370806,0.5,5,2
20260217_011929,DpwTriFbmSimulator,4096,200,0.9,152,0.4728043228822398,1.2584131831243983,0.5,5,2
20260217_011929,DpwTriFbmSimulator,4096,200,0.9,153,0.4251462270572706,4.803817496320416,0.5,5,2
20260217_011929,DpwTriFbmSimulator,4096,200,0.9,154,0.3126910602542795,2.3490882717398542,0.5,5,2
20260217_011929,DpwTriFbmSimulator,4096,200,0.9,155,0.5031385526201143,0.8387328308980806,0.5,5,2
20260217_011929,DpwTriFbmSimulator,4096,200,0.9,156,0.3844686665519162,1.728138560990561,0.5,5,2
20260217_011929,DpwTriFbmSimulator,4096,200,0.9,157,0.4469558833259002,3.9612767072921744,0.5,5,2
20260217_011929,DpwTriFbmSimulator,4096,200,0.9,158,0.6130993678029181,15.233217496829331,0.5,5,2
20260217_011929,DpwTriFbmSimulator,4096,200,0.9,159,0.5972247334818926,7.872937567402896,0.5,5,2
20260217_011929,DpwTriFbmSimulator,4096,200,0.9,160,0.4059840669068658,1.7277617126545557,0.5,5,2
20260217_011929,DpwTriFbmSimulator,4096,200,0.9,161,0.3066926485190857,1.3712310830854264,0.5,5,2
20260217_011929,DpwTriFbmSimulator,4096,200,0.9,162,0.6163576884392257,4.587085413879683,0.5,5,2
20260217_011929,DpwTriFbmSimulator,4096,200,0.9,163,0.3717243818059265,1.4783905262489672,0.5,5,2
20260217_011929,DpwTriFbmSimulator,4096,200,0.9,164,0.3377787714923854,1.0002768341942672,0.5,5,2
20260217_011929,DpwTriFbmSimulator,4096,200,0.9,165,0.3418001577309834,2.083434697442866,0.5,5,2
20260217_011929,DpwTriFbmSimulator,4096,200,0.9,166,0.4503367201599993,0.5597765616893929,0.5,5,2
20260217_011929,DpwTriFbmSimulator,4096,200,0.9,167,0.6546790134403316,7.909123252235865,0.5,5,2
20260217_011929,DpwTriFbmSimulator,4096,200,0.9,168,0.4131237025814772,1.387245934456901,0.5,5,2
20260217_011929,DpwTriFbmSimulator,4096,200,0.9,169,0.0936436159673842,0.39336696395031,0.5,5,2
20260217_011929,DpwTriFbmSimulator,4096,200,0.9,170,0.4638464010195813,1.8096040178929849,0.5,5,2
20260217_011929,DpwTriFbmSimulator,4096,200,0.9,171,0.2577963642982765,0.2174281901659505,0.5,5,2
20260217_011929,DpwTriFbmSimulator,4096,200,0.9,172,0.3870981046850395,1.73481301709046,0.5,5,2
20260217_011929,DpwTriFbmSimulator,4096,200,0.9,173,0.641887445879175,12.41588929542396,0.5,5,2
20260217_011929,DpwTriFbmSimulator,4096,200,0.9,174,0.4331861853959189,4.216921803720767,0.5,5,2
20260217_011929,DpwTriFbmSimulator,4096,200,0.9,175,0.3704056784718386,2.989985823291341,0.5,5,2
20260217_011929,DpwTriFbmSimulator,4096,200,0.9,176,0.2820726555809182,0.3735507345487494,0.5,5,2
20260217_011929,DpwTriFbmSimulator,4096,200,0.9,177,0.3448355853954684,0.9387370155194042,0.5,5,2
20260217_011929,DpwTriFbmSimulator,4096,200,0.9,178,0.4893288587384887,8.423575549122216,0.5,5,2
20260217_011929,DpwTriFbmSimulator,4096,200,0.9,179,0.2053026321632613,0.0848899810306128,0.5,5,2
20260217_011929,DpwTriFbmSimulator,4096,200,0.9,180,0.3613708178068807,2.246348211066529,0.5,5,2
20260217_011929,DpwTriFbmSimulator,4096,200,0.9,181,0.3559075263985344,2.148541327820032,0.5,5,2
20260217_011929,DpwTriFbmSimulator,4096,200,0.9,182,0.2852682865434088,0.4222413609385159,0.5,5,2
20260217_011929,DpwTriFbmSimulator,4096,200,0.9,183,0.4377756401426347,7.70673664432513,0.5,5,2
20260217_011929,DpwTriFbmSimulator,4096,200,0.9,184,0.6075900257018008,2.9568554161698724,0.5,5,2
20260217_011929,DpwTriFbmSimulator,4096,200,0.9,185,0.4180837845464932,0.8443079251824903,0.5,5,2
20260217_011929,DpwTriFbmSimulator,4096,200,0.9,186,0.1272451904013828,0.32648562901319,0.5,5,2
20260217_011929,DpwTriFbmSimulator,4096,200,0.9,187,0.5161547416862537,33.130860427817375,0.5,5,2
20260217_011929,DpwTriFbmSimulator,4096,200,0.9,188,0.4612183027409182,1.5221268065490374,0.5,5,2
20260217_011929,DpwTriFbmSimulator,4096,200,0.9,189,0.8902582923160415,72.59563323301792,0.5,5,2
20260217_011929,DpwTriFbmSimulator,4096,200,0.9,190,0.3633910582989675,1.2983671471259688,0.5,5,2
20260217_011929,DpwTriFbmSimulator,4096,200,0.9,191,0.401183738739837,7.71220374650231,0.5,5,2
20260217_011929,DpwTriFbmSimulator,4096,200,0.9,192,0.3247371405709138,0.2620039160295538,0.5,5,2
20260217_011929,DpwTriFbmSimulator,4096,200,0.9,193,0.6989396323807981,41.99692959289256,0.5,5,2
20260217_011929,DpwTriFbmSimulator,4096,200,0.9,194,0.5822004561100198,4.92892673222491,0.5,5,2
20260217_011929,DpwTriFbmSimulator,4096,200,0.9,195,0.485288468605826,1.790023679971941,0.5,5,2
20260217_011929,DpwTriFbmSimulator,4096,200,0.9,196,0.4967695375640947,3.6772371464559312,0.5,5,2
20260217_011929,DpwTriFbmSimulator,4096,200,0.9,197,0.7263121131182412,8.694871752800378,0.5,5,2
20260217_011929,DpwTriFbmSimulator,4096,200,0.9,198,0.1538828428890432,0.9100556725288622,0.5,5,2
20260217_011929,DpwTriFbmSimulator,4096,200,0.9,199,0.8668471492765607,34.67497767301387,0.5,5,2
20260217_011929,DpwTriFbmSimulator,4096,200,0.9,200,0.2668370451637149,0.8154190379880849,0.5,5,2
20260217_012336,DpwTriFbmSimulator,4096,200,0.4,1,0.1778177671850962,0.0496877697061956,0.7,5,2
20260217_012336,DpwTriFbmSimulator,4096,200,0.4,2,0.2816675742341094,1.074507549504874,0.7,5,2
20260217_012336,DpwTriFbmSimulator,4096,200,0.4,3,0.1737818583407059,3.798655735631387,0.7,5,2
20260217_012336,DpwTriFbmSimulator,4096,200,0.4,4,0.1458777883697519,0.8186400395745321,0.7,5,2
20260217_012336,DpwTriFbmSimulator,4096,200,0.4,5,0.258341549730017,2.871279399821524,0.7,5,2
20260217_012336,DpwTriFbmSimulator,4096,200,0.4,6,0.2171575530912842,2.851389472708868,0.7,5,2
20260217_012336,DpwTriFbmSimulator,4096,200,0.4,7,0.1360680941894287,2.7761859385895806,0.7,5,2
20260217_012336,DpwTriFbmSimulator,4096,200,0.4,8,0.4275582366135273,4.420860293397428,0.7,5,2
20260217_012336,DpwTriFbmSimulator,4096,200,0.4,9,0.2634841852485767,4.266305414385935,0.7,5,2
20260217_012336,DpwTriFbmSimulator,4096,200,0.4,10,0.1169468821666381,0.3516787729511569,0.7,5,2
20260217_012336,DpwTriFbmSimulator,4096,200,0.4,11,0.1675335461512861,0.1565467174348809,0.7,5,2
20260217_012336,DpwTriFbmSimulator,4096,200,0.4,12,0.8102549486126206,34.88973981613974,0.7,5,2
20260217_012336,DpwTriFbmSimulator,4096,200,0.4,13,0.261234800242574,0.840144676981479,0.7,5,2
20260217_012336,DpwTriFbmSimulator,4096,200,0.4,14,0.3513409724944027,1.3589457950296369,0.7,5,2
20260217_012336,DpwTriFbmSimulator,4096,200,0.4,15,0.3268122420012631,8.310531411521522,0.7,5,2
20260217_012336,DpwTriFbmSimulator,4096,200,0.4,16,0.3391350785922482,2.027140136276958,0.7,5,2
20260217_012336,DpwTriFbmSimulator,4096,200,0.4,17,0.3663213489328651,1.902651022232993,0.7,5,2
20260217_012336,DpwTriFbmSimulator,4096,200,0.4,18,0.7049603738473346,54.64679982358352,0.7,5,2
20260217_012336,DpwTriFbmSimulator,4096,200,0.4,19,0.1594569332856717,0.2046751868184309,0.7,5,2
20260217_012336,DpwTriFbmSimulator,4096,200,0.4,20,0.2543290967903833,2.7010800628007834,0.7,5,2
20260217_012336,DpwTriFbmSimulator,4096,200,0.4,21,0.3187155450773512,7.814247625922219,0.7,5,2
20260217_012336,DpwTriFbmSimulator,4096,200,0.4,22,0.2563810077341955,3.103843832999812,0.7,5,2
20260217_012336,DpwTriFbmSimulator,4096,200,0.4,23,0.3177318174266174,1.288180988946623,0.7,5,2
20260217_012336,DpwTriFbmSimulator,4096,200,0.4,24,0.2555225997910237,1.1791303023930506,0.7,5,2
20260217_012336,DpwTriFbmSimulator,4096,200,0.4,25,0.2621117428108623,0.4466415910660872,0.7,5,2
20260217_012336,DpwTriFbmSimulator,4096,200,0.4,26,0.3861251411561754,0.80920394528936,0.7,5,2
20260217_012336,DpwTriFbmSimulator,4096,200,0.4,27,0.4505122408482336,6.894369731493373,0.7,5,2
20260217_012336,DpwTriFbmSimulator,4096,200,0.4,28,0.2030339597150737,0.107599331023594,0.7,5,2
20260217_012336,DpwTriFbmSimulator,4096,200,0.4,29,0.2222648739481998,0.8513859949198421,0.7,5,2
20260217_012336,DpwTriFbmSimulator,4096,200,0.4,30,0.1600588764625243,1.20407987857405,0.7,5,2
20260217_012336,DpwTriFbmSimulator,4096,200,0.4,31,0.3872632075724161,5.702149800236882,0.7,5,2
20260217_012336,DpwTriFbmSimulator,4096,200,0.4,32,0.4027600324850997,5.686676321157683,0.7,5,2
20260217_012336,DpwTriFbmSimulator,4096,200,0.4,33,0.4271935547148339,10.758812172905987,0.7,5,2
20260217_012336,DpwTriFbmSimulator,4096,200,0.4,34,0.3497075240343619,0.5756131357129031,0.7,5,2
20260217_012336,DpwTriFbmSimulator,4096,200,0.4,35,0.1554801552096124,0.2261546626775495,0.7,5,2
20260217_012336,DpwTriFbmSimulator,4096,200,0.4,36,5.161003712194035e-06,0.0421313523060455,0.7,5,2
20260217_012336,DpwTriFbmSimulator,4096,200,0.4,37,6.960849064827165e-06,0.0729751612897031,0.7,5,2
20260217_012336,DpwTriFbmSimulator,4096,200,0.4,38,0.3005000967722349,5.640862771108996,0.7,5,2
20260217_012336,DpwTriFbmSimulator,4096,200,0.4,39,0.2195034454726614,0.4373444720025304,0.7,5,2
20260217_012336,DpwTriFbmSimulator,4096,200,0.4,40,0.1067676352259951,0.2969994825619642,0.7,5,2
20260217_012336,DpwTriFbmSimulator,4096,200,0.4,41,0.3114792912306252,3.5431458248855323,0.7,5,2
20260217_012336,DpwTriFbmSimulator,4096,200,0.4,42,0.259344691113436,1.3156834780914206,0.7,5,2
20260217_012336,DpwTriFbmSimulator,4096,200,0.4,43,0.4905050256149675,10.680024505092607,0.7,5,2
20260217_012336,DpwTriFbmSimulator,4096,200,0.4,44,0.1903736931672079,0.4737103552157294,0.7,5,2
20260217_012336,DpwTriFbmSimulator,4096,200,0.4,45,0.3048277427868836,4.810653820344404,0.7,5,2
20260217_012336,DpwTriFbmSimulator,4096,200,0.4,46,0.4144556237670555,3.4631978473235425,0.7,5,2
20260217_012336,DpwTriFbmSimulator,4096,200,0.4,47,0.172582604457981,0.2495456208237483,0.7,5,2
20260217_012336,DpwTriFbmSimulator,4096,200,0.4,48,0.1698222325106919,0.6840946835093467,0.7,5,2
20260217_012336,DpwTriFbmSimulator,4096,200,0.4,49,0.4225142614835082,2.1067809645644147,0.7,5,2
20260217_012336,DpwTriFbmSimulator,4096,200,0.4,50,0.3034836254603025,1.514114195351772,0.7,5,2
20260217_012336,DpwTriFbmSimulator,4096,200,0.4,51,0.1699129666578255,0.205973764260771,0.7,5,2
20260217_012336,DpwTriFbmSimulator,4096,200,0.4,52,0.1413267358858957,0.6708419512708439,0.7,5,2
20260217_012336,DpwTriFbmSimulator,4096,200,0.4,53,0.3784918570358347,5.431623382219526,0.7,5,2
20260217_012336,DpwTriFbmSimulator,4096,200,0.4,54,0.2660350486997264,1.882707712777106,0.7,5,2
20260217_012336,DpwTriFbmSimulator,4096,200,0.4,55,0.3053147205763324,2.212437949535909,0.7,5,2
20260217_012336,DpwTriFbmSimulator,4096,200,0.4,56,0.1329084332601687,0.1401971580855771,0.7,5,2
20260217_012336,DpwTriFbmSimulator,4096,200,0.4,57,0.3177679799106992,0.958121562875659,0.7,5,2
20260217_012336,DpwTriFbmSimulator,4096,200,0.4,58,0.1000765975990331,0.1371542463178706,0.7,5,2
20260217_012336,DpwTriFbmSimulator,4096,200,0.4,59,0.2046976920623888,0.8421120512527934,0.7,5,2
20260217_012336,DpwTriFbmSimulator,4096,200,0.4,60,0.0924374705816856,0.2696055838153971,0.7,5,2
20260217_012336,DpwTriFbmSimulator,4096,200,0.4,61,0.2718427484146156,1.256800212948641,0.7,5,2
20260217_012336,DpwTriFbmSimulator,4096,200,0.4,62,0.1949366186546984,3.555326670960367,0.7,5,2
20260217_012336,DpwTriFbmSimulator,4096,200,0.4,63,0.3159291128215502,6.35539225713586,0.7,5,2
20260217_012336,DpwTriFbmSimulator,4096,200,0.4,64,0.0697105303187246,0.2334426311240717,0.7,5,2
20260217_012336,DpwTriFbmSimulator,4096,200,0.4,65,0.2879887989833035,8.458429205958934,0.7,5,2
20260217_012336,DpwTriFbmSimulator,4096,200,0.4,66,0.398148795948867,10.021349763486526,0.7,5,2
20260217_012336,DpwTriFbmSimulator,4096,200,0.4,67,0.2932116978332447,1.5340171905580933,0.7,5,2
20260217_012336,DpwTriFbmSimulator,4096,200,0.4,68,0.1929486302340374,0.4333919816007586,0.7,5,2
20260217_012336,DpwTriFbmSimulator,4096,200,0.4,69,0.112869763531783,0.4948253486624724,0.7,5,2
20260217_012336,DpwTriFbmSimulator,4096,200,0.4,70,0.2023170055033565,0.6611041360515364,0.7,5,2
20260217_012336,DpwTriFbmSimulator,4096,200,0.4,71,0.169720896573127,0.2526693523473943,0.7,5,2
20260217_012336,DpwTriFbmSimulator,4096,200,0.4,72,0.4436591078665626,11.719692969251858,0.7,5,2
20260217_012336,DpwTriFbmSimulator,4096,200,0.4,73,0.3870783721408694,3.844576521917752,0.7,5,2
20260217_012336,DpwTriFbmSimulator,4096,200,0.4,74,0.1153187294791868,1.5356354741346765,0.7,5,2
20260217_012336,DpwTriFbmSimulator,4096,200,0.4,75,0.1779897529261758,0.2678730107598039,0.7,5,2
20260217_012336,DpwTriFbmSimulator,4096,200,0.4,76,0.0993221219751978,0.1175420941102529,0.7,5,2
20260217_012336,DpwTriFbmSimulator,4096,200,0.4,77,0.2658180418704227,7.916552845366078,0.7,5,2
20260217_012336,DpwTriFbmSimulator,4096,200,0.4,78,0.345690027897901,0.6432925024013059,0.7,5,2
20260217_012336,DpwTriFbmSimulator,4096,200,0.4,79,0.3073086085044709,2.621591018396612,0.7,5,2
20260217_012336,DpwTriFbmSimulator,4096,200,0.4,80,0.3317473358227888,3.1683657742236577,0.7,5,2
20260217_012336,DpwTriFbmSimulator,4096,200,0.4,81,0.1970991209305853,0.487136998335524,0.7,5,2
20260217_012336,DpwTriFbmSimulator,4096,200,0.4,82,0.4767928585108538,2.286715784287251,0.7,5,2
20260217_012336,DpwTriFbmSimulator,4096,200,0.4,83,0.5233609729105148,15.163469125168444,0.7,5,2
20260217_012336,DpwTriFbmSimulator,4096,200,0.4,84,0.1918329224901719,1.636472976047759,0.7,5,2
20260217_012336,DpwTriFbmSimulator,4096,200,0.4,85,0.319542541845511,0.5603825938414491,0.7,5,2
20260217_012336,DpwTriFbmSimulator,4096,200,0.4,86,0.0982206073087339,0.2101794915564022,0.7,5,2
20260217_012336,DpwTriFbmSimulator,4096,200,0.4,87,0.1878709416205446,0.2546098062771256,0.7,5,2
20260217_012336,DpwTriFbmSimulator,4096,200,0.4,88,0.4024502784749451,0.9325561908413428,0.7,5,2
20260217_012336,DpwTriFbmSimulator,4096,200,0.4,89,0.1989701039858491,4.253027622626133,0.7,5,2
20260217_012336,DpwTriFbmSimulator,4096,200,0.4,90,0.2657493867048889,3.5468896347929744,0.7,5,2
20260217_012336,DpwTriFbmSimulator,4096,200,0.4,91,0.3800274410594758,9.433931802594048,0.7,5,2
20260217_012336,DpwTriFbmSimulator,4096,200,0.4,92,0.4319726033909529,9.694102477665162,0.7,5,2
20260217_012336,DpwTriFbmSimulator,4096,200,0.4,93,0.2806898079697673,2.666241470985188,0.7,5,2
20260217_012336,DpwTriFbmSimulator,4096,200,0.4,94,0.2081609420535501,1.26374776869863,0.7,5,2
20260217_012336,DpwTriFbmSimulator,4096,200,0.4,95,0.1650550337714118,0.770508074025313,0.7,5,2
20260217_012336,DpwTriFbmSimulator,4096,200,0.4,96,0.2113388373963346,0.9410226947634156,0.7,5,2
20260217_012336,DpwTriFbmSimulator,4096,200,0.4,97,0.0377468803989461,0.0874493089184959,0.7,5,2
20260217_012336,DpwTriFbmSimulator,4096,200,0.4,98,0.3229023263572407,3.8520462707857175,0.7,5,2
20260217_012336,DpwTriFbmSimulator,4096,200,0.4,99,0.2018664060741428,0.7362629514959884,0.7,5,2
20260217_012336,DpwTriFbmSimulator,4096,200,0.4,100,0.3129168136846031,1.3670817953854952,0.7,5,2
20260217_012336,DpwTriFbmSimulator,4096,200,0.4,101,0.327370227858972,2.168512760847827,0.7,5,2
20260217_012336,DpwTriFbmSimulator,4096,200,0.4,102,0.1531690217278074,0.516301681087488,0.7,5,2
20260217_012336,DpwTriFbmSimulator,4096,200,0.4,103,0.1402092238874326,0.7584145573922408,0.7,5,2
20260217_012336,DpwTriFbmSimulator,4096,200,0.4,104,0.3929487441171736,3.531111377703601,0.7,5,2
20260217_012336,DpwTriFbmSimulator,4096,200,0.4,105,0.3115794870424274,4.978105393164801,0.7,5,2
20260217_012336,DpwTriFbmSimulator,4096,200,0.4,106,0.484315091393411,35.99438178588941,0.7,5,2
20260217_012336,DpwTriFbmSimulator,4096,200,0.4,107,0.2584141705488572,3.7414322738277583,0.7,5,2
20260217_012336,DpwTriFbmSimulator,4096,200,0.4,108,0.2855213078855673,1.5405338637299264,0.7,5,2
20260217_012336,DpwTriFbmSimulator,4096,200,0.4,109,0.2179904040112651,0.1351448416659953,0.7,5,2
20260217_012336,DpwTriFbmSimulator,4096,200,0.4,110,0.4285062002549385,17.900217184036382,0.7,5,2
20260217_012336,DpwTriFbmSimulator,4096,200,0.4,111,0.212844042877442,0.2330953286015231,0.7,5,2
20260217_012336,DpwTriFbmSimulator,4096,200,0.4,112,0.6034080253155037,12.18569367531058,0.7,5,2
20260217_012336,DpwTriFbmSimulator,4096,200,0.4,113,0.3189572647903658,3.2225291282119706,0.7,5,2
20260217_012336,DpwTriFbmSimulator,4096,200,0.4,114,0.2963537658952681,2.9953434808898933,0.7,5,2
20260217_012336,DpwTriFbmSimulator,4096,200,0.4,115,5.561403715802669e-06,0.1834584617774082,0.7,5,2
20260217_012336,DpwTriFbmSimulator,4096,200,0.4,116,0.4442366703934765,8.711969421755086,0.7,5,2
20260217_012336,DpwTriFbmSimulator,4096,200,0.4,117,0.2438883469391278,0.99605721442005,0.7,5,2
20260217_012336,DpwTriFbmSimulator,4096,200,0.4,118,0.2552316003456808,1.1261885058645775,0.7,5,2
20260217_012336,DpwTriFbmSimulator,4096,200,0.4,119,0.5234647961576298,8.623802650018733,0.7,5,2
20260217_012336,DpwTriFbmSimulator,4096,200,0.4,120,0.3338740549559785,1.139605866734699,0.7,5,2
20260217_012336,DpwTriFbmSimulator,4096,200,0.4,121,0.4523584998614335,2.100360749614305,0.7,5,2
20260217_012336,DpwTriFbmSimulator,4096,200,0.4,122,0.2995196449455876,1.1248277660222803,0.7,5,2
20260217_012336,DpwTriFbmSimulator,4096,200,0.4,123,0.2892625653303083,1.8113654306870333,0.7,5,2
20260217_012336,DpwTriFbmSimulator,4096,200,0.4,124,6.465890681446654e-06,0.0432470314645668,0.7,5,2
20260217_012336,DpwTriFbmSimulator,4096,200,0.4,125,0.1391240155989613,3.0158574672994742,0.7,5,2
20260217_012336,DpwTriFbmSimulator,4096,200,0.4,126,0.2109875952218577,1.002295002470733,0.7,5,2
20260217_012336,DpwTriFbmSimulator,4096,200,0.4,127,0.3584888678334052,0.2809683047912394,0.7,5,2
20260217_012336,DpwTriFbmSimulator,4096,200,0.4,128,0.1798264560859563,0.6215102669654462,0.7,5,2
20260217_012336,DpwTriFbmSimulator,4096,200,0.4,129,0.4302951725608216,12.575947234736878,0.7,5,2
20260217_012336,DpwTriFbmSimulator,4096,200,0.4,130,0.2341415966571787,1.6298476258348742,0.7,5,2
20260217_012336,DpwTriFbmSimulator,4096,200,0.4,131,0.373141193901213,0.4309687655494605,0.7,5,2
20260217_012336,DpwTriFbmSimulator,4096,200,0.4,132,0.1431867996288063,0.4141330647778865,0.7,5,2
20260217_012336,DpwTriFbmSimulator,4096,200,0.4,133,0.2405077310619006,2.5890919380373645,0.7,5,2
20260217_012336,DpwTriFbmSimulator,4096,200,0.4,134,0.291733911433752,0.4137136858909917,0.7,5,2
20260217_012336,DpwTriFbmSimulator,4096,200,0.4,135,0.1537344437781839,0.5883254153585614,0.7,5,2
20260217_012336,DpwTriFbmSimulator,4096,200,0.4,136,0.1789688969795473,0.1616206031758163,0.7,5,2
20260217_012336,DpwTriFbmSimulator,4096,200,0.4,137,0.1029102812363279,1.0577312221986577,0.7,5,2
20260217_012336,DpwTriFbmSimulator,4096,200,0.4,138,0.4291042429880348,6.736891351206516,0.7,5,2
20260217_012336,DpwTriFbmSimulator,4096,200,0.4,139,0.1864589785893314,0.4166082445126005,0.7,5,2
20260217_012336,DpwTriFbmSimulator,4096,200,0.4,140,0.3845322390809914,11.748878619752064,0.7,5,2
20260217_012336,DpwTriFbmSimulator,4096,200,0.4,141,0.4070996292926792,5.580350940362665,0.7,5,2
20260217_012336,DpwTriFbmSimulator,4096,200,0.4,142,0.2536523215259955,4.491325584097365,0.7,5,2
20260217_012336,DpwTriFbmSimulator,4096,200,0.4,143,0.1890573343002838,1.49803213286107,0.7,5,2
20260217_012336,DpwTriFbmSimulator,4096,200,0.4,144,0.3446885268722615,1.8963200389863375,0.7,5,2
20260217_012336,DpwTriFbmSimulator,4096,200,0.4,145,0.2387243504865348,0.0890472099099376,0.7,5,2
20260217_012336,DpwTriFbmSimulator,4096,200,0.4,146,0.3032904566735576,1.7820228587561635,0.7,5,2
20260217_012336,DpwTriFbmSimulator,4096,200,0.4,147,0.3440156105572352,3.496380256187388,0.7,5,2
20260217_012336,DpwTriFbmSimulator,4096,200,0.4,148,0.384280443332383,8.573913225037945,0.7,5,2
20260217_012336,DpwTriFbmSimulator,4096,200,0.4,149,0.4314898665166846,6.728148399167086,0.7,5,2
20260217_012336,DpwTriFbmSimulator,4096,200,0.4,150,0.0700505109459818,0.0612048850601689,0.7,5,2
20260217_012336,DpwTriFbmSimulator,4096,200,0.4,151,0.1963915485437133,0.2005888702341943,0.7,5,2
20260217_012336,DpwTriFbmSimulator,4096,200,0.4,152,0.3465566577432249,3.545826979142773,0.7,5,2
20260217_012336,DpwTriFbmSimulator,4096,200,0.4,153,0.2101796366003925,0.7884534161702259,0.7,5,2
20260217_012336,DpwTriFbmSimulator,4096,200,0.4,154,0.1593107357963374,0.5158360946316953,0.7,5,2
20260217_012336,DpwTriFbmSimulator,4096,200,0.4,155,0.4996361992015874,5.01433144474537,0.7,5,2
20260217_012336,DpwTriFbmSimulator,4096,200,0.4,156,0.1487202359522112,1.335698635419695,0.7,5,2
20260217_012336,DpwTriFbmSimulator,4096,200,0.4,157,4.907493862789855e-06,0.3246716443900507,0.7,5,2
20260217_012336,DpwTriFbmSimulator,4096,200,0.4,158,0.1758837768889153,0.44740080818941,0.7,5,2
20260217_012336,DpwTriFbmSimulator,4096,200,0.4,159,0.1822649684521402,0.5192076370954087,0.7,5,2
20260217_012336,DpwTriFbmSimulator,4096,200,0.4,160,0.2984828879527882,3.959861434764698,0.7,5,2
20260217_012336,DpwTriFbmSimulator,4096,200,0.4,161,0.2378165052172643,0.1854796368430618,0.7,5,2
20260217_012336,DpwTriFbmSimulator,4096,200,0.4,162,0.346428441540305,2.1719202282686463,0.7,5,2
20260217_012336,DpwTriFbmSimulator,4096,200,0.4,163,0.2018342156236362,1.2336833373983604,0.7,5,2
20260217_012336,DpwTriFbmSimulator,4096,200,0.4,164,0.5036603109606701,9.78071334263158,0.7,5,2
20260217_012336,DpwTriFbmSimulator,4096,200,0.4,165,0.5770610046453547,5.623884669265322,0.7,5,2
20260217_012336,DpwTriFbmSimulator,4096,200,0.4,166,0.2692971690928836,0.2693627663899786,0.7,5,2
20260217_012336,DpwTriFbmSimulator,4096,200,0.4,167,0.2841502071667741,1.0953165997823004,0.7,5,2
20260217_012336,DpwTriFbmSimulator,4096,200,0.4,168,0.1004526057381001,0.2362414744947464,0.7,5,2
20260217_012336,DpwTriFbmSimulator,4096,200,0.4,169,0.2277173945198445,0.2237272193895557,0.7,5,2
20260217_012336,DpwTriFbmSimulator,4096,200,0.4,170,0.5075564968996494,4.926406522719507,0.7,5,2
20260217_012336,DpwTriFbmSimulator,4096,200,0.4,171,0.1512587849387721,0.2593288514259831,0.7,5,2
20260217_012336,DpwTriFbmSimulator,4096,200,0.4,172,0.6404415075189046,23.35876396458148,0.7,5,2
20260217_012336,DpwTriFbmSimulator,4096,200,0.4,173,0.4880227539842952,5.149943806041414,0.7,5,2
20260217_012336,DpwTriFbmSimulator,4096,200,0.4,174,0.3166182933579564,0.23273665575396,0.7,5,2
20260217_012336,DpwTriFbmSimulator,4096,200,0.4,175,0.2562118963212003,0.388403290086856,0.7,5,2
20260217_012336,DpwTriFbmSimulator,4096,200,0.4,176,0.5071167904749082,1.2904527111972457,0.7,5,2
20260217_012336,DpwTriFbmSimulator,4096,200,0.4,177,0.0803210058394965,0.1141276276381049,0.7,5,2
20260217_012336,DpwTriFbmSimulator,4096,200,0.4,178,0.4488434556374059,2.039329456573788,0.7,5,2
20260217_012336,DpwTriFbmSimulator,4096,200,0.4,179,0.2037227038728438,0.4437199968827376,0.7,5,2
20260217_012336,DpwTriFbmSimulator,4096,200,0.4,180,0.3103602873102273,0.553181812776079,0.7,5,2
20260217_012336,DpwTriFbmSimulator,4096,200,0.4,181,0.294633325839585,1.3951542958640628,0.7,5,2
20260217_012336,DpwTriFbmSimulator,4096,200,0.4,182,0.1216377822726444,0.1922096052734948,0.7,5,2
20260217_012336,DpwTriFbmSimulator,4096,200,0.4,183,0.5184969075100064,4.612074005563457,0.7,5,2
20260217_012336,DpwTriFbmSimulator,4096,200,0.4,184,0.3657406410070707,2.405158548197297,0.7,5,2
20260217_012336,DpwTriFbmSimulator,4096,200,0.4,185,0.1783423875969873,0.4864000640673125,0.7,5,2
20260217_012336,DpwTriFbmSimulator,4096,200,0.4,186,0.0856294481828391,0.1487616876730514,0.7,5,2
20260217_012336,DpwTriFbmSimulator,4096,200,0.4,187,0.4436554579615612,5.705888410635607,0.7,5,2
20260217_012336,DpwTriFbmSimulator,4096,200,0.4,188,0.2595291083695416,0.8490356910723998,0.7,5,2
20260217_012336,DpwTriFbmSimulator,4096,200,0.4,189,0.1714404537227419,0.8416635240239927,0.7,5,2
20260217_012336,DpwTriFbmSimulator,4096,200,0.4,190,0.3495936388055598,9.755213563322798,0.7,5,2
20260217_012336,DpwTriFbmSimulator,4096,200,0.4,191,0.2381956114079345,0.5653699058520499,0.7,5,2
20260217_012336,DpwTriFbmSimulator,4096,200,0.4,192,0.3906259441779582,0.6519733105209593,0.7,5,2
20260217_012336,DpwTriFbmSimulator,4096,200,0.4,193,0.4318724862167474,12.499412514310444,0.7,5,2
20260217_012336,DpwTriFbmSimulator,4096,200,0.4,194,0.0400627071733455,0.0943565008866148,0.7,5,2
20260217_012336,DpwTriFbmSimulator,4096,200,0.4,195,0.4624658505712679,2.4260768604702387,0.7,5,2
20260217_012336,DpwTriFbmSimulator,4096,200,0.4,196,0.1742444072718799,0.6703604605386031,0.7,5,2
20260217_012336,DpwTriFbmSimulator,4096,200,0.4,197,0.2859409273303397,1.3464999896725809,0.7,5,2
20260217_012336,DpwTriFbmSimulator,4096,200,0.4,198,0.5304406827576638,10.97900028115399,0.7,5,2
20260217_012336,DpwTriFbmSimulator,4096,200,0.4,199,0.1609512320143762,0.3228141289888503,0.7,5,2
20260217_012336,DpwTriFbmSimulator,4096,200,0.4,200,0.8292370513853771,80.03045219717602,0.7,5,2
20260217_012336,DpwTriFbmSimulator,4096,200,0.7,1,0.4162648845678611,0.3823830822778892,0.7,5,2
20260217_012336,DpwTriFbmSimulator,4096,200,0.7,2,0.0734177816614129,0.1106985031783255,0.7,5,2
20260217_012336,DpwTriFbmSimulator,4096,200,0.7,3,0.4131172614227302,1.5407759809959776,0.7,5,2
20260217_012336,DpwTriFbmSimulator,4096,200,0.7,4,0.5462003786852179,8.02262945205043,0.7,5,2
20260217_012336,DpwTriFbmSimulator,4096,200,0.7,5,0.3863840720333847,0.5105696441550737,0.7,5,2
20260217_012336,DpwTriFbmSimulator,4096,200,0.7,6,0.3830480521014962,0.1004486818268747,0.7,5,2
20260217_012336,DpwTriFbmSimulator,4096,200,0.7,7,0.3670471725255529,0.2786374093324562,0.7,5,2
20260217_012336,DpwTriFbmSimulator,4096,200,0.7,8,0.6096561101211985,1.2638626293098538,0.7,5,2
20260217_012336,DpwTriFbmSimulator,4096,200,0.7,9,0.8137448617424674,15.405423890349718,0.7,5,2
20260217_012336,DpwTriFbmSimulator,4096,200,0.7,10,0.6653374237495302,2.5193586586604595,0.7,5,2
20260217_012336,DpwTriFbmSimulator,4096,200,0.7,11,0.2832863018424363,0.0337363603885283,0.7,5,2
20260217_012336,DpwTriFbmSimulator,4096,200,0.7,12,0.4883902119251798,2.51654181005827,0.7,5,2
20260217_012336,DpwTriFbmSimulator,4096,200,0.7,13,0.6216200789720051,4.363053779046431,0.7,5,2
20260217_012336,DpwTriFbmSimulator,4096,200,0.7,14,0.4790663606330503,2.929888598671423,0.7,5,2
20260217_012336,DpwTriFbmSimulator,4096,200,0.7,15,0.7079162633463921,4.764502182767552,0.7,5,2
20260217_012336,DpwTriFbmSimulator,4096,200,0.7,16,0.8245949655408996,127.67366472464089,0.7,5,2
20260217_012336,DpwTriFbmSimulator,4096,200,0.7,17,0.3046775683476711,0.5688865936063187,0.7,5,2
20260217_012336,DpwTriFbmSimulator,4096,200,0.7,18,0.5000232090165241,1.7473888372890374,0.7,5,2
20260217_012336,DpwTriFbmSimulator,4096,200,0.7,19,0.4072076904254665,1.5150200027271712,0.7,5,2
20260217_012336,DpwTriFbmSimulator,4096,200,0.7,20,0.7063628035237343,5.577382212396245,0.7,5,2
20260217_012336,DpwTriFbmSimulator,4096,200,0.7,21,0.3149078286474294,0.0747535010106978,0.7,5,2
20260217_012336,DpwTriFbmSimulator,4096,200,0.7,22,0.4355655021379389,1.5443325847549998,0.7,5,2
20260217_012336,DpwTriFbmSimulator,4096,200,0.7,23,0.6475994518157027,1.7504366545654164,0.7,5,2
20260217_012336,DpwTriFbmSimulator,4096,200,0.7,24,0.439271885415138,0.3881489677047133,0.7,5,2
20260217_012336,DpwTriFbmSimulator,4096,200,0.7,25,0.5524024263085334,4.140925081097752,0.7,5,2
20260217_012336,DpwTriFbmSimulator,4096,200,0.7,26,0.6359021985897343,8.04163810716179,0.7,5,2
20260217_012336,DpwTriFbmSimulator,4096,200,0.7,27,0.8443215407950599,57.35798704468097,0.7,5,2
20260217_012336,DpwTriFbmSimulator,4096,200,0.7,28,0.5769767519875779,1.174737071588503,0.7,5,2
20260217_012336,DpwTriFbmSimulator,4096,200,0.7,29,0.5655989638484133,1.892974224018924,0.7,5,2
20260217_012336,DpwTriFbmSimulator,4096,200,0.7,30,0.3656307480292092,1.4587845811731064,0.7,5,2
20260217_012336,DpwTriFbmSimulator,4096,200,0.7,31,0.3209535107406939,1.2248359344043016,0.7,5,2
20260217_012336,DpwTriFbmSimulator,4096,200,0.7,32,0.9313334831779566,26.80236950234873,0.7,5,2
20260217_012336,DpwTriFbmSimulator,4096,200,0.7,33,0.5918967510962072,8.15124261622534,0.7,5,2
20260217_012336,DpwTriFbmSimulator,4096,200,0.7,34,0.6286348124704264,7.280019937363319,0.7,5,2
20260217_012336,DpwTriFbmSimulator,4096,200,0.7,35,0.554733332696131,3.143826769725975,0.7,5,2
20260217_012336,DpwTriFbmSimulator,4096,200,0.7,36,0.5091395222083216,2.6907374154507115,0.7,5,2
20260217_012336,DpwTriFbmSimulator,4096,200,0.7,37,0.3191666607085732,0.3567157498381455,0.7,5,2
20260217_012336,DpwTriFbmSimulator,4096,200,0.7,38,0.3958633971410642,1.4798361341111668,0.7,5,2
20260217_012336,DpwTriFbmSimulator,4096,200,0.7,39,0.6147739266965935,2.351620224969566,0.7,5,2
20260217_012336,DpwTriFbmSimulator,4096,200,0.7,40,0.8568917552289822,70.85082262980902,0.7,5,2
20260217_012336,DpwTriFbmSimulator,4096,200,0.7,41,0.5272354095704934,6.210136722525253,0.7,5,2
20260217_012336,DpwTriFbmSimulator,4096,200,0.7,42,0.4709777276208651,1.8734806213102244,0.7,5,2
20260217_012336,DpwTriFbmSimulator,4096,200,0.7,43,0.5781735082257966,1.4193346838549905,0.7,5,2
20260217_012336,DpwTriFbmSimulator,4096,200,0.7,44,0.5041045900598846,0.7417314945167801,0.7,5,2
20260217_012336,DpwTriFbmSimulator,4096,200,0.7,45,0.4362809230868135,0.4173362799966242,0.7,5,2
20260217_012336,DpwTriFbmSimulator,4096,200,0.7,46,0.4679350740737522,1.329158083573862,0.7,5,2
20260217_012336,DpwTriFbmSimulator,4096,200,0.7,47,0.5591089464624933,2.077957578054132,0.7,5,2
20260217_012336,DpwTriFbmSimulator,4096,200,0.7,48,0.3923137856379415,0.4959660162049933,0.7,5,2
20260217_012336,DpwTriFbmSimulator,4096,200,0.7,49,0.2065863828480965,0.1007176085568481,0.7,5,2
20260217_012336,DpwTriFbmSimulator,4096,200,0.7,50,0.6094146864790277,3.829702523649567,0.7,5,2
20260217_012336,DpwTriFbmSimulator,4096,200,0.7,51,0.4315582054377697,0.4417599718522421,0.7,5,2
20260217_012336,DpwTriFbmSimulator,4096,200,0.7,52,0.7168345121155438,4.07013414017552,0.7,5,2
20260217_012336,DpwTriFbmSimulator,4096,200,0.7,53,0.3920181383566313,0.3951694533969723,0.7,5,2
20260217_012336,DpwTriFbmSimulator,4096,200,0.7,54,0.5520307905099248,9.380916280006003,0.7,5,2
20260217_012336,DpwTriFbmSimulator,4096,200,0.7,55,0.4138668701630879,0.501113875802654,0.7,5,2
20260217_012336,DpwTriFbmSimulator,4096,200,0.7,56,0.479947648048585,5.560292997339738,0.7,5,2
20260217_012336,DpwTriFbmSimulator,4096,200,0.7,57,0.7205794528759653,8.771586953440915,0.7,5,2
20260217_012336,DpwTriFbmSimulator,4096,200,0.7,58,0.4203478388146127,1.3927415348456675,0.7,5,2
20260217_012336,DpwTriFbmSimulator,4096,200,0.7,59,0.2461067915254805,0.1266368310399596,0.7,5,2
20260217_012336,DpwTriFbmSimulator,4096,200,0.7,60,0.4577334713996537,0.6258101125688715,0.7,5,2
20260217_012336,DpwTriFbmSimulator,4096,200,0.7,61,0.2801419241099267,0.9978459181717386,0.7,5,2
20260217_012336,DpwTriFbmSimulator,4096,200,0.7,62,0.4000074499008408,0.7574121293483606,0.7,5,2
20260217_012336,DpwTriFbmSimulator,4096,200,0.7,63,0.6036129852198907,3.214401619832181,0.7,5,2
20260217_012336,DpwTriFbmSimulator,4096,200,0.7,64,0.5314699278749078,1.1971522863663162,0.7,5,2
20260217_012336,DpwTriFbmSimulator,4096,200,0.7,65,0.4947719563050848,0.4088951300387722,0.7,5,2
20260217_012336,DpwTriFbmSimulator,4096,200,0.7,66,0.4539685273705566,1.2070098336914126,0.7,5,2
20260217_012336,DpwTriFbmSimulator,4096,200,0.7,67,0.5364886500226866,1.0977300176260043,0.7,5,2
20260217_012336,DpwTriFbmSimulator,4096,200,0.7,68,0.6776184935131908,6.3700074149830535,0.7,5,2
20260217_012336,DpwTriFbmSimulator,4096,200,0.7,69,0.4693453751671283,0.4678521250183545,0.7,5,2
20260217_012336,DpwTriFbmSimulator,4096,200,0.7,70,0.4756256102899043,1.3120050105864776,0.7,5,2
20260217_012336,DpwTriFbmSimulator,4096,200,0.7,71,0.4347536874557531,1.4141934947938932,0.7,5,2
20260217_012336,DpwTriFbmSimulator,4096,200,0.7,72,0.4051075828948219,1.3933048525068763,0.7,5,2
20260217_012336,DpwTriFbmSimulator,4096,200,0.7,73,0.4103567802565093,0.5609432338187682,0.7,5,2
20260217_012336,DpwTriFbmSimulator,4096,200,0.7,74,0.4125337505594647,0.2060051882624448,0.7,5,2
20260217_012336,DpwTriFbmSimulator,4096,200,0.7,75,0.4977118835221318,2.2602230890046635,0.7,5,2
20260217_012336,DpwTriFbmSimulator,4096,200,0.7,76,0.4861614766136033,0.8425537156098755,0.7,5,2
20260217_012336,DpwTriFbmSimulator,4096,200,0.7,77,0.4973233941413375,3.2044931210632117,0.7,5,2
20260217_012336,DpwTriFbmSimulator,4096,200,0.7,78,0.60376513305028,2.31422084377412,0.7,5,2
20260217_012336,DpwTriFbmSimulator,4096,200,0.7,79,0.3523087563941788,0.2074291700511483,0.7,5,2
20260217_012336,DpwTriFbmSimulator,4096,200,0.7,80,0.5636387326124016,1.494944703123002,0.7,5,2
20260217_012336,DpwTriFbmSimulator,4096,200,0.7,81,0.4605426969400362,2.868002565483842,0.7,5,2
20260217_012336,DpwTriFbmSimulator,4096,200,0.7,82,0.2137868712501251,0.6317980955561493,0.7,5,2
20260217_012336,DpwTriFbmSimulator,4096,200,0.7,83,0.4783821769297353,2.494178143332579,0.7,5,2
20260217_012336,DpwTriFbmSimulator,4096,200,0.7,84,0.387593167444883,1.478382187123587,0.7,5,2
20260217_012336,DpwTriFbmSimulator,4096,200,0.7,85,0.468075083518198,4.584176835802191,0.7,5,2
20260217_012336,DpwTriFbmSimulator,4096,200,0.7,86,0.5482910843016557,3.831176451885474,0.7,5,2
20260217_012336,DpwTriFbmSimulator,4096,200,0.7,87,0.6359301543311798,4.170271858585302,0.7,5,2
20260217_012336,DpwTriFbmSimulator,4096,200,0.7,88,0.8168494644108754,12.53025014404798,0.7,5,2
20260217_012336,DpwTriFbmSimulator,4096,200,0.7,89,0.414949932510039,1.63692390060744,0.7,5,2
20260217_012336,DpwTriFbmSimulator,4096,200,0.7,90,0.4866166281563291,0.9191714745073364,0.7,5,2
20260217_012336,DpwTriFbmSimulator,4096,200,0.7,91,0.5826675970237615,3.0639935793547264,0.7,5,2
20260217_012336,DpwTriFbmSimulator,4096,200,0.7,92,0.6079838419497113,4.338498563909878,0.7,5,2
20260217_012336,DpwTriFbmSimulator,4096,200,0.7,93,0.372934866504,0.3293348202108923,0.7,5,2
20260217_012336,DpwTriFbmSimulator,4096,200,0.7,94,0.560972342527061,6.344334637158662,0.7,5,2
20260217_012336,DpwTriFbmSimulator,4096,200,0.7,95,0.5251272799943499,0.4952045281566637,0.7,5,2
20260217_012336,DpwTriFbmSimulator,4096,200,0.7,96,0.5528059586505893,5.036237655173165,0.7,5,2
20260217_012336,DpwTriFbmSimulator,4096,200,0.7,97,0.4887829400236692,1.634235135455775,0.7,5,2
20260217_012336,DpwTriFbmSimulator,4096,200,0.7,98,0.719738824707928,37.15841336652551,0.7,5,2
20260217_012336,DpwTriFbmSimulator,4096,200,0.7,99,0.4450673347976071,1.51711451041609,0.7,5,2
20260217_012336,DpwTriFbmSimulator,4096,200,0.7,100,0.3687555781669895,0.9373321674216768,0.7,5,2
20260217_012336,DpwTriFbmSimulator,4096,200,0.7,101,0.4217475643600772,0.7518718080606,0.7,5,2
20260217_012336,DpwTriFbmSimulator,4096,200,0.7,102,0.5335438184203289,2.5345386786434365,0.7,5,2
20260217_012336,DpwTriFbmSimulator,4096,200,0.7,103,0.0960913393044042,0.3311944398511738,0.7,5,2
20260217_012336,DpwTriFbmSimulator,4096,200,0.7,104,0.6445030456454555,22.631733721061863,0.7,5,2
20260217_012336,DpwTriFbmSimulator,4096,200,0.7,105,0.6249925617320184,9.76364062565004,0.7,5,2
20260217_012336,DpwTriFbmSimulator,4096,200,0.7,106,0.4051594219804097,3.1563242788766863,0.7,5,2
20260217_012336,DpwTriFbmSimulator,4096,200,0.7,107,0.3011313637749486,0.505561654840372,0.7,5,2
20260217_012336,DpwTriFbmSimulator,4096,200,0.7,108,0.5176499110786662,5.569962969475624,0.7,5,2
20260217_012336,DpwTriFbmSimulator,4096,200,0.7,109,0.4139956169719732,0.3594968410095119,0.7,5,2
20260217_012336,DpwTriFbmSimulator,4096,200,0.7,110,0.370537500879492,0.1826279326555051,0.7,5,2
20260217_012336,DpwTriFbmSimulator,4096,200,0.7,111,0.4680889984625106,1.2719338407811842,0.7,5,2
20260217_012336,DpwTriFbmSimulator,4096,200,0.7,112,0.3204985221529794,0.5500163103174428,0.7,5,2
20260217_012336,DpwTriFbmSimulator,4096,200,0.7,113,0.5078416289421909,4.775596952226243,0.7,5,2
20260217_012336,DpwTriFbmSimulator,4096,200,0.7,114,0.6168332700056308,16.985165909678845,0.7,5,2
20260217_012336,DpwTriFbmSimulator,4096,200,0.7,115,0.5035579225449204,1.8303396659960192,0.7,5,2
20260217_012336,DpwTriFbmSimulator,4096,200,0.7,116,0.4220088905674286,1.302691221271781,0.7,5,2
20260217_012336,DpwTriFbmSimulator,4096,200,0.7,117,0.1850496020487301,0.1094598379931513,0.7,5,2
20260217_012336,DpwTriFbmSimulator,4096,200,0.7,118,0.3078343334100112,0.5522750609990671,0.7,5,2
20260217_012336,DpwTriFbmSimulator,4096,200,0.7,119,0.7488390911908158,34.24808316906883,0.7,5,2
20260217_012336,DpwTriFbmSimulator,4096,200,0.7,120,0.5036026179407973,1.3638312256981076,0.7,5,2
20260217_012336,DpwTriFbmSimulator,4096,200,0.7,121,0.2202707805467854,0.1620417933563165,0.7,5,2
20260217_012336,DpwTriFbmSimulator,4096,200,0.7,122,0.6004138275064023,1.1491150675003583,0.7,5,2
20260217_012336,DpwTriFbmSimulator,4096,200,0.7,123,0.3995133871896306,0.7579674585753751,0.7,5,2
20260217_012336,DpwTriFbmSimulator,4096,200,0.7,124,0.6626968102244645,10.050946223353494,0.7,5,2
20260217_012336,DpwTriFbmSimulator,4096,200,0.7,125,0.3859034221218776,1.2982326142395897,0.7,5,2
20260217_012336,DpwTriFbmSimulator,4096,200,0.7,126,0.3813227418118388,2.798313513396743,0.7,5,2
20260217_012336,DpwTriFbmSimulator,4096,200,0.7,127,0.4427188481207482,4.701956557164296,0.7,5,2
20260217_012336,DpwTriFbmSimulator,4096,200,0.7,128,0.4655476881046078,3.9187142376014794,0.7,5,2
20260217_012336,DpwTriFbmSimulator,4096,200,0.7,129,0.4413610537884618,2.1721334730700943,0.7,5,2
20260217_012336,DpwTriFbmSimulator,4096,200,0.7,130,0.341896143850565,0.7889535526745125,0.7,5,2
20260217_012336,DpwTriFbmSimulator,4096,200,0.7,131,0.7772852374277597,11.303757961229644,0.7,5,2
20260217_012336,DpwTriFbmSimulator,4096,200,0.7,132,0.4808500665814608,1.3813945229497746,0.7,5,2
20260217_012336,DpwTriFbmSimulator,4096,200,0.7,133,0.3817470499834729,0.950350973582287,0.7,5,2
20260217_012336,DpwTriFbmSimulator,4096,200,0.7,134,0.5469081339715826,3.109800412786656,0.7,5,2
20260217_012336,DpwTriFbmSimulator,4096,200,0.7,135,0.5760878218960671,4.269179123555298,0.7,5,2
20260217_012336,DpwTriFbmSimulator,4096,200,0.7,136,0.4170767329783929,0.68696287864475,0.7,5,2
20260217_012336,DpwTriFbmSimulator,4096,200,0.7,137,0.2866830468530582,0.189797374998636,0.7,5,2
20260217_012336,DpwTriFbmSimulator,4096,200,0.7,138,0.672636320623947,10.094822194439912,0.7,5,2
20260217_012336,DpwTriFbmSimulator,4096,200,0.7,139,0.6492011820507197,2.40251697291194,0.7,5,2
20260217_012336,DpwTriFbmSimulator,4096,200,0.7,140,0.383678942294329,0.0892276031693631,0.7,5,2
20260217_012336,DpwTriFbmSimulator,4096,200,0.7,141,0.2495535799689514,0.1219265490464466,0.7,5,2
20260217_012336,DpwTriFbmSimulator,4096,200,0.7,142,0.4499308253183952,0.9743298236655448,0.7,5,2
20260217_012336,DpwTriFbmSimulator,4096,200,0.7,143,0.293158171872442,0.7292684278351127,0.7,5,2
20260217_012336,DpwTriFbmSimulator,4096,200,0.7,144,0.5380096540491239,7.549548813859066,0.7,5,2
20260217_012336,DpwTriFbmSimulator,4096,200,0.7,145,0.7504737693980168,24.76890832825405,0.7,5,2
20260217_012336,DpwTriFbmSimulator,4096,200,0.7,146,0.4939823598726631,1.998970115620961,0.7,5,2
20260217_012336,DpwTriFbmSimulator,4096,200,0.7,147,0.3322467246297739,0.4452749549676196,0.7,5,2
20260217_012336,DpwTriFbmSimulator,4096,200,0.7,148,0.6884716253695712,3.3671627760282763,0.7,5,2
20260217_012336,DpwTriFbmSimulator,4096,200,0.7,149,0.4157555161228687,0.9027392674725104,0.7,5,2
20260217_012336,DpwTriFbmSimulator,4096,200,0.7,150,0.5256704841749386,0.9483989668891704,0.7,5,2
20260217_012336,DpwTriFbmSimulator,4096,200,0.7,151,0.9942387861652122,117.19927112719778,0.7,5,2
20260217_012336,DpwTriFbmSimulator,4096,200,0.7,152,0.4711482776728619,1.945425741477908,0.7,5,2
20260217_012336,DpwTriFbmSimulator,4096,200,0.7,153,0.6285945312140817,2.8381871998261508,0.7,5,2
20260217_012336,DpwTriFbmSimulator,4096,200,0.7,154,0.5786069634858603,1.7950329135500498,0.7,5,2
20260217_012336,DpwTriFbmSimulator,4096,200,0.7,155,0.4619692328552775,1.8943849640196628,0.7,5,2
20260217_012336,DpwTriFbmSimulator,4096,200,0.7,156,0.3212593009490181,0.4657002972254618,0.7,5,2
20260217_012336,DpwTriFbmSimulator,4096,200,0.7,157,0.4798940499058719,2.86392858589482,0.7,5,2
20260217_012336,DpwTriFbmSimulator,4096,200,0.7,158,0.3803344803256128,1.162607606496932,0.7,5,2
20260217_012336,DpwTriFbmSimulator,4096,200,0.7,159,0.5656765345957462,1.687089453850083,0.7,5,2
20260217_012336,DpwTriFbmSimulator,4096,200,0.7,160,0.3973557137863507,0.6979878132507503,0.7,5,2
20260217_012336,DpwTriFbmSimulator,4096,200,0.7,161,0.397424695579586,1.1155731206890116,0.7,5,2
20260217_012336,DpwTriFbmSimulator,4096,200,0.7,162,0.3670127217123315,0.4552719207692763,0.7,5,2
20260217_012336,DpwTriFbmSimulator,4096,200,0.7,163,0.4687097214889591,0.4031750044417304,0.7,5,2
20260217_012336,DpwTriFbmSimulator,4096,200,0.7,164,0.2641267545819784,0.157596748897884,0.7,5,2
20260217_012336,DpwTriFbmSimulator,4096,200,0.7,165,0.4569763946242866,1.3234180512550922,0.7,5,2
20260217_012336,DpwTriFbmSimulator,4096,200,0.7,166,0.47688306489622,0.6704228611919769,0.7,5,2
20260217_012336,DpwTriFbmSimulator,4096,200,0.7,167,0.1971094853707636,0.2333993343053537,0.7,5,2
20260217_012336,DpwTriFbmSimulator,4096,200,0.7,168,0.4116177071288099,0.6583508974474555,0.7,5,2
20260217_012336,DpwTriFbmSimulator,4096,200,0.7,169,0.4537925659219561,1.524188758550644,0.7,5,2
20260217_012336,DpwTriFbmSimulator,4096,200,0.7,170,0.617904808605478,10.011130278073209,0.7,5,2
20260217_012336,DpwTriFbmSimulator,4096,200,0.7,171,0.3353983270725331,0.1233350499841345,0.7,5,2
20260217_012336,DpwTriFbmSimulator,4096,200,0.7,172,0.4591902161021215,4.899392195915987,0.7,5,2
20260217_012336,DpwTriFbmSimulator,4096,200,0.7,173,0.0566771983078,0.0487798713711658,0.7,5,2
20260217_012336,DpwTriFbmSimulator,4096,200,0.7,174,0.5295614926640027,3.6065708943960217,0.7,5,2
20260217_012336,DpwTriFbmSimulator,4096,200,0.7,175,0.510817860221883,4.305369575163031,0.7,5,2
20260217_012336,DpwTriFbmSimulator,4096,200,0.7,176,0.3598266203679723,1.03501583526816,0.7,5,2
20260217_012336,DpwTriFbmSimulator,4096,200,0.7,177,0.5088022394495895,1.7237759544692088,0.7,5,2
20260217_012336,DpwTriFbmSimulator,4096,200,0.7,178,0.3401449584156398,0.941934080675246,0.7,5,2
20260217_012336,DpwTriFbmSimulator,4096,200,0.7,179,0.4786890798207097,2.071126257712414,0.7,5,2
20260217_012336,DpwTriFbmSimulator,4096,200,0.7,180,0.3566621103285463,0.1127547242285898,0.7,5,2
20260217_012336,DpwTriFbmSimulator,4096,200,0.7,181,0.4287131348582291,0.1583861023361996,0.7,5,2
20260217_012336,DpwTriFbmSimulator,4096,200,0.7,182,0.4539595458989954,1.168088087825629,0.7,5,2
20260217_012336,DpwTriFbmSimulator,4096,200,0.7,183,0.296156942501929,0.5133485439902602,0.7,5,2
20260217_012336,DpwTriFbmSimulator,4096,200,0.7,184,0.5773246284838481,2.568163159185558,0.7,5,2
20260217_012336,DpwTriFbmSimulator,4096,200,0.7,185,0.4682646611897028,1.482048428074392,0.7,5,2
20260217_012336,DpwTriFbmSimulator,4096,200,0.7,186,0.4904393751109074,1.1312952409465,0.7,5,2
20260217_012336,DpwTriFbmSimulator,4096,200,0.7,187,0.3921876470573868,1.0344189107640434,0.7,5,2
20260217_012336,DpwTriFbmSimulator,4096,200,0.7,188,0.2352148057309012,0.2377144335419732,0.7,5,2
20260217_012336,DpwTriFbmSimulator,4096,200,0.7,189,0.2500728161783898,0.0401981689214202,0.7,5,2
20260217_012336,DpwTriFbmSimulator,4096,200,0.7,190,0.3824934334113768,1.556658094946817,0.7,5,2
20260217_012336,DpwTriFbmSimulator,4096,200,0.7,191,0.4302176262348586,0.9089102548760324,0.7,5,2
20260217_012336,DpwTriFbmSimulator,4096,200,0.7,192,0.3832029794149718,0.4236819359342257,0.7,5,2
20260217_012336,DpwTriFbmSimulator,4096,200,0.7,193,0.4353915697272613,1.026024010871858,0.7,5,2
20260217_012336,DpwTriFbmSimulator,4096,200,0.7,194,0.5240313908232545,2.388048631281423,0.7,5,2
20260217_012336,DpwTriFbmSimulator,4096,200,0.7,195,0.5847058598298291,1.27542622958514,0.7,5,2
20260217_012336,DpwTriFbmSimulator,4096,200,0.7,196,0.329098270277345,0.0708232439347038,0.7,5,2
20260217_012336,DpwTriFbmSimulator,4096,200,0.7,197,0.3326432834860254,1.652567010295608,0.7,5,2
20260217_012336,DpwTriFbmSimulator,4096,200,0.7,198,0.6048663195797374,1.3328760536345483,0.7,5,2
20260217_012336,DpwTriFbmSimulator,4096,200,0.7,199,0.440879130053786,0.4497698335867616,0.7,5,2
20260217_012336,DpwTriFbmSimulator,4096,200,0.7,200,0.649050158468913,9.700978812144218,0.7,5,2
20260217_012336,DpwTriFbmSimulator,4096,200,0.9,1,0.607887262191204,1.169371296816331,0.7,5,2
20260217_012336,DpwTriFbmSimulator,4096,200,0.9,2,0.5894583769934827,0.6793755129048498,0.7,5,2
20260217_012336,DpwTriFbmSimulator,4096,200,0.9,3,0.7152105755641727,2.114738484323314,0.7,5,2
20260217_012336,DpwTriFbmSimulator,4096,200,0.9,4,0.5074941226078741,0.1975587984622827,0.7,5,2
20260217_012336,DpwTriFbmSimulator,4096,200,0.9,5,0.3386287476204492,0.0683860692521219,0.7,5,2
20260217_012336,DpwTriFbmSimulator,4096,200,0.9,6,0.7454544396152093,1.6534863913118365,0.7,5,2
20260217_012336,DpwTriFbmSimulator,4096,200,0.9,7,0.3637599526455808,0.0510163164052406,0.7,5,2
20260217_012336,DpwTriFbmSimulator,4096,200,0.9,8,0.5267975010329212,1.4982233074363396,0.7,5,2
20260217_012336,DpwTriFbmSimulator,4096,200,0.9,9,0.7555142698238663,3.216586782042806,0.7,5,2
20260217_012336,DpwTriFbmSimulator,4096,200,0.9,10,0.6880019374673925,3.87086037917953,0.7,5,2
20260217_012336,DpwTriFbmSimulator,4096,200,0.9,11,0.6168142656673844,1.7135243768613595,0.7,5,2
20260217_012336,DpwTriFbmSimulator,4096,200,0.9,12,0.6098315706850326,3.506728808026124,0.7,5,2
20260217_012336,DpwTriFbmSimulator,4096,200,0.9,13,0.4881359909442583,1.6442338181363003,0.7,5,2
20260217_012336,DpwTriFbmSimulator,4096,200,0.9,14,0.5527766476239435,0.6498248960708206,0.7,5,2
20260217_012336,DpwTriFbmSimulator,4096,200,0.9,15,0.5686711000777879,2.297215187318071,0.7,5,2
20260217_012336,DpwTriFbmSimulator,4096,200,0.9,16,0.8008696273774207,8.202765648598918,0.7,5,2
20260217_012336,DpwTriFbmSimulator,4096,200,0.9,17,0.6090761261500681,3.0732860002981144,0.7,5,2
20260217_012336,DpwTriFbmSimulator,4096,200,0.9,18,0.5574961373305319,0.6297057412076783,0.7,5,2
20260217_012336,DpwTriFbmSimulator,4096,200,0.9,19,0.6082000318858493,2.18821428927121,0.7,5,2
20260217_012336,DpwTriFbmSimulator,4096,200,0.9,20,0.5262677070864108,1.067888104853801,0.7,5,2
20260217_012336,DpwTriFbmSimulator,4096,200,0.9,21,0.579595646050299,5.656406550141998,0.7,5,2
20260217_012336,DpwTriFbmSimulator,4096,200,0.9,22,0.689651923016833,6.672983110470284,0.7,5,2
20260217_012336,DpwTriFbmSimulator,4096,200,0.9,23,0.600473140473704,1.6601949766056752,0.7,5,2
20260217_012336,DpwTriFbmSimulator,4096,200,0.9,24,0.6169702135779024,2.3046180770951867,0.7,5,2
20260217_012336,DpwTriFbmSimulator,4096,200,0.9,25,0.9597476598012136,27.571285139000786,0.7,5,2
20260217_012336,DpwTriFbmSimulator,4096,200,0.9,26,0.8231272729181476,5.180157833617484,0.7,5,2
20260217_012336,DpwTriFbmSimulator,4096,200,0.9,27,0.518500281560166,0.3987015693687787,0.7,5,2
20260217_012336,DpwTriFbmSimulator,4096,200,0.9,28,0.4864788058046704,0.2459130570401745,0.7,5,2
20260217_012336,DpwTriFbmSimulator,4096,200,0.9,29,0.6263553817384272,2.6373612170318275,0.7,5,2
20260217_012336,DpwTriFbmSimulator,4096,200,0.9,30,0.6233302073553249,4.255630521640285,0.7,5,2
20260217_012336,DpwTriFbmSimulator,4096,200,0.9,31,0.5339390293154213,1.5325647303183625,0.7,5,2
20260217_012336,DpwTriFbmSimulator,4096,200,0.9,32,0.7055264805216748,1.576276936107023,0.7,5,2
20260217_012336,DpwTriFbmSimulator,4096,200,0.9,33,0.5568464113873343,0.8484345359275858,0.7,5,2
20260217_012336,DpwTriFbmSimulator,4096,200,0.9,34,0.6110859278543247,0.961920789678193,0.7,5,2
20260217_012336,DpwTriFbmSimulator,4096,200,0.9,35,0.8080921215818476,16.6491036561446,0.7,5,2
20260217_012336,DpwTriFbmSimulator,4096,200,0.9,36,0.6999369158175598,5.736434657150706,0.7,5,2
20260217_012336,DpwTriFbmSimulator,4096,200,0.9,37,0.7866414104923056,4.26264690251818,0.7,5,2
20260217_012336,DpwTriFbmSimulator,4096,200,0.9,38,0.5072431078905161,0.8079255004136351,0.7,5,2
20260217_012336,DpwTriFbmSimulator,4096,200,0.9,39,0.491153158603559,1.539928115567312,0.7,5,2
20260217_012336,DpwTriFbmSimulator,4096,200,0.9,40,0.7962776336710987,13.461850072139518,0.7,5,2
20260217_012336,DpwTriFbmSimulator,4096,200,0.9,41,0.8044419463908971,4.0183490890659215,0.7,5,2
20260217_012336,DpwTriFbmSimulator,4096,200,0.9,42,0.6958270674946043,4.5581531680674505,0.7,5,2
20260217_012336,DpwTriFbmSimulator,4096,200,0.9,43,0.6977707577480343,1.3372849188057532,0.7,5,2
20260217_012336,DpwTriFbmSimulator,4096,200,0.9,44,0.687813017901154,2.142024813831314,0.7,5,2
20260217_012336,DpwTriFbmSimulator,4096,200,0.9,45,0.5719041053184618,1.2097792196161126,0.7,5,2
20260217_012336,DpwTriFbmSimulator,4096,200,0.9,46,0.6985819148882159,1.3250470550905753,0.7,5,2
20260217_012336,DpwTriFbmSimulator,4096,200,0.9,47,0.3653745197859403,0.0491149046963381,0.7,5,2
20260217_012336,DpwTriFbmSimulator,4096,200,0.9,48,0.6498868819412053,2.9123406911157166,0.7,5,2
20260217_012336,DpwTriFbmSimulator,4096,200,0.9,49,0.2310747509708653,0.0446402072388138,0.7,5,2
20260217_012336,DpwTriFbmSimulator,4096,200,0.9,50,0.2246503626766348,0.0270260109574085,0.7,5,2
20260217_012336,DpwTriFbmSimulator,4096,200,0.9,51,0.6223438349462108,1.2053185935455688,0.7,5,2
20260217_012336,DpwTriFbmSimulator,4096,200,0.9,52,0.477069898489409,0.3093060353892737,0.7,5,2
20260217_012336,DpwTriFbmSimulator,4096,200,0.9,53,0.2940147264202051,0.0214062469552191,0.7,5,2
20260217_012336,DpwTriFbmSimulator,4096,200,0.9,54,0.4787683222406452,0.2539152517006015,0.7,5,2
20260217_012336,DpwTriFbmSimulator,4096,200,0.9,55,0.7272838227838576,2.8245704592654084,0.7,5,2
20260217_012336,DpwTriFbmSimulator,4096,200,0.9,56,0.8258903671708988,7.422320599061927,0.7,5,2
20260217_012336,DpwTriFbmSimulator,4096,200,0.9,57,0.534099994491096,1.2290068230464133,0.7,5,2
20260217_012336,DpwTriFbmSimulator,4096,200,0.9,58,0.4746721283042124,0.3103287764082851,0.7,5,2
20260217_012336,DpwTriFbmSimulator,4096,200,0.9,59,0.6176516751015129,2.229354063328658,0.7,5,2
20260217_012336,DpwTriFbmSimulator,4096,200,0.9,60,0.8314929195725913,2.2753811435435978,0.7,5,2
20260217_012336,DpwTriFbmSimulator,4096,200,0.9,61,0.7409581703930977,14.11715221518847,0.7,5,2
20260217_012336,DpwTriFbmSimulator,4096,200,0.9,62,0.6140743302552798,1.6681150093420645,0.7,5,2
20260217_012336,DpwTriFbmSimulator,4096,200,0.9,63,0.6003341770780576,1.4301762904711826,0.7,5,2
20260217_012336,DpwTriFbmSimulator,4096,200,0.9,64,0.7430674495901747,2.7301564783501737,0.7,5,2
20260217_012336,DpwTriFbmSimulator,4096,200,0.9,65,0.419364565347526,0.2022831267076172,0.7,5,2
20260217_012336,DpwTriFbmSimulator,4096,200,0.9,66,0.6381818937094563,2.852381132413452,0.7,5,2
20260217_012336,DpwTriFbmSimulator,4096,200,0.9,67,0.3327849330957351,0.0597174836026855,0.7,5,2
20260217_012336,DpwTriFbmSimulator,4096,200,0.9,68,0.4119846084871712,0.690077572191752,0.7,5,2
20260217_012336,DpwTriFbmSimulator,4096,200,0.9,69,0.3723432504765446,0.1024050435181434,0.7,5,2
20260217_012336,DpwTriFbmSimulator,4096,200,0.9,70,0.5463768367512944,0.8136331259546131,0.7,5,2
20260217_012336,DpwTriFbmSimulator,4096,200,0.9,71,0.4981502906578401,1.180281000830614,0.7,5,2
20260217_012336,DpwTriFbmSimulator,4096,200,0.9,72,0.9046746929409948,9.5227639985179,0.7,5,2
20260217_012336,DpwTriFbmSimulator,4096,200,0.9,73,0.4969774034168193,0.0304856162170158,0.7,5,2
20260217_012336,DpwTriFbmSimulator,4096,200,0.9,74,0.4536333769323563,0.7491686863840711,0.7,5,2
20260217_012336,DpwTriFbmSimulator,4096,200,0.9,75,0.6755369565579904,6.297575859495072,0.7,5,2
20260217_012336,DpwTriFbmSimulator,4096,200,0.9,76,0.3549499573282938,0.2608426032872126,0.7,5,2
20260217_012336,DpwTriFbmSimulator,4096,200,0.9,77,0.727124767359471,1.802849095108192,0.7,5,2
20260217_012336,DpwTriFbmSimulator,4096,200,0.9,78,0.4289337597405661,0.4177910284266204,0.7,5,2
20260217_012336,DpwTriFbmSimulator,4096,200,0.9,79,0.7599925277188065,4.228332903132559,0.7,5,2
20260217_012336,DpwTriFbmSimulator,4096,200,0.9,80,0.700359003049457,4.001210887177994,0.7,5,2
20260217_012336,DpwTriFbmSimulator,4096,200,0.9,81,0.5740145815912033,3.0043428385106354,0.7,5,2
20260217_012336,DpwTriFbmSimulator,4096,200,0.9,82,0.3992780651766406,0.3007091039250747,0.7,5,2
20260217_012336,DpwTriFbmSimulator,4096,200,0.9,83,0.7181607706904694,3.758953352607605,0.7,5,2
20260217_012336,DpwTriFbmSimulator,4096,200,0.9,84,0.5058481782081518,1.2469299029027825,0.7,5,2
20260217_012336,DpwTriFbmSimulator,4096,200,0.9,85,0.4716447068570134,0.4866084662776516,0.7,5,2
20260217_012336,DpwTriFbmSimulator,4096,200,0.9,86,0.5632439844692305,0.4479617865768956,0.7,5,2
20260217_012336,DpwTriFbmSimulator,4096,200,0.9,87,0.7560622794042963,5.415899142398151,0.7,5,2
20260217_012336,DpwTriFbmSimulator,4096,200,0.9,88,0.5619747483290601,1.161995656724777,0.7,5,2
20260217_012336,DpwTriFbmSimulator,4096,200,0.9,89,0.7442461568626948,8.66195960379649,0.7,5,2
20260217_012336,DpwTriFbmSimulator,4096,200,0.9,90,0.7117957908815463,6.102090702427902,0.7,5,2
20260217_012336,DpwTriFbmSimulator,4096,200,0.9,91,0.6222316213023805,0.4920087063751315,0.7,5,2
20260217_012336,DpwTriFbmSimulator,4096,200,0.9,92,0.6055694120281787,1.3550510939816345,0.7,5,2
20260217_012336,DpwTriFbmSimulator,4096,200,0.9,93,0.5263965182991653,0.5105062950016823,0.7,5,2
20260217_012336,DpwTriFbmSimulator,4096,200,0.9,94,0.4738414228357491,0.8560572864683023,0.7,5,2
20260217_012336,DpwTriFbmSimulator,4096,200,0.9,95,0.6984588668741278,1.5283922681823856,0.7,5,2
20260217_012336,DpwTriFbmSimulator,4096,200,0.9,96,0.5115169815959192,0.7699188631465602,0.7,5,2
20260217_012336,DpwTriFbmSimulator,4096,200,0.9,97,0.8655198984591276,8.30772991542381,0.7,5,2
20260217_012336,DpwTriFbmSimulator,4096,200,0.9,98,0.5770991869053039,1.1736094861328974,0.7,5,2
20260217_012336,DpwTriFbmSimulator,4096,200,0.9,99,0.4103619162598982,0.292335842931169,0.7,5,2
20260217_012336,DpwTriFbmSimulator,4096,200,0.9,100,0.5683627529218604,0.310622363785754,0.7,5,2
20260217_012336,DpwTriFbmSimulator,4096,200,0.9,101,0.7011181555942972,2.711047047777363,0.7,5,2
20260217_012336,DpwTriFbmSimulator,4096,200,0.9,102,0.4634265506582039,0.1821780499250948,0.7,5,2
20260217_012336,DpwTriFbmSimulator,4096,200,0.9,103,0.4830404507698035,0.8952532423292358,0.7,5,2
20260217_012336,DpwTriFbmSimulator,4096,200,0.9,104,0.480816082500053,0.2132264738423662,0.7,5,2
20260217_012336,DpwTriFbmSimulator,4096,200,0.9,105,0.6466793502678155,2.078347285989546,0.7,5,2
20260217_012336,DpwTriFbmSimulator,4096,200,0.9,106,0.6589869113040068,3.3055756171535204,0.7,5,2
20260217_012336,DpwTriFbmSimulator,4096,200,0.9,107,0.544561899037456,1.0272111453879933,0.7,5,2
20260217_012336,DpwTriFbmSimulator,4096,200,0.9,108,0.8189782926885795,13.397428933950746,0.7,5,2
20260217_012336,DpwTriFbmSimulator,4096,200,0.9,109,0.2503470985215005,0.0977047042790675,0.7,5,2
20260217_012336,DpwTriFbmSimulator,4096,200,0.9,110,0.5926255715753933,2.908449696189771,0.7,5,2
20260217_012336,DpwTriFbmSimulator,4096,200,0.9,111,0.3528572202924681,0.0347506833485455,0.7,5,2
20260217_012336,DpwTriFbmSimulator,4096,200,0.9,112,0.6452825645397163,8.322668828718523,0.7,5,2
20260217_012336,DpwTriFbmSimulator,4096,200,0.9,113,0.7964550226860306,24.21763940708798,0.7,5,2
20260217_012336,DpwTriFbmSimulator,4096,200,0.9,114,0.5548270702592306,1.1344589840452095,0.7,5,2
20260217_012336,DpwTriFbmSimulator,4096,200,0.9,115,0.6024086660279945,1.5425573410545448,0.7,5,2
20260217_012336,DpwTriFbmSimulator,4096,200,0.9,116,0.3133776064127603,0.1670887135048318,0.7,5,2
20260217_012336,DpwTriFbmSimulator,4096,200,0.9,117,0.6485974736277755,1.563513823865767,0.7,5,2
20260217_012336,DpwTriFbmSimulator,4096,200,0.9,118,0.4809882275812807,0.2882277290917773,0.7,5,2
20260217_012336,DpwTriFbmSimulator,4096,200,0.9,119,0.6229559621393153,0.6689929583955041,0.7,5,2
20260217_012336,DpwTriFbmSimulator,4096,200,0.9,120,0.4993226397792122,0.5090413676831934,0.7,5,2
20260217_012336,DpwTriFbmSimulator,4096,200,0.9,121,0.4188802248667505,0.1463618151984543,0.7,5,2
20260217_012336,DpwTriFbmSimulator,4096,200,0.9,122,0.3545281693495825,0.2987684703051587,0.7,5,2
20260217_012336,DpwTriFbmSimulator,4096,200,0.9,123,0.8775670037161977,9.977390355427229,0.7,5,2
20260217_012336,DpwTriFbmSimulator,4096,200,0.9,124,0.8962297576688671,19.93128525839126,0.7,5,2
20260217_012336,DpwTriFbmSimulator,4096,200,0.9,125,0.3553351468420253,0.1138082872230402,0.7,5,2
20260217_012336,DpwTriFbmSimulator,4096,200,0.9,126,0.8497458167599571,7.601457981638849,0.7,5,2
20260217_012336,DpwTriFbmSimulator,4096,200,0.9,127,0.9999930391509352,299.5596242903734,0.7,5,2
20260217_012336,DpwTriFbmSimulator,4096,200,0.9,128,0.4949439344936309,0.2893720105984562,0.7,5,2
20260217_012336,DpwTriFbmSimulator,4096,200,0.9,129,0.4955948883791211,2.1362974636483885,0.7,5,2
20260217_012336,DpwTriFbmSimulator,4096,200,0.9,130,0.6543853165656399,1.6699491370299953,0.7,5,2
20260217_012336,DpwTriFbmSimulator,4096,200,0.9,131,0.6723896704967066,1.4567509875503388,0.7,5,2
20260217_012336,DpwTriFbmSimulator,4096,200,0.9,132,0.5361181371515328,0.2079058574495872,0.7,5,2
20260217_012336,DpwTriFbmSimulator,4096,200,0.9,133,0.3026456162699673,0.9263870935053908,0.7,5,2
20260217_012336,DpwTriFbmSimulator,4096,200,0.9,134,0.6555398656246931,1.668374547668959,0.7,5,2
20260217_012336,DpwTriFbmSimulator,4096,200,0.9,135,0.5337830068183814,1.5906821287672168,0.7,5,2
20260217_012336,DpwTriFbmSimulator,4096,200,0.9,136,0.6435562901301621,1.869777519953433,0.7,5,2
20260217_012336,DpwTriFbmSimulator,4096,200,0.9,137,0.670808778125337,1.825574814347032,0.7,5,2
20260217_012336,DpwTriFbmSimulator,4096,200,0.9,138,0.456802310612341,0.1010371437772912,0.7,5,2
20260217_012336,DpwTriFbmSimulator,4096,200,0.9,139,0.6095703545769762,2.042911744205048,0.7,5,2
20260217_012336,DpwTriFbmSimulator,4096,200,0.9,140,0.5684083339840116,1.8213518619073792,0.7,5,2
20260217_012336,DpwTriFbmSimulator,4096,200,0.9,141,0.7373496696232509,1.913135515625852,0.7,5,2
20260217_012336,DpwTriFbmSimulator,4096,200,0.9,142,0.3837435554729891,0.4691639323055279,0.7,5,2
20260217_012336,DpwTriFbmSimulator,4096,200,0.9,143,0.5323567150427446,0.7994703661835169,0.7,5,2
20260217_012336,DpwTriFbmSimulator,4096,200,0.9,144,0.4912957756610063,0.4757912871442351,0.7,5,2
20260217_012336,DpwTriFbmSimulator,4096,200,0.9,145,0.5243461550712142,0.9800912645562306,0.7,5,2
20260217_012336,DpwTriFbmSimulator,4096,200,0.9,146,0.8663367236303898,10.708717810938008,0.7,5,2
20260217_012336,DpwTriFbmSimulator,4096,200,0.9,147,0.6671414445763856,2.03929779915236,0.7,5,2
20260217_012336,DpwTriFbmSimulator,4096,200,0.9,148,0.7900979647771843,42.04045780742592,0.7,5,2
20260217_012336,DpwTriFbmSimulator,4096,200,0.9,149,0.418766074180134,0.2007950778009405,0.7,5,2
20260217_012336,DpwTriFbmSimulator,4096,200,0.9,150,0.4178009845825341,0.3087969193884028,0.7,5,2
20260217_012336,DpwTriFbmSimulator,4096,200,0.9,151,0.6921932857427,4.722685643200974,0.7,5,2
20260217_012336,DpwTriFbmSimulator,4096,200,0.9,152,0.8569017599498714,3.1384602085602005,0.7,5,2
20260217_012336,DpwTriFbmSimulator,4096,200,0.9,153,0.6179587437484239,0.7783034423553091,0.7,5,2
20260217_012336,DpwTriFbmSimulator,4096,200,0.9,154,0.7129046261256127,7.309875104926923,0.7,5,2
20260217_012336,DpwTriFbmSimulator,4096,200,0.9,155,0.8061708161583313,29.702449402630524,0.7,5,2
20260217_012336,DpwTriFbmSimulator,4096,200,0.9,156,0.5753093309998324,1.6096619479168153,0.7,5,2
20260217_012336,DpwTriFbmSimulator,4096,200,0.9,157,0.560939216765847,0.6044775522521649,0.7,5,2
20260217_012336,DpwTriFbmSimulator,4096,200,0.9,158,0.6258206843974896,4.047957059517515,0.7,5,2
20260217_012336,DpwTriFbmSimulator,4096,200,0.9,159,0.7886333159396016,9.637736385237586,0.7,5,2
20260217_012336,DpwTriFbmSimulator,4096,200,0.9,160,0.6587519646770799,5.568024848948058,0.7,5,2
20260217_012336,DpwTriFbmSimulator,4096,200,0.9,161,0.5952259685527436,1.0451818512167537,0.7,5,2
20260217_012336,DpwTriFbmSimulator,4096,200,0.9,162,0.6451862661038194,3.592559441192022,0.7,5,2
20260217_012336,DpwTriFbmSimulator,4096,200,0.9,163,0.64746191754612,3.3084513337666523,0.7,5,2
20260217_012336,DpwTriFbmSimulator,4096,200,0.9,164,0.6151221447828277,4.17504645186012,0.7,5,2
20260217_012336,DpwTriFbmSimulator,4096,200,0.9,165,0.6318532352647337,0.6839948223854267,0.7,5,2
20260217_012336,DpwTriFbmSimulator,4096,200,0.9,166,0.4755283626441371,0.4253980158341218,0.7,5,2
20260217_012336,DpwTriFbmSimulator,4096,200,0.9,167,0.7813675576194402,2.0505881149869523,0.7,5,2
20260217_012336,DpwTriFbmSimulator,4096,200,0.9,168,0.6727535557649963,1.1290812282855374,0.7,5,2
20260217_012336,DpwTriFbmSimulator,4096,200,0.9,169,0.5697430520044158,2.247094553253623,0.7,5,2
20260217_012336,DpwTriFbmSimulator,4096,200,0.9,170,0.7702524775671395,5.439324080738831,0.7,5,2
20260217_012336,DpwTriFbmSimulator,4096,200,0.9,171,0.5762839316387284,0.6409659983413408,0.7,5,2
20260217_012336,DpwTriFbmSimulator,4096,200,0.9,172,0.5529680484211961,0.2487743747544999,0.7,5,2
20260217_012336,DpwTriFbmSimulator,4096,200,0.9,173,0.5961270590998549,0.8950832891379066,0.7,5,2
20260217_012336,DpwTriFbmSimulator,4096,200,0.9,174,0.595130125786976,2.9909480009225624,0.7,5,2
20260217_012336,DpwTriFbmSimulator,4096,200,0.9,175,0.3558922308634055,0.743890668412352,0.7,5,2
20260217_012336,DpwTriFbmSimulator,4096,200,0.9,176,0.3658476000239827,0.5314594519917167,0.7,5,2
20260217_012336,DpwTriFbmSimulator,4096,200,0.9,177,0.6517519043691123,9.761572404093098,0.7,5,2
20260217_012336,DpwTriFbmSimulator,4096,200,0.9,178,0.3869753961902999,0.2303709089435084,0.7,5,2
20260217_012336,DpwTriFbmSimulator,4096,200,0.9,179,0.3640944012098436,0.3721080745958424,0.7,5,2
20260217_012336,DpwTriFbmSimulator,4096,200,0.9,180,0.4759563613005402,0.9576046075098996,0.7,5,2
20260217_012336,DpwTriFbmSimulator,4096,200,0.9,181,0.3380947942305095,0.0960818719254184,0.7,5,2
20260217_012336,DpwTriFbmSimulator,4096,200,0.9,182,0.623909141915421,1.2722098858968345,0.7,5,2
20260217_012336,DpwTriFbmSimulator,4096,200,0.9,183,0.6096892016501413,2.711829629369306,0.7,5,2
20260217_012336,DpwTriFbmSimulator,4096,200,0.9,184,0.8007079210524728,4.508091550833242,0.7,5,2
20260217_012336,DpwTriFbmSimulator,4096,200,0.9,185,0.4502181668629499,0.2430898554633302,0.7,5,2
20260217_012336,DpwTriFbmSimulator,4096,200,0.9,186,0.7119557496259226,5.3714490380300015,0.7,5,2
20260217_012336,DpwTriFbmSimulator,4096,200,0.9,187,0.4083438399818056,0.3700583690696823,0.7,5,2
20260217_012336,DpwTriFbmSimulator,4096,200,0.9,188,0.7271413812759603,11.53602064691025,0.7,5,2
20260217_012336,DpwTriFbmSimulator,4096,200,0.9,189,0.7585810860673176,3.834944775203358,0.7,5,2
20260217_012336,DpwTriFbmSimulator,4096,200,0.9,190,0.2762906797794424,0.1072744195651335,0.7,5,2
20260217_012336,DpwTriFbmSimulator,4096,200,0.9,191,0.6122249641469433,0.6781150711035819,0.7,5,2
20260217_012336,DpwTriFbmSimulator,4096,200,0.9,192,0.6115525545316017,0.9491667978716564,0.7,5,2
20260217_012336,DpwTriFbmSimulator,4096,200,0.9,193,0.8839512477317535,3.4463505944353825,0.7,5,2
20260217_012336,DpwTriFbmSimulator,4096,200,0.9,194,0.6340020990513537,2.191702335518002,0.7,5,2
20260217_012336,DpwTriFbmSimulator,4096,200,0.9,195,0.4571083078904868,0.2869603390574397,0.7,5,2
20260217_012336,DpwTriFbmSimulator,4096,200,0.9,196,0.6783630167225886,2.554626574659953,0.7,5,2
20260217_012336,DpwTriFbmSimulator,4096,200,0.9,197,0.5261177851037733,1.4422540001157411,0.7,5,2
20260217_012336,DpwTriFbmSimulator,4096,200,0.9,198,0.798749382397301,20.155327056393013,0.7,5,2
20260217_012336,DpwTriFbmSimulator,4096,200,0.9,199,0.4400425521924745,0.5650218984071259,0.7,5,2
20260217_012336,DpwTriFbmSimulator,4096,200,0.9,200,0.4665703453826,1.2734561532301438,0.7,5,2
20260217_013355,DpwTriFbmSimulator,4096,200,0.4,1,0.4891532964099935,1.9030603216359705,0.9,5,2
20260217_013355,DpwTriFbmSimulator,4096,200,0.4,2,0.4686289301592796,0.4467980895214187,0.9,5,2
20260217_013355,DpwTriFbmSimulator,4096,200,0.4,3,0.1562534823017004,0.0577817342932801,0.9,5,2
20260217_013355,DpwTriFbmSimulator,4096,200,0.4,4,0.0395326213875622,0.0361049903043515,0.9,5,2
20260217_013355,DpwTriFbmSimulator,4096,200,0.4,5,0.3746361503655201,0.5579305071109673,0.9,5,2
20260217_013355,DpwTriFbmSimulator,4096,200,0.4,6,0.2019051351559559,0.1814839523123592,0.9,5,2
20260217_013355,DpwTriFbmSimulator,4096,200,0.4,7,0.2982027565074625,0.8268617663207497,0.9,5,2
20260217_013355,DpwTriFbmSimulator,4096,200,0.4,8,0.1904651523245988,0.0412274012382248,0.9,5,2
20260217_013355,DpwTriFbmSimulator,4096,200,0.4,9,0.3095619131395545,0.0949337266759251,0.9,5,2
20260217_013355,DpwTriFbmSimulator,4096,200,0.4,10,0.3158082543509138,0.5130562456177463,0.9,5,2
20260217_013355,DpwTriFbmSimulator,4096,200,0.4,11,0.435455877050215,1.6927652870070484,0.9,5,2
20260217_013355,DpwTriFbmSimulator,4096,200,0.4,12,0.3699870225223485,0.1678717078760915,0.9,5,2
20260217_013355,DpwTriFbmSimulator,4096,200,0.4,13,0.3361047143454244,0.2906391686316873,0.9,5,2
20260217_013355,DpwTriFbmSimulator,4096,200,0.4,14,0.3410073287906083,0.9461870608164517,0.9,5,2
20260217_013355,DpwTriFbmSimulator,4096,200,0.4,15,0.3378138380191394,0.5718988128616151,0.9,5,2
20260217_013355,DpwTriFbmSimulator,4096,200,0.4,16,0.2041792556138547,0.0659820070340128,0.9,5,2
20260217_013355,DpwTriFbmSimulator,4096,200,0.4,17,0.5776253039176924,0.8624891708949669,0.9,5,2
20260217_013355,DpwTriFbmSimulator,4096,200,0.4,18,0.1360241078657719,0.1425209261241773,0.9,5,2
20260217_013355,DpwTriFbmSimulator,4096,200,0.4,19,0.4486652413182133,2.0389957908949503,0.9,5,2
20260217_013355,DpwTriFbmSimulator,4096,200,0.4,20,0.3345474537918097,1.9476597242860505,0.9,5,2
20260217_013355,DpwTriFbmSimulator,4096,200,0.4,21,0.2401835129522847,0.05804561900987,0.9,5,2
20260217_013355,DpwTriFbmSimulator,4096,200,0.4,22,0.1242817213992956,0.0290918200270172,0.9,5,2
20260217_013355,DpwTriFbmSimulator,4096,200,0.4,23,0.3129308405714033,0.3615055703513324,0.9,5,2
20260217_013355,DpwTriFbmSimulator,4096,200,0.4,24,0.383719697541752,0.5431913725986575,0.9,5,2
20260217_013355,DpwTriFbmSimulator,4096,200,0.4,25,0.4152603542800271,0.4208808079035642,0.9,5,2
20260217_013355,DpwTriFbmSimulator,4096,200,0.4,26,0.243767383564673,0.049894640745232,0.9,5,2
20260217_013355,DpwTriFbmSimulator,4096,200,0.4,27,0.3554167400604819,0.2016640576916381,0.9,5,2
20260217_013355,DpwTriFbmSimulator,4096,200,0.4,28,0.1143659779545399,0.0409948633609658,0.9,5,2
20260217_013355,DpwTriFbmSimulator,4096,200,0.4,29,0.3290830525218799,0.0965093853439716,0.9,5,2
20260217_013355,DpwTriFbmSimulator,4096,200,0.4,30,0.2169092232028563,0.1637723088977326,0.9,5,2
20260217_013355,DpwTriFbmSimulator,4096,200,0.4,31,0.1829631888471161,0.154130946007898,0.9,5,2
20260217_013355,DpwTriFbmSimulator,4096,200,0.4,32,0.463157997046798,0.2278463925972307,0.9,5,2
20260217_013355,DpwTriFbmSimulator,4096,200,0.4,33,0.415247037169521,1.3471862468350364,0.9,5,2
20260217_013355,DpwTriFbmSimulator,4096,200,0.4,34,0.4218741124877596,0.5408785328384412,0.9,5,2
20260217_013355,DpwTriFbmSimulator,4096,200,0.4,35,0.4271643059353256,2.9463591384745813,0.9,5,2
20260217_013355,DpwTriFbmSimulator,4096,200,0.4,36,0.4916506210438234,0.7786845861345884,0.9,5,2
20260217_013355,DpwTriFbmSimulator,4096,200,0.4,37,0.116154947967946,0.0591893596754518,0.9,5,2
20260217_013355,DpwTriFbmSimulator,4096,200,0.4,38,0.4650651984425152,3.2129002931329858,0.9,5,2
20260217_013355,DpwTriFbmSimulator,4096,200,0.4,39,0.4051155031174649,0.3312717207631572,0.9,5,2
20260217_013355,DpwTriFbmSimulator,4096,200,0.4,40,0.2108381637905261,0.0851815447339138,0.9,5,2
20260217_013355,DpwTriFbmSimulator,4096,200,0.4,41,0.5297135565600362,4.298359163566597,0.9,5,2
20260217_013355,DpwTriFbmSimulator,4096,200,0.4,42,0.311879831404029,0.4970273746981424,0.9,5,2
20260217_013355,DpwTriFbmSimulator,4096,200,0.4,43,0.4891790282705185,0.9037901472290116,0.9,5,2
20260217_013355,DpwTriFbmSimulator,4096,200,0.4,44,0.3498756816398781,2.56508683218927,0.9,5,2
20260217_013355,DpwTriFbmSimulator,4096,200,0.4,45,0.3525060475434169,0.4484063446761714,0.9,5,2
20260217_013355,DpwTriFbmSimulator,4096,200,0.4,46,0.3559145816313209,1.000936626742992,0.9,5,2
20260217_013355,DpwTriFbmSimulator,4096,200,0.4,47,0.4004551541712129,1.704853990439315,0.9,5,2
20260217_013355,DpwTriFbmSimulator,4096,200,0.4,48,0.1520045149262191,0.0273676973707594,0.9,5,2
20260217_013355,DpwTriFbmSimulator,4096,200,0.4,49,0.3690512535739375,0.0821371609263531,0.9,5,2
20260217_013355,DpwTriFbmSimulator,4096,200,0.4,50,0.4591721740905081,1.580795184336237,0.9,5,2
20260217_013355,DpwTriFbmSimulator,4096,200,0.4,51,0.0439431569567722,0.0286859935082668,0.9,5,2
20260217_013355,DpwTriFbmSimulator,4096,200,0.4,52,0.3440305270805642,2.352983871041212,0.9,5,2
20260217_013355,DpwTriFbmSimulator,4096,200,0.4,53,0.739922001016931,8.308805216862186,0.9,5,2
20260217_013355,DpwTriFbmSimulator,4096,200,0.4,54,0.4636300167986024,0.6678390219858661,0.9,5,2
20260217_013355,DpwTriFbmSimulator,4096,200,0.4,55,0.4498097345457886,0.3996806516694438,0.9,5,2
20260217_013355,DpwTriFbmSimulator,4096,200,0.4,56,0.4039549770583597,0.6370709631325756,0.9,5,2
20260217_013355,DpwTriFbmSimulator,4096,200,0.4,57,0.3015238493753676,0.7475496062939787,0.9,5,2
20260217_013355,DpwTriFbmSimulator,4096,200,0.4,58,0.2289748337335871,0.1710467339183483,0.9,5,2
20260217_013355,DpwTriFbmSimulator,4096,200,0.4,59,0.282676953738802,0.5011468613648117,0.9,5,2
20260217_013355,DpwTriFbmSimulator,4096,200,0.4,60,0.4001014188828765,0.9423890826989996,0.9,5,2
20260217_013355,DpwTriFbmSimulator,4096,200,0.4,61,0.4478102600499002,1.0737444042728057,0.9,5,2
20260217_013355,DpwTriFbmSimulator,4096,200,0.4,62,0.3805935435889997,0.3469654575509074,0.9,5,2
20260217_013355,DpwTriFbmSimulator,4096,200,0.4,63,0.2319304630917821,0.1073913092173801,0.9,5,2
20260217_013355,DpwTriFbmSimulator,4096,200,0.4,64,0.2106052093423316,0.0966757295380859,0.9,5,2
20260217_013355,DpwTriFbmSimulator,4096,200,0.4,65,0.480120864973837,3.9532253243098863,0.9,5,2
20260217_013355,DpwTriFbmSimulator,4096,200,0.4,66,0.2557542947561065,0.0867733743431958,0.9,5,2
20260217_013355,DpwTriFbmSimulator,4096,200,0.4,67,0.4154908202543576,0.9210630205894608,0.9,5,2
20260217_013355,DpwTriFbmSimulator,4096,200,0.4,68,0.3058193517657662,0.2306634179687463,0.9,5,2
20260217_013355,DpwTriFbmSimulator,4096,200,0.4,69,0.2338272055774633,0.0315292076830064,0.9,5,2
20260217_013355,DpwTriFbmSimulator,4096,200,0.4,70,0.3547737679404839,0.1598145683662462,0.9,5,2
20260217_013355,DpwTriFbmSimulator,4096,200,0.4,71,0.2814058511061836,0.1760348537308461,0.9,5,2
20260217_013355,DpwTriFbmSimulator,4096,200,0.4,72,0.6445527447847144,6.425630062224875,0.9,5,2
20260217_013355,DpwTriFbmSimulator,4096,200,0.4,73,0.4277529887076299,4.774780574393378,0.9,5,2
20260217_013355,DpwTriFbmSimulator,4096,200,0.4,74,0.4119358659313375,0.4592331794080754,0.9,5,2
20260217_013355,DpwTriFbmSimulator,4096,200,0.4,75,0.1578069095536944,0.2901375191335447,0.9,5,2
20260217_013355,DpwTriFbmSimulator,4096,200,0.4,76,0.1861943153439606,0.0726137004568063,0.9,5,2
20260217_013355,DpwTriFbmSimulator,4096,200,0.4,77,6.960849064827165e-06,0.0234033235688082,0.9,5,2
20260217_013355,DpwTriFbmSimulator,4096,200,0.4,78,0.3799461391804299,0.3945405984248223,0.9,5,2
20260217_013355,DpwTriFbmSimulator,4096,200,0.4,79,0.2739707129640449,0.15396417638013,0.9,5,2
20260217_013355,DpwTriFbmSimulator,4096,200,0.4,80,0.3445048616248624,0.2244178708597184,0.9,5,2
20260217_013355,DpwTriFbmSimulator,4096,200,0.4,81,0.3485219568248633,0.4496012336122945,0.9,5,2
20260217_013355,DpwTriFbmSimulator,4096,200,0.4,82,0.4936759659373949,1.0766573138340807,0.9,5,2
20260217_013355,DpwTriFbmSimulator,4096,200,0.4,83,0.1257256650387484,0.0451494054946873,0.9,5,2
20260217_013355,DpwTriFbmSimulator,4096,200,0.4,84,0.4754832786421178,7.318109421775937,0.9,5,2
20260217_013355,DpwTriFbmSimulator,4096,200,0.4,85,0.3305693457223934,0.0257910035512236,0.9,5,2
20260217_013355,DpwTriFbmSimulator,4096,200,0.4,86,0.2449338728238978,0.0256063222877708,0.9,5,2
20260217_013355,DpwTriFbmSimulator,4096,200,0.4,87,0.4265018587855479,0.644336101130932,0.9,5,2
20260217_013355,DpwTriFbmSimulator,4096,200,0.4,88,0.2361240755391674,0.1897752142625562,0.9,5,2
20260217_013355,DpwTriFbmSimulator,4096,200,0.4,89,0.0796724932716131,0.0337119545202285,0.9,5,2
20260217_013355,DpwTriFbmSimulator,4096,200,0.4,90,0.2525237878642802,0.0504813423143249,0.9,5,2
20260217_013355,DpwTriFbmSimulator,4096,200,0.4,91,0.1871254981292316,0.1890782428795318,0.9,5,2
20260217_013355,DpwTriFbmSimulator,4096,200,0.4,92,0.4435388944534937,0.8889284474239929,0.9,5,2
20260217_013355,DpwTriFbmSimulator,4096,200,0.4,93,0.3891152146790361,0.5319374747755613,0.9,5,2
20260217_013355,DpwTriFbmSimulator,4096,200,0.4,94,0.520516803457974,0.4217160225350631,0.9,5,2
20260217_013355,DpwTriFbmSimulator,4096,200,0.4,95,0.1622158928666084,0.1323517333486259,0.9,5,2
20260217_013355,DpwTriFbmSimulator,4096,200,0.4,96,0.1269006184006731,0.0299993019859691,0.9,5,2
20260217_013355,DpwTriFbmSimulator,4096,200,0.4,97,6.960849064827165e-06,0.092248124809724,0.9,5,2
20260217_013355,DpwTriFbmSimulator,4096,200,0.4,98,0.4285668441297428,1.3858716894194822,0.9,5,2
20260217_013355,DpwTriFbmSimulator,4096,200,0.4,99,0.1966868965833962,0.2853006761006026,0.9,5,2
20260217_013355,DpwTriFbmSimulator,4096,200,0.4,100,0.5582882821192444,1.732419527891769,0.9,5,2
20260217_013355,DpwTriFbmSimulator,4096,200,0.4,101,0.5026609452104821,0.5965184906476929,0.9,5,2
20260217_013355,DpwTriFbmSimulator,4096,200,0.4,102,0.4164059561480052,0.1808102065591906,0.9,5,2
20260217_013355,DpwTriFbmSimulator,4096,200,0.4,103,0.3841648879137612,1.119327344838382,0.9,5,2
20260217_013355,DpwTriFbmSimulator,4096,200,0.4,104,0.3957844161905692,0.1290618450169418,0.9,5,2
20260217_013355,DpwTriFbmSimulator,4096,200,0.4,105,0.4100788381682499,0.4668433608547462,0.9,5,2
20260217_013355,DpwTriFbmSimulator,4096,200,0.4,106,0.4119037535227667,1.593628498235522,0.9,5,2
20260217_013355,DpwTriFbmSimulator,4096,200,0.4,107,0.4174203410239906,0.4919187642255249,0.9,5,2
20260217_013355,DpwTriFbmSimulator,4096,200,0.4,108,0.5058971408889559,2.158904394722078,0.9,5,2
20260217_013355,DpwTriFbmSimulator,4096,200,0.4,109,0.2446957152601566,0.2184122531642517,0.9,5,2
20260217_013355,DpwTriFbmSimulator,4096,200,0.4,110,0.1638341240052461,0.1996191937425776,0.9,5,2
20260217_013355,DpwTriFbmSimulator,4096,200,0.4,111,0.4018778539435877,0.2835651084781397,0.9,5,2
20260217_013355,DpwTriFbmSimulator,4096,200,0.4,112,0.3215072671304422,0.5913955850450654,0.9,5,2
20260217_013355,DpwTriFbmSimulator,4096,200,0.4,113,0.457219758129938,0.9150538092206808,0.9,5,2
20260217_013355,DpwTriFbmSimulator,4096,200,0.4,114,0.3496217069646822,1.1967558719155729,0.9,5,2
20260217_013355,DpwTriFbmSimulator,4096,200,0.4,115,0.2260041386199886,0.0231517884246266,0.9,5,2
20260217_013355,DpwTriFbmSimulator,4096,200,0.4,116,0.3012643342175323,0.261587432790588,0.9,5,2
20260217_013355,DpwTriFbmSimulator,4096,200,0.4,117,0.5284823680652353,2.935463151953804,0.9,5,2
20260217_013355,DpwTriFbmSimulator,4096,200,0.4,118,0.456337664302571,5.5294507495951,0.9,5,2
20260217_013355,DpwTriFbmSimulator,4096,200,0.4,119,0.4304408299367036,1.487961870081859,0.9,5,2
20260217_013355,DpwTriFbmSimulator,4096,200,0.4,120,0.4067811406591419,1.145960560107315,0.9,5,2
20260217_013355,DpwTriFbmSimulator,4096,200,0.4,121,0.4425539378908746,2.872164201059003,0.9,5,2
20260217_013355,DpwTriFbmSimulator,4096,200,0.4,122,0.4749460518006267,1.2046858166534442,0.9,5,2
20260217_013355,DpwTriFbmSimulator,4096,200,0.4,123,0.2626894575616304,0.5166409484390793,0.9,5,2
20260217_013355,DpwTriFbmSimulator,4096,200,0.4,124,0.6367061585981175,16.51454347402198,0.9,5,2
20260217_013355,DpwTriFbmSimulator,4096,200,0.4,125,0.4701167701973309,3.117014967348892,0.9,5,2
20260217_013355,DpwTriFbmSimulator,4096,200,0.4,126,0.3769018364563261,0.344871423472273,0.9,5,2
20260217_013355,DpwTriFbmSimulator,4096,200,0.4,127,0.418449975726701,0.6171521537075397,0.9,5,2
20260217_013355,DpwTriFbmSimulator,4096,200,0.4,128,0.4600835968926408,3.7573396039470377,0.9,5,2
20260217_013355,DpwTriFbmSimulator,4096,200,0.4,129,0.2416553628249259,0.1508319374804985,0.9,5,2
20260217_013355,DpwTriFbmSimulator,4096,200,0.4,130,0.6239307666868444,4.11649958152061,0.9,5,2
20260217_013355,DpwTriFbmSimulator,4096,200,0.4,131,0.6556162400334369,1.5527746448586486,0.9,5,2
20260217_013355,DpwTriFbmSimulator,4096,200,0.4,132,0.3044022018111809,0.1559161870291417,0.9,5,2
20260217_013355,DpwTriFbmSimulator,4096,200,0.4,133,0.2903007743939911,0.0949174345820086,0.9,5,2
20260217_013355,DpwTriFbmSimulator,4096,200,0.4,134,0.4480541352638448,1.9351186493127763,0.9,5,2
20260217_013355,DpwTriFbmSimulator,4096,200,0.4,135,0.2835831892235969,0.2984112264856411,0.9,5,2
20260217_013355,DpwTriFbmSimulator,4096,200,0.4,136,0.1699009742081791,0.1193040367468035,0.9,5,2
20260217_013355,DpwTriFbmSimulator,4096,200,0.4,137,0.457225405214046,2.9345695163542693,0.9,5,2
20260217_013355,DpwTriFbmSimulator,4096,200,0.4,138,0.5940640654540423,1.4967792582002273,0.9,5,2
20260217_013355,DpwTriFbmSimulator,4096,200,0.4,139,0.3230702870070738,0.1163531618338956,0.9,5,2
20260217_013355,DpwTriFbmSimulator,4096,200,0.4,140,0.4544006287070201,1.3193202479210384,0.9,5,2
20260217_013355,DpwTriFbmSimulator,4096,200,0.4,141,0.4457223891053066,0.8990001828835671,0.9,5,2
20260217_013355,DpwTriFbmSimulator,4096,200,0.4,142,0.4841304475603665,0.5887144371754702,0.9,5,2
20260217_013355,DpwTriFbmSimulator,4096,200,0.4,143,0.0349233324361929,0.0338127814268224,0.9,5,2
20260217_013355,DpwTriFbmSimulator,4096,200,0.4,144,0.3452464921849946,0.4090082682311875,0.9,5,2
20260217_013355,DpwTriFbmSimulator,4096,200,0.4,145,0.2097890424283413,0.1862773107031458,0.9,5,2
20260217_013355,DpwTriFbmSimulator,4096,200,0.4,146,0.4969239033242954,1.1886647390874132,0.9,5,2
20260217_013355,DpwTriFbmSimulator,4096,200,0.4,147,0.4496228909480885,1.5988807937875524,0.9,5,2
20260217_013355,DpwTriFbmSimulator,4096,200,0.4,148,0.2989447225121462,0.4681794890296482,0.9,5,2
20260217_013355,DpwTriFbmSimulator,4096,200,0.4,149,0.3047240739727219,0.211817570276964,0.9,5,2
20260217_013355,DpwTriFbmSimulator,4096,200,0.4,150,0.162269623345017,0.0322667824576932,0.9,5,2
20260217_013355,DpwTriFbmSimulator,4096,200,0.4,151,0.3057854172436614,0.7914963378379052,0.9,5,2
20260217_013355,DpwTriFbmSimulator,4096,200,0.4,152,0.6212142532300083,4.5796891156726325,0.9,5,2
20260217_013355,DpwTriFbmSimulator,4096,200,0.4,153,0.2613439039607516,0.1634670079055881,0.9,5,2
20260217_013355,DpwTriFbmSimulator,4096,200,0.4,154,0.4903197451509636,0.842680645798604,0.9,5,2
20260217_013355,DpwTriFbmSimulator,4096,200,0.4,155,0.163415464649674,0.0308502550994251,0.9,5,2
20260217_013355,DpwTriFbmSimulator,4096,200,0.4,156,0.3058859534021062,0.8327117921547506,0.9,5,2
20260217_013355,DpwTriFbmSimulator,4096,200,0.4,157,0.3833402942426165,1.679415411129518,0.9,5,2
20260217_013355,DpwTriFbmSimulator,4096,200,0.4,158,0.4568705364937314,1.2193862964241773,0.9,5,2
20260217_013355,DpwTriFbmSimulator,4096,200,0.4,159,0.336809880182105,0.7271415987577,0.9,5,2
20260217_013355,DpwTriFbmSimulator,4096,200,0.4,160,0.2585576677323735,0.0792389594140723,0.9,5,2
20260217_013355,DpwTriFbmSimulator,4096,200,0.4,161,0.4754078691785111,2.859768567854764,0.9,5,2
20260217_013355,DpwTriFbmSimulator,4096,200,0.4,162,0.08583208653622,0.1389530076517678,0.9,5,2
20260217_013355,DpwTriFbmSimulator,4096,200,0.4,163,0.3399187888554353,0.3704054423603656,0.9,5,2
20260217_013355,DpwTriFbmSimulator,4096,200,0.4,164,0.545945343104941,5.095303214802396,0.9,5,2
20260217_013355,DpwTriFbmSimulator,4096,200,0.4,165,0.3029125486243768,0.5001898944064813,0.9,5,2
20260217_013355,DpwTriFbmSimulator,4096,200,0.4,166,0.2587553143441462,0.2286110876033535,0.9,5,2
20260217_013355,DpwTriFbmSimulator,4096,200,0.4,167,0.4444084378736298,1.2404134518633747,0.9,5,2
20260217_013355,DpwTriFbmSimulator,4096,200,0.4,168,0.5712932830325785,2.258594255181189,0.9,5,2
20260217_013355,DpwTriFbmSimulator,4096,200,0.4,169,0.4280597335356567,1.0727788485376628,0.9,5,2
20260217_013355,DpwTriFbmSimulator,4096,200,0.4,170,0.3828999741331699,1.633211243861597,0.9,5,2
20260217_013355,DpwTriFbmSimulator,4096,200,0.4,171,0.3734830655483364,0.4086011320447149,0.9,5,2
20260217_013355,DpwTriFbmSimulator,4096,200,0.4,172,0.2728501519297658,0.0698810781887916,0.9,5,2
20260217_013355,DpwTriFbmSimulator,4096,200,0.4,173,0.3383228894529985,0.2498714617283728,0.9,5,2
20260217_013355,DpwTriFbmSimulator,4096,200,0.4,174,0.3876532940370084,0.1198521789366588,0.9,5,2
20260217_013355,DpwTriFbmSimulator,4096,200,0.4,175,0.3234310534723595,0.6193173661395459,0.9,5,2
20260217_013355,DpwTriFbmSimulator,4096,200,0.4,176,0.0975687222558959,0.0243977897360088,0.9,5,2
20260217_013355,DpwTriFbmSimulator,4096,200,0.4,177,0.5544923250704114,6.312433647672778,0.9,5,2
20260217_013355,DpwTriFbmSimulator,4096,200,0.4,178,0.1702822914598688,0.0392999573399992,0.9,5,2
20260217_013355,DpwTriFbmSimulator,4096,200,0.4,179,0.2198010150806653,0.0946820611064,0.9,5,2
20260217_013355,DpwTriFbmSimulator,4096,200,0.4,180,0.4107892943595964,0.603147910934903,0.9,5,2
20260217_013355,DpwTriFbmSimulator,4096,200,0.4,181,0.2312621502967299,0.1619944372098608,0.9,5,2
20260217_013355,DpwTriFbmSimulator,4096,200,0.4,182,0.0783774234868294,0.035452480586365,0.9,5,2
20260217_013355,DpwTriFbmSimulator,4096,200,0.4,183,0.3745017086773421,0.6300551758170388,0.9,5,2
20260217_013355,DpwTriFbmSimulator,4096,200,0.4,184,0.2070269256784584,0.1186167243835225,0.9,5,2
20260217_013355,DpwTriFbmSimulator,4096,200,0.4,185,0.3201931100227312,0.0624281536977354,0.9,5,2
20260217_013355,DpwTriFbmSimulator,4096,200,0.4,186,0.3757267841318257,0.3343150955951333,0.9,5,2
20260217_013355,DpwTriFbmSimulator,4096,200,0.4,187,0.3180451718857451,0.1854423964648821,0.9,5,2
20260217_013355,DpwTriFbmSimulator,4096,200,0.4,188,0.4823071528234423,0.3859785296996388,0.9,5,2
20260217_013355,DpwTriFbmSimulator,4096,200,0.4,189,0.4233373943899726,0.8067132319294505,0.9,5,2
20260217_013355,DpwTriFbmSimulator,4096,200,0.4,190,0.2675437152382905,0.1456725914124468,0.9,5,2
20260217_013355,DpwTriFbmSimulator,4096,200,0.4,191,0.4737891414786215,1.978635447022744,0.9,5,2
20260217_013355,DpwTriFbmSimulator,4096,200,0.4,192,0.4244717339673539,0.8608204417761819,0.9,5,2
20260217_013355,DpwTriFbmSimulator,4096,200,0.4,193,0.700409733918248,8.680056554619012,0.9,5,2
20260217_013355,DpwTriFbmSimulator,4096,200,0.4,194,0.1132486417361173,0.2279027706650796,0.9,5,2
20260217_013355,DpwTriFbmSimulator,4096,200,0.4,195,0.3545786051304873,0.4053913027902766,0.9,5,2
20260217_013355,DpwTriFbmSimulator,4096,200,0.4,196,0.3644455930175586,0.2966220443147678,0.9,5,2
20260217_013355,DpwTriFbmSimulator,4096,200,0.4,197,0.3718713214931639,0.2780536744329961,0.9,5,2
20260217_013355,DpwTriFbmSimulator,4096,200,0.4,198,0.4961012771792172,2.099499109595705,0.9,5,2
20260217_013355,DpwTriFbmSimulator,4096,200,0.4,199,0.4345062787637729,0.6204152349468229,0.9,5,2
20260217_013355,DpwTriFbmSimulator,4096,200,0.4,200,0.0705694498902602,0.0210086644737564,0.9,5,2
20260217_013355,DpwTriFbmSimulator,4096,200,0.7,1,0.5135327688365181,0.910662066664219,0.9,5,2
20260217_013355,DpwTriFbmSimulator,4096,200,0.7,2,0.488232390918665,0.394535183650472,0.9,5,2
20260217_013355,DpwTriFbmSimulator,4096,200,0.7,3,0.4870827237870462,0.1102564379850573,0.9,5,2
20260217_013355,DpwTriFbmSimulator,4096,200,0.7,4,0.632844955140336,0.0451701561645806,0.9,5,2
20260217_013355,DpwTriFbmSimulator,4096,200,0.7,5,0.573607116411211,0.2827117311093684,0.9,5,2
20260217_013355,DpwTriFbmSimulator,4096,200,0.7,6,0.4135442572780756,0.0465097432840542,0.9,5,2
20260217_013355,DpwTriFbmSimulator,4096,200,0.7,7,0.9106356824987816,5.379980455017043,0.9,5,2
20260217_013355,DpwTriFbmSimulator,4096,200,0.7,8,0.2572552966614347,0.0264516461661974,0.9,5,2
20260217_013355,DpwTriFbmSimulator,4096,200,0.7,9,0.5509030625120336,0.0355579264125188,0.9,5,2
20260217_013355,DpwTriFbmSimulator,4096,200,0.7,10,0.5569231563225333,0.1605690348660174,0.9,5,2
20260217_013355,DpwTriFbmSimulator,4096,200,0.7,11,0.49170684173325,0.3305299119322583,0.9,5,2
20260217_013355,DpwTriFbmSimulator,4096,200,0.7,12,0.1685218455336186,0.0183354103380243,0.9,5,2
20260217_013355,DpwTriFbmSimulator,4096,200,0.7,13,0.6650094710298645,1.8585397836064497,0.9,5,2
20260217_013355,DpwTriFbmSimulator,4096,200,0.7,14,0.553744269131787,0.4231393622797054,0.9,5,2
20260217_013355,DpwTriFbmSimulator,4096,200,0.7,15,0.5728734439509556,0.2433677627679017,0.9,5,2
20260217_013355,DpwTriFbmSimulator,4096,200,0.7,16,0.585348455333339,0.1852304510291849,0.9,5,2
20260217_013355,DpwTriFbmSimulator,4096,200,0.7,17,0.7222707138433658,1.0279208467108516,0.9,5,2
20260217_013355,DpwTriFbmSimulator,4096,200,0.7,18,0.6633078919091384,1.004206891884471,0.9,5,2
20260217_013355,DpwTriFbmSimulator,4096,200,0.7,19,0.6530142699759245,2.12338276182747,0.9,5,2
20260217_013355,DpwTriFbmSimulator,4096,200,0.7,20,0.3007975237324535,0.039847960082219,0.9,5,2
20260217_013355,DpwTriFbmSimulator,4096,200,0.7,21,0.5284716525712434,0.4029199606506667,0.9,5,2
20260217_013355,DpwTriFbmSimulator,4096,200,0.7,22,0.3899203837305022,0.0762697945433313,0.9,5,2
20260217_013355,DpwTriFbmSimulator,4096,200,0.7,23,0.540185830640702,0.07125393696704,0.9,5,2
20260217_013355,DpwTriFbmSimulator,4096,200,0.7,24,0.4037713079476585,0.1007306529383503,0.9,5,2
20260217_013355,DpwTriFbmSimulator,4096,200,0.7,25,0.5607361262768202,0.6514042313595858,0.9,5,2
20260217_013355,DpwTriFbmSimulator,4096,200,0.7,26,0.6444512224106983,0.789103813000699,0.9,5,2
20260217_013355,DpwTriFbmSimulator,4096,200,0.7,27,0.5824921359244963,0.7583713955255814,0.9,5,2
20260217_013355,DpwTriFbmSimulator,4096,200,0.7,28,0.7223600091465531,0.9190739065252884,0.9,5,2
20260217_013355,DpwTriFbmSimulator,4096,200,0.7,29,0.7125360253161843,1.957608645410614,0.9,5,2
20260217_013355,DpwTriFbmSimulator,4096,200,0.7,30,0.5276998411127046,0.3101165067994193,0.9,5,2
20260217_013355,DpwTriFbmSimulator,4096,200,0.7,31,0.6178920096761737,0.7380609727259512,0.9,5,2
20260217_013355,DpwTriFbmSimulator,4096,200,0.7,32,0.6754064637420272,1.6151113660422305,0.9,5,2
20260217_013355,DpwTriFbmSimulator,4096,200,0.7,33,0.7152159935315745,0.4219690579220488,0.9,5,2
20260217_013355,DpwTriFbmSimulator,4096,200,0.7,34,0.6745503076052296,2.419507201110184,0.9,5,2
20260217_013355,DpwTriFbmSimulator,4096,200,0.7,35,0.5786731469030469,2.9738551622155747,0.9,5,2
20260217_013355,DpwTriFbmSimulator,4096,200,0.7,36,0.9987633174610648,12.633178455220968,0.9,5,2
20260217_013355,DpwTriFbmSimulator,4096,200,0.7,37,0.6368948903514222,0.8387719605018252,0.9,5,2
20260217_013355,DpwTriFbmSimulator,4096,200,0.7,38,0.4575661338777643,0.0767778688531161,0.9,5,2
20260217_013355,DpwTriFbmSimulator,4096,200,0.7,39,0.6936131628958442,0.5973661855713045,0.9,5,2
20260217_013355,DpwTriFbmSimulator,4096,200,0.7,40,0.7309945934313741,1.9134599770688727,0.9,5,2
20260217_013355,DpwTriFbmSimulator,4096,200,0.7,41,0.905482911367621,3.38197785598189,0.9,5,2
20260217_013355,DpwTriFbmSimulator,4096,200,0.7,42,0.4143203749726748,0.0996992430416288,0.9,5,2
20260217_013355,DpwTriFbmSimulator,4096,200,0.7,43,0.6486536183452193,0.4467490710158993,0.9,5,2
20260217_013355,DpwTriFbmSimulator,4096,200,0.7,44,0.5011117856144338,0.3823250936273801,0.9,5,2
20260217_013355,DpwTriFbmSimulator,4096,200,0.7,45,0.5911661304119592,0.4569308941232016,0.9,5,2
20260217_013355,DpwTriFbmSimulator,4096,200,0.7,46,0.6895942922020942,0.4332524418723411,0.9,5,2
20260217_013355,DpwTriFbmSimulator,4096,200,0.7,47,0.6410537914308687,1.0257214288447791,0.9,5,2
20260217_013355,DpwTriFbmSimulator,4096,200,0.7,48,0.5972749531146544,0.9106655121539956,0.9,5,2
20260217_013355,DpwTriFbmSimulator,4096,200,0.7,49,0.7265419429989636,1.2341311341770398,0.9,5,2
20260217_013355,DpwTriFbmSimulator,4096,200,0.7,50,0.5319951528381817,0.1424858990411121,0.9,5,2
20260217_013355,DpwTriFbmSimulator,4096,200,0.7,51,0.6239334973148837,0.7657747862274832,0.9,5,2
20260217_013355,DpwTriFbmSimulator,4096,200,0.7,52,0.6239763259783947,0.9022068544173428,0.9,5,2
20260217_013355,DpwTriFbmSimulator,4096,200,0.7,53,0.5108030499630731,0.2386148609364914,0.9,5,2
20260217_013355,DpwTriFbmSimulator,4096,200,0.7,54,0.7627774569537936,1.440756480241939,0.9,5,2
20260217_013355,DpwTriFbmSimulator,4096,200,0.7,55,0.6213729701438232,0.3831057776756666,0.9,5,2
20260217_013355,DpwTriFbmSimulator,4096,200,0.7,56,0.524312377012819,0.5067880705306291,0.9,5,2
20260217_013355,DpwTriFbmSimulator,4096,200,0.7,57,0.5418497054612204,0.3483154406603395,0.9,5,2
20260217_013355,DpwTriFbmSimulator,4096,200,0.7,58,0.6839655725625654,0.3826891100619096,0.9,5,2
20260217_013355,DpwTriFbmSimulator,4096,200,0.7,59,0.4420939326393667,0.099259465609342,0.9,5,2
20260217_013355,DpwTriFbmSimulator,4096,200,0.7,60,0.4145264121998361,0.1017496602969606,0.9,5,2
20260217_013355,DpwTriFbmSimulator,4096,200,0.7,61,0.6720555186995895,1.3911761166128649,0.9,5,2
20260217_013355,DpwTriFbmSimulator,4096,200,0.7,62,0.6216850542798479,0.4885505089789921,0.9,5,2
20260217_013355,DpwTriFbmSimulator,4096,200,0.7,63,0.6639677838059531,1.1861971635888435,0.9,5,2
20260217_013355,DpwTriFbmSimulator,4096,200,0.7,64,0.742762515446138,0.9807732152690154,0.9,5,2
20260217_013355,DpwTriFbmSimulator,4096,200,0.7,65,0.6251010508087455,0.5485459972848367,0.9,5,2
20260217_013355,DpwTriFbmSimulator,4096,200,0.7,66,0.5242935602838529,0.1546510487757437,0.9,5,2
20260217_013355,DpwTriFbmSimulator,4096,200,0.7,67,0.5711142472387829,0.5284789264429985,0.9,5,2
20260217_013355,DpwTriFbmSimulator,4096,200,0.7,68,0.7054007270148729,0.764170349969911,0.9,5,2
20260217_013355,DpwTriFbmSimulator,4096,200,0.7,69,0.6609302497515263,0.8603486985364496,0.9,5,2
20260217_013355,DpwTriFbmSimulator,4096,200,0.7,70,0.7268152869294467,1.0029240490575144,0.9,5,2
20260217_013355,DpwTriFbmSimulator,4096,200,0.7,71,0.5223320581530783,0.1262517932038666,0.9,5,2
20260217_013355,DpwTriFbmSimulator,4096,200,0.7,72,0.5624732705973627,0.5411047539254991,0.9,5,2
20260217_013355,DpwTriFbmSimulator,4096,200,0.7,73,0.5717481152864355,1.1570224415359465,0.9,5,2
20260217_013355,DpwTriFbmSimulator,4096,200,0.7,74,0.643362513274631,0.8175132655562232,0.9,5,2
20260217_013355,DpwTriFbmSimulator,4096,200,0.7,75,0.7464302995250829,1.2097086306901317,0.9,5,2
20260217_013355,DpwTriFbmSimulator,4096,200,0.7,76,0.692872534756671,0.6233702681584005,0.9,5,2
20260217_013355,DpwTriFbmSimulator,4096,200,0.7,77,0.5839506115968919,0.2513825004614635,0.9,5,2
20260217_013355,DpwTriFbmSimulator,4096,200,0.7,78,0.5991076676591474,2.1405842519840106,0.9,5,2
20260217_013355,DpwTriFbmSimulator,4096,200,0.7,79,0.6889067374713735,0.6399678673349165,0.9,5,2
20260217_013355,DpwTriFbmSimulator,4096,200,0.7,80,0.5706120293225574,0.1191161993516624,0.9,5,2
20260217_013355,DpwTriFbmSimulator,4096,200,0.7,81,0.5345534042163849,0.7660421355470712,0.9,5,2
20260217_013355,DpwTriFbmSimulator,4096,200,0.7,82,0.7452228096408371,5.305149624501113,0.9,5,2
20260217_013355,DpwTriFbmSimulator,4096,200,0.7,83,0.2762264242392309,0.099751163099425,0.9,5,2
20260217_013355,DpwTriFbmSimulator,4096,200,0.7,84,0.6587617783237745,0.2214920346183295,0.9,5,2
20260217_013355,DpwTriFbmSimulator,4096,200,0.7,85,0.8111725565170385,3.237156154078452,0.9,5,2
20260217_013355,DpwTriFbmSimulator,4096,200,0.7,86,0.5441797718421589,0.425011098429487,0.9,5,2
20260217_013355,DpwTriFbmSimulator,4096,200,0.7,87,0.4590431868213744,0.1384960671888311,0.9,5,2
20260217_013355,DpwTriFbmSimulator,4096,200,0.7,88,0.7509881501509099,2.408545685432291,0.9,5,2
20260217_013355,DpwTriFbmSimulator,4096,200,0.7,89,0.8552836046131321,0.7843750532198581,0.9,5,2
20260217_013355,DpwTriFbmSimulator,4096,200,0.7,90,0.7699927202910101,0.8745166651885857,0.9,5,2
20260217_013355,DpwTriFbmSimulator,4096,200,0.7,91,0.638472031760944,0.670176073986114,0.9,5,2
20260217_013355,DpwTriFbmSimulator,4096,200,0.7,92,0.5951695081312867,0.6552955522452784,0.9,5,2
20260217_013355,DpwTriFbmSimulator,4096,200,0.7,93,0.6008780480269614,0.9634351425032636,0.9,5,2
20260217_013355,DpwTriFbmSimulator,4096,200,0.7,94,0.4933793556149811,0.3050176299870974,0.9,5,2
20260217_013355,DpwTriFbmSimulator,4096,200,0.7,95,0.5295906859811779,0.3146439638571173,0.9,5,2
20260217_013355,DpwTriFbmSimulator,4096,200,0.7,96,0.7451068679355507,2.3336964045761506,0.9,5,2
20260217_013355,DpwTriFbmSimulator,4096,200,0.7,97,0.6598828372579032,0.2077015971724569,0.9,5,2
20260217_013355,DpwTriFbmSimulator,4096,200,0.7,98,0.9498804384696624,3.4119120377262098,0.9,5,2
20260217_013355,DpwTriFbmSimulator,4096,200,0.7,99,0.2641980645025358,0.0270254597284886,0.9,5,2
20260217_013355,DpwTriFbmSimulator,4096,200,0.7,100,0.4517371680329727,0.2698732070311218,0.9,5,2
20260217_013355,DpwTriFbmSimulator,4096,200,0.7,101,0.8827164430194029,6.541492050323013,0.9,5,2
20260217_013355,DpwTriFbmSimulator,4096,200,0.7,102,0.7297699561313841,2.257123357777014,0.9,5,2
20260217_013355,DpwTriFbmSimulator,4096,200,0.7,103,0.7161752230065705,1.5832963146893506,0.9,5,2
20260217_013355,DpwTriFbmSimulator,4096,200,0.7,104,0.6489114631711372,1.986787765648212,0.9,5,2
20260217_013355,DpwTriFbmSimulator,4096,200,0.7,105,0.5589897317979107,1.1074673436185625,0.9,5,2
20260217_013355,DpwTriFbmSimulator,4096,200,0.7,106,0.5918621363585915,0.3667156358586063,0.9,5,2
20260217_013355,DpwTriFbmSimulator,4096,200,0.7,107,0.5439829667905287,0.1562120568909381,0.9,5,2
20260217_013355,DpwTriFbmSimulator,4096,200,0.7,108,0.632425190220792,0.7815762703666351,0.9,5,2
20260217_013355,DpwTriFbmSimulator,4096,200,0.7,109,0.5431251508993653,0.0487480078747873,0.9,5,2
20260217_013355,DpwTriFbmSimulator,4096,200,0.7,110,0.1794336591640971,0.0046005985262551,0.9,5,2
20260217_013355,DpwTriFbmSimulator,4096,200,0.7,111,0.2954746119307397,0.1010769747095388,0.9,5,2
20260217_013355,DpwTriFbmSimulator,4096,200,0.7,112,0.6993882683437626,1.662652206939545,0.9,5,2
20260217_013355,DpwTriFbmSimulator,4096,200,0.7,113,0.420096529877918,0.1979756756261919,0.9,5,2
20260217_013355,DpwTriFbmSimulator,4096,200,0.7,114,0.7949969230254903,0.998527108170689,0.9,5,2
20260217_013355,DpwTriFbmSimulator,4096,200,0.7,115,0.6513513074040883,0.4060921262501274,0.9,5,2
20260217_013355,DpwTriFbmSimulator,4096,200,0.7,116,0.6139204362397502,0.8330504807254033,0.9,5,2
20260217_013355,DpwTriFbmSimulator,4096,200,0.7,117,0.5398883366363638,0.0708153834889859,0.9,5,2
20260217_013355,DpwTriFbmSimulator,4096,200,0.7,118,0.7242587051954625,0.7651123542952618,0.9,5,2
20260217_013355,DpwTriFbmSimulator,4096,200,0.7,119,0.5384611776395439,0.3311758004211813,0.9,5,2
20260217_013355,DpwTriFbmSimulator,4096,200,0.7,120,0.5851139114090614,0.9963534983850996,0.9,5,2
20260217_013355,DpwTriFbmSimulator,4096,200,0.7,121,0.3656297474861228,0.1041408205878171,0.9,5,2
20260217_013355,DpwTriFbmSimulator,4096,200,0.7,122,0.4982767899911775,0.6173916344761483,0.9,5,2
20260217_013355,DpwTriFbmSimulator,4096,200,0.7,123,0.6543323044952971,0.7040776812901093,0.9,5,2
20260217_013355,DpwTriFbmSimulator,4096,200,0.7,124,0.6895597443886984,1.0776525331420823,0.9,5,2
20260217_013355,DpwTriFbmSimulator,4096,200,0.7,125,0.5887498958231393,1.3038960202532095,0.9,5,2
20260217_013355,DpwTriFbmSimulator,4096,200,0.7,126,0.2982743614162038,0.0342808602525025,0.9,5,2
20260217_013355,DpwTriFbmSimulator,4096,200,0.7,127,0.5471063280148489,0.5489837525890502,0.9,5,2
20260217_013355,DpwTriFbmSimulator,4096,200,0.7,128,0.6572903282803471,0.1064823723131363,0.9,5,2
20260217_013355,DpwTriFbmSimulator,4096,200,0.7,129,0.7748705404810614,0.1732539641250992,0.9,5,2
20260217_013355,DpwTriFbmSimulator,4096,200,0.7,130,0.5584025704180664,0.1347101245990571,0.9,5,2
20260217_013355,DpwTriFbmSimulator,4096,200,0.7,131,0.6148141478187977,0.287538024494249,0.9,5,2
20260217_013355,DpwTriFbmSimulator,4096,200,0.7,132,0.5410365395065356,0.2430401021624751,0.9,5,2
20260217_013355,DpwTriFbmSimulator,4096,200,0.7,133,0.6397435893356617,0.2372720720609507,0.9,5,2
20260217_013355,DpwTriFbmSimulator,4096,200,0.7,134,0.8442077072040838,3.72553104831712,0.9,5,2
20260217_013355,DpwTriFbmSimulator,4096,200,0.7,135,0.9999930391509352,9.384429057355185,0.9,5,2
20260217_013355,DpwTriFbmSimulator,4096,200,0.7,136,0.6815479084989051,0.9819377871696328,0.9,5,2
20260217_013355,DpwTriFbmSimulator,4096,200,0.7,137,0.7543662911985229,0.6854008081658851,0.9,5,2
20260217_013355,DpwTriFbmSimulator,4096,200,0.7,138,0.6360137594814764,1.435944230992198,0.9,5,2
20260217_013355,DpwTriFbmSimulator,4096,200,0.7,139,0.713983932521833,0.2044369096585583,0.9,5,2
20260217_013355,DpwTriFbmSimulator,4096,200,0.7,140,0.6770451636567452,1.1872652807372697,0.9,5,2
20260217_013355,DpwTriFbmSimulator,4096,200,0.7,141,0.6016538252343006,0.5565863593647126,0.9,5,2
20260217_013355,DpwTriFbmSimulator,4096,200,0.7,142,0.5830291041636549,0.3429590501695688,0.9,5,2
20260217_013355,DpwTriFbmSimulator,4096,200,0.7,143,0.6341064346268197,0.5295038591369045,0.9,5,2
20260217_013355,DpwTriFbmSimulator,4096,200,0.7,144,0.8141649893145886,7.859853409356722,0.9,5,2
20260217_013355,DpwTriFbmSimulator,4096,200,0.7,145,0.4496434282654594,0.2936442926555547,0.9,5,2
20260217_013355,DpwTriFbmSimulator,4096,200,0.7,146,0.7298265112606984,1.2485366096597037,0.9,5,2
20260217_013355,DpwTriFbmSimulator,4096,200,0.7,147,0.4184592153776378,0.1472132000266442,0.9,5,2
20260217_013355,DpwTriFbmSimulator,4096,200,0.7,148,0.5567167890809518,0.3051939000245296,0.9,5,2
20260217_013355,DpwTriFbmSimulator,4096,200,0.7,149,0.7307503018087916,4.21852459777671,0.9,5,2
20260217_013355,DpwTriFbmSimulator,4096,200,0.7,150,0.5622124550869366,0.193718060632808,0.9,5,2
20260217_013355,DpwTriFbmSimulator,4096,200,0.7,151,0.4836218636766229,0.1540520959907075,0.9,5,2
20260217_013355,DpwTriFbmSimulator,4096,200,0.7,152,0.6875805419089961,0.938751628544126,0.9,5,2
20260217_013355,DpwTriFbmSimulator,4096,200,0.7,153,0.6755307820004046,0.4061769061804023,0.9,5,2
20260217_013355,DpwTriFbmSimulator,4096,200,0.7,154,0.4138214923405145,0.042566510011675,0.9,5,2
20260217_013355,DpwTriFbmSimulator,4096,200,0.7,155,0.6761074263854543,0.4719980196478531,0.9,5,2
20260217_013355,DpwTriFbmSimulator,4096,200,0.7,156,0.5633589813289289,0.2441759470189713,0.9,5,2
20260217_013355,DpwTriFbmSimulator,4096,200,0.7,157,0.2301075316621241,0.0218182060781488,0.9,5,2
20260217_013355,DpwTriFbmSimulator,4096,200,0.7,158,0.6314115110579299,0.7870374718106501,0.9,5,2
20260217_013355,DpwTriFbmSimulator,4096,200,0.7,159,0.8952190260438722,8.974231638462369,0.9,5,2
20260217_013355,DpwTriFbmSimulator,4096,200,0.7,160,0.6985407687768636,1.3069024431367164,0.9,5,2
20260217_013355,DpwTriFbmSimulator,4096,200,0.7,161,0.5492726373216669,1.4373648303333355,0.9,5,2
20260217_013355,DpwTriFbmSimulator,4096,200,0.7,162,0.5587512093499902,0.3372433767342949,0.9,5,2
20260217_013355,DpwTriFbmSimulator,4096,200,0.7,163,0.761641785975091,5.780213748897934,0.9,5,2
20260217_013355,DpwTriFbmSimulator,4096,200,0.7,164,0.3402788788774878,0.2722564601093851,0.9,5,2
20260217_013355,DpwTriFbmSimulator,4096,200,0.7,165,0.6015655328131441,0.4726643663691477,0.9,5,2
20260217_013355,DpwTriFbmSimulator,4096,200,0.7,166,0.5076432426468362,0.5474545156553606,0.9,5,2
20260217_013355,DpwTriFbmSimulator,4096,200,0.7,167,0.422629936106812,0.1020319529225251,0.9,5,2
20260217_013355,DpwTriFbmSimulator,4096,200,0.7,168,0.706208375921027,1.959606053360858,0.9,5,2
20260217_013355,DpwTriFbmSimulator,4096,200,0.7,169,0.4463027913429332,0.1728007486165897,0.9,5,2
20260217_013355,DpwTriFbmSimulator,4096,200,0.7,170,0.5278141336932648,0.1240901108027038,0.9,5,2
20260217_013355,DpwTriFbmSimulator,4096,200,0.7,171,0.780305416259587,0.7780234535305875,0.9,5,2
20260217_013355,DpwTriFbmSimulator,4096,200,0.7,172,0.842600180771077,5.925756543541527,0.9,5,2
20260217_013355,DpwTriFbmSimulator,4096,200,0.7,173,0.6499323032369078,0.3507022947886155,0.9,5,2
20260217_013355,DpwTriFbmSimulator,4096,200,0.7,174,0.7957622950036312,0.6404025954902308,0.9,5,2
20260217_013355,DpwTriFbmSimulator,4096,200,0.7,175,0.8218152290018851,4.941401864313686,0.9,5,2
20260217_013355,DpwTriFbmSimulator,4096,200,0.7,176,0.5981235400510738,0.2836312059683316,0.9,5,2
20260217_013355,DpwTriFbmSimulator,4096,200,0.7,177,0.2295372361771874,0.0516250482084943,0.9,5,2
20260217_013355,DpwTriFbmSimulator,4096,200,0.7,178,0.572110434238808,0.9047071870763166,0.9,5,2
20260217_013355,DpwTriFbmSimulator,4096,200,0.7,179,0.6432195144607673,2.8211444083606687,0.9,5,2
20260217_013355,DpwTriFbmSimulator,4096,200,0.7,180,0.5402465004063498,0.8003577878079298,0.9,5,2
20260217_013355,DpwTriFbmSimulator,4096,200,0.7,181,0.95570896304372,29.727526128143285,0.9,5,2
20260217_013355,DpwTriFbmSimulator,4096,200,0.7,182,0.6887379525258537,1.219598520049362,0.9,5,2
20260217_013355,DpwTriFbmSimulator,4096,200,0.7,183,0.4463415008827311,0.0243555822237687,0.9,5,2
20260217_013355,DpwTriFbmSimulator,4096,200,0.7,184,0.5800150211091565,0.1771055240863994,0.9,5,2
20260217_013355,DpwTriFbmSimulator,4096,200,0.7,185,0.7182684582981075,4.268696795708049,0.9,5,2
20260217_013355,DpwTriFbmSimulator,4096,200,0.7,186,0.4418002784850386,0.139570378548415,0.9,5,2
20260217_013355,DpwTriFbmSimulator,4096,200,0.7,187,0.5844683113855343,0.4461477467703887,0.9,5,2
20260217_013355,DpwTriFbmSimulator,4096,200,0.7,188,0.8644228602223226,8.556488466443518,0.9,5,2
20260217_013355,DpwTriFbmSimulator,4096,200,0.7,189,0.7623762590192282,0.4781918060738634,0.9,5,2
20260217_013355,DpwTriFbmSimulator,4096,200,0.7,190,0.4920202786844634,0.2279950976539107,0.9,5,2
20260217_013355,DpwTriFbmSimulator,4096,200,0.7,191,0.7723782968682298,2.429906775513289,0.9,5,2
20260217_013355,DpwTriFbmSimulator,4096,200,0.7,192,0.4612826274648297,0.0333926237231553,0.9,5,2
20260217_013355,DpwTriFbmSimulator,4096,200,0.7,193,0.6938876829511854,2.974937298232256,0.9,5,2
20260217_013355,DpwTriFbmSimulator,4096,200,0.7,194,0.4537094480545944,0.0470201413184995,0.9,5,2
20260217_013355,DpwTriFbmSimulator,4096,200,0.7,195,0.6239820785513308,0.3227896043375898,0.9,5,2
20260217_013355,DpwTriFbmSimulator,4096,200,0.7,196,0.5273183399245309,0.4215009477599982,0.9,5,2
20260217_013355,DpwTriFbmSimulator,4096,200,0.7,197,0.2889869799495436,0.0043639120259434,0.9,5,2
20260217_013355,DpwTriFbmSimulator,4096,200,0.7,198,0.5553826042256709,0.1293963932427413,0.9,5,2
20260217_013355,DpwTriFbmSimulator,4096,200,0.7,199,0.9148219623740576,0.6064590985607852,0.9,5,2
20260217_013355,DpwTriFbmSimulator,4096,200,0.7,200,0.5427163658615058,0.1244546197211853,0.9,5,2
20260217_013355,DpwTriFbmSimulator,4096,200,0.9,1,0.8509352128725257,1.522604732687015,0.9,5,2
20260217_013355,DpwTriFbmSimulator,4096,200,0.9,2,0.6722351331714496,0.2944682463712441,0.9,5,2
20260217_013355,DpwTriFbmSimulator,4096,200,0.9,3,0.8961918271331881,2.5238674408657427,0.9,5,2
20260217_013355,DpwTriFbmSimulator,4096,200,0.9,4,0.5442609805294938,0.033403704868617,0.9,5,2
20260217_013355,DpwTriFbmSimulator,4096,200,0.9,5,0.4749231754465997,0.0341053905851326,0.9,5,2
20260217_013355,DpwTriFbmSimulator,4096,200,0.9,6,0.8965595160982169,3.251368526133521,0.9,5,2
20260217_013355,DpwTriFbmSimulator,4096,200,0.9,7,0.8293721041147141,0.5866552278659672,0.9,5,2
20260217_013355,DpwTriFbmSimulator,4096,200,0.9,8,0.8040077541382143,1.2035997623682588,0.9,5,2
20260217_013355,DpwTriFbmSimulator,4096,200,0.9,9,0.9111186315929708,2.238505531048369,0.9,5,2
20260217_013355,DpwTriFbmSimulator,4096,200,0.9,10,0.6338406293295001,0.1443548537270118,0.9,5,2
20260217_013355,DpwTriFbmSimulator,4096,200,0.9,11,0.9186897548791988,0.3878839578916506,0.9,5,2
20260217_013355,DpwTriFbmSimulator,4096,200,0.9,12,0.8175833647516478,0.1871064367464683,0.9,5,2
20260217_013355,DpwTriFbmSimulator,4096,200,0.9,13,0.8800908728171377,1.057963678217022,0.9,5,2
20260217_013355,DpwTriFbmSimulator,4096,200,0.9,14,0.8466984638635927,0.7034239576575018,0.9,5,2
20260217_013355,DpwTriFbmSimulator,4096,200,0.9,15,0.8688366278745847,0.9678082490723724,0.9,5,2
20260217_013355,DpwTriFbmSimulator,4096,200,0.9,16,0.8196603852962786,1.0795518458969549,0.9,5,2
20260217_013355,DpwTriFbmSimulator,4096,200,0.9,17,0.8212108689390769,0.3329794811905521,0.9,5,2
20260217_013355,DpwTriFbmSimulator,4096,200,0.9,18,0.6824732395632687,0.1411540500344009,0.9,5,2
20260217_013355,DpwTriFbmSimulator,4096,200,0.9,19,0.2274103327426594,0.0720672865223003,0.9,5,2
20260217_013355,DpwTriFbmSimulator,4096,200,0.9,20,0.8921832475155801,4.408955578900909,0.9,5,2
20260217_013355,DpwTriFbmSimulator,4096,200,0.9,21,0.2680499910694413,0.0074312980874501,0.9,5,2
20260217_013355,DpwTriFbmSimulator,4096,200,0.9,22,0.7842408162378912,0.4067013585421383,0.9,5,2
20260217_013355,DpwTriFbmSimulator,4096,200,0.9,23,0.7530131739466603,0.1142828172098145,0.9,5,2
20260217_013355,DpwTriFbmSimulator,4096,200,0.9,24,0.8565690288280191,0.8856263538100319,0.9,5,2
20260217_013355,DpwTriFbmSimulator,4096,200,0.9,25,0.7270496244000109,0.3265211754880024,0.9,5,2
20260217_013355,DpwTriFbmSimulator,4096,200,0.9,26,0.6961944989281648,0.4595537900583021,0.9,5,2
20260217_013355,DpwTriFbmSimulator,4096,200,0.9,27,0.9999930391509352,11.653290399619346,0.9,5,2
20260217_013355,DpwTriFbmSimulator,4096,200,0.9,28,0.7418101828889324,0.3376725598807572,0.9,5,2
20260217_013355,DpwTriFbmSimulator,4096,200,0.9,29,0.7406485276072814,0.115240119293147,0.9,5,2
20260217_013355,DpwTriFbmSimulator,4096,200,0.9,30,0.9106042245328446,1.6374061080866735,0.9,5,2
20260217_013355,DpwTriFbmSimulator,4096,200,0.9,31,0.9436789869135352,1.300439615350402,0.9,5,2
20260217_013355,DpwTriFbmSimulator,4096,200,0.9,32,0.5645273714471174,0.1519702062119367,0.9,5,2
20260217_013355,DpwTriFbmSimulator,4096,200,0.9,33,0.936259648494546,3.08228352342986,0.9,5,2
20260217_013355,DpwTriFbmSimulator,4096,200,0.9,34,0.9343069626501151,2.9300189934433742,0.9,5,2
20260217_013355,DpwTriFbmSimulator,4096,200,0.9,35,0.7580824689035668,0.1725277483314895,0.9,5,2
20260217_013355,DpwTriFbmSimulator,4096,200,0.9,36,0.8516983673815125,0.3151710588868847,0.9,5,2
20260217_013355,DpwTriFbmSimulator,4096,200,0.9,37,0.5882227406364455,0.1386470685364417,0.9,5,2
20260217_013355,DpwTriFbmSimulator,4096,200,0.9,38,0.8211993087126712,0.4321802682649035,0.9,5,2
20260217_013355,DpwTriFbmSimulator,4096,200,0.9,39,0.857348751192571,4.931487640639143,0.9,5,2
20260217_013355,DpwTriFbmSimulator,4096,200,0.9,40,0.7190617765536393,0.2803330505638257,0.9,5,2
20260217_013355,DpwTriFbmSimulator,4096,200,0.9,41,0.5505587787782227,0.1028072369846722,0.9,5,2
20260217_013355,DpwTriFbmSimulator,4096,200,0.9,42,0.7228759013368147,0.2688277276789942,0.9,5,2
20260217_013355,DpwTriFbmSimulator,4096,200,0.9,43,0.5810080915440693,0.1246906494876315,0.9,5,2
20260217_013355,DpwTriFbmSimulator,4096,200,0.9,44,0.7418831021497037,0.6418259311287741,0.9,5,2
20260217_013355,DpwTriFbmSimulator,4096,200,0.9,45,0.2209503987550337,0.0566861451889123,0.9,5,2
20260217_013355,DpwTriFbmSimulator,4096,200,0.9,46,0.813898086172021,0.4107352368082893,0.9,5,2
20260217_013355,DpwTriFbmSimulator,4096,200,0.9,47,0.8774636048938705,3.046443599478209,0.9,5,2
20260217_013355,DpwTriFbmSimulator,4096,200,0.9,48,0.9015846931669796,1.936493411581816,0.9,5,2
20260217_013355,DpwTriFbmSimulator,4096,200,0.9,49,0.7054728633937198,0.2932195270719939,0.9,5,2
20260217_013355,DpwTriFbmSimulator,4096,200,0.9,50,0.7458708284371994,0.3298706290820202,0.9,5,2
20260217_013355,DpwTriFbmSimulator,4096,200,0.9,51,0.6799821915182943,0.1000019514943165,0.9,5,2
20260217_013355,DpwTriFbmSimulator,4096,200,0.9,52,0.6838944949384927,0.5085134818230475,0.9,5,2
20260217_013355,DpwTriFbmSimulator,4096,200,0.9,53,0.5297572062318534,0.1127563792955118,0.9,5,2
20260217_013355,DpwTriFbmSimulator,4096,200,0.9,54,0.7913441028541047,0.2612970076496311,0.9,5,2
20260217_013355,DpwTriFbmSimulator,4096,200,0.9,55,0.8428206784105031,1.5026302783908558,0.9,5,2
20260217_013355,DpwTriFbmSimulator,4096,200,0.9,56,0.1682248151336559,0.0389767342548029,0.9,5,2
20260217_013355,DpwTriFbmSimulator,4096,200,0.9,57,0.8671614431414348,2.2444320347162785,0.9,5,2
20260217_013355,DpwTriFbmSimulator,4096,200,0.9,58,0.9999930391509352,11.595516964163451,0.9,5,2
20260217_013355,DpwTriFbmSimulator,4096,200,0.9,59,0.5735515914789883,0.0307389972874979,0.9,5,2
20260217_013355,DpwTriFbmSimulator,4096,200,0.9,60,0.7218437500165031,0.3002772244236041,0.9,5,2
20260217_013355,DpwTriFbmSimulator,4096,200,0.9,61,0.7900085585989023,0.3235841563962077,0.9,5,2
20260217_013355,DpwTriFbmSimulator,4096,200,0.9,62,0.6813528130550794,0.4315020641364824,0.9,5,2
20260217_013355,DpwTriFbmSimulator,4096,200,0.9,63,0.813324836385726,0.7821188934399436,0.9,5,2
20260217_013355,DpwTriFbmSimulator,4096,200,0.9,64,0.8971266774621542,1.0445115455277991,0.9,5,2
20260217_013355,DpwTriFbmSimulator,4096,200,0.9,65,0.8172041942506267,0.2282878188578308,0.9,5,2
20260217_013355,DpwTriFbmSimulator,4096,200,0.9,66,0.9099815797488876,0.5010471288361514,0.9,5,2
20260217_013355,DpwTriFbmSimulator,4096,200,0.9,67,0.8445483645178877,0.8919809102468513,0.9,5,2
20260217_013355,DpwTriFbmSimulator,4096,200,0.9,68,0.7610310071712527,0.1470671880780012,0.9,5,2
20260217_013355,DpwTriFbmSimulator,4096,200,0.9,69,0.8408521117724935,0.9910524823897002,0.9,5,2
20260217_013355,DpwTriFbmSimulator,4096,200,0.9,70,0.6785085945699835,0.1987164923794602,0.9,5,2
20260217_013355,DpwTriFbmSimulator,4096,200,0.9,71,0.6944473714331595,0.1113830548361864,0.9,5,2
20260217_013355,DpwTriFbmSimulator,4096,200,0.9,72,0.9999930391509352,6.572092370165827,0.9,5,2
20260217_013355,DpwTriFbmSimulator,4096,200,0.9,73,0.849874968784789,0.5730229053711932,0.9,5,2
20260217_013355,DpwTriFbmSimulator,4096,200,0.9,74,0.6668771308965459,0.1647153429039656,0.9,5,2
20260217_013355,DpwTriFbmSimulator,4096,200,0.9,75,0.8289496485822695,3.125890189609751,0.9,5,2
20260217_013355,DpwTriFbmSimulator,4096,200,0.9,76,0.7553696606038403,0.2565155297864379,0.9,5,2
20260217_013355,DpwTriFbmSimulator,4096,200,0.9,77,0.6060137181151056,0.1190383841523536,0.9,5,2
20260217_013355,DpwTriFbmSimulator,4096,200,0.9,78,0.7034577844233619,0.0297399458229609,0.9,5,2
20260217_013355,DpwTriFbmSimulator,4096,200,0.9,79,0.598645731847253,0.1025236860410446,0.9,5,2
20260217_013355,DpwTriFbmSimulator,4096,200,0.9,80,0.6936018371701232,0.3013566465285655,0.9,5,2
20260217_013355,DpwTriFbmSimulator,4096,200,0.9,81,0.7585445106457714,0.2394120635409002,0.9,5,2
20260217_013355,DpwTriFbmSimulator,4096,200,0.9,82,0.8064180740914704,2.206902938275968,0.9,5,2
20260217_013355,DpwTriFbmSimulator,4096,200,0.9,83,0.6015250933838971,0.1726849866423351,0.9,5,2
20260217_013355,DpwTriFbmSimulator,4096,200,0.9,84,0.8542149717324449,1.7864154945304025,0.9,5,2
20260217_013355,DpwTriFbmSimulator,4096,200,0.9,85,0.7365284125653176,0.1516577696698927,0.9,5,2
20260217_013355,DpwTriFbmSimulator,4096,200,0.9,86,0.6377907735921248,0.1483458211970184,0.9,5,2
20260217_013355,DpwTriFbmSimulator,4096,200,0.9,87,0.7352447524278847,0.8643252684100163,0.9,5,2
20260217_013355,DpwTriFbmSimulator,4096,200,0.9,88,0.8008475448447611,2.696177618308337,0.9,5,2
20260217_013355,DpwTriFbmSimulator,4096,200,0.9,89,0.5346804445340533,0.0996944972394629,0.9,5,2
20260217_013355,DpwTriFbmSimulator,4096,200,0.9,90,0.7446755751688977,0.6633310380277645,0.9,5,2
20260217_013355,DpwTriFbmSimulator,4096,200,0.9,91,0.8031579919367556,0.4661407169414857,0.9,5,2
20260217_013355,DpwTriFbmSimulator,4096,200,0.9,92,0.822032507076563,1.429270873583069,0.9,5,2
20260217_013355,DpwTriFbmSimulator,4096,200,0.9,93,0.8140361964991284,0.7962490343954424,0.9,5,2
20260217_013355,DpwTriFbmSimulator,4096,200,0.9,94,0.6723543754680592,0.1966436436875433,0.9,5,2
20260217_013355,DpwTriFbmSimulator,4096,200,0.9,95,0.8318632579147809,1.2403218544195074,0.9,5,2
20260217_013355,DpwTriFbmSimulator,4096,200,0.9,96,0.993422988356412,3.849009455159906,0.9,5,2
20260217_013355,DpwTriFbmSimulator,4096,200,0.9,97,0.7816805837175125,1.4572314959282169,0.9,5,2
20260217_013355,DpwTriFbmSimulator,4096,200,0.9,98,0.6637818015665815,0.3964019176383028,0.9,5,2
20260217_013355,DpwTriFbmSimulator,4096,200,0.9,99,0.9352410958475476,1.4819920400138344,0.9,5,2
20260217_013355,DpwTriFbmSimulator,4096,200,0.9,100,0.8566364045158316,1.3992536150951198,0.9,5,2
20260217_013355,DpwTriFbmSimulator,4096,200,0.9,101,0.7106057063575725,0.6883271756370442,0.9,5,2
20260217_013355,DpwTriFbmSimulator,4096,200,0.9,102,0.7624260358618159,1.0432682237806667,0.9,5,2
20260217_013355,DpwTriFbmSimulator,4096,200,0.9,103,0.5947351829412981,0.1038082453011112,0.9,5,2
20260217_013355,DpwTriFbmSimulator,4096,200,0.9,104,0.6335423370612168,0.123769141546309,0.9,5,2
20260217_013355,DpwTriFbmSimulator,4096,200,0.9,105,0.7546901378713429,0.1916015604847668,0.9,5,2
20260217_013355,DpwTriFbmSimulator,4096,200,0.9,106,0.746857977684785,0.4034281103486782,0.9,5,2
20260217_013355,DpwTriFbmSimulator,4096,200,0.9,107,0.7067666864272,0.8769431297770154,0.9,5,2
20260217_013355,DpwTriFbmSimulator,4096,200,0.9,108,0.6451546129672124,0.1612547370677023,0.9,5,2
20260217_013355,DpwTriFbmSimulator,4096,200,0.9,109,0.7418983541982098,0.6045435465108717,0.9,5,2
20260217_013355,DpwTriFbmSimulator,4096,200,0.9,110,0.4653689201358454,0.0444307056745265,0.9,5,2
20260217_013355,DpwTriFbmSimulator,4096,200,0.9,111,0.5510953766112561,0.2793129858760541,0.9,5,2
20260217_013355,DpwTriFbmSimulator,4096,200,0.9,112,0.2693181568084304,0.0481914749111626,0.9,5,2
20260217_013355,DpwTriFbmSimulator,4096,200,0.9,113,0.9652964367113992,12.343906358664244,0.9,5,2
20260217_013355,DpwTriFbmSimulator,4096,200,0.9,114,0.666155155249637,0.2016671797914082,0.9,5,2
20260217_013355,DpwTriFbmSimulator,4096,200,0.9,115,0.744667605758633,0.656161584757909,0.9,5,2
20260217_013355,DpwTriFbmSimulator,4096,200,0.9,116,0.6362395784432049,0.2035227867818276,0.9,5,2
20260217_013355,DpwTriFbmSimulator,4096,200,0.9,117,0.5742514784233737,0.079147585515313,0.9,5,2
20260217_013355,DpwTriFbmSimulator,4096,200,0.9,118,0.8569273667502811,1.393008911461589,0.9,5,2
20260217_013355,DpwTriFbmSimulator,4096,200,0.9,119,0.5845201609093703,0.0789007664520941,0.9,5,2
20260217_013355,DpwTriFbmSimulator,4096,200,0.9,120,0.8675648491592783,0.72282861141959,0.9,5,2
20260217_013355,DpwTriFbmSimulator,4096,200,0.9,121,0.4143277735920346,0.0342429938787397,0.9,5,2
20260217_013355,DpwTriFbmSimulator,4096,200,0.9,122,0.5575657537570441,0.1907628065404081,0.9,5,2
20260217_013355,DpwTriFbmSimulator,4096,200,0.9,123,0.6595283263498102,0.0539841796475733,0.9,5,2
20260217_013355,DpwTriFbmSimulator,4096,200,0.9,124,0.6799685889247902,0.3119859994864044,0.9,5,2
20260217_013355,DpwTriFbmSimulator,4096,200,0.9,125,0.9337948133444308,3.45442770021447,0.9,5,2
20260217_013355,DpwTriFbmSimulator,4096,200,0.9,126,0.9728503481601772,0.5911366553808505,0.9,5,2
20260217_013355,DpwTriFbmSimulator,4096,200,0.9,127,0.702673828227799,0.5558871461513964,0.9,5,2
20260217_013355,DpwTriFbmSimulator,4096,200,0.9,128,0.8469842244682961,2.2414683985217416,0.9,5,2
20260217_013355,DpwTriFbmSimulator,4096,200,0.9,129,0.8023342586912803,0.3400846657009987,0.9,5,2
20260217_013355,DpwTriFbmSimulator,4096,200,0.9,130,0.9504420844025288,0.3591684613638176,0.9,5,2
20260217_013355,DpwTriFbmSimulator,4096,200,0.9,131,0.9994045348457758,7.193391271607155,0.9,5,2
20260217_013355,DpwTriFbmSimulator,4096,200,0.9,132,0.9999930391509352,0.9562802041082789,0.9,5,2
20260217_013355,DpwTriFbmSimulator,4096,200,0.9,133,0.9999930391509352,1.17575138024537,0.9,5,2
20260217_013355,DpwTriFbmSimulator,4096,200,0.9,134,0.8778518243490667,1.5006854738829605,0.9,5,2
20260217_013355,DpwTriFbmSimulator,4096,200,0.9,135,0.734404666066869,0.356828610241694,0.9,5,2
20260217_013355,DpwTriFbmSimulator,4096,200,0.9,136,0.6015286883895472,0.0931778465111736,0.9,5,2
20260217_013355,DpwTriFbmSimulator,4096,200,0.9,137,0.6656539450534724,1.1350804726160764,0.9,5,2
20260217_013355,DpwTriFbmSimulator,4096,200,0.9,138,0.8733992600635485,0.0751795717905583,0.9,5,2
20260217_013355,DpwTriFbmSimulator,4096,200,0.9,139,0.707132571970765,0.380534923855848,0.9,5,2
20260217_013355,DpwTriFbmSimulator,4096,200,0.9,140,0.814950954048772,0.6240580444861812,0.9,5,2
20260217_013355,DpwTriFbmSimulator,4096,200,0.9,141,0.8954000083668144,1.0245242835572033,0.9,5,2
20260217_013355,DpwTriFbmSimulator,4096,200,0.9,142,0.8403371883419812,1.9516424674178912,0.9,5,2
20260217_013355,DpwTriFbmSimulator,4096,200,0.9,143,0.5451895006746412,0.0265748262271924,0.9,5,2
20260217_013355,DpwTriFbmSimulator,4096,200,0.9,144,0.7403021733743946,0.3426330623698087,0.9,5,2
20260217_013355,DpwTriFbmSimulator,4096,200,0.9,145,0.8379734696620375,0.8984840164411207,0.9,5,2
20260217_013355,DpwTriFbmSimulator,4096,200,0.9,146,0.7387027732670832,0.4469878415200166,0.9,5,2
20260217_013355,DpwTriFbmSimulator,4096,200,0.9,147,0.7063607232355695,0.7961954485270207,0.9,5,2
20260217_013355,DpwTriFbmSimulator,4096,200,0.9,148,0.7144283788831108,0.4970670114038877,0.9,5,2
20260217_013355,DpwTriFbmSimulator,4096,200,0.9,149,0.8545837923026888,0.6800413548308247,0.9,5,2
20260217_013355,DpwTriFbmSimulator,4096,200,0.9,150,0.7943749595877172,0.2673057956220785,0.9,5,2
20260217_013355,DpwTriFbmSimulator,4096,200,0.9,151,0.7000180236928032,0.0932038326207082,0.9,5,2
20260217_013355,DpwTriFbmSimulator,4096,200,0.9,152,0.8277336261828544,1.2502052026322017,0.9,5,2
20260217_013355,DpwTriFbmSimulator,4096,200,0.9,153,0.6824853659873917,0.1026338819627118,0.9,5,2
20260217_013355,DpwTriFbmSimulator,4096,200,0.9,154,0.7366563976893357,0.2582747027147093,0.9,5,2
20260217_013355,DpwTriFbmSimulator,4096,200,0.9,155,0.7050664228647382,0.3147037955111284,0.9,5,2
20260217_013355,DpwTriFbmSimulator,4096,200,0.9,156,0.9999930391509352,2.668525520661509,0.9,5,2
20260217_013355,DpwTriFbmSimulator,4096,200,0.9,157,0.9824218510264876,1.413392669440289,0.9,5,2
20260217_013355,DpwTriFbmSimulator,4096,200,0.9,158,0.6924227959574865,0.318426043684847,0.9,5,2
20260217_013355,DpwTriFbmSimulator,4096,200,0.9,159,0.7626237332487924,0.20032158288728,0.9,5,2
20260217_013355,DpwTriFbmSimulator,4096,200,0.9,160,0.8193342872782085,2.021556979248275,0.9,5,2
20260217_013355,DpwTriFbmSimulator,4096,200,0.9,161,0.837696112463591,0.2547820195820542,0.9,5,2
20260217_013355,DpwTriFbmSimulator,4096,200,0.9,162,0.6921634396004355,0.0253121169554604,0.9,5,2
20260217_013355,DpwTriFbmSimulator,4096,200,0.9,163,0.6020286254095031,0.0254814363765874,0.9,5,2
20260217_013355,DpwTriFbmSimulator,4096,200,0.9,164,0.9792041339825516,6.70198605925362,0.9,5,2
20260217_013355,DpwTriFbmSimulator,4096,200,0.9,165,0.6550851945422134,0.1324129601376353,0.9,5,2
20260217_013355,DpwTriFbmSimulator,4096,200,0.9,166,0.8545822187212024,3.52259973028069,0.9,5,2
20260217_013355,DpwTriFbmSimulator,4096,200,0.9,167,0.8093197039464762,0.3131693584081181,0.9,5,2
20260217_013355,DpwTriFbmSimulator,4096,200,0.9,168,0.4803464582878117,0.3034215041083417,0.9,5,2
20260217_013355,DpwTriFbmSimulator,4096,200,0.9,169,0.7990928249201258,0.7965355737492895,0.9,5,2
20260217_013355,DpwTriFbmSimulator,4096,200,0.9,170,0.7247229588167058,0.3965597443948044,0.9,5,2
20260217_013355,DpwTriFbmSimulator,4096,200,0.9,171,0.5301317331349982,0.1988869937039921,0.9,5,2
20260217_013355,DpwTriFbmSimulator,4096,200,0.9,172,0.5943380383882808,0.1140606336817359,0.9,5,2
20260217_013355,DpwTriFbmSimulator,4096,200,0.9,173,0.7762952700839751,0.1408061023261915,0.9,5,2
20260217_013355,DpwTriFbmSimulator,4096,200,0.9,174,0.6823622304276885,0.3830837368796598,0.9,5,2
20260217_013355,DpwTriFbmSimulator,4096,200,0.9,175,0.7945653409602963,1.3321532189698932,0.9,5,2
20260217_013355,DpwTriFbmSimulator,4096,200,0.9,176,0.8027308402487652,0.960426340156742,0.9,5,2
20260217_013355,DpwTriFbmSimulator,4096,200,0.9,177,0.7467227929624645,0.7874161308739355,0.9,5,2
20260217_013355,DpwTriFbmSimulator,4096,200,0.9,178,0.6853573531536012,0.5405110097285831,0.9,5,2
20260217_013355,DpwTriFbmSimulator,4096,200,0.9,179,0.7881684920685966,0.748426619146923,0.9,5,2
20260217_013355,DpwTriFbmSimulator,4096,200,0.9,180,0.8999484933539375,2.543938995008375,0.9,5,2
20260217_013355,DpwTriFbmSimulator,4096,200,0.9,181,0.8514292689240047,0.5913274746649783,0.9,5,2
20260217_013355,DpwTriFbmSimulator,4096,200,0.9,182,0.7425474524518395,2.079202949418711,0.9,5,2
20260217_013355,DpwTriFbmSimulator,4096,200,0.9,183,0.7368286076778052,0.4217974758654451,0.9,5,2
20260217_013355,DpwTriFbmSimulator,4096,200,0.9,184,0.5205407603388263,0.0364677445033618,0.9,5,2
20260217_013355,DpwTriFbmSimulator,4096,200,0.9,185,0.7209851734338653,0.1103117707793119,0.9,5,2
20260217_013355,DpwTriFbmSimulator,4096,200,0.9,186,0.7058890586287959,0.219265666657443,0.9,5,2
20260217_013355,DpwTriFbmSimulator,4096,200,0.9,187,0.7695651575645716,0.5942735036386778,0.9,5,2
20260217_013355,DpwTriFbmSimulator,4096,200,0.9,188,0.9999930391509352,1.1002041941141325,0.9,5,2
20260217_013355,DpwTriFbmSimulator,4096,200,0.9,189,0.605800978502757,0.1199876300969168,0.9,5,2
20260217_013355,DpwTriFbmSimulator,4096,200,0.9,190,0.669473605764616,0.2623043123395781,0.9,5,2
20260217_013355,DpwTriFbmSimulator,4096,200,0.9,191,0.4058288034387052,0.0090328406713258,0.9,5,2
20260217_013355,DpwTriFbmSimulator,4096,200,0.9,192,0.591044940129854,0.1621707282067035,0.9,5,2
20260217_013355,DpwTriFbmSimulator,4096,200,0.9,193,0.9490637489411738,0.4235588537735279,0.9,5,2
20260217_013355,DpwTriFbmSimulator,4096,200,0.9,194,0.8533635313434926,1.2260155070110237,0.9,5,2
20260217_013355,DpwTriFbmSimulator,4096,200,0.9,195,0.4970044717146691,0.0433054519903742,0.9,5,2
20260217_013355,DpwTriFbmSimulator,4096,200,0.9,196,0.9186837537407146,1.5357768892617871,0.9,5,2
20260217_013355,DpwTriFbmSimulator,4096,200,0.9,197,0.8977651493389132,2.089392448357438,0.9,5,2
20260217_013355,DpwTriFbmSimulator,4096,200,0.9,198,0.6992633614308676,0.2468627420723723,0.9,5,2
20260217_013355,DpwTriFbmSimulator,4096,200,0.9,199,0.9999930391509352,1.8220305320810284,0.9,5,2
20260217_013355,DpwTriFbmSimulator,4096,200,0.9,200,0.8862766710450283,1.3850422339004471,0.9,5,2