run_id,process,N,trials,H0,trial,H_hat,sigma2_hat,K,L,sigma
20260217_014102,DpwSubFbmSimulator,4096,200,0.1,1,0.044725460145147486,8.36917742444896,1,5,2
20260217_014102,DpwSubFbmSimulator,4096,200,0.1,2,0.05305557937280891,15.936334415289066,1,5,2
20260217_014102,DpwSubFbmSimulator,4096,200,0.1,3,0.2522271834801803,23.488230965995253,1,5,2
20260217_014102,DpwSubFbmSimulator,4096,200,0.1,4,0.09076484020870641,9.59142713190622,1,5,2
20260217_014102,DpwSubFbmSimulator,4096,200,0.1,5,0.05710788995439081,5.092673710425722,1,5,2
20260217_014102,DpwSubFbmSimulator,4096,200,0.1,6,0.09581675433966647,10.297262467397234,1,5,2
20260217_014102,DpwSubFbmSimulator,4096,200,0.1,7,0.0674684395134057,4.851387908096069,1,5,2
20260217_014102,DpwSubFbmSimulator,4096,200,0.1,8,0.18086995873983963,13.511896573345357,1,5,2
20260217_014102,DpwSubFbmSimulator,4096,200,0.1,9,0.04175227482257479,3.625108752271459,1,5,2
20260217_014102,DpwSubFbmSimulator,4096,200,0.1,10,0.14787035856132658,7.7521904870125615,1,5,2
20260217_014102,DpwSubFbmSimulator,4096,200,0.1,11,0.04424454669484095,10.391741723551704,1,5,2
20260217_014102,DpwSubFbmSimulator,4096,200,0.1,12,0.15170351617965463,10.903060098968812,1,5,2
20260217_014102,DpwSubFbmSimulator,4096,200,0.1,13,0.049443335830420015,4.637501340961987,1,5,2
20260217_014102,DpwSubFbmSimulator,4096,200,0.1,14,0.06175413282860722,10.087842601035037,1,5,2
20260217_014102,DpwSubFbmSimulator,4096,200,0.1,15,0.08760710570414401,11.633538288958421,1,5,2
20260217_014102,DpwSubFbmSimulator,4096,200,0.1,16,0.2734150774376077,24.332700399648576,1,5,2
20260217_014102,DpwSubFbmSimulator,4096,200,0.1,17,0.08293628927198426,9.583826149805384,1,5,2
20260217_014102,DpwSubFbmSimulator,4096,200,0.1,18,0.0013714267941943908,6.064052377481124,1,5,2
20260217_014102,DpwSubFbmSimulator,4096,200,0.1,19,0.26189833871143703,20.18986444922144,1,5,2
20260217_014102,DpwSubFbmSimulator,4096,200,0.1,20,0.07102360017365443,7.149231388243308,1,5,2
20260217_014102,DpwSubFbmSimulator,4096,200,0.1,21,0.07907972685778376,4.867812285369007,1,5,2
20260217_014102,DpwSubFbmSimulator,4096,200,0.1,22,0.04203951994588097,5.192452623027485,1,5,2
20260217_014102,DpwSubFbmSimulator,4096,200,0.1,23,0.1336545127649107,11.919177773888496,1,5,2
20260217_014102,DpwSubFbmSimulator,4096,200,0.1,24,0.1459310195478165,29.148067906894642,1,5,2
20260217_014102,DpwSubFbmSimulator,4096,200,0.1,25,0.19430579379050192,12.480557344458328,1,5,2
20260217_014102,DpwSubFbmSimulator,4096,200,0.1,26,0.10873607340233246,11.958245655850153,1,5,2
20260217_014102,DpwSubFbmSimulator,4096,200,0.1,27,0.11470509653279791,12.407296299229277,1,5,2
20260217_014102,DpwSubFbmSimulator,4096,200,0.1,28,0.017671783295900714,6.512883096031271,1,5,2
20260217_014102,DpwSubFbmSimulator,4096,200,0.1,29,0.15038288034426667,7.2128531004242165,1,5,2
20260217_014102,DpwSubFbmSimulator,4096,200,0.1,30,6.960849064827165e-06,5.807129250707406,1,5,2
20260217_014102,DpwSubFbmSimulator,4096,200,0.1,31,0.1903969742520511,20.95926977590275,1,5,2
20260217_014102,DpwSubFbmSimulator,4096,200,0.1,32,0.10923686788637052,14.126311856491307,1,5,2
20260217_014102,DpwSubFbmSimulator,4096,200,0.1,33,0.1132254934899817,11.448171432732565,1,5,2
20260217_014102,DpwSubFbmSimulator,4096,200,0.1,34,0.0230415612966219,3.63495349987002,1,5,2
20260217_014102,DpwSubFbmSimulator,4096,200,0.1,35,0.1322096855377168,8.004967722123444,1,5,2
20260217_014102,DpwSubFbmSimulator,4096,200,0.1,36,0.18056814326019646,12.058855239119378,1,5,2
20260217_014102,DpwSubFbmSimulator,4096,200,0.1,37,0.24254734301158912,21.41492896972888,1,5,2
20260217_014102,DpwSubFbmSimulator,4096,200,0.1,38,0.11058190321624864,17.45699789658246,1,5,2
20260217_014102,DpwSubFbmSimulator,4096,200,0.1,39,0.13515996171822484,25.05756805533555,1,5,2
20260217_014102,DpwSubFbmSimulator,4096,200,0.1,40,0.08668932721139817,14.041804031505638,1,5,2
20260217_014102,DpwSubFbmSimulator,4096,200,0.1,41,0.2357104375784407,52.524279139589154,1,5,2
20260217_014102,DpwSubFbmSimulator,4096,200,0.1,42,0.16394510323912675,26.396741801093256,1,5,2
20260217_014102,DpwSubFbmSimulator,4096,200,0.1,43,0.24281429309461922,30.44163071762747,1,5,2
20260217_014102,DpwSubFbmSimulator,4096,200,0.1,44,0.02297928313605068,10.476981251770415,1,5,2
20260217_014102,DpwSubFbmSimulator,4096,200,0.1,45,0.40243947896498605,123.82483994817242,1,5,2
20260217_014102,DpwSubFbmSimulator,4096,200,0.1,46,0.09836966570395872,9.63492879466785,1,5,2
20260217_014102,DpwSubFbmSimulator,4096,200,0.1,47,0.02609344133527849,9.971376322372548,1,5,2
20260217_014102,DpwSubFbmSimulator,4096,200,0.1,48,6.960849064827165e-06,4.750897239163063,1,5,2
20260217_014102,DpwSubFbmSimulator,4096,200,0.1,49,0.148821444214262,33.11171966145448,1,5,2
20260217_014102,DpwSubFbmSimulator,4096,200,0.1,50,0.18613175113139108,24.374746869844856,1,5,2
20260217_014102,DpwSubFbmSimulator,4096,200,0.1,51,0.03713345926860692,5.312613672011492,1,5,2
20260217_014102,DpwSubFbmSimulator,4096,200,0.1,52,0.2125003379550713,13.826422655643047,1,5,2
20260217_014102,DpwSubFbmSimulator,4096,200,0.1,53,0.09240597109621788,16.581984126237302,1,5,2
20260217_014102,DpwSubFbmSimulator,4096,200,0.1,54,0.11310433159802967,10.462775122757025,1,5,2
20260217_014102,DpwSubFbmSimulator,4096,200,0.1,55,0.02003703395551048,9.516759348899576,1,5,2
20260217_014102,DpwSubFbmSimulator,4096,200,0.1,56,0.11395740197407501,8.221953671487302,1,5,2
20260217_014102,DpwSubFbmSimulator,4096,200,0.1,57,0.055392819092074275,4.312772635300317,1,5,2
20260217_014102,DpwSubFbmSimulator,4096,200,0.1,58,0.12512222267327527,17.1940201907795,1,5,2
20260217_014102,DpwSubFbmSimulator,4096,200,0.1,59,0.17351453952783993,8.583359345628848,1,5,2
20260217_014102,DpwSubFbmSimulator,4096,200,0.1,60,0.3616267771013114,85.85316679322906,1,5,2
20260217_014102,DpwSubFbmSimulator,4096,200,0.1,61,0.15630110534938713,40.952993626555354,1,5,2
20260217_014102,DpwSubFbmSimulator,4096,200,0.1,62,0.14048797521594925,15.604740338360108,1,5,2
20260217_014102,DpwSubFbmSimulator,4096,200,0.1,63,0.0946920608101409,9.401170971049964,1,5,2
20260217_014102,DpwSubFbmSimulator,4096,200,0.1,64,0.20928689773592649,10.803968741536266,1,5,2
20260217_014102,DpwSubFbmSimulator,4096,200,0.1,65,0.2813415271165568,23.955359752488423,1,5,2
20260217_014102,DpwSubFbmSimulator,4096,200,0.1,66,0.09858316393283867,5.698927831296791,1,5,2
20260217_014102,DpwSubFbmSimulator,4096,200,0.1,67,0.09560455230763726,7.182671382219079,1,5,2
20260217_014102,DpwSubFbmSimulator,4096,200,0.1,68,0.06923606507909603,10.527302799969391,1,5,2
20260217_014102,DpwSubFbmSimulator,4096,200,0.1,69,6.960849064827165e-06,4.334457855952186,1,5,2
20260217_014102,DpwSubFbmSimulator,4096,200,0.1,70,0.15517867795129128,10.287372833846115,1,5,2
20260217_014102,DpwSubFbmSimulator,4096,200,0.1,71,0.07573966389361622,10.422261967891865,1,5,2
20260217_014102,DpwSubFbmSimulator,4096,200,0.1,72,0.21663751196897327,17.71055092062811,1,5,2
20260217_014102,DpwSubFbmSimulator,4096,200,0.1,73,0.1765863003911725,18.567998544566098,1,5,2
20260217_014102,DpwSubFbmSimulator,4096,200,0.1,74,0.1441239980226034,28.638210318792982,1,5,2
20260217_014102,DpwSubFbmSimulator,4096,200,0.1,75,0.13521094411232337,11.528739287104774,1,5,2
20260217_014102,DpwSubFbmSimulator,4096,200,0.1,76,0.05903843870823218,4.968079013582907,1,5,2
20260217_014102,DpwSubFbmSimulator,4096,200,0.1,77,0.09894163313357847,4.6882430153121435,1,5,2
20260217_014102,DpwSubFbmSimulator,4096,200,0.1,78,0.11501345960932159,9.831949294334287,1,5,2
20260217_014102,DpwSubFbmSimulator,4096,200,0.1,79,0.5366507515504254,623.3451840825899,1,5,2
20260217_014102,DpwSubFbmSimulator,4096,200,0.1,80,0.147023781374225,27.08308606977894,1,5,2
20260217_014102,DpwSubFbmSimulator,4096,200,0.1,81,6.960849064827165e-06,6.4924122701828715,1,5,2
20260217_014102,DpwSubFbmSimulator,4096,200,0.1,82,0.005579464181741414,3.4286270684005404,1,5,2
20260217_014102,DpwSubFbmSimulator,4096,200,0.1,83,0.12456524516601478,24.061997737154304,1,5,2
20260217_014102,DpwSubFbmSimulator,4096,200,0.1,84,0.1578313107603505,12.733825889778148,1,5,2
20260217_014102,DpwSubFbmSimulator,4096,200,0.1,85,0.25626659872090274,29.735192344410628,1,5,2
20260217_014102,DpwSubFbmSimulator,4096,200,0.1,86,0.12390189355148296,14.10956576939046,1,5,2
20260217_014102,DpwSubFbmSimulator,4096,200,0.1,87,0.13047186125703397,13.893043356339929,1,5,2
20260217_014102,DpwSubFbmSimulator,4096,200,0.1,88,0.3424090091987503,102.68922135176683,1,5,2
20260217_014102,DpwSubFbmSimulator,4096,200,0.1,89,0.12146220948130725,12.68686202105089,1,5,2
20260217_014102,DpwSubFbmSimulator,4096,200,0.1,90,0.08617556497147676,4.156696984116224,1,5,2
20260217_014102,DpwSubFbmSimulator,4096,200,0.1,91,0.016929665817737957,15.536916195235355,1,5,2
20260217_014102,DpwSubFbmSimulator,4096,200,0.1,92,0.27760605863824833,23.49628482499175,1,5,2
20260217_014102,DpwSubFbmSimulator,4096,200,0.1,93,0.11158220505548178,8.570196119249653,1,5,2
20260217_014102,DpwSubFbmSimulator,4096,200,0.1,94,0.12491301903298367,20.582495885384482,1,5,2
20260217_014102,DpwSubFbmSimulator,4096,200,0.1,95,0.07787744879268572,19.02638532506795,1,5,2
20260217_014102,DpwSubFbmSimulator,4096,200,0.1,96,0.023312048456275436,7.239826204924874,1,5,2
20260217_014102,DpwSubFbmSimulator,4096,200,0.1,97,0.15041065231562598,10.878326469207968,1,5,2
20260217_014102,DpwSubFbmSimulator,4096,200,0.1,98,0.006853347564829321,9.023974311901151,1,5,2
20260217_014102,DpwSubFbmSimulator,4096,200,0.1,99,0.047623272523731566,8.286964687544481,1,5,2
20260217_014102,DpwSubFbmSimulator,4096,200,0.1,100,0.09747999453105029,8.546078433160988,1,5,2
20260217_014102,DpwSubFbmSimulator,4096,200,0.1,101,0.04436263090192165,4.666662835373425,1,5,2
20260217_014102,DpwSubFbmSimulator,4096,200,0.1,102,0.06746230245445428,9.205601278633832,1,5,2
20260217_014102,DpwSubFbmSimulator,4096,200,0.1,103,0.10131260738155852,8.552627615779391,1,5,2
20260217_014102,DpwSubFbmSimulator,4096,200,0.1,104,0.2726545161659805,18.41059020653747,1,5,2
20260217_014102,DpwSubFbmSimulator,4096,200,0.1,105,0.08274211127152634,6.7342875745513595,1,5,2
20260217_014102,DpwSubFbmSimulator,4096,200,0.1,106,0.12017747803542114,12.227533087092885,1,5,2
20260217_014102,DpwSubFbmSimulator,4096,200,0.1,107,0.16143251725966923,15.943311849518357,1,5,2
20260217_014102,DpwSubFbmSimulator,4096,200,0.1,108,0.21655513790318257,17.964146323704103,1,5,2
20260217_014102,DpwSubFbmSimulator,4096,200,0.1,109,0.06785599872957634,6.018297154737997,1,5,2
20260217_014102,DpwSubFbmSimulator,4096,200,0.1,110,0.12682383125413302,10.74603963582224,1,5,2
20260217_014102,DpwSubFbmSimulator,4096,200,0.1,111,0.08755999755956011,7.75583325794575,1,5,2
20260217_014102,DpwSubFbmSimulator,4096,200,0.1,112,0.15739636864807624,14.217448726137343,1,5,2
20260217_014102,DpwSubFbmSimulator,4096,200,0.1,113,0.23684049879080077,23.193696345907835,1,5,2
20260217_014102,DpwSubFbmSimulator,4096,200,0.1,114,0.20124145049027842,10.11023356845479,1,5,2
20260217_014102,DpwSubFbmSimulator,4096,200,0.1,115,0.1905676739789012,44.45128347833661,1,5,2
20260217_014102,DpwSubFbmSimulator,4096,200,0.1,116,0.22801762697637254,15.32837485936901,1,5,2
20260217_014102,DpwSubFbmSimulator,4096,200,0.1,117,0.12871757443803297,10.493933797866962,1,5,2
20260217_014102,DpwSubFbmSimulator,4096,200,0.1,118,0.13934201982345298,9.276662337618461,1,5,2
20260217_014102,DpwSubFbmSimulator,4096,200,0.1,119,0.9999930391509351,210456.9284806672,1,5,2
20260217_014102,DpwSubFbmSimulator,4096,200,0.1,120,0.3075198537078263,41.300295717204776,1,5,2
20260217_014102,DpwSubFbmSimulator,4096,200,0.1,121,0.04917000072204812,7.114916154788459,1,5,2
20260217_014102,DpwSubFbmSimulator,4096,200,0.1,122,0.02996944089636267,9.15795651051809,1,5,2
20260217_014102,DpwSubFbmSimulator,4096,200,0.1,123,0.10363642252051039,15.50518259791746,1,5,2
20260217_014102,DpwSubFbmSimulator,4096,200,0.1,124,0.13182667924485805,9.882335220306816,1,5,2
20260217_014102,DpwSubFbmSimulator,4096,200,0.1,125,0.15404561679880435,7.722487368892179,1,5,2
20260217_014102,DpwSubFbmSimulator,4096,200,0.1,126,0.02911203156512936,7.615127246085298,1,5,2
20260217_014102,DpwSubFbmSimulator,4096,200,0.1,127,0.01610951097606214,5.65131735428736,1,5,2
20260217_014102,DpwSubFbmSimulator,4096,200,0.1,128,0.041324456454494576,14.09454027291052,1,5,2
20260217_014102,DpwSubFbmSimulator,4096,200,0.1,129,0.13550039392350577,9.43887723002746,1,5,2
20260217_014102,DpwSubFbmSimulator,4096,200,0.1,130,0.05874943940228221,11.210865989558473,1,5,2
20260217_014102,DpwSubFbmSimulator,4096,200,0.1,131,0.19895362428677038,24.953298830002556,1,5,2
20260217_014102,DpwSubFbmSimulator,4096,200,0.1,132,0.00717305922308911,3.6239073070424515,1,5,2
20260217_014102,DpwSubFbmSimulator,4096,200,0.1,133,0.10198133871947818,16.23092242837115,1,5,2
20260217_014102,DpwSubFbmSimulator,4096,200,0.1,134,0.09128793931432569,6.882775590119653,1,5,2
20260217_014102,DpwSubFbmSimulator,4096,200,0.1,135,4.570460212679834e-06,7.859896613467533,1,5,2
20260217_014102,DpwSubFbmSimulator,4096,200,0.1,136,0.07489111876293263,6.843596524584056,1,5,2
20260217_014102,DpwSubFbmSimulator,4096,200,0.1,137,0.05730725247354835,5.917698347249693,1,5,2
20260217_014102,DpwSubFbmSimulator,4096,200,0.1,138,0.1578298644065559,15.263414768801512,1,5,2
20260217_014102,DpwSubFbmSimulator,4096,200,0.1,139,0.09047249640760621,6.99911669475961,1,5,2
20260217_014102,DpwSubFbmSimulator,4096,200,0.1,140,0.18714026636865205,16.45548343686759,1,5,2
20260217_014102,DpwSubFbmSimulator,4096,200,0.1,141,0.10797471496110354,6.7649314807003815,1,5,2
20260217_014102,DpwSubFbmSimulator,4096,200,0.1,142,0.0957067180842214,10.695641910439202,1,5,2
20260217_014102,DpwSubFbmSimulator,4096,200,0.1,143,0.01904847926514031,4.159867122996006,1,5,2
20260217_014102,DpwSubFbmSimulator,4096,200,0.1,144,0.13093611779899053,11.051654577724372,1,5,2
20260217_014102,DpwSubFbmSimulator,4096,200,0.1,145,0.20511665105899532,31.99049492753742,1,5,2
20260217_014102,DpwSubFbmSimulator,4096,200,0.1,146,0.4012055176011598,228.0442701750108,1,5,2
20260217_014102,DpwSubFbmSimulator,4096,200,0.1,147,0.21826551644385964,27.133945717965226,1,5,2
20260217_014102,DpwSubFbmSimulator,4096,200,0.1,148,0.003678157861389806,5.680936687356854,1,5,2
20260217_014102,DpwSubFbmSimulator,4096,200,0.1,149,0.23837529796558327,23.03201923474118,1,5,2
20260217_014102,DpwSubFbmSimulator,4096,200,0.1,150,0.2149744749049002,21.505086039768344,1,5,2
20260217_014102,DpwSubFbmSimulator,4096,200,0.1,151,0.1455592992450443,12.89619491393585,1,5,2
20260217_014102,DpwSubFbmSimulator,4096,200,0.1,152,0.11817656287189847,12.092599598550297,1,5,2
20260217_014102,DpwSubFbmSimulator,4096,200,0.1,153,0.1271870577942518,7.5846776697433045,1,5,2
20260217_014102,DpwSubFbmSimulator,4096,200,0.1,154,0.31083979921621757,43.645899559344016,1,5,2
20260217_014102,DpwSubFbmSimulator,4096,200,0.1,155,0.058587510168602086,13.701348026885277,1,5,2
20260217_014102,DpwSubFbmSimulator,4096,200,0.1,156,0.23988434923960963,25.6739299067532,1,5,2
20260217_014102,DpwSubFbmSimulator,4096,200,0.1,157,0.10422089189930146,16.573122469605433,1,5,2
20260217_014102,DpwSubFbmSimulator,4096,200,0.1,158,0.09209488312945165,7.401898902305437,1,5,2
20260217_014102,DpwSubFbmSimulator,4096,200,0.1,159,0.08035604753782837,9.346757580493911,1,5,2
20260217_014102,DpwSubFbmSimulator,4096,200,0.1,160,0.11571450235365517,10.439704001902768,1,5,2
20260217_014102,DpwSubFbmSimulator,4096,200,0.1,161,0.0652988717247697,4.58941160275449,1,5,2
20260217_014102,DpwSubFbmSimulator,4096,200,0.1,162,6.960849064827165e-06,3.657200818680847,1,5,2
20260217_014102,DpwSubFbmSimulator,4096,200,0.1,163,0.05040217162990759,15.206345593235262,1,5,2
20260217_014102,DpwSubFbmSimulator,4096,200,0.1,164,0.1325157833920317,9.391892739455411,1,5,2
20260217_014102,DpwSubFbmSimulator,4096,200,0.1,165,0.11560198597978291,28.115992549822842,1,5,2
20260217_014102,DpwSubFbmSimulator,4096,200,0.1,166,0.10950638335531888,11.418725816635785,1,5,2
20260217_014102,DpwSubFbmSimulator,4096,200,0.1,167,0.07595012225894582,11.356840725144778,1,5,2
20260217_014102,DpwSubFbmSimulator,4096,200,0.1,168,0.025132614234176412,5.414249329134961,1,5,2
20260217_014102,DpwSubFbmSimulator,4096,200,0.1,169,0.24929736406765055,26.291141718693016,1,5,2
20260217_014102,DpwSubFbmSimulator,4096,200,0.1,170,0.05677461314640643,7.529272719034498,1,5,2
20260217_014102,DpwSubFbmSimulator,4096,200,0.1,171,0.06543268388784595,7.052148048014944,1,5,2
20260217_014102,DpwSubFbmSimulator,4096,200,0.1,172,0.01149575184786265,4.875510758882128,1,5,2
20260217_014102,DpwSubFbmSimulator,4096,200,0.1,173,0.08029921513985365,10.001819155524204,1,5,2
20260217_014102,DpwSubFbmSimulator,4096,200,0.1,174,0.6169123872607383,7854.91887738515,1,5,2
20260217_014102,DpwSubFbmSimulator,4096,200,0.1,175,0.06574766127002633,9.775070253317462,1,5,2
20260217_014102,DpwSubFbmSimulator,4096,200,0.1,176,0.0832106515385353,5.991883350790903,1,5,2
20260217_014102,DpwSubFbmSimulator,4096,200,0.1,177,0.05185393962144042,7.101389605071189,1,5,2
20260217_014102,DpwSubFbmSimulator,4096,200,0.1,178,0.07143557688899672,12.157032726432872,1,5,2
20260217_014102,DpwSubFbmSimulator,4096,200,0.1,179,0.7992904729367455,38954.59554714711,1,5,2
20260217_014102,DpwSubFbmSimulator,4096,200,0.1,180,0.04426392604826507,13.2149223686669,1,5,2
20260217_014102,DpwSubFbmSimulator,4096,200,0.1,181,0.10140225009073936,15.7432749591107,1,5,2
20260217_014102,DpwSubFbmSimulator,4096,200,0.1,182,0.001703457643706943,6.098763151125813,1,5,2
20260217_014102,DpwSubFbmSimulator,4096,200,0.1,183,0.17014075531982695,15.721401752318295,1,5,2
20260217_014102,DpwSubFbmSimulator,4096,200,0.1,184,0.11179855430035893,9.379221538056637,1,5,2
20260217_014102,DpwSubFbmSimulator,4096,200,0.1,185,0.07335218309815825,4.740732607361761,1,5,2
20260217_014102,DpwSubFbmSimulator,4096,200,0.1,186,0.11756603659012141,10.127544754896846,1,5,2
20260217_014102,DpwSubFbmSimulator,4096,200,0.1,187,0.1409962658770411,19.320151192672025,1,5,2
20260217_014102,DpwSubFbmSimulator,4096,200,0.1,188,0.12462732828777863,6.606272603962214,1,5,2
20260217_014102,DpwSubFbmSimulator,4096,200,0.1,189,0.14770870664636096,25.100703084591146,1,5,2
20260217_014102,DpwSubFbmSimulator,4096,200,0.1,190,0.08417376422520993,9.813216449935398,1,5,2
20260217_014102,DpwSubFbmSimulator,4096,200,0.1,191,0.044582310943193496,11.976061831334283,1,5,2
20260217_014102,DpwSubFbmSimulator,4096,200,0.1,192,0.1433105199002589,22.428193985136527,1,5,2
20260217_014102,DpwSubFbmSimulator,4096,200,0.1,193,0.6241503605217174,8532.834617326384,1,5,2
20260217_014102,DpwSubFbmSimulator,4096,200,0.1,194,0.05546127921380044,9.830620197853932,1,5,2
20260217_014102,DpwSubFbmSimulator,4096,200,0.1,195,0.02004924115791652,4.110114258648108,1,5,2
20260217_014102,DpwSubFbmSimulator,4096,200,0.1,196,0.012428764166780274,4.890056554173081,1,5,2
20260217_014102,DpwSubFbmSimulator,4096,200,0.1,197,0.0795621964858537,8.697220926177915,1,5,2
20260217_014102,DpwSubFbmSimulator,4096,200,0.1,198,0.01749627105837956,7.105769035316646,1,5,2
20260217_014102,DpwSubFbmSimulator,4096,200,0.1,199,0.14354189354975647,17.586728957565747,1,5,2
20260217_014102,DpwSubFbmSimulator,4096,200,0.1,200,0.09210075519143007,9.475276710124689,1,5,2
20260217_014102,DpwSubFbmSimulator,4096,200,0.2,1,0.1879756196664546,6.217638766837557,1,5,2
20260217_014102,DpwSubFbmSimulator,4096,200,0.2,2,0.2696326069869807,21.19811559547723,1,5,2
20260217_014102,DpwSubFbmSimulator,4096,200,0.2,3,0.09673311072919355,3.4341530181437743,1,5,2
20260217_014102,DpwSubFbmSimulator,4096,200,0.2,4,0.13386675458525008,5.444930016943826,1,5,2
20260217_014102,DpwSubFbmSimulator,4096,200,0.2,5,0.18906624763848726,8.516448193638121,1,5,2
20260217_014102,DpwSubFbmSimulator,4096,200,0.2,6,0.24412611525753797,22.711992467004656,1,5,2
20260217_014102,DpwSubFbmSimulator,4096,200,0.2,7,0.11303633230341549,6.442740206935,1,5,2
20260217_014102,DpwSubFbmSimulator,4096,200,0.2,8,0.2162958084402582,7.629203345845358,1,5,2
20260217_014102,DpwSubFbmSimulator,4096,200,0.2,9,0.2662341283728185,11.24314961982208,1,5,2
20260217_014102,DpwSubFbmSimulator,4096,200,0.2,10,0.6526555272326532,598.1394691250719,1,5,2
20260217_014102,DpwSubFbmSimulator,4096,200,0.2,11,0.16314294265599297,7.9819451719681656,1,5,2
20260217_014102,DpwSubFbmSimulator,4096,200,0.2,12,0.38224489141500695,26.83535397066134,1,5,2
20260217_014102,DpwSubFbmSimulator,4096,200,0.2,13,0.2202406361078535,17.749468494727754,1,5,2
20260217_014102,DpwSubFbmSimulator,4096,200,0.2,14,0.1349363306309742,5.065198604890655,1,5,2
20260217_014102,DpwSubFbmSimulator,4096,200,0.2,15,0.20788229061010252,6.668269093438822,1,5,2
20260217_014102,DpwSubFbmSimulator,4096,200,0.2,16,0.2101050902296033,4.9323254979548325,1,5,2
20260217_014102,DpwSubFbmSimulator,4096,200,0.2,17,0.19786796442910165,3.3371935570601505,1,5,2
20260217_014102,DpwSubFbmSimulator,4096,200,0.2,18,0.10818295239361024,7.111530055877828,1,5,2
20260217_014102,DpwSubFbmSimulator,4096,200,0.2,19,0.2878452287365776,12.374609930702356,1,5,2
20260217_014102,DpwSubFbmSimulator,4096,200,0.2,20,0.19866674082856453,5.21204661763181,1,5,2
20260217_014102,DpwSubFbmSimulator,4096,200,0.2,21,0.24088834220650088,11.28773692335169,1,5,2
20260217_014102,DpwSubFbmSimulator,4096,200,0.2,22,0.17102080912047513,3.9991617808309745,1,5,2
20260217_014102,DpwSubFbmSimulator,4096,200,0.2,23,0.1338133876415746,5.686411887823027,1,5,2
20260217_014102,DpwSubFbmSimulator,4096,200,0.2,24,0.20309955140499036,14.29293754231099,1,5,2
20260217_014102,DpwSubFbmSimulator,4096,200,0.2,25,0.17053345833850428,5.915961857410215,1,5,2
20260217_014102,DpwSubFbmSimulator,4096,200,0.2,26,0.41999421968586614,123.52069678556812,1,5,2
20260217_014102,DpwSubFbmSimulator,4096,200,0.2,27,0.4769768212154879,115.34767695853736,1,5,2
20260217_014102,DpwSubFbmSimulator,4096,200,0.2,28,0.250267542742392,16.25853469487766,1,5,2
20260217_014102,DpwSubFbmSimulator,4096,200,0.2,29,0.19242647838353466,5.491525265131164,1,5,2
20260217_014102,DpwSubFbmSimulator,4096,200,0.2,30,0.13952227403174636,5.90792414359157,1,5,2
20260217_014102,DpwSubFbmSimulator,4096,200,0.2,31,0.043402142507171955,4.582229409379669,1,5,2
20260217_014102,DpwSubFbmSimulator,4096,200,0.2,32,0.35286711279192706,30.789962968172063,1,5,2
20260217_014102,DpwSubFbmSimulator,4096,200,0.2,33,0.03825935301890593,4.3242675108437085,1,5,2
20260217_014102,DpwSubFbmSimulator,4096,200,0.2,34,0.12304285395887411,5.789856095675757,1,5,2
20260217_014102,DpwSubFbmSimulator,4096,200,0.2,35,0.28735938653722665,25.693903143258986,1,5,2
20260217_014102,DpwSubFbmSimulator,4096,200,0.2,36,0.35053236868494647,32.87508492923653,1,5,2
20260217_014102,DpwSubFbmSimulator,4096,200,0.2,37,0.2625409610265072,17.715840428667843,1,5,2
20260217_014102,DpwSubFbmSimulator,4096,200,0.2,38,0.2820542350119156,32.19900849411065,1,5,2
20260217_014102,DpwSubFbmSimulator,4096,200,0.2,39,0.11280568694254699,4.959686717358888,1,5,2
20260217_014102,DpwSubFbmSimulator,4096,200,0.2,40,0.26181765153010916,22.436576046462243,1,5,2
20260217_014102,DpwSubFbmSimulator,4096,200,0.2,41,0.2550497284779446,12.389598069308585,1,5,2
20260217_014102,DpwSubFbmSimulator,4096,200,0.2,42,0.8147525557787164,5252.7700657750665,1,5,2
20260217_014102,DpwSubFbmSimulator,4096,200,0.2,43,0.4950105574692526,234.24152973353998,1,5,2
20260217_014102,DpwSubFbmSimulator,4096,200,0.2,44,0.2795276772463174,12.557780800587052,1,5,2
20260217_014102,DpwSubFbmSimulator,4096,200,0.2,45,0.2067528881729246,13.537531933400924,1,5,2
20260217_014102,DpwSubFbmSimulator,4096,200,0.2,46,0.16538233038906142,9.101202057835437,1,5,2
20260217_014102,DpwSubFbmSimulator,4096,200,0.2,47,0.27762981121661984,8.70094984289014,1,5,2
20260217_014102,DpwSubFbmSimulator,4096,200,0.2,48,0.1140817974996328,7.1101839076147755,1,5,2
20260217_014102,DpwSubFbmSimulator,4096,200,0.2,49,0.1496370950069519,5.5454433404964485,1,5,2
20260217_014102,DpwSubFbmSimulator,4096,200,0.2,50,0.02732863946820053,6.4320733961871515,1,5,2
20260217_014102,DpwSubFbmSimulator,4096,200,0.2,51,0.16283826900497037,6.067830676485414,1,5,2
20260217_014102,DpwSubFbmSimulator,4096,200,0.2,52,0.17122486448111973,7.304301068086318,1,5,2
20260217_014102,DpwSubFbmSimulator,4096,200,0.2,53,0.1657248774527077,4.2733147766720245,1,5,2
20260217_014102,DpwSubFbmSimulator,4096,200,0.2,54,0.27117803537467744,13.786483070648492,1,5,2
20260217_014102,DpwSubFbmSimulator,4096,200,0.2,55,0.2179872938741534,8.013885230030871,1,5,2
20260217_014102,DpwSubFbmSimulator,4096,200,0.2,56,0.1982647503025329,10.719999350980473,1,5,2
20260217_014102,DpwSubFbmSimulator,4096,200,0.2,57,0.27205646520298343,37.21219728661371,1,5,2
20260217_014102,DpwSubFbmSimulator,4096,200,0.2,58,0.16905449265850706,10.589646999407426,1,5,2
20260217_014102,DpwSubFbmSimulator,4096,200,0.2,59,0.10118457553557841,4.37691136070074,1,5,2
20260217_014102,DpwSubFbmSimulator,4096,200,0.2,60,0.11702479568202842,6.06093593268566,1,5,2
20260217_014102,DpwSubFbmSimulator,4096,200,0.2,61,0.15432439103755097,7.997840309272027,1,5,2
20260217_014102,DpwSubFbmSimulator,4096,200,0.2,62,0.15831092142195363,3.3949652102507124,1,5,2
20260217_014102,DpwSubFbmSimulator,4096,200,0.2,63,0.25946573703723763,25.917863330288064,1,5,2
20260217_014102,DpwSubFbmSimulator,4096,200,0.2,64,0.05875935636182677,2.6463896511856473,1,5,2
20260217_014102,DpwSubFbmSimulator,4096,200,0.2,65,0.1708236213428925,4.762155886218499,1,5,2
20260217_014102,DpwSubFbmSimulator,4096,200,0.2,66,0.24152196358797182,20.149304600757194,1,5,2
20260217_014102,DpwSubFbmSimulator,4096,200,0.2,67,0.1640192608227521,22.798510992130957,1,5,2
20260217_014102,DpwSubFbmSimulator,4096,200,0.2,68,0.21462657729008067,15.372285591044836,1,5,2
20260217_014102,DpwSubFbmSimulator,4096,200,0.2,69,0.3742320135391665,41.65813117520958,1,5,2
20260217_014102,DpwSubFbmSimulator,4096,200,0.2,70,0.1093338240631544,3.628416575444998,1,5,2
20260217_014102,DpwSubFbmSimulator,4096,200,0.2,71,6.960849064827165e-06,1.8293823770706223,1,5,2
20260217_014102,DpwSubFbmSimulator,4096,200,0.2,72,0.20870307538159122,15.891835259951604,1,5,2
20260217_014102,DpwSubFbmSimulator,4096,200,0.2,73,0.2561503002267575,11.225950046104044,1,5,2
20260217_014102,DpwSubFbmSimulator,4096,200,0.2,74,0.2609225946167626,14.469421615041668,1,5,2
20260217_014102,DpwSubFbmSimulator,4096,200,0.2,75,0.1267371239220514,3.507809610551843,1,5,2
20260217_014102,DpwSubFbmSimulator,4096,200,0.2,76,0.31778798615984877,59.341223680657876,1,5,2
20260217_014102,DpwSubFbmSimulator,4096,200,0.2,77,0.31018004351685635,18.82105854266385,1,5,2
20260217_014102,DpwSubFbmSimulator,4096,200,0.2,78,0.1780936248601568,5.639608830513885,1,5,2
20260217_014102,DpwSubFbmSimulator,4096,200,0.2,79,0.2180288892671161,26.359911995563106,1,5,2
20260217_014102,DpwSubFbmSimulator,4096,200,0.2,80,0.20995547354342803,15.345672778805982,1,5,2
20260217_014102,DpwSubFbmSimulator,4096,200,0.2,81,0.317956578881124,24.615402209105444,1,5,2
20260217_014102,DpwSubFbmSimulator,4096,200,0.2,82,0.1603686506405339,6.007322008375405,1,5,2
20260217_014102,DpwSubFbmSimulator,4096,200,0.2,83,0.26813293604894245,24.48205412923319,1,5,2
20260217_014102,DpwSubFbmSimulator,4096,200,0.2,84,0.14271120269367793,17.198607209907028,1,5,2
20260217_014102,DpwSubFbmSimulator,4096,200,0.2,85,0.21816724207103433,18.723288404799803,1,5,2
20260217_014102,DpwSubFbmSimulator,4096,200,0.2,86,0.232905009366411,12.753210731501936,1,5,2
20260217_014102,DpwSubFbmSimulator,4096,200,0.2,87,0.21037352411015103,14.054045148037897,1,5,2
20260217_014102,DpwSubFbmSimulator,4096,200,0.2,88,0.30401451255560713,17.6199037251753,1,5,2
20260217_014102,DpwSubFbmSimulator,4096,200,0.2,89,0.181401061539308,7.203249915552404,1,5,2
20260217_014102,DpwSubFbmSimulator,4096,200,0.2,90,0.15703929951038437,5.956995512966617,1,5,2
20260217_014102,DpwSubFbmSimulator,4096,200,0.2,91,6.960849064827165e-06,3.3090609005594755,1,5,2
20260217_014102,DpwSubFbmSimulator,4096,200,0.2,92,0.3371128325058438,66.0413895203817,1,5,2
20260217_014102,DpwSubFbmSimulator,4096,200,0.2,93,0.35696196438328437,19.00628812240995,1,5,2
20260217_014102,DpwSubFbmSimulator,4096,200,0.2,94,0.3594833832026229,47.017008897894385,1,5,2
20260217_014102,DpwSubFbmSimulator,4096,200,0.2,95,0.24860837359866816,12.452261876784036,1,5,2
20260217_014102,DpwSubFbmSimulator,4096,200,0.2,96,0.11074152699853565,6.87162242466232,1,5,2
20260217_014102,DpwSubFbmSimulator,4096,200,0.2,97,0.31794556052103584,35.87984740767986,1,5,2
20260217_014102,DpwSubFbmSimulator,4096,200,0.2,98,0.22592783518241824,11.60296689400982,1,5,2
20260217_014102,DpwSubFbmSimulator,4096,200,0.2,99,0.12272827984123078,5.495052046365518,1,5,2
20260217_014102,DpwSubFbmSimulator,4096,200,0.2,100,0.15051158497719078,4.290661685789784,1,5,2
20260217_014102,DpwSubFbmSimulator,4096,200,0.2,101,0.22882858615089768,23.8545644149099,1,5,2
20260217_014102,DpwSubFbmSimulator,4096,200,0.2,102,0.264822722054696,29.707191700685584,1,5,2
20260217_014102,DpwSubFbmSimulator,4096,200,0.2,103,0.21438353661433235,6.413137331692991,1,5,2
20260217_014102,DpwSubFbmSimulator,4096,200,0.2,104,0.22874459894052823,10.958302894345469,1,5,2
20260217_014102,DpwSubFbmSimulator,4096,200,0.2,105,0.16041342242619866,7.76825484487323,1,5,2
20260217_014102,DpwSubFbmSimulator,4096,200,0.2,106,0.2312032653800616,9.767342977142361,1,5,2
20260217_014102,DpwSubFbmSimulator,4096,200,0.2,107,0.23544808951876717,13.240817568584308,1,5,2
20260217_014102,DpwSubFbmSimulator,4096,200,0.2,108,0.225754559419809,12.018798669509835,1,5,2
20260217_014102,DpwSubFbmSimulator,4096,200,0.2,109,0.233013744536994,14.863014151114625,1,5,2
20260217_014102,DpwSubFbmSimulator,4096,200,0.2,110,0.16748496642111763,14.845949831816178,1,5,2
20260217_014102,DpwSubFbmSimulator,4096,200,0.2,111,0.0936640265161292,5.554763784209148,1,5,2
20260217_014102,DpwSubFbmSimulator,4096,200,0.2,112,0.5130986823950442,88.57311849598771,1,5,2
20260217_014102,DpwSubFbmSimulator,4096,200,0.2,113,0.3054655511859275,9.68466615190017,1,5,2
20260217_014102,DpwSubFbmSimulator,4096,200,0.2,114,0.2943076506789525,21.158827899307923,1,5,2
20260217_014102,DpwSubFbmSimulator,4096,200,0.2,115,0.11240651320574208,11.359512329772855,1,5,2
20260217_014102,DpwSubFbmSimulator,4096,200,0.2,116,0.27760023984553756,9.140498729609616,1,5,2
20260217_014102,DpwSubFbmSimulator,4096,200,0.2,117,0.3133175340475781,22.097037816000274,1,5,2
20260217_014102,DpwSubFbmSimulator,4096,200,0.2,118,0.1313987339578969,6.48153154252859,1,5,2
20260217_014102,DpwSubFbmSimulator,4096,200,0.2,119,0.20608472362612373,5.8565330061572745,1,5,2
20260217_014102,DpwSubFbmSimulator,4096,200,0.2,120,0.20221399385112154,19.713917865891244,1,5,2
20260217_014102,DpwSubFbmSimulator,4096,200,0.2,121,0.19308909601547808,9.17324180579691,1,5,2
20260217_014102,DpwSubFbmSimulator,4096,200,0.2,122,0.07422111591033378,4.190582886974392,1,5,2
20260217_014102,DpwSubFbmSimulator,4096,200,0.2,123,0.2864724798836789,16.425023953727962,1,5,2
20260217_014102,DpwSubFbmSimulator,4096,200,0.2,124,0.22148257612992128,17.099365740428137,1,5,2
20260217_014102,DpwSubFbmSimulator,4096,200,0.2,125,0.1473954573853341,4.749810542815474,1,5,2
20260217_014102,DpwSubFbmSimulator,4096,200,0.2,126,0.41911555137354944,103.27339483815861,1,5,2
20260217_014102,DpwSubFbmSimulator,4096,200,0.2,127,0.19310270389543896,6.3104716903442,1,5,2
20260217_014102,DpwSubFbmSimulator,4096,200,0.2,128,0.08610493882834493,3.2250607495791277,1,5,2
20260217_014102,DpwSubFbmSimulator,4096,200,0.2,129,0.23453475982723185,14.355547530939141,1,5,2
20260217_014102,DpwSubFbmSimulator,4096,200,0.2,130,0.25739984300389573,19.475152860572145,1,5,2
20260217_014102,DpwSubFbmSimulator,4096,200,0.2,131,0.10694200662724863,5.370558824945853,1,5,2
20260217_014102,DpwSubFbmSimulator,4096,200,0.2,132,0.27928027008320533,18.418162006694484,1,5,2
20260217_014102,DpwSubFbmSimulator,4096,200,0.2,133,0.2356530566513723,15.71829772620947,1,5,2
20260217_014102,DpwSubFbmSimulator,4096,200,0.2,134,0.15389545231647317,7.863320335979026,1,5,2
20260217_014102,DpwSubFbmSimulator,4096,200,0.2,135,0.5229275335830422,209.82407032786446,1,5,2
20260217_014102,DpwSubFbmSimulator,4096,200,0.2,136,0.040014712639140464,2.2776846351882822,1,5,2
20260217_014102,DpwSubFbmSimulator,4096,200,0.2,137,0.14577585508413515,7.833045145396849,1,5,2
20260217_014102,DpwSubFbmSimulator,4096,200,0.2,138,0.13329852289682562,6.69020585208947,1,5,2
20260217_014102,DpwSubFbmSimulator,4096,200,0.2,139,0.252546376138744,9.633459106065654,1,5,2
20260217_014102,DpwSubFbmSimulator,4096,200,0.2,140,0.18439998182597717,14.32320341125316,1,5,2
20260217_014102,DpwSubFbmSimulator,4096,200,0.2,141,0.0629870040770026,6.811163500115803,1,5,2
20260217_014102,DpwSubFbmSimulator,4096,200,0.2,142,0.16600160296226063,7.39124887126434,1,5,2
20260217_014102,DpwSubFbmSimulator,4096,200,0.2,143,0.199185132456434,13.259526142478968,1,5,2
20260217_014102,DpwSubFbmSimulator,4096,200,0.2,144,0.18357169254740233,7.348723640402309,1,5,2
20260217_014102,DpwSubFbmSimulator,4096,200,0.2,145,0.31426188544030975,18.259477916260554,1,5,2
20260217_014102,DpwSubFbmSimulator,4096,200,0.2,146,0.2783671079839664,36.79322187740839,1,5,2
20260217_014102,DpwSubFbmSimulator,4096,200,0.2,147,0.1292784340578904,7.5710465299284255,1,5,2
20260217_014102,DpwSubFbmSimulator,4096,200,0.2,148,0.6713691063629968,1504.2219672054703,1,5,2
20260217_014102,DpwSubFbmSimulator,4096,200,0.2,149,0.0913666185472022,3.1215900559122027,1,5,2
20260217_014102,DpwSubFbmSimulator,4096,200,0.2,150,0.29624341767040085,12.894929352126729,1,5,2
20260217_014102,DpwSubFbmSimulator,4096,200,0.2,151,0.26298508938050424,8.894590633209834,1,5,2
20260217_014102,DpwSubFbmSimulator,4096,200,0.2,152,0.1262895250449287,6.487452795520318,1,5,2
20260217_014102,DpwSubFbmSimulator,4096,200,0.2,153,0.21868403455236873,13.271457964036479,1,5,2
20260217_014102,DpwSubFbmSimulator,4096,200,0.2,154,0.1113484181672901,7.841741401946766,1,5,2
20260217_014102,DpwSubFbmSimulator,4096,200,0.2,155,0.3063210443295712,44.72276966290183,1,5,2
20260217_014102,DpwSubFbmSimulator,4096,200,0.2,156,0.22354398281452703,10.342744820531149,1,5,2
20260217_014102,DpwSubFbmSimulator,4096,200,0.2,157,0.2127427023142594,10.517466060385335,1,5,2
20260217_014102,DpwSubFbmSimulator,4096,200,0.2,158,0.12167639668077151,5.146413852633959,1,5,2
20260217_014102,DpwSubFbmSimulator,4096,200,0.2,159,0.16036944871195494,3.5602302289249437,1,5,2
20260217_014102,DpwSubFbmSimulator,4096,200,0.2,160,0.10600655929535764,6.907002192227503,1,5,2
20260217_014102,DpwSubFbmSimulator,4096,200,0.2,161,0.2524513550019355,15.294464577996584,1,5,2
20260217_014102,DpwSubFbmSimulator,4096,200,0.2,162,0.15379628005273507,7.133586094786759,1,5,2
20260217_014102,DpwSubFbmSimulator,4096,200,0.2,163,0.1039794100394135,3.2762330962366164,1,5,2
20260217_014102,DpwSubFbmSimulator,4096,200,0.2,164,0.2134317762085311,27.805995166348957,1,5,2
20260217_014102,DpwSubFbmSimulator,4096,200,0.2,165,0.15792787371244058,13.249850811344468,1,5,2
20260217_014102,DpwSubFbmSimulator,4096,200,0.2,166,0.17236755137846418,6.439605588310786,1,5,2
20260217_014102,DpwSubFbmSimulator,4096,200,0.2,167,0.1082477337348951,2.8099645574868366,1,5,2
20260217_014102,DpwSubFbmSimulator,4096,200,0.2,168,0.2847516087288523,16.640300398790917,1,5,2
20260217_014102,DpwSubFbmSimulator,4096,200,0.2,169,0.12775820904525792,3.4082404859875353,1,5,2
20260217_014102,DpwSubFbmSimulator,4096,200,0.2,170,0.10905718342945689,3.346415661236054,1,5,2
20260217_014102,DpwSubFbmSimulator,4096,200,0.2,171,0.15203897948838116,6.021779490625645,1,5,2
20260217_014102,DpwSubFbmSimulator,4096,200,0.2,172,0.1323226546668732,6.86060191618488,1,5,2
20260217_014102,DpwSubFbmSimulator,4096,200,0.2,173,0.1806334830952746,9.53202460003837,1,5,2
20260217_014102,DpwSubFbmSimulator,4096,200,0.2,174,0.2667818049992007,10.540756458194702,1,5,2
20260217_014102,DpwSubFbmSimulator,4096,200,0.2,175,0.19071757190146793,7.376642495567227,1,5,2
20260217_014102,DpwSubFbmSimulator,4096,200,0.2,176,0.04745247370348938,6.259636127503864,1,5,2
20260217_014102,DpwSubFbmSimulator,4096,200,0.2,177,0.24889667907226098,13.568673410549899,1,5,2
20260217_014102,DpwSubFbmSimulator,4096,200,0.2,178,0.3762995953917635,42.66503267772395,1,5,2
20260217_014102,DpwSubFbmSimulator,4096,200,0.2,179,0.10888306302487394,2.6967182596208823,1,5,2
20260217_014102,DpwSubFbmSimulator,4096,200,0.2,180,0.44069357019152583,69.83758120828489,1,5,2
20260217_014102,DpwSubFbmSimulator,4096,200,0.2,181,0.17358462390459478,6.618728483784275,1,5,2
20260217_014102,DpwSubFbmSimulator,4096,200,0.2,182,0.1832442344206456,18.92077391114827,1,5,2
20260217_014102,DpwSubFbmSimulator,4096,200,0.2,183,0.23183886136320284,10.68783550194955,1,5,2
20260217_014102,DpwSubFbmSimulator,4096,200,0.2,184,0.24282017648396184,15.968246593123881,1,5,2
20260217_014102,DpwSubFbmSimulator,4096,200,0.2,185,0.1520316322466633,7.830995591328248,1,5,2
20260217_014102,DpwSubFbmSimulator,4096,200,0.2,186,0.21596713552951596,4.38704054914334,1,5,2
20260217_014102,DpwSubFbmSimulator,4096,200,0.2,187,0.23205573660887696,11.688578823168346,1,5,2
20260217_014102,DpwSubFbmSimulator,4096,200,0.2,188,0.08011842011430181,3.1019716983738723,1,5,2
20260217_014102,DpwSubFbmSimulator,4096,200,0.2,189,0.17540596791777657,3.933549642320786,1,5,2
20260217_014102,DpwSubFbmSimulator,4096,200,0.2,190,0.4100806319571589,39.411347369972944,1,5,2
20260217_014102,DpwSubFbmSimulator,4096,200,0.2,191,0.24840101526822345,10.51524480802569,1,5,2
20260217_014102,DpwSubFbmSimulator,4096,200,0.2,192,0.08314484726928781,9.6241377687362,1,5,2
20260217_014102,DpwSubFbmSimulator,4096,200,0.2,193,0.10573763085392601,6.15070114887125,1,5,2
20260217_014102,DpwSubFbmSimulator,4096,200,0.2,194,0.1729022488433142,3.6480251104093813,1,5,2
20260217_014102,DpwSubFbmSimulator,4096,200,0.2,195,0.208047437970929,8.007982256059002,1,5,2
20260217_014102,DpwSubFbmSimulator,4096,200,0.2,196,0.33833647636809855,26.57841215619254,1,5,2
20260217_014102,DpwSubFbmSimulator,4096,200,0.2,197,0.16827210080450755,10.895374969929836,1,5,2
20260217_014102,DpwSubFbmSimulator,4096,200,0.2,198,0.24191344156591346,11.953399857007804,1,5,2
20260217_014102,DpwSubFbmSimulator,4096,200,0.2,199,0.16477491567354788,14.762721917641455,1,5,2
20260217_014102,DpwSubFbmSimulator,4096,200,0.2,200,0.18325375794188475,7.059246987819209,1,5,2
20260217_014102,DpwSubFbmSimulator,4096,200,0.3,1,0.231904786855185,3.878494020641751,1,5,2
20260217_014102,DpwSubFbmSimulator,4096,200,0.3,2,0.4567693734431871,45.08329031217076,1,5,2
20260217_014102,DpwSubFbmSimulator,4096,200,0.3,3,0.27189208003272447,4.98847302416887,1,5,2
20260217_014102,DpwSubFbmSimulator,4096,200,0.3,4,0.24920273148893934,10.433428080044415,1,5,2
20260217_014102,DpwSubFbmSimulator,4096,200,0.3,5,0.36679418826687055,15.607378318056393,1,5,2
20260217_014102,DpwSubFbmSimulator,4096,200,0.3,6,0.30607013369940755,6.32533804042243,1,5,2
20260217_014102,DpwSubFbmSimulator,4096,200,0.3,7,0.39235241148593136,15.01691557601148,1,5,2
20260217_014102,DpwSubFbmSimulator,4096,200,0.3,8,0.2791170669787535,11.860774061061301,1,5,2
20260217_014102,DpwSubFbmSimulator,4096,200,0.3,9,0.28430596733418506,8.303855736623339,1,5,2
20260217_014102,DpwSubFbmSimulator,4096,200,0.3,10,0.5745656291001204,165.690676846247,1,5,2
20260217_014102,DpwSubFbmSimulator,4096,200,0.3,11,0.3770704717648276,24.30863369549682,1,5,2
20260217_014102,DpwSubFbmSimulator,4096,200,0.3,12,0.15748208038575226,4.636404937597696,1,5,2
20260217_014102,DpwSubFbmSimulator,4096,200,0.3,13,0.33890835659261775,9.48692857658044,1,5,2
20260217_014102,DpwSubFbmSimulator,4096,200,0.3,14,0.29472975156420494,4.44347979937946,1,5,2
20260217_014102,DpwSubFbmSimulator,4096,200,0.3,15,0.41418879426937716,19.144885218190282,1,5,2
20260217_014102,DpwSubFbmSimulator,4096,200,0.3,16,0.37793309320578006,21.793834291492487,1,5,2
20260217_014102,DpwSubFbmSimulator,4096,200,0.3,17,0.6136212350247857,213.84914771873676,1,5,2
20260217_014102,DpwSubFbmSimulator,4096,200,0.3,18,0.35127116889262155,7.262816881487552,1,5,2
20260217_014102,DpwSubFbmSimulator,4096,200,0.3,19,0.2556277242661187,3.9092281826280906,1,5,2
20260217_014102,DpwSubFbmSimulator,4096,200,0.3,20,0.3725815776719631,10.206212825450555,1,5,2
20260217_014102,DpwSubFbmSimulator,4096,200,0.3,21,0.06415457553613955,2.2803718517007625,1,5,2
20260217_014102,DpwSubFbmSimulator,4096,200,0.3,22,0.2848866892860363,10.377682569460694,1,5,2
20260217_014102,DpwSubFbmSimulator,4096,200,0.3,23,0.26626160749571326,7.003854729939822,1,5,2
20260217_014102,DpwSubFbmSimulator,4096,200,0.3,24,0.38003732167742416,26.231921896586844,1,5,2
20260217_014102,DpwSubFbmSimulator,4096,200,0.3,25,0.29330632399600587,12.355133003786875,1,5,2
20260217_014102,DpwSubFbmSimulator,4096,200,0.3,26,0.22552996874714576,2.7135514727848062,1,5,2
20260217_014102,DpwSubFbmSimulator,4096,200,0.3,27,0.2707142057867759,5.210570184524311,1,5,2
20260217_014102,DpwSubFbmSimulator,4096,200,0.3,28,0.23220766822783162,4.7544060904746805,1,5,2
20260217_014102,DpwSubFbmSimulator,4096,200,0.3,29,0.34797933605171144,9.809081555572677,1,5,2
20260217_014102,DpwSubFbmSimulator,4096,200,0.3,30,0.29780338809580104,7.791029839574161,1,5,2
20260217_014102,DpwSubFbmSimulator,4096,200,0.3,31,0.26191543454444977,8.662662246979787,1,5,2
20260217_014102,DpwSubFbmSimulator,4096,200,0.3,32,0.4279212600376597,19.108502256090063,1,5,2
20260217_014102,DpwSubFbmSimulator,4096,200,0.3,33,0.3797157475862444,6.492567303559757,1,5,2
20260217_014102,DpwSubFbmSimulator,4096,200,0.3,34,0.23875198392691116,10.938376245064726,1,5,2
20260217_014102,DpwSubFbmSimulator,4096,200,0.3,35,0.27442617722596996,12.713118067086196,1,5,2
20260217_014102,DpwSubFbmSimulator,4096,200,0.3,36,0.36160639187152804,23.561057777707106,1,5,2
20260217_014102,DpwSubFbmSimulator,4096,200,0.3,37,0.22119868840312654,4.4662822181223465,1,5,2
20260217_014102,DpwSubFbmSimulator,4096,200,0.3,38,0.22258068843552112,3.540709156482949,1,5,2
20260217_014102,DpwSubFbmSimulator,4096,200,0.3,39,0.3301610480147078,12.919580508905074,1,5,2
20260217_014102,DpwSubFbmSimulator,4096,200,0.3,40,0.2810160192442529,7.883558321399311,1,5,2
20260217_014102,DpwSubFbmSimulator,4096,200,0.3,41,0.23807783494610704,8.95527204168457,1,5,2
20260217_014102,DpwSubFbmSimulator,4096,200,0.3,42,0.33856379465518943,10.021143017222323,1,5,2
20260217_014102,DpwSubFbmSimulator,4096,200,0.3,43,0.4253281938643714,53.85278248393807,1,5,2
20260217_014102,DpwSubFbmSimulator,4096,200,0.3,44,0.3773202522528353,19.234299537149578,1,5,2
20260217_014102,DpwSubFbmSimulator,4096,200,0.3,45,0.5587178945356849,76.11233094762946,1,5,2
20260217_014102,DpwSubFbmSimulator,4096,200,0.3,46,0.45887858803232484,16.017930617832516,1,5,2
20260217_014102,DpwSubFbmSimulator,4096,200,0.3,47,0.19274599500609646,2.4761483199071344,1,5,2
20260217_014102,DpwSubFbmSimulator,4096,200,0.3,48,0.29852343250277347,5.526957319251809,1,5,2
20260217_014102,DpwSubFbmSimulator,4096,200,0.3,49,0.5189810853382183,49.523750619036406,1,5,2
20260217_014102,DpwSubFbmSimulator,4096,200,0.3,50,0.27788558235838084,4.039991752882076,1,5,2
20260217_014102,DpwSubFbmSimulator,4096,200,0.3,51,0.39094639891326094,18.76680767172043,1,5,2
20260217_014102,DpwSubFbmSimulator,4096,200,0.3,52,0.2953171213302701,4.1289814539546095,1,5,2
20260217_014102,DpwSubFbmSimulator,4096,200,0.3,53,0.289390531874124,8.7610340915249,1,5,2
20260217_014102,DpwSubFbmSimulator,4096,200,0.3,54,0.2864234950369233,9.507402576197752,1,5,2
20260217_014102,DpwSubFbmSimulator,4096,200,0.3,55,0.3064581672988408,19.00590243611415,1,5,2
20260217_014102,DpwSubFbmSimulator,4096,200,0.3,56,0.20344173090746018,4.320296238870683,1,5,2
20260217_014102,DpwSubFbmSimulator,4096,200,0.3,57,0.28074161328096553,6.05166395141793,1,5,2
20260217_014102,DpwSubFbmSimulator,4096,200,0.3,58,0.43251171742324257,19.60307985179683,1,5,2
20260217_014102,DpwSubFbmSimulator,4096,200,0.3,59,0.3451270612809978,21.1536109906429,1,5,2
20260217_014102,DpwSubFbmSimulator,4096,200,0.3,60,0.28828052898573137,15.356455879710033,1,5,2
20260217_014102,DpwSubFbmSimulator,4096,200,0.3,61,0.26572090075685095,4.675700985072173,1,5,2
20260217_014102,DpwSubFbmSimulator,4096,200,0.3,62,0.43198817538276046,19.379077468848074,1,5,2
20260217_014102,DpwSubFbmSimulator,4096,200,0.3,63,0.2570226945044954,7.080604278678746,1,5,2
20260217_014102,DpwSubFbmSimulator,4096,200,0.3,64,0.3037413740220998,10.361382669634187,1,5,2
20260217_014102,DpwSubFbmSimulator,4096,200,0.3,65,0.4073608803858964,11.917907997793188,1,5,2
20260217_014102,DpwSubFbmSimulator,4096,200,0.3,66,0.42576781774461375,28.090370913193325,1,5,2
20260217_014102,DpwSubFbmSimulator,4096,200,0.3,67,0.14094129706568145,3.35481644830714,1,5,2
20260217_014102,DpwSubFbmSimulator,4096,200,0.3,68,0.37099321637668653,18.86458716125425,1,5,2
20260217_014102,DpwSubFbmSimulator,4096,200,0.3,69,0.28150878964641635,9.491067556669869,1,5,2
20260217_014102,DpwSubFbmSimulator,4096,200,0.3,70,0.2611542565697915,13.560649519229766,1,5,2
20260217_014102,DpwSubFbmSimulator,4096,200,0.3,71,0.323491829801679,8.224238107321115,1,5,2
20260217_014102,DpwSubFbmSimulator,4096,200,0.3,72,0.2505465218644423,4.051736172816128,1,5,2
20260217_014102,DpwSubFbmSimulator,4096,200,0.3,73,0.241675385435835,6.642353528479673,1,5,2
20260217_014102,DpwSubFbmSimulator,4096,200,0.3,74,0.35320128006288964,6.9728830873967045,1,5,2
20260217_014102,DpwSubFbmSimulator,4096,200,0.3,75,0.16276988299857215,2.9161087074362055,1,5,2
20260217_014102,DpwSubFbmSimulator,4096,200,0.3,76,0.3057074561349614,11.06565077519397,1,5,2
20260217_014102,DpwSubFbmSimulator,4096,200,0.3,77,0.24674726294188495,5.423577950028896,1,5,2
20260217_014102,DpwSubFbmSimulator,4096,200,0.3,78,0.3439032068566611,8.916364265277283,1,5,2
20260217_014102,DpwSubFbmSimulator,4096,200,0.3,79,0.40082112918441193,17.933669986410127,1,5,2
20260217_014102,DpwSubFbmSimulator,4096,200,0.3,80,0.30051285583759996,8.518852964759969,1,5,2
20260217_014102,DpwSubFbmSimulator,4096,200,0.3,81,0.39694690559169976,14.087790085250967,1,5,2
20260217_014102,DpwSubFbmSimulator,4096,200,0.3,82,0.5708953085182167,143.21950771034275,1,5,2
20260217_014102,DpwSubFbmSimulator,4096,200,0.3,83,0.15943800898667673,1.8184641477258074,1,5,2
20260217_014102,DpwSubFbmSimulator,4096,200,0.3,84,0.31631830523885385,6.672009863478797,1,5,2
20260217_014102,DpwSubFbmSimulator,4096,200,0.3,85,0.24267357189505273,5.25303893678209,1,5,2
20260217_014102,DpwSubFbmSimulator,4096,200,0.3,86,0.5560242490090712,59.15340299403709,1,5,2
20260217_014102,DpwSubFbmSimulator,4096,200,0.3,87,0.31943215260099406,11.371923786945276,1,5,2
20260217_014102,DpwSubFbmSimulator,4096,200,0.3,88,0.23879517365965708,3.666877131465801,1,5,2
20260217_014102,DpwSubFbmSimulator,4096,200,0.3,89,0.27561648096489577,10.021868101751426,1,5,2
20260217_014102,DpwSubFbmSimulator,4096,200,0.3,90,0.4390450721031731,11.027780732964526,1,5,2
20260217_014102,DpwSubFbmSimulator,4096,200,0.3,91,0.362884950072408,8.834603302311038,1,5,2
20260217_014102,DpwSubFbmSimulator,4096,200,0.3,92,0.4299143182783185,7.344080424496932,1,5,2
20260217_014102,DpwSubFbmSimulator,4096,200,0.3,93,0.2721632230797075,5.138456338074254,1,5,2
20260217_014102,DpwSubFbmSimulator,4096,200,0.3,94,0.4179359401726647,16.41336505319947,1,5,2
20260217_014102,DpwSubFbmSimulator,4096,200,0.3,95,0.4288739988641204,16.658391108105082,1,5,2
20260217_014102,DpwSubFbmSimulator,4096,200,0.3,96,0.3669361729964716,9.102213615161741,1,5,2
20260217_014102,DpwSubFbmSimulator,4096,200,0.3,97,0.336256390327854,18.62411859134363,1,5,2
20260217_014102,DpwSubFbmSimulator,4096,200,0.3,98,0.22805103389261028,7.447709866547978,1,5,2
20260217_014102,DpwSubFbmSimulator,4096,200,0.3,99,0.3151239792775227,9.902169157388883,1,5,2
20260217_014102,DpwSubFbmSimulator,4096,200,0.3,100,0.36300904518481275,6.682069151140696,1,5,2
20260217_014102,DpwSubFbmSimulator,4096,200,0.3,101,0.1906369903271183,3.5220079041172183,1,5,2
20260217_014102,DpwSubFbmSimulator,4096,200,0.3,102,0.6276572465980168,403.2749751840329,1,5,2
20260217_014102,DpwSubFbmSimulator,4096,200,0.3,103,0.16662955052640124,3.4902236345116484,1,5,2
20260217_014102,DpwSubFbmSimulator,4096,200,0.3,104,0.3281142039408126,10.289991312235191,1,5,2
20260217_014102,DpwSubFbmSimulator,4096,200,0.3,105,0.1936743899982149,3.9137247503207644,1,5,2
20260217_014102,DpwSubFbmSimulator,4096,200,0.3,106,0.27147869866206575,5.409836989317683,1,5,2
20260217_014102,DpwSubFbmSimulator,4096,200,0.3,107,0.34464373582977703,10.948457669565608,1,5,2
20260217_014102,DpwSubFbmSimulator,4096,200,0.3,108,0.35374812197432604,17.7255825282782,1,5,2
20260217_014102,DpwSubFbmSimulator,4096,200,0.3,109,0.2676131442581574,5.483779538748804,1,5,2
20260217_014102,DpwSubFbmSimulator,4096,200,0.3,110,0.3018994463293075,10.22984847329456,1,5,2
20260217_014102,DpwSubFbmSimulator,4096,200,0.3,111,0.5610105908951896,109.34573364823898,1,5,2
20260217_014102,DpwSubFbmSimulator,4096,200,0.3,112,0.33921409026151234,10.42968924989499,1,5,2
20260217_014102,DpwSubFbmSimulator,4096,200,0.3,113,0.3634205700506293,25.118831419425238,1,5,2
20260217_014102,DpwSubFbmSimulator,4096,200,0.3,114,0.26796114674840976,5.077565439101764,1,5,2
20260217_014102,DpwSubFbmSimulator,4096,200,0.3,115,0.2598900598940775,4.4026367022288495,1,5,2
20260217_014102,DpwSubFbmSimulator,4096,200,0.3,116,0.3658463407637611,11.898783528611647,1,5,2
20260217_014102,DpwSubFbmSimulator,4096,200,0.3,117,0.45516209752125114,15.336615327671403,1,5,2
20260217_014102,DpwSubFbmSimulator,4096,200,0.3,118,0.2889332356172753,4.756826165077356,1,5,2
20260217_014102,DpwSubFbmSimulator,4096,200,0.3,119,0.2447277159369812,4.139030993496662,1,5,2
20260217_014102,DpwSubFbmSimulator,4096,200,0.3,120,0.2993930002500735,18.807786040366736,1,5,2
20260217_014102,DpwSubFbmSimulator,4096,200,0.3,121,0.40867935328236704,24.204667547662932,1,5,2
20260217_014102,DpwSubFbmSimulator,4096,200,0.3,122,0.319040262180135,13.41149807555368,1,5,2
20260217_014102,DpwSubFbmSimulator,4096,200,0.3,123,0.3939541515912959,20.064401807996887,1,5,2
20260217_014102,DpwSubFbmSimulator,4096,200,0.3,124,0.31447217764186586,11.961292368123045,1,5,2
20260217_014102,DpwSubFbmSimulator,4096,200,0.3,125,0.33381641410755725,8.607277841969784,1,5,2
20260217_014102,DpwSubFbmSimulator,4096,200,0.3,126,0.38802910485836983,12.89450053646157,1,5,2
20260217_014102,DpwSubFbmSimulator,4096,200,0.3,127,0.36111333425810926,17.185677640255175,1,5,2
20260217_014102,DpwSubFbmSimulator,4096,200,0.3,128,0.3197262537325701,20.685945868978543,1,5,2
20260217_014102,DpwSubFbmSimulator,4096,200,0.3,129,0.3390101206083777,9.606369835350907,1,5,2
20260217_014102,DpwSubFbmSimulator,4096,200,0.3,130,0.24833387161218334,6.321096646960098,1,5,2
20260217_014102,DpwSubFbmSimulator,4096,200,0.3,131,0.22760003968140494,6.782153518855667,1,5,2
20260217_014102,DpwSubFbmSimulator,4096,200,0.3,132,0.42322911324716184,18.29310736919594,1,5,2
20260217_014102,DpwSubFbmSimulator,4096,200,0.3,133,0.221570965411227,3.761989098991931,1,5,2
20260217_014102,DpwSubFbmSimulator,4096,200,0.3,134,0.46453462912868265,46.08308361320356,1,5,2
20260217_014102,DpwSubFbmSimulator,4096,200,0.3,135,0.32547581202591475,8.678757966836185,1,5,2
20260217_014102,DpwSubFbmSimulator,4096,200,0.3,136,0.369693409158254,17.126057237774774,1,5,2
20260217_014102,DpwSubFbmSimulator,4096,200,0.3,137,0.2616092954745756,6.898134443540251,1,5,2
20260217_014102,DpwSubFbmSimulator,4096,200,0.3,138,0.39830553862419266,29.589921014091477,1,5,2
20260217_014102,DpwSubFbmSimulator,4096,200,0.3,139,0.2939866028844446,7.839754506778449,1,5,2
20260217_014102,DpwSubFbmSimulator,4096,200,0.3,140,0.35225342147758437,14.233229051225953,1,5,2
20260217_014102,DpwSubFbmSimulator,4096,200,0.3,141,0.4028698022204633,23.93708638490406,1,5,2
20260217_014102,DpwSubFbmSimulator,4096,200,0.3,142,0.14266756037154246,2.9495919473351506,1,5,2
20260217_014102,DpwSubFbmSimulator,4096,200,0.3,143,0.3339794852917024,9.571798514748442,1,5,2
20260217_014102,DpwSubFbmSimulator,4096,200,0.3,144,0.380056573228182,10.493627070547989,1,5,2
20260217_014102,DpwSubFbmSimulator,4096,200,0.3,145,0.41006908248367296,20.41880764525847,1,5,2
20260217_014102,DpwSubFbmSimulator,4096,200,0.3,146,0.3535812035519729,20.912566233149064,1,5,2
20260217_014102,DpwSubFbmSimulator,4096,200,0.3,147,0.33093554151997634,6.33191603666175,1,5,2
20260217_014102,DpwSubFbmSimulator,4096,200,0.3,148,0.2411094892774303,3.073430291825808,1,5,2
20260217_014102,DpwSubFbmSimulator,4096,200,0.3,149,0.2750717693487196,6.540146825870038,1,5,2
20260217_014102,DpwSubFbmSimulator,4096,200,0.3,150,0.1974323827537346,4.572587922491676,1,5,2
20260217_014102,DpwSubFbmSimulator,4096,200,0.3,151,0.21111551375969403,5.116698155060412,1,5,2
20260217_014102,DpwSubFbmSimulator,4096,200,0.3,152,0.19277024579646398,3.162965127259072,1,5,2
20260217_014102,DpwSubFbmSimulator,4096,200,0.3,153,0.16785351618881775,3.844781829054607,1,5,2
20260217_014102,DpwSubFbmSimulator,4096,200,0.3,154,0.42624162444660424,22.03051730659157,1,5,2
20260217_014102,DpwSubFbmSimulator,4096,200,0.3,155,0.21223088281008193,5.810103291982443,1,5,2
20260217_014102,DpwSubFbmSimulator,4096,200,0.3,156,0.3437747825265753,8.83479295979141,1,5,2
20260217_014102,DpwSubFbmSimulator,4096,200,0.3,157,0.33995962136753344,14.575494866475925,1,5,2
20260217_014102,DpwSubFbmSimulator,4096,200,0.3,158,0.3896659541438793,11.908928871449339,1,5,2
20260217_014102,DpwSubFbmSimulator,4096,200,0.3,159,0.40951967425585334,18.192840131365273,1,5,2
20260217_014102,DpwSubFbmSimulator,4096,200,0.3,160,0.45439548163946825,27.989834532824553,1,5,2
20260217_014102,DpwSubFbmSimulator,4096,200,0.3,161,0.3715477280441045,7.1184611222610865,1,5,2
20260217_014102,DpwSubFbmSimulator,4096,200,0.3,162,0.26535582786650824,8.70551825481934,1,5,2
20260217_014102,DpwSubFbmSimulator,4096,200,0.3,163,0.24716552062110403,7.56467813084873,1,5,2
20260217_014102,DpwSubFbmSimulator,4096,200,0.3,164,0.3801080580802778,16.710410994809855,1,5,2
20260217_014102,DpwSubFbmSimulator,4096,200,0.3,165,0.23374335584402206,3.4682510682651047,1,5,2
20260217_014102,DpwSubFbmSimulator,4096,200,0.3,166,0.22655297583301368,5.755915401228945,1,5,2
20260217_014102,DpwSubFbmSimulator,4096,200,0.3,167,0.20591870888375988,3.2753192957381665,1,5,2
20260217_014102,DpwSubFbmSimulator,4096,200,0.3,168,0.15759834791455304,3.951519463880207,1,5,2
20260217_014102,DpwSubFbmSimulator,4096,200,0.3,169,0.2727352434384473,4.771417640098259,1,5,2
20260217_014102,DpwSubFbmSimulator,4096,200,0.3,170,0.44800870011295246,88.37321752356797,1,5,2
20260217_014102,DpwSubFbmSimulator,4096,200,0.3,171,0.42379612856900656,16.675622011880137,1,5,2
20260217_014102,DpwSubFbmSimulator,4096,200,0.3,172,0.30094622295068946,8.924717493643307,1,5,2
20260217_014102,DpwSubFbmSimulator,4096,200,0.3,173,0.22928388447914105,4.912010080670312,1,5,2
20260217_014102,DpwSubFbmSimulator,4096,200,0.3,174,0.31919581607871167,20.021833347783417,1,5,2
20260217_014102,DpwSubFbmSimulator,4096,200,0.3,175,0.3556719748166545,5.4130176545289865,1,5,2
20260217_014102,DpwSubFbmSimulator,4096,200,0.3,176,0.35465475104416033,14.492402389899844,1,5,2
20260217_014102,DpwSubFbmSimulator,4096,200,0.3,177,0.23073435255148764,2.69459913425671,1,5,2
20260217_014102,DpwSubFbmSimulator,4096,200,0.3,178,0.3355473871322102,15.37516446751847,1,5,2
20260217_014102,DpwSubFbmSimulator,4096,200,0.3,179,0.34901262957579887,15.0757676479038,1,5,2
20260217_014102,DpwSubFbmSimulator,4096,200,0.3,180,0.5661685252013994,115.75089066971948,1,5,2
20260217_014102,DpwSubFbmSimulator,4096,200,0.3,181,0.25982677658920145,3.3695184319183706,1,5,2
20260217_014102,DpwSubFbmSimulator,4096,200,0.3,182,0.2265498954160869,4.07248368240288,1,5,2
20260217_014102,DpwSubFbmSimulator,4096,200,0.3,183,0.2802932185347176,5.5524727194730215,1,5,2
20260217_014102,DpwSubFbmSimulator,4096,200,0.3,184,0.36891772599905,23.12940301235808,1,5,2
20260217_014102,DpwSubFbmSimulator,4096,200,0.3,185,0.21105231444020542,3.076847574123438,1,5,2
20260217_014102,DpwSubFbmSimulator,4096,200,0.3,186,0.3666811321587196,14.131490113203162,1,5,2
20260217_014102,DpwSubFbmSimulator,4096,200,0.3,187,0.3897576479535227,19.083730301851116,1,5,2
20260217_014102,DpwSubFbmSimulator,4096,200,0.3,188,0.16662963313264806,3.0460334508632174,1,5,2
20260217_014102,DpwSubFbmSimulator,4096,200,0.3,189,0.3913464412485663,13.630803989644358,1,5,2
20260217_014102,DpwSubFbmSimulator,4096,200,0.3,190,0.36254526841836215,10.858017860457501,1,5,2
20260217_014102,DpwSubFbmSimulator,4096,200,0.3,191,0.22825062854256348,7.9298929901885895,1,5,2
20260217_014102,DpwSubFbmSimulator,4096,200,0.3,192,0.3026134528066836,7.450527873037811,1,5,2
20260217_014102,DpwSubFbmSimulator,4096,200,0.3,193,0.2903937532974354,7.273797577300023,1,5,2
20260217_014102,DpwSubFbmSimulator,4096,200,0.3,194,0.31224376975974705,10.225735886994162,1,5,2
20260217_014102,DpwSubFbmSimulator,4096,200,0.3,195,0.3536651174091518,13.121025216483458,1,5,2
20260217_014102,DpwSubFbmSimulator,4096,200,0.3,196,0.40358201257780396,20.89126332620646,1,5,2
20260217_014102,DpwSubFbmSimulator,4096,200,0.3,197,0.17304061970537218,2.5280959809156793,1,5,2
20260217_014102,DpwSubFbmSimulator,4096,200,0.3,198,0.46651399453688797,19.854715752029996,1,5,2
20260217_014102,DpwSubFbmSimulator,4096,200,0.3,199,0.34267775196454475,12.272626543567874,1,5,2
20260217_014102,DpwSubFbmSimulator,4096,200,0.3,200,0.3981757745216387,32.420780537422644,1,5,2
20260217_014102,DpwSubFbmSimulator,4096,200,0.4,1,0.2884717066504741,4.373714701572729,1,5,2
20260217_014102,DpwSubFbmSimulator,4096,200,0.4,2,0.7563659715960807,147.42943130852606,1,5,2
20260217_014102,DpwSubFbmSimulator,4096,200,0.4,3,0.4282186465168193,6.276759498282671,1,5,2
20260217_014102,DpwSubFbmSimulator,4096,200,0.4,4,0.5199472344162575,28.396562648165453,1,5,2
20260217_014102,DpwSubFbmSimulator,4096,200,0.4,5,0.4570290541837421,16.54143618352812,1,5,2
20260217_014102,DpwSubFbmSimulator,4096,200,0.4,6,0.46291547108130005,9.602908285970827,1,5,2
20260217_014102,DpwSubFbmSimulator,4096,200,0.4,7,0.7763229400917929,214.43537934221231,1,5,2
20260217_014102,DpwSubFbmSimulator,4096,200,0.4,8,0.3400078112631437,13.845036068854737,1,5,2
20260217_014102,DpwSubFbmSimulator,4096,200,0.4,9,0.13783552642988733,0.841060247535088,1,5,2
20260217_014102,DpwSubFbmSimulator,4096,200,0.4,10,0.5694403855714446,12.257932411218146,1,5,2
20260217_014102,DpwSubFbmSimulator,4096,200,0.4,11,0.2866559728781198,3.47488317529557,1,5,2
20260217_014102,DpwSubFbmSimulator,4096,200,0.4,12,0.3158412293445828,5.397946788037768,1,5,2
20260217_014102,DpwSubFbmSimulator,4096,200,0.4,13,0.44504188571207787,13.58113206236092,1,5,2
20260217_014102,DpwSubFbmSimulator,4096,200,0.4,14,0.46762675897331657,8.11061664894991,1,5,2
20260217_014102,DpwSubFbmSimulator,4096,200,0.4,15,0.3230955348777329,4.335663012038912,1,5,2
20260217_014102,DpwSubFbmSimulator,4096,200,0.4,16,0.5534905600692552,24.175180627074663,1,5,2
20260217_014102,DpwSubFbmSimulator,4096,200,0.4,17,0.4330116925160062,7.68362060357852,1,5,2
20260217_014102,DpwSubFbmSimulator,4096,200,0.4,18,0.37217959432669934,6.230085849444479,1,5,2
20260217_014102,DpwSubFbmSimulator,4096,200,0.4,19,0.458833451271308,4.167434984627961,1,5,2
20260217_014102,DpwSubFbmSimulator,4096,200,0.4,20,0.32187760468571974,3.7409335198804907,1,5,2
20260217_014102,DpwSubFbmSimulator,4096,200,0.4,21,0.38844638886131616,5.870469259506415,1,5,2
20260217_014102,DpwSubFbmSimulator,4096,200,0.4,22,0.43882982841419255,11.389119278896041,1,5,2
20260217_014102,DpwSubFbmSimulator,4096,200,0.4,23,0.28874545634886345,5.039888445268708,1,5,2
20260217_014102,DpwSubFbmSimulator,4096,200,0.4,24,0.7457663911960366,388.6949498874164,1,5,2
20260217_014102,DpwSubFbmSimulator,4096,200,0.4,25,0.4997170464924828,71.87318813683932,1,5,2
20260217_014102,DpwSubFbmSimulator,4096,200,0.4,26,0.5712418883553968,31.19853293107843,1,5,2
20260217_014102,DpwSubFbmSimulator,4096,200,0.4,27,0.35311167075369754,5.7778282720755705,1,5,2
20260217_014102,DpwSubFbmSimulator,4096,200,0.4,28,0.17968990310087324,3.1675604151489076,1,5,2
20260217_014102,DpwSubFbmSimulator,4096,200,0.4,29,0.40265011516848126,13.380075239059366,1,5,2
20260217_014102,DpwSubFbmSimulator,4096,200,0.4,30,0.426545528143855,14.666140724625558,1,5,2
20260217_014102,DpwSubFbmSimulator,4096,200,0.4,31,0.4219283742895468,5.0856687949272255,1,5,2
20260217_014102,DpwSubFbmSimulator,4096,200,0.4,32,0.3909202388532353,8.78744049946465,1,5,2
20260217_014102,DpwSubFbmSimulator,4096,200,0.4,33,0.4495703295667241,9.597371212282816,1,5,2
20260217_014102,DpwSubFbmSimulator,4096,200,0.4,34,0.31258260472126953,6.446802243456723,1,5,2
20260217_014102,DpwSubFbmSimulator,4096,200,0.4,35,0.4978410780703135,19.90672052074654,1,5,2
20260217_014102,DpwSubFbmSimulator,4096,200,0.4,36,0.44204058236931243,10.54197364998158,1,5,2
20260217_014102,DpwSubFbmSimulator,4096,200,0.4,37,0.39992328626705526,7.9412108049285575,1,5,2
20260217_014102,DpwSubFbmSimulator,4096,200,0.4,38,0.3249498688498504,7.854643169492143,1,5,2
20260217_014102,DpwSubFbmSimulator,4096,200,0.4,39,0.4053276787022972,10.973989642188782,1,5,2
20260217_014102,DpwSubFbmSimulator,4096,200,0.4,40,0.4114634263047032,10.151285545997347,1,5,2
20260217_014102,DpwSubFbmSimulator,4096,200,0.4,41,0.3288292249536979,1.8405780809616492,1,5,2
20260217_014102,DpwSubFbmSimulator,4096,200,0.4,42,0.29421797631396873,4.494324533296969,1,5,2
20260217_014102,DpwSubFbmSimulator,4096,200,0.4,43,0.20845906135667014,1.099441502389131,1,5,2
20260217_014102,DpwSubFbmSimulator,4096,200,0.4,44,0.5427987736502254,41.4864157686483,1,5,2
20260217_014102,DpwSubFbmSimulator,4096,200,0.4,45,0.3812189811727742,11.376223691714287,1,5,2
20260217_014102,DpwSubFbmSimulator,4096,200,0.4,46,0.4928020523937363,31.800888702641352,1,5,2
20260217_014102,DpwSubFbmSimulator,4096,200,0.4,47,0.5459608251042483,24.85137771811994,1,5,2
20260217_014102,DpwSubFbmSimulator,4096,200,0.4,48,0.3893220509326585,6.830372433811834,1,5,2
20260217_014102,DpwSubFbmSimulator,4096,200,0.4,49,0.33399139434913316,5.027224329336945,1,5,2
20260217_014102,DpwSubFbmSimulator,4096,200,0.4,50,0.35203908302279685,2.9327936478742402,1,5,2
20260217_014102,DpwSubFbmSimulator,4096,200,0.4,51,0.3000540852424493,3.7600977492578043,1,5,2
20260217_014102,DpwSubFbmSimulator,4096,200,0.4,52,0.4274082779993505,12.660298363173226,1,5,2
20260217_014102,DpwSubFbmSimulator,4096,200,0.4,53,0.589854730298063,30.45404860662458,1,5,2
20260217_014102,DpwSubFbmSimulator,4096,200,0.4,54,0.42995531499910633,10.360496757912,1,5,2
20260217_014102,DpwSubFbmSimulator,4096,200,0.4,55,0.3664838995762733,4.560063316844172,1,5,2
20260217_014102,DpwSubFbmSimulator,4096,200,0.4,56,0.46651009338532323,16.744638774600784,1,5,2
20260217_014102,DpwSubFbmSimulator,4096,200,0.4,57,0.490170340401672,18.48730402620944,1,5,2
20260217_014102,DpwSubFbmSimulator,4096,200,0.4,58,0.535833171597395,13.13636265677845,1,5,2
20260217_014102,DpwSubFbmSimulator,4096,200,0.4,59,0.38990723814058803,5.654459597641074,1,5,2
20260217_014102,DpwSubFbmSimulator,4096,200,0.4,60,0.33431463424261976,3.6354825494083283,1,5,2
20260217_014102,DpwSubFbmSimulator,4096,200,0.4,61,0.5616460601330856,24.35067603872665,1,5,2
20260217_014102,DpwSubFbmSimulator,4096,200,0.4,62,0.4018645921887176,13.44205392057871,1,5,2
20260217_014102,DpwSubFbmSimulator,4096,200,0.4,63,0.3558844509217084,4.741640612477085,1,5,2
20260217_014102,DpwSubFbmSimulator,4096,200,0.4,64,0.4613647411680596,10.41061662468621,1,5,2
20260217_014102,DpwSubFbmSimulator,4096,200,0.4,65,0.29265268903985314,2.0203909262943744,1,5,2
20260217_014102,DpwSubFbmSimulator,4096,200,0.4,66,0.4456571894559348,23.563703145540394,1,5,2
20260217_014102,DpwSubFbmSimulator,4096,200,0.4,67,0.40414188673284823,8.494080274085482,1,5,2
20260217_014102,DpwSubFbmSimulator,4096,200,0.4,68,0.4022026348413753,7.088244054111878,1,5,2
20260217_014102,DpwSubFbmSimulator,4096,200,0.4,69,0.3470308048415658,6.873528911039347,1,5,2
20260217_014102,DpwSubFbmSimulator,4096,200,0.4,70,0.3717865205534536,4.295348798863908,1,5,2
20260217_014102,DpwSubFbmSimulator,4096,200,0.4,71,0.3432667551935635,3.370456382838182,1,5,2
20260217_014102,DpwSubFbmSimulator,4096,200,0.4,72,0.37855342828571464,17.84774229194711,1,5,2
20260217_014102,DpwSubFbmSimulator,4096,200,0.4,73,0.3455836576834883,4.075982072306256,1,5,2
20260217_014102,DpwSubFbmSimulator,4096,200,0.4,74,0.4296304050464347,8.744807716304791,1,5,2
20260217_014102,DpwSubFbmSimulator,4096,200,0.4,75,0.4851886629654544,15.284402067168267,1,5,2
20260217_014102,DpwSubFbmSimulator,4096,200,0.4,76,0.2539688569136945,2.490299209203872,1,5,2
20260217_014102,DpwSubFbmSimulator,4096,200,0.4,77,0.33617287677737084,2.4432023343319136,1,5,2
20260217_014102,DpwSubFbmSimulator,4096,200,0.4,78,0.3481173268580333,7.318785435491727,1,5,2
20260217_014102,DpwSubFbmSimulator,4096,200,0.4,79,0.35920004057874655,6.214049405117536,1,5,2
20260217_014102,DpwSubFbmSimulator,4096,200,0.4,80,0.43570490457619065,5.246586382433642,1,5,2
20260217_014102,DpwSubFbmSimulator,4096,200,0.4,81,0.45530243466234455,7.340825530859892,1,5,2
20260217_014102,DpwSubFbmSimulator,4096,200,0.4,82,0.4324810471430365,12.723005887504563,1,5,2
20260217_014102,DpwSubFbmSimulator,4096,200,0.4,83,0.3355708816532849,3.842559035323456,1,5,2
20260217_014102,DpwSubFbmSimulator,4096,200,0.4,84,0.3067145757825519,7.990696389046622,1,5,2
20260217_014102,DpwSubFbmSimulator,4096,200,0.4,85,0.4154376849040655,13.0685781441415,1,5,2
20260217_014102,DpwSubFbmSimulator,4096,200,0.4,86,0.5508046461639818,57.22432569212285,1,5,2
20260217_014102,DpwSubFbmSimulator,4096,200,0.4,87,0.48543038064583827,23.57399552467562,1,5,2
20260217_014102,DpwSubFbmSimulator,4096,200,0.4,88,0.4582907349274368,13.412220684881893,1,5,2
20260217_014102,DpwSubFbmSimulator,4096,200,0.4,89,0.34480532949887355,5.8444897282512365,1,5,2
20260217_014102,DpwSubFbmSimulator,4096,200,0.4,90,0.43550466846286984,30.801647193457946,1,5,2
20260217_014102,DpwSubFbmSimulator,4096,200,0.4,91,0.47613371444582064,18.223577123986114,1,5,2
20260217_014102,DpwSubFbmSimulator,4096,200,0.4,92,0.45486569022159784,17.21749871931572,1,5,2
20260217_014102,DpwSubFbmSimulator,4096,200,0.4,93,0.5581028821639797,20.22606178463924,1,5,2
20260217_014102,DpwSubFbmSimulator,4096,200,0.4,94,0.4229305501383038,4.960347657483584,1,5,2
20260217_014102,DpwSubFbmSimulator,4096,200,0.4,95,0.386065567787672,4.74177590210277,1,5,2
20260217_014102,DpwSubFbmSimulator,4096,200,0.4,96,0.5079101619537333,16.350719462740287,1,5,2
20260217_014102,DpwSubFbmSimulator,4096,200,0.4,97,0.741907001447022,690.8477825605785,1,5,2
20260217_014102,DpwSubFbmSimulator,4096,200,0.4,98,0.3059515480568543,3.621514414006599,1,5,2
20260217_014102,DpwSubFbmSimulator,4096,200,0.4,99,0.34208614057338443,2.215699717605631,1,5,2
20260217_014102,DpwSubFbmSimulator,4096,200,0.4,100,0.39687504811809265,9.444319389472888,1,5,2
20260217_014102,DpwSubFbmSimulator,4096,200,0.4,101,0.35842376096189077,1.571507291533003,1,5,2
20260217_014102,DpwSubFbmSimulator,4096,200,0.4,102,0.4030924786133255,6.661690296695448,1,5,2
20260217_014102,DpwSubFbmSimulator,4096,200,0.4,103,0.30992760091439164,3.3626992407823884,1,5,2
20260217_014102,DpwSubFbmSimulator,4096,200,0.4,104,0.35984355004359025,5.8629093495054105,1,5,2
20260217_014102,DpwSubFbmSimulator,4096,200,0.4,105,0.29563540337458766,2.847871989712306,1,5,2
20260217_014102,DpwSubFbmSimulator,4096,200,0.4,106,0.346899892969771,3.9973046223707014,1,5,2
20260217_014102,DpwSubFbmSimulator,4096,200,0.4,107,0.7146741456218266,249.7298974240702,1,5,2
20260217_014102,DpwSubFbmSimulator,4096,200,0.4,108,0.2556203811742723,3.0874742500786585,1,5,2
20260217_014102,DpwSubFbmSimulator,4096,200,0.4,109,0.44008279497913166,10.30460716566046,1,5,2
20260217_014102,DpwSubFbmSimulator,4096,200,0.4,110,0.3401988574193289,3.132372843342701,1,5,2
20260217_014102,DpwSubFbmSimulator,4096,200,0.4,111,0.34825627857346075,6.727450436790698,1,5,2
20260217_014102,DpwSubFbmSimulator,4096,200,0.4,112,0.48211223342788756,38.22194756571636,1,5,2
20260217_014102,DpwSubFbmSimulator,4096,200,0.4,113,0.7037379987876188,211.46133450381168,1,5,2
20260217_014102,DpwSubFbmSimulator,4096,200,0.4,114,0.4111678370279424,9.282742562102573,1,5,2
20260217_014102,DpwSubFbmSimulator,4096,200,0.4,115,0.35245482501272324,5.904305164156473,1,5,2
20260217_014102,DpwSubFbmSimulator,4096,200,0.4,116,0.2838984031846916,3.370309038861868,1,5,2
20260217_014102,DpwSubFbmSimulator,4096,200,0.4,117,0.5257682812296561,12.809015445377804,1,5,2
20260217_014102,DpwSubFbmSimulator,4096,200,0.4,118,0.4329627469663847,10.088431141869478,1,5,2
20260217_014102,DpwSubFbmSimulator,4096,200,0.4,119,0.2718806816998863,1.9338575932066213,1,5,2
20260217_014102,DpwSubFbmSimulator,4096,200,0.4,120,0.24947703107122138,3.4401768260331314,1,5,2
20260217_014102,DpwSubFbmSimulator,4096,200,0.4,121,0.47404068363298835,12.347234895913711,1,5,2
20260217_014102,DpwSubFbmSimulator,4096,200,0.4,122,0.3624749968088482,9.96147396172286,1,5,2
20260217_014102,DpwSubFbmSimulator,4096,200,0.4,123,0.25682957880425217,1.699477832292437,1,5,2
20260217_014102,DpwSubFbmSimulator,4096,200,0.4,124,0.4166147926954465,11.984742523411798,1,5,2
20260217_014102,DpwSubFbmSimulator,4096,200,0.4,125,0.42090543580446776,18.408389393904827,1,5,2
20260217_014102,DpwSubFbmSimulator,4096,200,0.4,126,0.3667420484503442,2.855044499654361,1,5,2
20260217_014102,DpwSubFbmSimulator,4096,200,0.4,127,0.2839015995152695,14.074131726060413,1,5,2
20260217_014102,DpwSubFbmSimulator,4096,200,0.4,128,0.28502248082796927,2.8637747655075807,1,5,2
20260217_014102,DpwSubFbmSimulator,4096,200,0.4,129,0.2051849628136492,1.7647315831530477,1,5,2
20260217_014102,DpwSubFbmSimulator,4096,200,0.4,130,0.36452567385052437,4.0952352352350765,1,5,2
20260217_014102,DpwSubFbmSimulator,4096,200,0.4,131,0.2944335951707898,2.1861982192602416,1,5,2
20260217_014102,DpwSubFbmSimulator,4096,200,0.4,132,0.29544881811703944,10.848127313464415,1,5,2
20260217_014102,DpwSubFbmSimulator,4096,200,0.4,133,0.5715875824778351,74.41315206731996,1,5,2
20260217_014102,DpwSubFbmSimulator,4096,200,0.4,134,0.31153083011870075,2.150745026390625,1,5,2
20260217_014102,DpwSubFbmSimulator,4096,200,0.4,135,0.4976714840019568,6.059274660149468,1,5,2
20260217_014102,DpwSubFbmSimulator,4096,200,0.4,136,0.3546300178579161,4.135838501808294,1,5,2
20260217_014102,DpwSubFbmSimulator,4096,200,0.4,137,0.4533789336467264,24.15433379381194,1,5,2
20260217_014102,DpwSubFbmSimulator,4096,200,0.4,138,0.4113904683372178,16.779702454128632,1,5,2
20260217_014102,DpwSubFbmSimulator,4096,200,0.4,139,0.6163357343415719,36.08481945827259,1,5,2
20260217_014102,DpwSubFbmSimulator,4096,200,0.4,140,0.32563520821685166,3.8300152136695425,1,5,2
20260217_014102,DpwSubFbmSimulator,4096,200,0.4,141,0.2812189153982895,3.9293597687889568,1,5,2
20260217_014102,DpwSubFbmSimulator,4096,200,0.4,142,0.6213721277647926,55.99437167589425,1,5,2
20260217_014102,DpwSubFbmSimulator,4096,200,0.4,143,0.2905101612332492,2.449020454690145,1,5,2
20260217_014102,DpwSubFbmSimulator,4096,200,0.4,144,0.29396507374251063,2.599523007451666,1,5,2
20260217_014102,DpwSubFbmSimulator,4096,200,0.4,145,0.31623810411257297,3.2294199087899185,1,5,2
20260217_014102,DpwSubFbmSimulator,4096,200,0.4,146,0.5411532137635894,21.572630356710697,1,5,2
20260217_014102,DpwSubFbmSimulator,4096,200,0.4,147,0.5317186110041225,7.725841769273625,1,5,2
20260217_014102,DpwSubFbmSimulator,4096,200,0.4,148,0.3553126984984713,10.922834356810446,1,5,2
20260217_014102,DpwSubFbmSimulator,4096,200,0.4,149,0.2382898430558829,3.035116720085637,1,5,2
20260217_014102,DpwSubFbmSimulator,4096,200,0.4,150,0.4706524234362573,20.371397155706163,1,5,2
20260217_014102,DpwSubFbmSimulator,4096,200,0.4,151,0.4159227606480888,11.185807245399184,1,5,2
20260217_014102,DpwSubFbmSimulator,4096,200,0.4,152,0.46612599685111966,12.177825764541145,1,5,2
20260217_014102,DpwSubFbmSimulator,4096,200,0.4,153,0.51594918624672,29.10221165992558,1,5,2
20260217_014102,DpwSubFbmSimulator,4096,200,0.4,154,0.1683372572438122,2.6328533539741583,1,5,2
20260217_014102,DpwSubFbmSimulator,4096,200,0.4,155,0.4394675885398825,6.426969801611344,1,5,2
20260217_014102,DpwSubFbmSimulator,4096,200,0.4,156,0.5177838661746341,13.999758670941754,1,5,2
20260217_014102,DpwSubFbmSimulator,4096,200,0.4,157,0.5240573940033999,34.849320637215705,1,5,2
20260217_014102,DpwSubFbmSimulator,4096,200,0.4,158,0.29028156542480027,2.78103351452385,1,5,2
20260217_014102,DpwSubFbmSimulator,4096,200,0.4,159,0.3778168888982668,2.948814209620616,1,5,2
20260217_014102,DpwSubFbmSimulator,4096,200,0.4,160,0.48743917911993834,7.431596156478883,1,5,2
20260217_014102,DpwSubFbmSimulator,4096,200,0.4,161,0.46861004738749396,5.557696669305239,1,5,2
20260217_014102,DpwSubFbmSimulator,4096,200,0.4,162,0.40722718808625,10.210370364121395,1,5,2
20260217_014102,DpwSubFbmSimulator,4096,200,0.4,163,0.22188566927793216,2.198351684873746,1,5,2
20260217_014102,DpwSubFbmSimulator,4096,200,0.4,164,0.37589279770834705,8.854848346875578,1,5,2
20260217_014102,DpwSubFbmSimulator,4096,200,0.4,165,0.5186720345132798,10.188106539570704,1,5,2
20260217_014102,DpwSubFbmSimulator,4096,200,0.4,166,0.33094677024450986,3.9429774827595185,1,5,2
20260217_014102,DpwSubFbmSimulator,4096,200,0.4,167,0.4345514476772428,7.229834827319187,1,5,2
20260217_014102,DpwSubFbmSimulator,4096,200,0.4,168,0.3598379793498574,5.200677250971264,1,5,2
20260217_014102,DpwSubFbmSimulator,4096,200,0.4,169,0.4624257361452398,5.060780803814402,1,5,2
20260217_014102,DpwSubFbmSimulator,4096,200,0.4,170,0.3839239486961695,6.169264315197142,1,5,2
20260217_014102,DpwSubFbmSimulator,4096,200,0.4,171,0.5328813521706166,11.739338489276811,1,5,2
20260217_014102,DpwSubFbmSimulator,4096,200,0.4,172,0.4044222183003949,7.029513737885509,1,5,2
20260217_014102,DpwSubFbmSimulator,4096,200,0.4,173,0.2896045139691203,4.140866348123689,1,5,2
20260217_014102,DpwSubFbmSimulator,4096,200,0.4,174,0.8097587915695588,322.37021540074744,1,5,2
20260217_014102,DpwSubFbmSimulator,4096,200,0.4,175,0.3991785436078821,5.6875752835951925,1,5,2
20260217_014102,DpwSubFbmSimulator,4096,200,0.4,176,0.26025420108734715,2.619823545921267,1,5,2
20260217_014102,DpwSubFbmSimulator,4096,200,0.4,177,0.35440242239316944,2.6463298969242164,1,5,2
20260217_014102,DpwSubFbmSimulator,4096,200,0.4,178,0.37134501548755733,5.501454672156861,1,5,2
20260217_014102,DpwSubFbmSimulator,4096,200,0.4,179,0.3809325374409467,5.671379474306613,1,5,2
20260217_014102,DpwSubFbmSimulator,4096,200,0.4,180,0.5334405599798964,20.615438080314878,1,5,2
20260217_014102,DpwSubFbmSimulator,4096,200,0.4,181,0.28890996443611394,4.661368670588787,1,5,2
20260217_014102,DpwSubFbmSimulator,4096,200,0.4,182,0.5239317853238782,20.851039424325652,1,5,2
20260217_014102,DpwSubFbmSimulator,4096,200,0.4,183,0.22291773329076064,1.2710056656771376,1,5,2
20260217_014102,DpwSubFbmSimulator,4096,200,0.4,184,0.3187782792435226,6.78677411756986,1,5,2
20260217_014102,DpwSubFbmSimulator,4096,200,0.4,185,0.3123926391963359,2.6252548172211263,1,5,2
20260217_014102,DpwSubFbmSimulator,4096,200,0.4,186,0.46293539616823126,12.703844422654635,1,5,2
20260217_014102,DpwSubFbmSimulator,4096,200,0.4,187,0.3405459546809565,7.358836718675009,1,5,2
20260217_014102,DpwSubFbmSimulator,4096,200,0.4,188,0.28850293669658206,6.462019225421554,1,5,2
20260217_014102,DpwSubFbmSimulator,4096,200,0.4,189,0.32681040991290206,5.295106590914636,1,5,2
20260217_014102,DpwSubFbmSimulator,4096,200,0.4,190,0.3102093335499883,2.413951064149047,1,5,2
20260217_014102,DpwSubFbmSimulator,4096,200,0.4,191,0.4471094358790247,14.861214511212502,1,5,2
20260217_014102,DpwSubFbmSimulator,4096,200,0.4,192,0.35346784313102975,4.557547332384635,1,5,2
20260217_014102,DpwSubFbmSimulator,4096,200,0.4,193,0.24764553423661284,4.171506537689384,1,5,2
20260217_014102,DpwSubFbmSimulator,4096,200,0.4,194,0.2705209377305908,1.297871032984541,1,5,2
20260217_014102,DpwSubFbmSimulator,4096,200,0.4,195,0.31922747417328995,5.754208358984082,1,5,2
20260217_014102,DpwSubFbmSimulator,4096,200,0.4,196,0.5016800587267919,11.374926277867731,1,5,2
20260217_014102,DpwSubFbmSimulator,4096,200,0.4,197,0.546750081211868,44.5525629913211,1,5,2
20260217_014102,DpwSubFbmSimulator,4096,200,0.4,198,0.30747397105359486,1.6187796098280767,1,5,2
20260217_014102,DpwSubFbmSimulator,4096,200,0.4,199,0.29889818448238104,5.465499479547349,1,5,2
20260217_014102,DpwSubFbmSimulator,4096,200,0.4,200,0.35949026475265583,4.330379453188413,1,5,2
20260217_014102,DpwSubFbmSimulator,4096,200,0.5,1,0.5411188732475894,4.450984828428795,1,5,2
20260217_014102,DpwSubFbmSimulator,4096,200,0.5,2,0.5585393451941292,9.146825099761307,1,5,2
20260217_014102,DpwSubFbmSimulator,4096,200,0.5,3,0.5029121114281189,18.553778117291717,1,5,2
20260217_014102,DpwSubFbmSimulator,4096,200,0.5,4,0.17291243453334007,0.7248357010975555,1,5,2
20260217_014102,DpwSubFbmSimulator,4096,200,0.5,5,0.6743044530860417,35.036312243185094,1,5,2
20260217_014102,DpwSubFbmSimulator,4096,200,0.5,6,0.6796748398303767,23.56767795609605,1,5,2
20260217_014102,DpwSubFbmSimulator,4096,200,0.5,7,0.6118338166489067,26.01166702133986,1,5,2
20260217_014102,DpwSubFbmSimulator,4096,200,0.5,8,0.5875744339594898,12.44159143133947,1,5,2
20260217_014102,DpwSubFbmSimulator,4096,200,0.5,9,0.47548294323080464,1.683312546513233,1,5,2
20260217_014102,DpwSubFbmSimulator,4096,200,0.5,10,0.5060638872805304,11.302777302027172,1,5,2
20260217_014102,DpwSubFbmSimulator,4096,200,0.5,11,0.4437651628028842,3.0229948649398484,1,5,2
20260217_014102,DpwSubFbmSimulator,4096,200,0.5,12,0.7938498634917677,124.58423696207977,1,5,2
20260217_014102,DpwSubFbmSimulator,4096,200,0.5,13,0.44108774553167074,5.506804147086041,1,5,2
20260217_014102,DpwSubFbmSimulator,4096,200,0.5,14,0.4737201938862193,6.882288157166695,1,5,2
20260217_014102,DpwSubFbmSimulator,4096,200,0.5,15,0.3985554330378531,2.073895770170035,1,5,2
20260217_014102,DpwSubFbmSimulator,4096,200,0.5,16,0.5408111005136053,36.1669263293573,1,5,2
20260217_014102,DpwSubFbmSimulator,4096,200,0.5,17,0.6338138356788213,49.464563772415666,1,5,2
20260217_014102,DpwSubFbmSimulator,4096,200,0.5,18,0.5511096772916595,9.861758333115255,1,5,2
20260217_014102,DpwSubFbmSimulator,4096,200,0.5,19,0.4949892103530248,7.116531873382757,1,5,2
20260217_014102,DpwSubFbmSimulator,4096,200,0.5,20,0.5560112755868073,10.848021792152064,1,5,2
20260217_014102,DpwSubFbmSimulator,4096,200,0.5,21,0.3542480570623704,6.657026115793498,1,5,2
20260217_014102,DpwSubFbmSimulator,4096,200,0.5,22,0.31220788456026355,2.0030121677556747,1,5,2
20260217_014102,DpwSubFbmSimulator,4096,200,0.5,23,0.5370132399446185,11.794206386011561,1,5,2
20260217_014102,DpwSubFbmSimulator,4096,200,0.5,24,0.5938719402652942,8.38504145446063,1,5,2
20260217_014102,DpwSubFbmSimulator,4096,200,0.5,25,0.36094072104563163,1.1450769160213639,1,5,2
20260217_014102,DpwSubFbmSimulator,4096,200,0.5,26,0.5131984094519074,7.215701141896318,1,5,2
20260217_014102,DpwSubFbmSimulator,4096,200,0.5,27,0.5880476467562695,6.971262118694688,1,5,2
20260217_014102,DpwSubFbmSimulator,4096,200,0.5,28,0.5596550452820581,7.116865172795322,1,5,2
20260217_014102,DpwSubFbmSimulator,4096,200,0.5,29,0.5171781970244925,3.442905543933044,1,5,2
20260217_014102,DpwSubFbmSimulator,4096,200,0.5,30,0.5577701813979589,12.101327198598433,1,5,2
20260217_014102,DpwSubFbmSimulator,4096,200,0.5,31,0.7255928521000957,70.52133634072945,1,5,2
20260217_014102,DpwSubFbmSimulator,4096,200,0.5,32,0.4539747805652302,3.71033775555712,1,5,2
20260217_014102,DpwSubFbmSimulator,4096,200,0.5,33,0.5469999535694335,9.46915842029546,1,5,2
20260217_014102,DpwSubFbmSimulator,4096,200,0.5,34,0.41508027424644717,2.444995662181564,1,5,2
20260217_014102,DpwSubFbmSimulator,4096,200,0.5,35,0.41301761198618636,3.3200307089068826,1,5,2
20260217_014102,DpwSubFbmSimulator,4096,200,0.5,36,0.5175449430752482,3.1646073531742225,1,5,2
20260217_014102,DpwSubFbmSimulator,4096,200,0.5,37,0.4418629809782843,1.4676260381585204,1,5,2
20260217_014102,DpwSubFbmSimulator,4096,200,0.5,38,0.559441384319609,17.158012084318706,1,5,2
20260217_014102,DpwSubFbmSimulator,4096,200,0.5,39,0.3665609686041556,1.6210655719179219,1,5,2
20260217_014102,DpwSubFbmSimulator,4096,200,0.5,40,0.7147375209814915,86.0212727907726,1,5,2
20260217_014102,DpwSubFbmSimulator,4096,200,0.5,41,0.3649931458309539,4.20344073738984,1,5,2
20260217_014102,DpwSubFbmSimulator,4096,200,0.5,42,0.3628036694149327,2.856524744324178,1,5,2
20260217_014102,DpwSubFbmSimulator,4096,200,0.5,43,0.49093627889449126,10.416594027506244,1,5,2
20260217_014102,DpwSubFbmSimulator,4096,200,0.5,44,0.5027100648070212,3.7791440889149013,1,5,2
20260217_014102,DpwSubFbmSimulator,4096,200,0.5,45,0.4031905374880719,5.6968655900707335,1,5,2
20260217_014102,DpwSubFbmSimulator,4096,200,0.5,46,0.6891022125033778,38.35848570580545,1,5,2
20260217_014102,DpwSubFbmSimulator,4096,200,0.5,47,0.4657706248291968,2.371842636506378,1,5,2
20260217_014102,DpwSubFbmSimulator,4096,200,0.5,48,0.5377685893658647,5.575548201089434,1,5,2
20260217_014102,DpwSubFbmSimulator,4096,200,0.5,49,0.4607200954619253,3.089722699324773,1,5,2
20260217_014102,DpwSubFbmSimulator,4096,200,0.5,50,0.40608242738140693,1.7212747518129095,1,5,2
20260217_014102,DpwSubFbmSimulator,4096,200,0.5,51,0.47046284628314766,2.3689098375728066,1,5,2
20260217_014102,DpwSubFbmSimulator,4096,200,0.5,52,0.510318526739326,9.955122637867648,1,5,2
20260217_014102,DpwSubFbmSimulator,4096,200,0.5,53,0.3977121167611736,3.2052089648756947,1,5,2
20260217_014102,DpwSubFbmSimulator,4096,200,0.5,54,0.4822189176688246,4.094036504823001,1,5,2
20260217_014102,DpwSubFbmSimulator,4096,200,0.5,55,0.40934520017040177,2.6472864903671405,1,5,2
20260217_014102,DpwSubFbmSimulator,4096,200,0.5,56,0.4024436316722148,4.165840590785313,1,5,2
20260217_014102,DpwSubFbmSimulator,4096,200,0.5,57,0.3650305030052351,6.132936049856923,1,5,2
20260217_014102,DpwSubFbmSimulator,4096,200,0.5,58,0.42157362457621783,5.31467289494867,1,5,2
20260217_014102,DpwSubFbmSimulator,4096,200,0.5,59,0.3787870275709879,3.6682165647463982,1,5,2
20260217_014102,DpwSubFbmSimulator,4096,200,0.5,60,0.5323855589162203,9.280345532113055,1,5,2
20260217_014102,DpwSubFbmSimulator,4096,200,0.5,61,0.33899265432703846,1.9984175838515001,1,5,2
20260217_014102,DpwSubFbmSimulator,4096,200,0.5,62,0.6344926194587542,26.07792518731781,1,5,2
20260217_014102,DpwSubFbmSimulator,4096,200,0.5,63,0.35422570567984113,1.0785542762571234,1,5,2
20260217_014102,DpwSubFbmSimulator,4096,200,0.5,64,0.5290784200590122,3.384833880179286,1,5,2
20260217_014102,DpwSubFbmSimulator,4096,200,0.5,65,0.5028195551224751,5.156122449128219,1,5,2
20260217_014102,DpwSubFbmSimulator,4096,200,0.5,66,0.3530495106262526,3.464385117265076,1,5,2
20260217_014102,DpwSubFbmSimulator,4096,200,0.5,67,0.4795504357932371,8.279407493374883,1,5,2
20260217_014102,DpwSubFbmSimulator,4096,200,0.5,68,0.4816163871312445,2.891002629245599,1,5,2
20260217_014102,DpwSubFbmSimulator,4096,200,0.5,69,0.4250459851531876,3.2332034425339495,1,5,2
20260217_014102,DpwSubFbmSimulator,4096,200,0.5,70,0.49338235378089995,6.517014691188636,1,5,2
20260217_014102,DpwSubFbmSimulator,4096,200,0.5,71,0.6395417683142145,20.688042220478145,1,5,2
20260217_014102,DpwSubFbmSimulator,4096,200,0.5,72,0.5468201995467797,13.948960854615118,1,5,2
20260217_014102,DpwSubFbmSimulator,4096,200,0.5,73,0.44344430597605206,2.27390193421477,1,5,2
20260217_014102,DpwSubFbmSimulator,4096,200,0.5,74,0.4886697044262773,8.03287035086776,1,5,2
20260217_014102,DpwSubFbmSimulator,4096,200,0.5,75,0.5293271070602782,9.683018469483978,1,5,2
20260217_014102,DpwSubFbmSimulator,4096,200,0.5,76,0.5635434553496679,6.1532981138863665,1,5,2
20260217_014102,DpwSubFbmSimulator,4096,200,0.5,77,0.6490698522866721,28.436981896576047,1,5,2
20260217_014102,DpwSubFbmSimulator,4096,200,0.5,78,0.44539213600710004,3.613109877489603,1,5,2
20260217_014102,DpwSubFbmSimulator,4096,200,0.5,79,0.5374525324936066,8.70040388756183,1,5,2
20260217_014102,DpwSubFbmSimulator,4096,200,0.5,80,0.42579728516964627,6.105952588629225,1,5,2
20260217_014102,DpwSubFbmSimulator,4096,200,0.5,81,0.5901301062657734,16.53486420674267,1,5,2
20260217_014102,DpwSubFbmSimulator,4096,200,0.5,82,0.6326217660002407,24.731738911780333,1,5,2
20260217_014102,DpwSubFbmSimulator,4096,200,0.5,83,0.46835274633768653,3.3822168397692747,1,5,2
20260217_014102,DpwSubFbmSimulator,4096,200,0.5,84,0.4097414058975813,2.3330785810037193,1,5,2
20260217_014102,DpwSubFbmSimulator,4096,200,0.5,85,0.4586889523969591,3.2294220486094334,1,5,2
20260217_014102,DpwSubFbmSimulator,4096,200,0.5,86,0.45294110512304575,3.6414947804880913,1,5,2
20260217_014102,DpwSubFbmSimulator,4096,200,0.5,87,0.47745758097306995,3.15368106848631,1,5,2
20260217_014102,DpwSubFbmSimulator,4096,200,0.5,88,0.2811047130112707,1.9689175881903642,1,5,2
20260217_014102,DpwSubFbmSimulator,4096,200,0.5,89,0.5131851611428745,13.141629082792866,1,5,2
20260217_014102,DpwSubFbmSimulator,4096,200,0.5,90,0.48328956723130717,7.2293297736881,1,5,2
20260217_014102,DpwSubFbmSimulator,4096,200,0.5,91,0.44578406870901344,3.264090780724884,1,5,2
20260217_014102,DpwSubFbmSimulator,4096,200,0.5,92,0.583112382741409,14.187086609925847,1,5,2
20260217_014102,DpwSubFbmSimulator,4096,200,0.5,93,0.3799703524718424,2.352080654083855,1,5,2
20260217_014102,DpwSubFbmSimulator,4096,200,0.5,94,0.45886482521273014,4.204372155164469,1,5,2
20260217_014102,DpwSubFbmSimulator,4096,200,0.5,95,0.632889632678608,11.955057537738929,1,5,2
20260217_014102,DpwSubFbmSimulator,4096,200,0.5,96,0.49678568798323064,19.871821863072558,1,5,2
20260217_014102,DpwSubFbmSimulator,4096,200,0.5,97,0.4657044030690561,3.8202495371782996,1,5,2
20260217_014102,DpwSubFbmSimulator,4096,200,0.5,98,0.5139265185969731,3.546002083876449,1,5,2
20260217_014102,DpwSubFbmSimulator,4096,200,0.5,99,0.37858014359045317,3.1211524236411567,1,5,2
20260217_014102,DpwSubFbmSimulator,4096,200,0.5,100,0.4507268934746827,3.79941117601931,1,5,2
20260217_014102,DpwSubFbmSimulator,4096,200,0.5,101,0.49428020501511394,6.380555584787574,1,5,2
20260217_014102,DpwSubFbmSimulator,4096,200,0.5,102,0.538944788823659,10.36466691780348,1,5,2
20260217_014102,DpwSubFbmSimulator,4096,200,0.5,103,0.4353019953814438,4.566494816648627,1,5,2
20260217_014102,DpwSubFbmSimulator,4096,200,0.5,104,0.5946670557759014,11.897035226863137,1,5,2
20260217_014102,DpwSubFbmSimulator,4096,200,0.5,105,0.45948077726229236,8.680565528736247,1,5,2
20260217_014102,DpwSubFbmSimulator,4096,200,0.5,106,0.3888765733235972,4.620157058709944,1,5,2
20260217_014102,DpwSubFbmSimulator,4096,200,0.5,107,0.4182379222495859,1.3518558982857358,1,5,2
20260217_014102,DpwSubFbmSimulator,4096,200,0.5,108,0.5514671449435172,2.412122879159071,1,5,2
20260217_014102,DpwSubFbmSimulator,4096,200,0.5,109,0.673005349074267,68.2936004990266,1,5,2
20260217_014102,DpwSubFbmSimulator,4096,200,0.5,110,0.5727582549753772,9.473949070108405,1,5,2
20260217_014102,DpwSubFbmSimulator,4096,200,0.5,111,0.5601843031732826,33.85054590599691,1,5,2
20260217_014102,DpwSubFbmSimulator,4096,200,0.5,112,0.5984515419241518,14.710479016020527,1,5,2
20260217_014102,DpwSubFbmSimulator,4096,200,0.5,113,0.612344833996572,31.696503738111776,1,5,2
20260217_014102,DpwSubFbmSimulator,4096,200,0.5,114,0.49855890780348205,11.588219345561164,1,5,2
20260217_014102,DpwSubFbmSimulator,4096,200,0.5,115,0.5341173778853291,6.933346667116649,1,5,2
20260217_014102,DpwSubFbmSimulator,4096,200,0.5,116,0.42944412777095425,4.202213863905583,1,5,2
20260217_014102,DpwSubFbmSimulator,4096,200,0.5,117,0.40238067136420325,2.303369621494026,1,5,2
20260217_014102,DpwSubFbmSimulator,4096,200,0.5,118,0.5460618821583516,12.861432886552768,1,5,2
20260217_014102,DpwSubFbmSimulator,4096,200,0.5,119,0.2892262285829494,1.4787768700791482,1,5,2
20260217_014102,DpwSubFbmSimulator,4096,200,0.5,120,0.5299748311204568,15.700608960720526,1,5,2
20260217_014102,DpwSubFbmSimulator,4096,200,0.5,121,0.45649029434286237,2.0844144940920573,1,5,2
20260217_014102,DpwSubFbmSimulator,4096,200,0.5,122,0.6816513407022414,13.901121108773259,1,5,2
20260217_014102,DpwSubFbmSimulator,4096,200,0.5,123,0.3302315938021496,3.3066036641548138,1,5,2
20260217_014102,DpwSubFbmSimulator,4096,200,0.5,124,0.3051496754540382,1.6953973055039424,1,5,2
20260217_014102,DpwSubFbmSimulator,4096,200,0.5,125,0.541243514546595,9.14139498235838,1,5,2
20260217_014102,DpwSubFbmSimulator,4096,200,0.5,126,0.5003981846507601,4.028463587832254,1,5,2
20260217_014102,DpwSubFbmSimulator,4096,200,0.5,127,0.3988509570277203,4.081086763872966,1,5,2
20260217_014102,DpwSubFbmSimulator,4096,200,0.5,128,0.4871301664455349,8.132735412836379,1,5,2
20260217_014102,DpwSubFbmSimulator,4096,200,0.5,129,0.4694749818216941,6.055476416485363,1,5,2
20260217_014102,DpwSubFbmSimulator,4096,200,0.5,130,0.48770280534016086,5.320493182708196,1,5,2
20260217_014102,DpwSubFbmSimulator,4096,200,0.5,131,0.4164415045086759,3.8890621346773764,1,5,2
20260217_014102,DpwSubFbmSimulator,4096,200,0.5,132,0.5025563362428813,4.190665200963749,1,5,2
20260217_014102,DpwSubFbmSimulator,4096,200,0.5,133,0.4018424198655062,3.136097478875237,1,5,2
20260217_014102,DpwSubFbmSimulator,4096,200,0.5,134,0.31581494792134035,1.3594514144275336,1,5,2
20260217_014102,DpwSubFbmSimulator,4096,200,0.5,135,0.553590102782631,8.280341694089456,1,5,2
20260217_014102,DpwSubFbmSimulator,4096,200,0.5,136,0.5526590205820592,11.52873813670423,1,5,2
20260217_014102,DpwSubFbmSimulator,4096,200,0.5,137,0.4908717207225994,5.665298127098732,1,5,2
20260217_014102,DpwSubFbmSimulator,4096,200,0.5,138,0.5271688600087686,14.897259233184593,1,5,2
20260217_014102,DpwSubFbmSimulator,4096,200,0.5,139,0.4620194763326171,7.0209924334679625,1,5,2
20260217_014102,DpwSubFbmSimulator,4096,200,0.5,140,0.5692213359458292,8.395597751337823,1,5,2
20260217_014102,DpwSubFbmSimulator,4096,200,0.5,141,0.5704959241745177,25.545659031419483,1,5,2
20260217_014102,DpwSubFbmSimulator,4096,200,0.5,142,0.6035222629599682,12.193857542280758,1,5,2
20260217_014102,DpwSubFbmSimulator,4096,200,0.5,143,0.3753020264510138,4.802085742685306,1,5,2
20260217_014102,DpwSubFbmSimulator,4096,200,0.5,144,0.5875068953019508,7.585931909345643,1,5,2
20260217_014102,DpwSubFbmSimulator,4096,200,0.5,145,0.45005043777940673,7.183470360861938,1,5,2
20260217_014102,DpwSubFbmSimulator,4096,200,0.5,146,0.5414219276639045,5.3477235964400105,1,5,2
20260217_014102,DpwSubFbmSimulator,4096,200,0.5,147,0.38702920179315026,5.487749852448744,1,5,2
20260217_014102,DpwSubFbmSimulator,4096,200,0.5,148,0.5310769267353054,8.913654685370835,1,5,2
20260217_014102,DpwSubFbmSimulator,4096,200,0.5,149,0.4721839440528229,8.79965299907419,1,5,2
20260217_014102,DpwSubFbmSimulator,4096,200,0.5,150,0.4199570712666661,4.11667679992195,1,5,2
20260217_014102,DpwSubFbmSimulator,4096,200,0.5,151,0.7271523600035366,75.97796894480672,1,5,2
20260217_014102,DpwSubFbmSimulator,4096,200,0.5,152,0.5623681003176129,11.64658530923929,1,5,2
20260217_014102,DpwSubFbmSimulator,4096,200,0.5,153,0.3553648198034714,1.9924231150296974,1,5,2
20260217_014102,DpwSubFbmSimulator,4096,200,0.5,154,0.45161158966099885,4.073714588887864,1,5,2
20260217_014102,DpwSubFbmSimulator,4096,200,0.5,155,0.43128906772703496,2.1216672583607905,1,5,2
20260217_014102,DpwSubFbmSimulator,4096,200,0.5,156,0.41730960191575855,6.1912741377187785,1,5,2
20260217_014102,DpwSubFbmSimulator,4096,200,0.5,157,0.7037900224720482,16.672321921111703,1,5,2
20260217_014102,DpwSubFbmSimulator,4096,200,0.5,158,0.47092913636023165,2.4229170164245555,1,5,2
20260217_014102,DpwSubFbmSimulator,4096,200,0.5,159,0.46426268981926894,7.726742659841452,1,5,2
20260217_014102,DpwSubFbmSimulator,4096,200,0.5,160,0.6041590747255742,16.030415658810874,1,5,2
20260217_014102,DpwSubFbmSimulator,4096,200,0.5,161,0.4603854271077763,5.762519202489959,1,5,2
20260217_014102,DpwSubFbmSimulator,4096,200,0.5,162,0.3910945535544708,2.0890992588836625,1,5,2
20260217_014102,DpwSubFbmSimulator,4096,200,0.5,163,0.5323073964599461,5.017961451710776,1,5,2
20260217_014102,DpwSubFbmSimulator,4096,200,0.5,164,0.5371243736689961,8.91337050871054,1,5,2
20260217_014102,DpwSubFbmSimulator,4096,200,0.5,165,0.48104254566987603,12.43782237118642,1,5,2
20260217_014102,DpwSubFbmSimulator,4096,200,0.5,166,0.5045074941858352,19.446897298669583,1,5,2
20260217_014102,DpwSubFbmSimulator,4096,200,0.5,167,0.647424085090072,38.51722377393087,1,5,2
20260217_014102,DpwSubFbmSimulator,4096,200,0.5,168,0.48294334503755204,7.425173206566523,1,5,2
20260217_014102,DpwSubFbmSimulator,4096,200,0.5,169,0.5000388543119604,8.125739599700644,1,5,2
20260217_014102,DpwSubFbmSimulator,4096,200,0.5,170,0.5207498903571494,4.7599288950317895,1,5,2
20260217_014102,DpwSubFbmSimulator,4096,200,0.5,171,0.539208816743518,10.863858925835638,1,5,2
20260217_014102,DpwSubFbmSimulator,4096,200,0.5,172,0.6433823436424211,22.538558552187812,1,5,2
20260217_014102,DpwSubFbmSimulator,4096,200,0.5,173,0.4916879874656843,4.144452467375036,1,5,2
20260217_014102,DpwSubFbmSimulator,4096,200,0.5,174,0.492575842638771,2.3418315121191946,1,5,2
20260217_014102,DpwSubFbmSimulator,4096,200,0.5,175,0.5691159908973872,16.883532669575704,1,5,2
20260217_014102,DpwSubFbmSimulator,4096,200,0.5,176,0.4000799225900178,2.1098640882421527,1,5,2
20260217_014102,DpwSubFbmSimulator,4096,200,0.5,177,0.5061151818746061,15.857167657155701,1,5,2
20260217_014102,DpwSubFbmSimulator,4096,200,0.5,178,0.5763577833690372,10.890389806494023,1,5,2
20260217_014102,DpwSubFbmSimulator,4096,200,0.5,179,0.38864952123900054,5.682805563135739,1,5,2
20260217_014102,DpwSubFbmSimulator,4096,200,0.5,180,0.4309600698463625,4.109109658296353,1,5,2
20260217_014102,DpwSubFbmSimulator,4096,200,0.5,181,0.47246417520507833,8.514561912834306,1,5,2
20260217_014102,DpwSubFbmSimulator,4096,200,0.5,182,0.3973257197898435,1.9710573547129624,1,5,2
20260217_014102,DpwSubFbmSimulator,4096,200,0.5,183,0.5610821194812423,16.210351668102938,1,5,2
20260217_014102,DpwSubFbmSimulator,4096,200,0.5,184,0.4385130699789786,5.553246703455598,1,5,2
20260217_014102,DpwSubFbmSimulator,4096,200,0.5,185,0.36147827331794996,2.601279930734081,1,5,2
20260217_014102,DpwSubFbmSimulator,4096,200,0.5,186,0.4614546739494772,6.832232571234924,1,5,2
20260217_014102,DpwSubFbmSimulator,4096,200,0.5,187,0.27070571118656156,0.7079385626217668,1,5,2
20260217_014102,DpwSubFbmSimulator,4096,200,0.5,188,0.4822936820537304,6.689186283841216,1,5,2
20260217_014102,DpwSubFbmSimulator,4096,200,0.5,189,0.48784624609741944,6.169722671278881,1,5,2
20260217_014102,DpwSubFbmSimulator,4096,200,0.5,190,0.5103114620192345,5.718873318376534,1,5,2
20260217_014102,DpwSubFbmSimulator,4096,200,0.5,191,0.40198827970049583,2.6923666597123916,1,5,2
20260217_014102,DpwSubFbmSimulator,4096,200,0.5,192,0.4662684836346382,6.608315224221209,1,5,2
20260217_014102,DpwSubFbmSimulator,4096,200,0.5,193,0.6484454819703573,18.39276862956939,1,5,2
20260217_014102,DpwSubFbmSimulator,4096,200,0.5,194,0.7249907446927489,54.0185370813721,1,5,2
20260217_014102,DpwSubFbmSimulator,4096,200,0.5,195,0.5060380194049491,4.555478575719585,1,5,2
20260217_014102,DpwSubFbmSimulator,4096,200,0.5,196,0.5703769579913125,18.4360350133537,1,5,2
20260217_014102,DpwSubFbmSimulator,4096,200,0.5,197,0.5206981333876665,6.991487261601526,1,5,2
20260217_014102,DpwSubFbmSimulator,4096,200,0.5,198,0.33938744345110816,2.0707908077983115,1,5,2
20260217_014102,DpwSubFbmSimulator,4096,200,0.5,199,0.5362379311951335,5.566172831173126,1,5,2
20260217_014102,DpwSubFbmSimulator,4096,200,0.5,200,0.32618054264135116,1.302635242589962,1,5,2
20260217_014102,DpwSubFbmSimulator,4096,200,0.6,1,0.5096685160987227,6.193022214967138,1,5,2
20260217_014102,DpwSubFbmSimulator,4096,200,0.6,2,0.4242214093392975,1.323544770844933,1,5,2
20260217_014102,DpwSubFbmSimulator,4096,200,0.6,3,0.498603000060047,1.6033895174470356,1,5,2
20260217_014102,DpwSubFbmSimulator,4096,200,0.6,4,0.7005042334943944,30.54959108073633,1,5,2
20260217_014102,DpwSubFbmSimulator,4096,200,0.6,5,0.7162428562791964,27.1060875093527,1,5,2
20260217_014102,DpwSubFbmSimulator,4096,200,0.6,6,0.5870616255640317,4.01711861352532,1,5,2
20260217_014102,DpwSubFbmSimulator,4096,200,0.6,7,0.5058952609053483,5.109869410239665,1,5,2
20260217_014102,DpwSubFbmSimulator,4096,200,0.6,8,0.4692742994018324,2.055333877356371,1,5,2
20260217_014102,DpwSubFbmSimulator,4096,200,0.6,9,0.756399474819799,6.65044405385239,1,5,2
20260217_014102,DpwSubFbmSimulator,4096,200,0.6,10,0.524080750258128,6.309759200005132,1,5,2
20260217_014102,DpwSubFbmSimulator,4096,200,0.6,11,0.4566174595236608,7.377507347294829,1,5,2
20260217_014102,DpwSubFbmSimulator,4096,200,0.6,12,0.4405855680526918,1.5311174682409432,1,5,2
20260217_014102,DpwSubFbmSimulator,4096,200,0.6,13,0.7660384265776178,6.655476842806899,1,5,2
20260217_014102,DpwSubFbmSimulator,4096,200,0.6,14,0.4700465395867098,1.506576316813145,1,5,2
20260217_014102,DpwSubFbmSimulator,4096,200,0.6,15,0.5066874515454102,3.3441028247993656,1,5,2
20260217_014102,DpwSubFbmSimulator,4096,200,0.6,16,0.5714202278924648,6.999138334862381,1,5,2
20260217_014102,DpwSubFbmSimulator,4096,200,0.6,17,0.7383185420568122,41.592159439469604,1,5,2
20260217_014102,DpwSubFbmSimulator,4096,200,0.6,18,0.6811391835011396,17.523589942812855,1,5,2
20260217_014102,DpwSubFbmSimulator,4096,200,0.6,19,0.6339142802474633,6.1405388312426545,1,5,2
20260217_014102,DpwSubFbmSimulator,4096,200,0.6,20,0.6456151048383055,10.355188678815844,1,5,2
20260217_014102,DpwSubFbmSimulator,4096,200,0.6,21,0.7227758615390609,12.035046864809711,1,5,2
20260217_014102,DpwSubFbmSimulator,4096,200,0.6,22,0.6491884764099783,9.97596596032002,1,5,2
20260217_014102,DpwSubFbmSimulator,4096,200,0.6,23,0.5698707801811402,4.413518583666719,1,5,2
20260217_014102,DpwSubFbmSimulator,4096,200,0.6,24,0.7583858925953989,10.892827764137522,1,5,2
20260217_014102,DpwSubFbmSimulator,4096,200,0.6,25,0.6983144098702945,11.465448284392904,1,5,2
20260217_014102,DpwSubFbmSimulator,4096,200,0.6,26,0.6788725755235969,11.773239726710305,1,5,2
20260217_014102,DpwSubFbmSimulator,4096,200,0.6,27,0.7930590114901842,41.70536816646508,1,5,2
20260217_014102,DpwSubFbmSimulator,4096,200,0.6,28,0.6278439363281303,3.19780390950206,1,5,2
20260217_014102,DpwSubFbmSimulator,4096,200,0.6,29,0.5333255187544158,1.8172250997871697,1,5,2
20260217_014102,DpwSubFbmSimulator,4096,200,0.6,30,0.5140734714812303,1.9609607403210882,1,5,2
20260217_014102,DpwSubFbmSimulator,4096,200,0.6,31,0.5952182263777649,7.228103644316993,1,5,2
20260217_014102,DpwSubFbmSimulator,4096,200,0.6,32,0.5223150233043174,2.3362653235719755,1,5,2
20260217_014102,DpwSubFbmSimulator,4096,200,0.6,33,0.6185732856720312,7.7290475516266675,1,5,2
20260217_014102,DpwSubFbmSimulator,4096,200,0.6,34,0.6059241694486056,6.019577766813598,1,5,2
20260217_014102,DpwSubFbmSimulator,4096,200,0.6,35,0.728272690813527,12.906202653610828,1,5,2
20260217_014102,DpwSubFbmSimulator,4096,200,0.6,36,0.3883426060096854,1.0857891145044625,1,5,2
20260217_014102,DpwSubFbmSimulator,4096,200,0.6,37,0.46489864520981955,2.101174731668799,1,5,2
20260217_014102,DpwSubFbmSimulator,4096,200,0.6,38,0.5099646665143673,1.910675476771733,1,5,2
20260217_014102,DpwSubFbmSimulator,4096,200,0.6,39,0.5633251110685722,4.142110045248598,1,5,2
20260217_014102,DpwSubFbmSimulator,4096,200,0.6,40,0.3806765446206732,3.0566773823841316,1,5,2
20260217_014102,DpwSubFbmSimulator,4096,200,0.6,41,0.41918985093624594,1.684003377209111,1,5,2
20260217_014102,DpwSubFbmSimulator,4096,200,0.6,42,0.6688253787743177,16.41119621664818,1,5,2
20260217_014102,DpwSubFbmSimulator,4096,200,0.6,43,0.5308586087471299,1.895568495666517,1,5,2
20260217_014102,DpwSubFbmSimulator,4096,200,0.6,44,0.5143785114373731,0.8831560130603168,1,5,2
20260217_014102,DpwSubFbmSimulator,4096,200,0.6,45,0.5624839927334125,3.61246776781103,1,5,2
20260217_014102,DpwSubFbmSimulator,4096,200,0.6,46,0.6335346854825636,10.401388747553387,1,5,2
20260217_014102,DpwSubFbmSimulator,4096,200,0.6,47,0.4801890381657222,10.243962853478665,1,5,2
20260217_014102,DpwSubFbmSimulator,4096,200,0.6,48,0.7095149298948636,16.02805590783784,1,5,2
20260217_014102,DpwSubFbmSimulator,4096,200,0.6,49,0.733084412813855,9.65646970747809,1,5,2
20260217_014102,DpwSubFbmSimulator,4096,200,0.6,50,0.41178793693380444,1.6237059918054573,1,5,2
20260217_014102,DpwSubFbmSimulator,4096,200,0.6,51,0.6398181469742231,8.250942616417987,1,5,2
20260217_014102,DpwSubFbmSimulator,4096,200,0.6,52,0.42285506676299206,2.355812723238546,1,5,2
20260217_014102,DpwSubFbmSimulator,4096,200,0.6,53,0.5903415684033207,7.042224355295678,1,5,2
20260217_014102,DpwSubFbmSimulator,4096,200,0.6,54,0.4661750373639869,1.8426204885979232,1,5,2
20260217_014102,DpwSubFbmSimulator,4096,200,0.6,55,0.6417750372207974,6.38041876211147,1,5,2
20260217_014102,DpwSubFbmSimulator,4096,200,0.6,56,0.4865939082157982,3.74240422056798,1,5,2
20260217_014102,DpwSubFbmSimulator,4096,200,0.6,57,0.421152826491376,2.526399492253406,1,5,2
20260217_014102,DpwSubFbmSimulator,4096,200,0.6,58,0.6224243932645359,5.960766343611151,1,5,2
20260217_014102,DpwSubFbmSimulator,4096,200,0.6,59,0.38654371691826583,1.1128432134844672,1,5,2
20260217_014102,DpwSubFbmSimulator,4096,200,0.6,60,0.6272619661577611,4.788318537234832,1,5,2
20260217_014102,DpwSubFbmSimulator,4096,200,0.6,61,0.8605141451902547,68.94374922979249,1,5,2
20260217_014102,DpwSubFbmSimulator,4096,200,0.6,62,0.7329488921268229,16.39889580823826,1,5,2
20260217_014102,DpwSubFbmSimulator,4096,200,0.6,63,0.6174855951409041,9.16689130444416,1,5,2
20260217_014102,DpwSubFbmSimulator,4096,200,0.6,64,0.5993795208292781,7.911809487717092,1,5,2
20260217_014102,DpwSubFbmSimulator,4096,200,0.6,65,0.43409932094694514,1.3991636599134996,1,5,2
20260217_014102,DpwSubFbmSimulator,4096,200,0.6,66,0.5762672278899278,6.880495085582778,1,5,2
20260217_014102,DpwSubFbmSimulator,4096,200,0.6,67,0.6518578532646221,34.4046138476823,1,5,2
20260217_014102,DpwSubFbmSimulator,4096,200,0.6,68,0.5327606462357587,3.0643291368327144,1,5,2
20260217_014102,DpwSubFbmSimulator,4096,200,0.6,69,0.7012848534276215,10.567958828784482,1,5,2
20260217_014102,DpwSubFbmSimulator,4096,200,0.6,70,0.6143605772843658,3.934080054253409,1,5,2
20260217_014102,DpwSubFbmSimulator,4096,200,0.6,71,0.7054831959598494,17.738588868270337,1,5,2
20260217_014102,DpwSubFbmSimulator,4096,200,0.6,72,0.6202015641438048,8.627734658817467,1,5,2
20260217_014102,DpwSubFbmSimulator,4096,200,0.6,73,0.4168637804626387,0.8997488211221526,1,5,2
20260217_014102,DpwSubFbmSimulator,4096,200,0.6,74,0.5853094246680597,1.9668152388447102,1,5,2
20260217_014102,DpwSubFbmSimulator,4096,200,0.6,75,0.5742337263455308,6.5478322234277,1,5,2
20260217_014102,DpwSubFbmSimulator,4096,200,0.6,76,0.4985295512233667,4.188716099820024,1,5,2
20260217_014102,DpwSubFbmSimulator,4096,200,0.6,77,0.5914094554725278,18.8330202569017,1,5,2
20260217_014102,DpwSubFbmSimulator,4096,200,0.6,78,0.5689398133640639,6.324353175993784,1,5,2
20260217_014102,DpwSubFbmSimulator,4096,200,0.6,79,0.7996778689628775,46.27654231722957,1,5,2
20260217_014102,DpwSubFbmSimulator,4096,200,0.6,80,0.6944596270852313,12.279348168316416,1,5,2
20260217_014102,DpwSubFbmSimulator,4096,200,0.6,81,0.43776199808604555,1.8898504155570093,1,5,2
20260217_014102,DpwSubFbmSimulator,4096,200,0.6,82,0.6754850820341496,3.1358831757117835,1,5,2
20260217_014102,DpwSubFbmSimulator,4096,200,0.6,83,0.7343523759834638,18.43124206444998,1,5,2
20260217_014102,DpwSubFbmSimulator,4096,200,0.6,84,0.7335716699114442,32.688567080716865,1,5,2
20260217_014102,DpwSubFbmSimulator,4096,200,0.6,85,0.6031080040566319,5.769609528227308,1,5,2
20260217_014102,DpwSubFbmSimulator,4096,200,0.6,86,0.5533358216368411,4.328986295063202,1,5,2
20260217_014102,DpwSubFbmSimulator,4096,200,0.6,87,0.49786854279225295,1.8262230865736935,1,5,2
20260217_014102,DpwSubFbmSimulator,4096,200,0.6,88,0.635298720771344,4.260498319032941,1,5,2
20260217_014102,DpwSubFbmSimulator,4096,200,0.6,89,0.3733198000137126,1.9756318817938827,1,5,2
20260217_014102,DpwSubFbmSimulator,4096,200,0.6,90,0.6435921078105917,9.490178597683542,1,5,2
20260217_014102,DpwSubFbmSimulator,4096,200,0.6,91,0.41848693559801214,1.4557257148991924,1,5,2
20260217_014102,DpwSubFbmSimulator,4096,200,0.6,92,0.5818921755804388,7.345586546820964,1,5,2
20260217_014102,DpwSubFbmSimulator,4096,200,0.6,93,0.537926160710953,3.291870041154134,1,5,2
20260217_014102,DpwSubFbmSimulator,4096,200,0.6,94,0.5863356940159349,10.332852580825788,1,5,2
20260217_014102,DpwSubFbmSimulator,4096,200,0.6,95,0.32405944365352396,0.6359211363889631,1,5,2
20260217_014102,DpwSubFbmSimulator,4096,200,0.6,96,0.4011872237202846,1.040648016640126,1,5,2
20260217_014102,DpwSubFbmSimulator,4096,200,0.6,97,0.41817596865208356,0.9843454802030291,1,5,2
20260217_014102,DpwSubFbmSimulator,4096,200,0.6,98,0.6526527522663444,9.544052748325315,1,5,2
20260217_014102,DpwSubFbmSimulator,4096,200,0.6,99,0.41860982110255635,1.5949196775572914,1,5,2
20260217_014102,DpwSubFbmSimulator,4096,200,0.6,100,0.6311671055387273,5.940572868143853,1,5,2
20260217_014102,DpwSubFbmSimulator,4096,200,0.6,101,0.4513018745596157,2.2620191418658204,1,5,2
20260217_014102,DpwSubFbmSimulator,4096,200,0.6,102,0.38108108175216293,0.5246491547768339,1,5,2
20260217_014102,DpwSubFbmSimulator,4096,200,0.6,103,0.6220058577722715,8.324753648840591,1,5,2
20260217_014102,DpwSubFbmSimulator,4096,200,0.6,104,0.5541222710901834,10.187112678084596,1,5,2
20260217_014102,DpwSubFbmSimulator,4096,200,0.6,105,0.6426383900199137,10.52681641982851,1,5,2
20260217_014102,DpwSubFbmSimulator,4096,200,0.6,106,0.8957551048606827,300.78322233460227,1,5,2
20260217_014102,DpwSubFbmSimulator,4096,200,0.6,107,0.6377863644983499,24.575268322002533,1,5,2
20260217_014102,DpwSubFbmSimulator,4096,200,0.6,108,0.6818399294087887,15.427724354600487,1,5,2
20260217_014102,DpwSubFbmSimulator,4096,200,0.6,109,0.6392346686284126,7.308810271248197,1,5,2
20260217_014102,DpwSubFbmSimulator,4096,200,0.6,110,0.6607781140307626,10.218887705196167,1,5,2
20260217_014102,DpwSubFbmSimulator,4096,200,0.6,111,0.7110660009246514,7.855532642344302,1,5,2
20260217_014102,DpwSubFbmSimulator,4096,200,0.6,112,0.6600030431296833,10.560462615170179,1,5,2
20260217_014102,DpwSubFbmSimulator,4096,200,0.6,113,0.5902007671534395,3.5029995860163865,1,5,2
20260217_014102,DpwSubFbmSimulator,4096,200,0.6,114,0.6166056390201132,3.263093585302933,1,5,2
20260217_014102,DpwSubFbmSimulator,4096,200,0.6,115,0.48705609583390835,6.977169627536562,1,5,2
20260217_014102,DpwSubFbmSimulator,4096,200,0.6,116,0.42983165524656375,0.6314519889667823,1,5,2
20260217_014102,DpwSubFbmSimulator,4096,200,0.6,117,0.7478983248700276,8.751626622519344,1,5,2
20260217_014102,DpwSubFbmSimulator,4096,200,0.6,118,0.47767202089849564,1.5811500550069062,1,5,2
20260217_014102,DpwSubFbmSimulator,4096,200,0.6,119,0.5735692083246302,1.2073683100866244,1,5,2
20260217_014102,DpwSubFbmSimulator,4096,200,0.6,120,0.5523399437960551,7.917851241961374,1,5,2
20260217_014102,DpwSubFbmSimulator,4096,200,0.6,121,0.5858534775745099,6.26779463426851,1,5,2
20260217_014102,DpwSubFbmSimulator,4096,200,0.6,122,0.8792182960241125,78.99135080146694,1,5,2
20260217_014102,DpwSubFbmSimulator,4096,200,0.6,123,0.6211025113225158,6.7321893437525455,1,5,2
20260217_014102,DpwSubFbmSimulator,4096,200,0.6,124,0.5680374350754138,7.194574772274433,1,5,2
20260217_014102,DpwSubFbmSimulator,4096,200,0.6,125,0.6742182136840615,12.908943693359799,1,5,2
20260217_014102,DpwSubFbmSimulator,4096,200,0.6,126,0.6563442084203794,3.8987836807827736,1,5,2
20260217_014102,DpwSubFbmSimulator,4096,200,0.6,127,0.4799956564778531,2.5094865561724355,1,5,2
20260217_014102,DpwSubFbmSimulator,4096,200,0.6,128,0.6510861087412642,12.293086844212887,1,5,2
20260217_014102,DpwSubFbmSimulator,4096,200,0.6,129,0.5301212193856824,2.2928383164806756,1,5,2
20260217_014102,DpwSubFbmSimulator,4096,200,0.6,130,0.6212315198102414,9.040989656885547,1,5,2
20260217_014102,DpwSubFbmSimulator,4096,200,0.6,131,0.5926180370867813,4.5716779790937325,1,5,2
20260217_014102,DpwSubFbmSimulator,4096,200,0.6,132,0.3543036857202295,1.1748954367012332,1,5,2
20260217_014102,DpwSubFbmSimulator,4096,200,0.6,133,0.5224953337628641,2.1390867946282364,1,5,2
20260217_014102,DpwSubFbmSimulator,4096,200,0.6,134,0.62190945160159,12.344884782251407,1,5,2
20260217_014102,DpwSubFbmSimulator,4096,200,0.6,135,0.6295689054823843,9.032708722694645,1,5,2
20260217_014102,DpwSubFbmSimulator,4096,200,0.6,136,0.5667329267799993,2.632331413520388,1,5,2
20260217_014102,DpwSubFbmSimulator,4096,200,0.6,137,0.42804813197192504,0.6969696603455282,1,5,2
20260217_014102,DpwSubFbmSimulator,4096,200,0.6,138,0.512673758451294,2.6654450051832246,1,5,2
20260217_014102,DpwSubFbmSimulator,4096,200,0.6,139,0.506376187397848,4.754220139407356,1,5,2
20260217_014102,DpwSubFbmSimulator,4096,200,0.6,140,0.503078406229112,2.90228176984442,1,5,2
20260217_014102,DpwSubFbmSimulator,4096,200,0.6,141,0.5305291319062907,4.275515126435628,1,5,2
20260217_014102,DpwSubFbmSimulator,4096,200,0.6,142,0.6002173464725717,6.656609622792875,1,5,2
20260217_014102,DpwSubFbmSimulator,4096,200,0.6,143,0.5677551533226224,4.904549510617553,1,5,2
20260217_014102,DpwSubFbmSimulator,4096,200,0.6,144,0.5845561430767289,7.977821298579775,1,5,2
20260217_014102,DpwSubFbmSimulator,4096,200,0.6,145,0.7941747386993966,12.067231577084167,1,5,2
20260217_014102,DpwSubFbmSimulator,4096,200,0.6,146,0.5897379365191743,15.16826529938944,1,5,2
20260217_014102,DpwSubFbmSimulator,4096,200,0.6,147,0.5167213381018578,4.857466760042919,1,5,2
20260217_014102,DpwSubFbmSimulator,4096,200,0.6,148,0.693281754992195,27.11523450583466,1,5,2
20260217_014102,DpwSubFbmSimulator,4096,200,0.6,149,0.6849860211826551,11.140799838953923,1,5,2
20260217_014102,DpwSubFbmSimulator,4096,200,0.6,150,0.6126372119513621,10.899102845254427,1,5,2
20260217_014102,DpwSubFbmSimulator,4096,200,0.6,151,0.6333652728587745,8.239531269191819,1,5,2
20260217_014102,DpwSubFbmSimulator,4096,200,0.6,152,0.6513474867654347,6.852265615800045,1,5,2
20260217_014102,DpwSubFbmSimulator,4096,200,0.6,153,0.5454461998031118,3.6701270897992555,1,5,2
20260217_014102,DpwSubFbmSimulator,4096,200,0.6,154,0.6487019885687092,9.233740820741819,1,5,2
20260217_014102,DpwSubFbmSimulator,4096,200,0.6,155,0.4513811376526979,1.5603967871223194,1,5,2
20260217_014102,DpwSubFbmSimulator,4096,200,0.6,156,0.4575814672598749,0.5298152794890366,1,5,2
20260217_014102,DpwSubFbmSimulator,4096,200,0.6,157,0.33764430585523464,0.8423317756936974,1,5,2
20260217_014102,DpwSubFbmSimulator,4096,200,0.6,158,0.5367367426640839,2.640507968918723,1,5,2
20260217_014102,DpwSubFbmSimulator,4096,200,0.6,159,0.6891968959624386,12.611659967817795,1,5,2
20260217_014102,DpwSubFbmSimulator,4096,200,0.6,160,0.6311046131877435,6.988531984269293,1,5,2
20260217_014102,DpwSubFbmSimulator,4096,200,0.6,161,0.7921408301277946,28.68762918493274,1,5,2
20260217_014102,DpwSubFbmSimulator,4096,200,0.6,162,0.602271836516128,15.693559223946329,1,5,2
20260217_014102,DpwSubFbmSimulator,4096,200,0.6,163,0.3432963021675561,1.6024771793125918,1,5,2
20260217_014102,DpwSubFbmSimulator,4096,200,0.6,164,0.5683172812081234,2.5121567322293696,1,5,2
20260217_014102,DpwSubFbmSimulator,4096,200,0.6,165,0.6567862021716838,9.154755355001042,1,5,2
20260217_014102,DpwSubFbmSimulator,4096,200,0.6,166,0.37079141617402583,0.6847587046088055,1,5,2
20260217_014102,DpwSubFbmSimulator,4096,200,0.6,167,0.4817164640045503,4.8105819848561895,1,5,2
20260217_014102,DpwSubFbmSimulator,4096,200,0.6,168,0.5173797410107492,6.345246299606438,1,5,2
20260217_014102,DpwSubFbmSimulator,4096,200,0.6,169,0.7136670421264378,18.398158408277602,1,5,2
20260217_014102,DpwSubFbmSimulator,4096,200,0.6,170,0.5148978544476259,1.7797771860994638,1,5,2
20260217_014102,DpwSubFbmSimulator,4096,200,0.6,171,0.5885426166327776,2.048566740936911,1,5,2
20260217_014102,DpwSubFbmSimulator,4096,200,0.6,172,0.40370967315220624,0.9208662788851777,1,5,2
20260217_014102,DpwSubFbmSimulator,4096,200,0.6,173,0.5893010657471731,11.3703827443655,1,5,2
20260217_014102,DpwSubFbmSimulator,4096,200,0.6,174,0.5329414075441165,2.1867695064982366,1,5,2
20260217_014102,DpwSubFbmSimulator,4096,200,0.6,175,0.712830407679331,7.06397969920764,1,5,2
20260217_014102,DpwSubFbmSimulator,4096,200,0.6,176,0.6759328716540057,6.953708026226479,1,5,2
20260217_014102,DpwSubFbmSimulator,4096,200,0.6,177,0.5661028757096797,2.8242487700983996,1,5,2
20260217_014102,DpwSubFbmSimulator,4096,200,0.6,178,0.4913446692845163,4.1094445363942755,1,5,2
20260217_014102,DpwSubFbmSimulator,4096,200,0.6,179,0.2531839030201242,0.6317455523985572,1,5,2
20260217_014102,DpwSubFbmSimulator,4096,200,0.6,180,0.6472135922089793,6.931788765076786,1,5,2
20260217_014102,DpwSubFbmSimulator,4096,200,0.6,181,0.6033697791857794,2.8020561159641484,1,5,2
20260217_014102,DpwSubFbmSimulator,4096,200,0.6,182,0.6215231664384758,4.393693893023659,1,5,2
20260217_014102,DpwSubFbmSimulator,4096,200,0.6,183,0.5259246193446063,3.2333084890798345,1,5,2
20260217_014102,DpwSubFbmSimulator,4096,200,0.6,184,0.6674373289945039,8.457271538042471,1,5,2
20260217_014102,DpwSubFbmSimulator,4096,200,0.6,185,0.6532552307108483,15.086160722474089,1,5,2
20260217_014102,DpwSubFbmSimulator,4096,200,0.6,186,0.4761620463566215,1.534026043191552,1,5,2
20260217_014102,DpwSubFbmSimulator,4096,200,0.6,187,0.7236120383133936,7.1532576400269905,1,5,2
20260217_014102,DpwSubFbmSimulator,4096,200,0.6,188,0.5047273065999899,2.7293611262768707,1,5,2
20260217_014102,DpwSubFbmSimulator,4096,200,0.6,189,0.7909437677167905,36.34216816032101,1,5,2
20260217_014102,DpwSubFbmSimulator,4096,200,0.6,190,0.6703915862957482,8.296649824068444,1,5,2
20260217_014102,DpwSubFbmSimulator,4096,200,0.6,191,0.19326731810726974,0.5075644668311844,1,5,2
20260217_014102,DpwSubFbmSimulator,4096,200,0.6,192,0.44902220228081047,2.2346629668708182,1,5,2
20260217_014102,DpwSubFbmSimulator,4096,200,0.6,193,0.4430782114784079,1.1932957817899466,1,5,2
20260217_014102,DpwSubFbmSimulator,4096,200,0.6,194,0.5582161317739219,7.998124343085645,1,5,2
20260217_014102,DpwSubFbmSimulator,4096,200,0.6,195,0.6690168009900426,21.39243731373768,1,5,2
20260217_014102,DpwSubFbmSimulator,4096,200,0.6,196,0.6580570425910047,11.97402272695919,1,5,2
20260217_014102,DpwSubFbmSimulator,4096,200,0.6,197,0.6713762062870293,5.52312241475354,1,5,2
20260217_014102,DpwSubFbmSimulator,4096,200,0.6,198,0.6984186320277662,13.251696523420456,1,5,2
20260217_014102,DpwSubFbmSimulator,4096,200,0.6,199,0.5701727512980168,7.890173162729017,1,5,2
20260217_014102,DpwSubFbmSimulator,4096,200,0.6,200,0.5423162337716521,8.554796221415227,1,5,2
20260217_014102,DpwSubFbmSimulator,4096,200,0.7,1,0.8031156716102722,5.12654194555768,1,5,2
20260217_014102,DpwSubFbmSimulator,4096,200,0.7,2,0.4985289719542802,1.3075605376535366,1,5,2
20260217_014102,DpwSubFbmSimulator,4096,200,0.7,3,0.5788622687554059,2.6107226550897162,1,5,2
20260217_014102,DpwSubFbmSimulator,4096,200,0.7,4,0.7252790058049164,5.5230566245529715,1,5,2
20260217_014102,DpwSubFbmSimulator,4096,200,0.7,5,0.670081812666275,1.8067278852376594,1,5,2
20260217_014102,DpwSubFbmSimulator,4096,200,0.7,6,0.7287324289968976,7.615867819610172,1,5,2
20260217_014102,DpwSubFbmSimulator,4096,200,0.7,7,0.8088473810862462,12.5884108045167,1,5,2
20260217_014102,DpwSubFbmSimulator,4096,200,0.7,8,0.850335618930171,8.236424365732555,1,5,2
20260217_014102,DpwSubFbmSimulator,4096,200,0.7,9,0.6573161933509465,1.9991418887488621,1,5,2
20260217_014102,DpwSubFbmSimulator,4096,200,0.7,10,0.6502762590426951,2.031978748245978,1,5,2
20260217_014102,DpwSubFbmSimulator,4096,200,0.7,11,0.6057652614642227,1.3479388645498132,1,5,2
20260217_014102,DpwSubFbmSimulator,4096,200,0.7,12,0.6717958025137653,1.7891291941094645,1,5,2
20260217_014102,DpwSubFbmSimulator,4096,200,0.7,13,0.6918006420712207,3.7611039491404124,1,5,2
20260217_014102,DpwSubFbmSimulator,4096,200,0.7,14,0.7462555444969116,4.86831072896962,1,5,2
20260217_014102,DpwSubFbmSimulator,4096,200,0.7,15,0.736523139209813,4.654062814531572,1,5,2
20260217_014102,DpwSubFbmSimulator,4096,200,0.7,16,0.7085742148897952,6.3271056369773255,1,5,2
20260217_014102,DpwSubFbmSimulator,4096,200,0.7,17,0.6727093839262321,3.905388947370555,1,5,2
20260217_014102,DpwSubFbmSimulator,4096,200,0.7,18,0.7004541402015092,11.307115492512677,1,5,2
20260217_014102,DpwSubFbmSimulator,4096,200,0.7,19,0.8315065250515261,9.734184617401684,1,5,2
20260217_014102,DpwSubFbmSimulator,4096,200,0.7,20,0.7040849959082027,2.851135756829684,1,5,2
20260217_014102,DpwSubFbmSimulator,4096,200,0.7,21,0.7156578286708853,5.656481622627024,1,5,2
20260217_014102,DpwSubFbmSimulator,4096,200,0.7,22,0.6626814520706987,4.616776443352691,1,5,2
20260217_014102,DpwSubFbmSimulator,4096,200,0.7,23,0.7195251941780764,4.529229358375625,1,5,2
20260217_014102,DpwSubFbmSimulator,4096,200,0.7,24,0.7198932893447475,7.440835329134069,1,5,2
20260217_014102,DpwSubFbmSimulator,4096,200,0.7,25,0.7059766593499385,7.14606205596436,1,5,2
20260217_014102,DpwSubFbmSimulator,4096,200,0.7,26,0.6613220692214221,7.27657142634484,1,5,2
20260217_014102,DpwSubFbmSimulator,4096,200,0.7,27,0.7371145696074447,3.43326916526519,1,5,2
20260217_014102,DpwSubFbmSimulator,4096,200,0.7,28,0.7793291352967009,2.688985077021487,1,5,2
20260217_014102,DpwSubFbmSimulator,4096,200,0.7,29,0.6173323462502077,2.2002074727251597,1,5,2
20260217_014102,DpwSubFbmSimulator,4096,200,0.7,30,0.6477319384776614,3.8605171452030587,1,5,2
20260217_014102,DpwSubFbmSimulator,4096,200,0.7,31,0.5393545852572534,1.977675898411934,1,5,2
20260217_014102,DpwSubFbmSimulator,4096,200,0.7,32,0.6068333150304709,4.072949100534083,1,5,2
20260217_014102,DpwSubFbmSimulator,4096,200,0.7,33,0.7603797004904459,5.822144358899474,1,5,2
20260217_014102,DpwSubFbmSimulator,4096,200,0.7,34,0.5232192333440292,1.084090311689219,1,5,2
20260217_014102,DpwSubFbmSimulator,4096,200,0.7,35,0.7080735742262123,4.547350419211252,1,5,2
20260217_014102,DpwSubFbmSimulator,4096,200,0.7,36,0.5692186978793491,2.9875633670589674,1,5,2
20260217_014102,DpwSubFbmSimulator,4096,200,0.7,37,0.7954075681901499,5.891281154722716,1,5,2
20260217_014102,DpwSubFbmSimulator,4096,200,0.7,38,0.5705536625394434,1.0910362779153506,1,5,2
20260217_014102,DpwSubFbmSimulator,4096,200,0.7,39,0.6505634779865956,3.810207214929763,1,5,2
20260217_014102,DpwSubFbmSimulator,4096,200,0.7,40,0.5398511275091971,1.2514995681775605,1,5,2
20260217_014102,DpwSubFbmSimulator,4096,200,0.7,41,0.9688247519747882,60.65945310368215,1,5,2
20260217_014102,DpwSubFbmSimulator,4096,200,0.7,42,0.5384780234743662,1.2508609550613339,1,5,2
20260217_014102,DpwSubFbmSimulator,4096,200,0.7,43,0.7216855733873544,7.0661252174050135,1,5,2
20260217_014102,DpwSubFbmSimulator,4096,200,0.7,44,0.6537172872757663,3.3442140681574455,1,5,2
20260217_014102,DpwSubFbmSimulator,4096,200,0.7,45,0.665217563800307,2.6565684822925086,1,5,2
20260217_014102,DpwSubFbmSimulator,4096,200,0.7,46,0.5637507800068143,3.4091008258039284,1,5,2
20260217_014102,DpwSubFbmSimulator,4096,200,0.7,47,0.5705003607759526,2.0034770250997913,1,5,2
20260217_014102,DpwSubFbmSimulator,4096,200,0.7,48,0.6167095758300597,5.049061104835939,1,5,2
20260217_014102,DpwSubFbmSimulator,4096,200,0.7,49,0.7921455758521739,4.089270990079632,1,5,2
20260217_014102,DpwSubFbmSimulator,4096,200,0.7,50,0.595400627377228,1.8871951981732067,1,5,2
20260217_014102,DpwSubFbmSimulator,4096,200,0.7,51,0.5462474353662081,0.8799604378376952,1,5,2
20260217_014102,DpwSubFbmSimulator,4096,200,0.7,52,0.6374143868967213,2.608995055326696,1,5,2
20260217_014102,DpwSubFbmSimulator,4096,200,0.7,53,0.8625290434062882,15.342662666123038,1,5,2
20260217_014102,DpwSubFbmSimulator,4096,200,0.7,54,0.5794654248993415,2.2542906578099218,1,5,2
20260217_014102,DpwSubFbmSimulator,4096,200,0.7,55,0.6729874227419359,3.3886777964545387,1,5,2
20260217_014102,DpwSubFbmSimulator,4096,200,0.7,56,0.8478863263424762,6.320936810616998,1,5,2
20260217_014102,DpwSubFbmSimulator,4096,200,0.7,57,0.574767411637344,1.573520750783735,1,5,2
20260217_014102,DpwSubFbmSimulator,4096,200,0.7,58,0.3298471104600412,0.3223501706439256,1,5,2
20260217_014102,DpwSubFbmSimulator,4096,200,0.7,59,0.590441707147031,2.6134134992515596,1,5,2
20260217_014102,DpwSubFbmSimulator,4096,200,0.7,60,0.5183639079773611,0.798499115158023,1,5,2
20260217_014102,DpwSubFbmSimulator,4096,200,0.7,61,0.44538030146045615,0.4617034926738096,1,5,2
20260217_014102,DpwSubFbmSimulator,4096,200,0.7,62,0.7077796184449259,10.937631679135391,1,5,2
20260217_014102,DpwSubFbmSimulator,4096,200,0.7,63,0.7138620152379118,7.194848248367683,1,5,2
20260217_014102,DpwSubFbmSimulator,4096,200,0.7,64,0.7389384151077067,11.250299547583701,1,5,2
20260217_014102,DpwSubFbmSimulator,4096,200,0.7,65,0.7479452631121035,3.271766448658936,1,5,2
20260217_014102,DpwSubFbmSimulator,4096,200,0.7,66,0.6072225902840525,2.9699512373834036,1,5,2
20260217_014102,DpwSubFbmSimulator,4096,200,0.7,67,0.7119776898613956,8.817717666555112,1,5,2
20260217_014102,DpwSubFbmSimulator,4096,200,0.7,68,0.6849644614780851,5.506385637162476,1,5,2
20260217_014102,DpwSubFbmSimulator,4096,200,0.7,69,0.7668592490920101,7.331865295149692,1,5,2
20260217_014102,DpwSubFbmSimulator,4096,200,0.7,70,0.5873058459244259,2.302649656684127,1,5,2
20260217_014102,DpwSubFbmSimulator,4096,200,0.7,71,0.62361304224447,1.7955661834987204,1,5,2
20260217_014102,DpwSubFbmSimulator,4096,200,0.7,72,0.5695118767515616,2.1837923032446627,1,5,2
20260217_014102,DpwSubFbmSimulator,4096,200,0.7,73,0.6617438607423345,2.80892492812891,1,5,2
20260217_014102,DpwSubFbmSimulator,4096,200,0.7,74,0.6527791499163892,3.5665058506256404,1,5,2
20260217_014102,DpwSubFbmSimulator,4096,200,0.7,75,0.7422744121170002,3.2992082221894052,1,5,2
20260217_014102,DpwSubFbmSimulator,4096,200,0.7,76,0.7945791613501942,24.54061802025874,1,5,2
20260217_014102,DpwSubFbmSimulator,4096,200,0.7,77,0.5443439649857428,2.6674580046166176,1,5,2
20260217_014102,DpwSubFbmSimulator,4096,200,0.7,78,0.905220829509718,11.963356333764866,1,5,2
20260217_014102,DpwSubFbmSimulator,4096,200,0.7,79,0.5715328990660691,0.9377752107602968,1,5,2
20260217_014102,DpwSubFbmSimulator,4096,200,0.7,80,0.7719516733487682,13.416466628264157,1,5,2
20260217_014102,DpwSubFbmSimulator,4096,200,0.7,81,0.6660093770976054,6.41910562558478,1,5,2
20260217_014102,DpwSubFbmSimulator,4096,200,0.7,82,0.6146269031178025,3.361204112303361,1,5,2
20260217_014102,DpwSubFbmSimulator,4096,200,0.7,83,0.872735740079398,15.684980209643058,1,5,2
20260217_014102,DpwSubFbmSimulator,4096,200,0.7,84,0.8389591763837371,9.429675746282655,1,5,2
20260217_014102,DpwSubFbmSimulator,4096,200,0.7,85,0.6873059537837102,6.1090537880225595,1,5,2
20260217_014102,DpwSubFbmSimulator,4096,200,0.7,86,0.5574564274748428,0.7437559353928006,1,5,2
20260217_014102,DpwSubFbmSimulator,4096,200,0.7,87,0.7294512803832744,7.47941948686174,1,5,2
20260217_014102,DpwSubFbmSimulator,4096,200,0.7,88,0.6856941631191064,5.217871919690607,1,5,2
20260217_014102,DpwSubFbmSimulator,4096,200,0.7,89,0.7442026481332737,6.869540378442595,1,5,2
20260217_014102,DpwSubFbmSimulator,4096,200,0.7,90,0.608168701983615,2.4271395471109787,1,5,2
20260217_014102,DpwSubFbmSimulator,4096,200,0.7,91,0.6171046117601285,5.248260196124269,1,5,2
20260217_014102,DpwSubFbmSimulator,4096,200,0.7,92,0.5857948209514847,3.79550993280983,1,5,2
20260217_014102,DpwSubFbmSimulator,4096,200,0.7,93,0.6945575652428465,5.688507427537931,1,5,2
20260217_014102,DpwSubFbmSimulator,4096,200,0.7,94,0.5191806279797012,0.7092874556752884,1,5,2
20260217_014102,DpwSubFbmSimulator,4096,200,0.7,95,0.44890113998950754,0.6406791566637425,1,5,2
20260217_014102,DpwSubFbmSimulator,4096,200,0.7,96,0.6618132270480873,2.5357733589491014,1,5,2
20260217_014102,DpwSubFbmSimulator,4096,200,0.7,97,0.6790452792994114,3.135436812370644,1,5,2
20260217_014102,DpwSubFbmSimulator,4096,200,0.7,98,0.642775177323198,3.6777737456297253,1,5,2
20260217_014102,DpwSubFbmSimulator,4096,200,0.7,99,0.5521118865859325,1.6877719737246912,1,5,2
20260217_014102,DpwSubFbmSimulator,4096,200,0.7,100,0.8103578120952524,13.159291762087094,1,5,2
20260217_014102,DpwSubFbmSimulator,4096,200,0.7,101,0.6201513957251489,1.8826603797918713,1,5,2
20260217_014102,DpwSubFbmSimulator,4096,200,0.7,102,0.7325604607619003,9.290684542905678,1,5,2
20260217_014102,DpwSubFbmSimulator,4096,200,0.7,103,0.7202966646286304,5.855868869540801,1,5,2
20260217_014102,DpwSubFbmSimulator,4096,200,0.7,104,0.7141462418414862,4.221036151339126,1,5,2
20260217_014102,DpwSubFbmSimulator,4096,200,0.7,105,0.6589357458628371,3.767720546686569,1,5,2
20260217_014102,DpwSubFbmSimulator,4096,200,0.7,106,0.5132667702054775,1.8775473733693402,1,5,2
20260217_014102,DpwSubFbmSimulator,4096,200,0.7,107,0.9547294796739122,47.86769052238335,1,5,2
20260217_014102,DpwSubFbmSimulator,4096,200,0.7,108,0.6469654550665461,3.3647759049807093,1,5,2
20260217_014102,DpwSubFbmSimulator,4096,200,0.7,109,0.7446683830466712,4.758943690367424,1,5,2
20260217_014102,DpwSubFbmSimulator,4096,200,0.7,110,0.8852849546337981,12.611955872125712,1,5,2
20260217_014102,DpwSubFbmSimulator,4096,200,0.7,111,0.6593475036391231,3.3456680559440026,1,5,2
20260217_014102,DpwSubFbmSimulator,4096,200,0.7,112,0.8527181311522586,7.2523140686462675,1,5,2
20260217_014102,DpwSubFbmSimulator,4096,200,0.7,113,0.5563579508693952,1.774776185491487,1,5,2
20260217_014102,DpwSubFbmSimulator,4096,200,0.7,114,0.6486028153535984,4.5565186286333175,1,5,2
20260217_014102,DpwSubFbmSimulator,4096,200,0.7,115,0.7879714858291886,10.699549318910723,1,5,2
20260217_014102,DpwSubFbmSimulator,4096,200,0.7,116,0.7544282057943273,10.875017064302503,1,5,2
20260217_014102,DpwSubFbmSimulator,4096,200,0.7,117,0.8390692782068528,8.498611046828925,1,5,2
20260217_014102,DpwSubFbmSimulator,4096,200,0.7,118,0.8208813540568997,5.850357090037479,1,5,2
20260217_014102,DpwSubFbmSimulator,4096,200,0.7,119,0.5205858998794615,2.4632623614679736,1,5,2
20260217_014102,DpwSubFbmSimulator,4096,200,0.7,120,0.6984795261073068,3.5815285841457714,1,5,2
20260217_014102,DpwSubFbmSimulator,4096,200,0.7,121,0.5919766019168674,1.9070646949911503,1,5,2
20260217_014102,DpwSubFbmSimulator,4096,200,0.7,122,0.6132175947938356,2.5789809685620217,1,5,2
20260217_014102,DpwSubFbmSimulator,4096,200,0.7,123,0.8899898064829503,14.583475811249384,1,5,2
20260217_014102,DpwSubFbmSimulator,4096,200,0.7,124,0.6102805118175476,2.241432694076801,1,5,2
20260217_014102,DpwSubFbmSimulator,4096,200,0.7,125,0.9999930391509351,100.34471791314165,1,5,2
20260217_014102,DpwSubFbmSimulator,4096,200,0.7,126,0.5412460928300016,1.0727875236837936,1,5,2
20260217_014102,DpwSubFbmSimulator,4096,200,0.7,127,0.568830132124324,2.316970604224559,1,5,2
20260217_014102,DpwSubFbmSimulator,4096,200,0.7,128,0.6811087109102519,3.684693915222244,1,5,2
20260217_014102,DpwSubFbmSimulator,4096,200,0.7,129,0.7194214387667209,3.8164998409291333,1,5,2
20260217_014102,DpwSubFbmSimulator,4096,200,0.7,130,0.8072487114012225,5.102028513314319,1,5,2
20260217_014102,DpwSubFbmSimulator,4096,200,0.7,131,0.6135938421697195,2.7415277638901103,1,5,2
20260217_014102,DpwSubFbmSimulator,4096,200,0.7,132,0.748663688768235,7.359491484520316,1,5,2
20260217_014102,DpwSubFbmSimulator,4096,200,0.7,133,0.44516641653077726,0.7616553359881776,1,5,2
20260217_014102,DpwSubFbmSimulator,4096,200,0.7,134,0.6662299635650577,2.0354594393363015,1,5,2
20260217_014102,DpwSubFbmSimulator,4096,200,0.7,135,0.5824438267397912,3.499631409606792,1,5,2
20260217_014102,DpwSubFbmSimulator,4096,200,0.7,136,0.6578854677267426,5.97439211404601,1,5,2
20260217_014102,DpwSubFbmSimulator,4096,200,0.7,137,0.7987999529872158,7.154744863224893,1,5,2
20260217_014102,DpwSubFbmSimulator,4096,200,0.7,138,0.6464792630207263,5.60292352922285,1,5,2
20260217_014102,DpwSubFbmSimulator,4096,200,0.7,139,0.6787417147144064,3.9762367455558425,1,5,2
20260217_014102,DpwSubFbmSimulator,4096,200,0.7,140,0.6354087487590442,3.164034891800055,1,5,2
20260217_014102,DpwSubFbmSimulator,4096,200,0.7,141,0.48493890761057784,1.4713180266700885,1,5,2
20260217_014102,DpwSubFbmSimulator,4096,200,0.7,142,0.6230185571368375,2.6152375305333555,1,5,2
20260217_014102,DpwSubFbmSimulator,4096,200,0.7,143,0.7963891388181844,22.28552879077912,1,5,2
20260217_014102,DpwSubFbmSimulator,4096,200,0.7,144,0.792784608763378,11.727263530302803,1,5,2
20260217_014102,DpwSubFbmSimulator,4096,200,0.7,145,0.5677989614755765,1.5192201818305753,1,5,2
20260217_014102,DpwSubFbmSimulator,4096,200,0.7,146,0.6655589909779988,6.412599398562025,1,5,2
20260217_014102,DpwSubFbmSimulator,4096,200,0.7,147,0.7553245219819626,12.574319995004858,1,5,2
20260217_014102,DpwSubFbmSimulator,4096,200,0.7,148,0.6881647060464833,5.533639110891533,1,5,2
20260217_014102,DpwSubFbmSimulator,4096,200,0.7,149,0.6715986401398447,1.8383212967945668,1,5,2
20260217_014102,DpwSubFbmSimulator,4096,200,0.7,150,0.49827179965426777,1.6541642859307322,1,5,2
20260217_014102,DpwSubFbmSimulator,4096,200,0.7,151,0.6251390536215665,4.3712491115670264,1,5,2
20260217_014102,DpwSubFbmSimulator,4096,200,0.7,152,0.6557714549152339,1.9812554335347246,1,5,2
20260217_014102,DpwSubFbmSimulator,4096,200,0.7,153,0.7912963939104228,14.610193566256468,1,5,2
20260217_014102,DpwSubFbmSimulator,4096,200,0.7,154,0.6061114776746804,2.49658115716439,1,5,2
20260217_014102,DpwSubFbmSimulator,4096,200,0.7,155,0.6041580833590136,3.4646814528500096,1,5,2
20260217_014102,DpwSubFbmSimulator,4096,200,0.7,156,0.6196827818015054,2.636644085669365,1,5,2
20260217_014102,DpwSubFbmSimulator,4096,200,0.7,157,0.7059255075494522,2.989474021814284,1,5,2
20260217_014102,DpwSubFbmSimulator,4096,200,0.7,158,0.660560444199978,3.672202582632563,1,5,2
20260217_014102,DpwSubFbmSimulator,4096,200,0.7,159,0.754383776837642,21.819367624268395,1,5,2
20260217_014102,DpwSubFbmSimulator,4096,200,0.7,160,0.658297090694407,14.802503894993812,1,5,2
20260217_014102,DpwSubFbmSimulator,4096,200,0.7,161,0.13676883854861996,0.6224593397195677,1,5,2
20260217_014102,DpwSubFbmSimulator,4096,200,0.7,162,0.6664944298944981,4.840374526644488,1,5,2
20260217_014102,DpwSubFbmSimulator,4096,200,0.7,163,0.48268395654215646,1.5480386482050934,1,5,2
20260217_014102,DpwSubFbmSimulator,4096,200,0.7,164,0.7159789060673729,3.0061054144615387,1,5,2
20260217_014102,DpwSubFbmSimulator,4096,200,0.7,165,0.5921038124602805,3.4073461205638393,1,5,2
20260217_014102,DpwSubFbmSimulator,4096,200,0.7,166,0.6139090696083256,1.405970644517174,1,5,2
20260217_014102,DpwSubFbmSimulator,4096,200,0.7,167,0.5166257468672175,1.037572203911752,1,5,2
20260217_014102,DpwSubFbmSimulator,4096,200,0.7,168,0.7632082649178333,5.805482520794793,1,5,2
20260217_014102,DpwSubFbmSimulator,4096,200,0.7,169,0.7526870834160837,5.881845997231476,1,5,2
20260217_014102,DpwSubFbmSimulator,4096,200,0.7,170,0.7827304839951575,16.71782429121453,1,5,2
20260217_014102,DpwSubFbmSimulator,4096,200,0.7,171,0.8083151006688748,11.178444645923577,1,5,2
20260217_014102,DpwSubFbmSimulator,4096,200,0.7,172,0.32971999347781,0.46883607988174186,1,5,2
20260217_014102,DpwSubFbmSimulator,4096,200,0.7,173,0.6303033687289675,2.4637057423187625,1,5,2
20260217_014102,DpwSubFbmSimulator,4096,200,0.7,174,0.742673587245252,4.5656396003844115,1,5,2
20260217_014102,DpwSubFbmSimulator,4096,200,0.7,175,0.8423892475244693,11.094011563809847,1,5,2
20260217_014102,DpwSubFbmSimulator,4096,200,0.7,176,0.7656989949252352,11.900953075687955,1,5,2
20260217_014102,DpwSubFbmSimulator,4096,200,0.7,177,0.6216583134208375,2.217054333256191,1,5,2
20260217_014102,DpwSubFbmSimulator,4096,200,0.7,178,0.6468824749253692,3.0963774206959984,1,5,2
20260217_014102,DpwSubFbmSimulator,4096,200,0.7,179,0.5805532922476597,3.9932859369859943,1,5,2
20260217_014102,DpwSubFbmSimulator,4096,200,0.7,180,0.5131734079048038,0.8271082757770758,1,5,2
20260217_014102,DpwSubFbmSimulator,4096,200,0.7,181,0.5590549809144105,1.6692097483986439,1,5,2
20260217_014102,DpwSubFbmSimulator,4096,200,0.7,182,0.6166607880174645,3.113994684665667,1,5,2
20260217_014102,DpwSubFbmSimulator,4096,200,0.7,183,0.6914717993972981,4.111259117232268,1,5,2
20260217_014102,DpwSubFbmSimulator,4096,200,0.7,184,0.7090351015490732,5.399922122808998,1,5,2
20260217_014102,DpwSubFbmSimulator,4096,200,0.7,185,0.6831256845795903,6.205854006089462,1,5,2
20260217_014102,DpwSubFbmSimulator,4096,200,0.7,186,0.7522240675661445,4.568997432651786,1,5,2
20260217_014102,DpwSubFbmSimulator,4096,200,0.7,187,0.6529147116628204,3.75611847296792,1,5,2
20260217_014102,DpwSubFbmSimulator,4096,200,0.7,188,0.7951166016850297,9.761891019674174,1,5,2
20260217_014102,DpwSubFbmSimulator,4096,200,0.7,189,0.618364854972118,2.025181939881876,1,5,2
20260217_014102,DpwSubFbmSimulator,4096,200,0.7,190,0.7759503349076755,8.931472854526744,1,5,2
20260217_014102,DpwSubFbmSimulator,4096,200,0.7,191,0.4157926240264351,0.42627062789343806,1,5,2
20260217_014102,DpwSubFbmSimulator,4096,200,0.7,192,0.7667516524613913,4.454302924928936,1,5,2
20260217_014102,DpwSubFbmSimulator,4096,200,0.7,193,0.7271998348703751,13.226908018250862,1,5,2
20260217_014102,DpwSubFbmSimulator,4096,200,0.7,194,0.5805679818132828,1.102047665206775,1,5,2
20260217_014102,DpwSubFbmSimulator,4096,200,0.7,195,0.8737981725273202,11.855540860111997,1,5,2
20260217_014102,DpwSubFbmSimulator,4096,200,0.7,196,0.7408511739560956,4.812691198399178,1,5,2
20260217_014102,DpwSubFbmSimulator,4096,200,0.7,197,0.7504142086434662,13.981913844591961,1,5,2
20260217_014102,DpwSubFbmSimulator,4096,200,0.7,198,0.3180760955908249,0.3868174188487138,1,5,2
20260217_014102,DpwSubFbmSimulator,4096,200,0.7,199,0.5536899157507971,2.410975235040734,1,5,2
20260217_014102,DpwSubFbmSimulator,4096,200,0.7,200,0.7150716559845994,11.748113726088574,1,5,2
20260217_014102,DpwSubFbmSimulator,4096,200,0.8,1,0.7552550305279212,3.601881964430816,1,5,2
20260217_014102,DpwSubFbmSimulator,4096,200,0.8,2,0.5708559333933371,0.6018089235640837,1,5,2
20260217_014102,DpwSubFbmSimulator,4096,200,0.8,3,0.6992782669808032,1.136767514361719,1,5,2
20260217_014102,DpwSubFbmSimulator,4096,200,0.8,4,0.7604951286341067,1.4290431237017502,1,5,2
20260217_014102,DpwSubFbmSimulator,4096,200,0.8,5,0.7414848057815011,2.758197355595946,1,5,2
20260217_014102,DpwSubFbmSimulator,4096,200,0.8,6,0.8336314435303255,3.43696057606545,1,5,2
20260217_014102,DpwSubFbmSimulator,4096,200,0.8,7,0.8140038028216803,5.415938324618984,1,5,2
20260217_014102,DpwSubFbmSimulator,4096,200,0.8,8,0.6217185186864993,0.9410655942922072,1,5,2
20260217_014102,DpwSubFbmSimulator,4096,200,0.8,9,0.5856914587636836,0.5143622856269051,1,5,2
20260217_014102,DpwSubFbmSimulator,4096,200,0.8,10,0.8917058239524854,14.410839850807568,1,5,2
20260217_014102,DpwSubFbmSimulator,4096,200,0.8,11,0.9999930391509351,6.6670867210067595,1,5,2
20260217_014102,DpwSubFbmSimulator,4096,200,0.8,12,0.7850261654658854,3.185924849657418,1,5,2
20260217_014102,DpwSubFbmSimulator,4096,200,0.8,13,0.9999934274573516,19.59035792856002,1,5,2
20260217_014102,DpwSubFbmSimulator,4096,200,0.8,14,0.8123214221011863,2.5581873363836505,1,5,2
20260217_014102,DpwSubFbmSimulator,4096,200,0.8,15,0.8331247200352364,3.133250115593286,1,5,2
20260217_014102,DpwSubFbmSimulator,4096,200,0.8,16,0.7039924583485438,2.152636619363622,1,5,2
20260217_014102,DpwSubFbmSimulator,4096,200,0.8,17,0.8219625324837936,4.851499374738211,1,5,2
20260217_014102,DpwSubFbmSimulator,4096,200,0.8,18,0.698829091600522,1.8276990726392794,1,5,2
20260217_014102,DpwSubFbmSimulator,4096,200,0.8,19,0.8403873626007462,3.9909835816730044,1,5,2
20260217_014102,DpwSubFbmSimulator,4096,200,0.8,20,0.7915273288279021,2.3828648751893984,1,5,2
20260217_014102,DpwSubFbmSimulator,4096,200,0.8,21,0.9999930391509351,6.466034456407365,1,5,2
20260217_014102,DpwSubFbmSimulator,4096,200,0.8,22,0.6619502288652526,0.6249132843182452,1,5,2
20260217_014102,DpwSubFbmSimulator,4096,200,0.8,23,0.6504435577995611,1.0278536456270606,1,5,2
20260217_014102,DpwSubFbmSimulator,4096,200,0.8,24,0.921255385255286,9.722486240550591,1,5,2
20260217_014102,DpwSubFbmSimulator,4096,200,0.8,25,0.7611837423933098,1.8116820452429234,1,5,2
20260217_014102,DpwSubFbmSimulator,4096,200,0.8,26,0.6785826187455684,0.8899695020745247,1,5,2
20260217_014102,DpwSubFbmSimulator,4096,200,0.8,27,0.760298660039366,4.68534791740755,1,5,2
20260217_014102,DpwSubFbmSimulator,4096,200,0.8,28,0.5934396791524982,1.0005280543145647,1,5,2
20260217_014102,DpwSubFbmSimulator,4096,200,0.8,29,0.9933329440706036,10.062497425055776,1,5,2
20260217_014102,DpwSubFbmSimulator,4096,200,0.8,30,0.7637966851416748,4.058673744186728,1,5,2
20260217_014102,DpwSubFbmSimulator,4096,200,0.8,31,0.5829114562184085,0.19043217529220233,1,5,2
20260217_014102,DpwSubFbmSimulator,4096,200,0.8,32,0.6332920366206085,0.758713086405208,1,5,2
20260217_014102,DpwSubFbmSimulator,4096,200,0.8,33,0.628574797817638,0.5560059665960416,1,5,2
20260217_014102,DpwSubFbmSimulator,4096,200,0.8,34,0.9189646546466318,5.106291087594853,1,5,2
20260217_014102,DpwSubFbmSimulator,4096,200,0.8,35,0.5686512157355242,0.3519747050149431,1,5,2
20260217_014102,DpwSubFbmSimulator,4096,200,0.8,36,0.9452785691021617,8.196799398406096,1,5,2
20260217_014102,DpwSubFbmSimulator,4096,200,0.8,37,0.8308212086125929,2.149696092232028,1,5,2
20260217_014102,DpwSubFbmSimulator,4096,200,0.8,38,0.8419504081020448,5.137926218292537,1,5,2
20260217_014102,DpwSubFbmSimulator,4096,200,0.8,39,0.6017050324041723,0.4355804245635339,1,5,2
20260217_014102,DpwSubFbmSimulator,4096,200,0.8,40,0.5996787413371544,0.7340358390655101,1,5,2
20260217_014102,DpwSubFbmSimulator,4096,200,0.8,41,0.8585250196387028,5.770614425370766,1,5,2
20260217_014102,DpwSubFbmSimulator,4096,200,0.8,42,0.8036146726006612,1.3269998066738575,1,5,2
20260217_014102,DpwSubFbmSimulator,4096,200,0.8,43,0.7347314473178649,3.012152014396819,1,5,2
20260217_014102,DpwSubFbmSimulator,4096,200,0.8,44,0.29636835195254807,0.25189709603456695,1,5,2
20260217_014102,DpwSubFbmSimulator,4096,200,0.8,45,0.6423907341712239,0.9035147006816496,1,5,2
20260217_014102,DpwSubFbmSimulator,4096,200,0.8,46,0.8695444843340531,4.707980261552721,1,5,2
20260217_014102,DpwSubFbmSimulator,4096,200,0.8,47,0.8559993962347842,2.5545024707808306,1,5,2
20260217_014102,DpwSubFbmSimulator,4096,200,0.8,48,0.9999935380025019,8.913174887635106,1,5,2
20260217_014102,DpwSubFbmSimulator,4096,200,0.8,49,0.8530755634655263,2.8787080859978973,1,5,2
20260217_014102,DpwSubFbmSimulator,4096,200,0.8,50,0.6954739637750739,2.5906271948853696,1,5,2
20260217_014102,DpwSubFbmSimulator,4096,200,0.8,51,0.8070448626058069,1.3506534789060693,1,5,2
20260217_014102,DpwSubFbmSimulator,4096,200,0.8,52,0.6587576722836963,0.39414755270162344,1,5,2
20260217_014102,DpwSubFbmSimulator,4096,200,0.8,53,0.6921952640776462,0.9963161606138533,1,5,2
20260217_014102,DpwSubFbmSimulator,4096,200,0.8,54,0.6126365139808811,0.8885640176648744,1,5,2
20260217_014102,DpwSubFbmSimulator,4096,200,0.8,55,0.5721191994765311,1.3014835001437606,1,5,2
20260217_014102,DpwSubFbmSimulator,4096,200,0.8,56,0.9591297047015801,2.65950507639023,1,5,2
20260217_014102,DpwSubFbmSimulator,4096,200,0.8,57,0.7678545723449811,1.6591658447681832,1,5,2
20260217_014102,DpwSubFbmSimulator,4096,200,0.8,58,0.7050017749776808,1.9303931221093524,1,5,2
20260217_014102,DpwSubFbmSimulator,4096,200,0.8,59,0.8514824223054521,7.062602695588339,1,5,2
20260217_014102,DpwSubFbmSimulator,4096,200,0.8,60,0.8122769869684755,3.9055309099464277,1,5,2
20260217_014102,DpwSubFbmSimulator,4096,200,0.8,61,0.883445755191335,5.989221604378699,1,5,2
20260217_014102,DpwSubFbmSimulator,4096,200,0.8,62,0.639523967468928,1.0139310168756799,1,5,2
20260217_014102,DpwSubFbmSimulator,4096,200,0.8,63,0.4842677594084773,0.20838228582462037,1,5,2
20260217_014102,DpwSubFbmSimulator,4096,200,0.8,64,0.7118245012118188,1.3643647255974796,1,5,2
20260217_014102,DpwSubFbmSimulator,4096,200,0.8,65,0.781752227846873,1.3095680964781926,1,5,2
20260217_014102,DpwSubFbmSimulator,4096,200,0.8,66,0.7412284101766775,5.76091303450383,1,5,2
20260217_014102,DpwSubFbmSimulator,4096,200,0.8,67,0.7323409654336169,2.7134330573204526,1,5,2
20260217_014102,DpwSubFbmSimulator,4096,200,0.8,68,0.6960950758393695,2.333914513224326,1,5,2
20260217_014102,DpwSubFbmSimulator,4096,200,0.8,69,0.6499998380400823,1.3899872826036335,1,5,2
20260217_014102,DpwSubFbmSimulator,4096,200,0.8,70,0.7569667657602527,3.8595900461436097,1,5,2
20260217_014102,DpwSubFbmSimulator,4096,200,0.8,71,0.6875080457057671,1.4041754963072528,1,5,2
20260217_014102,DpwSubFbmSimulator,4096,200,0.8,72,0.9203197068060331,3.6285489589054016,1,5,2
20260217_014102,DpwSubFbmSimulator,4096,200,0.8,73,0.854807531248312,1.9662451470088862,1,5,2
20260217_014102,DpwSubFbmSimulator,4096,200,0.8,74,0.7647657070591787,3.894970073934751,1,5,2
20260217_014102,DpwSubFbmSimulator,4096,200,0.8,75,0.6243892861035231,0.7350580287228967,1,5,2
20260217_014102,DpwSubFbmSimulator,4096,200,0.8,76,0.8070594454813829,2.2618030496263404,1,5,2
20260217_014102,DpwSubFbmSimulator,4096,200,0.8,77,0.9385938696408319,7.079891820622336,1,5,2
20260217_014102,DpwSubFbmSimulator,4096,200,0.8,78,0.7129548322448969,4.106107727710532,1,5,2
20260217_014102,DpwSubFbmSimulator,4096,200,0.8,79,0.793663946614442,1.4099821907875576,1,5,2
20260217_014102,DpwSubFbmSimulator,4096,200,0.8,80,0.7563603272383774,4.431110403624161,1,5,2
20260217_014102,DpwSubFbmSimulator,4096,200,0.8,81,0.8100391808433095,3.9639801802698327,1,5,2
20260217_014102,DpwSubFbmSimulator,4096,200,0.8,82,0.826027887173346,5.460467453338976,1,5,2
20260217_014102,DpwSubFbmSimulator,4096,200,0.8,83,0.7240053661999857,1.703914725955681,1,5,2
20260217_014102,DpwSubFbmSimulator,4096,200,0.8,84,0.8885089236170599,4.203098442365181,1,5,2
20260217_014102,DpwSubFbmSimulator,4096,200,0.8,85,0.711650976798782,0.9809364960557732,1,5,2
20260217_014102,DpwSubFbmSimulator,4096,200,0.8,86,0.8593113816842715,6.872251421885263,1,5,2
20260217_014102,DpwSubFbmSimulator,4096,200,0.8,87,0.4400030440341052,0.503731007869067,1,5,2
20260217_014102,DpwSubFbmSimulator,4096,200,0.8,88,0.8400483804578587,7.902521746935482,1,5,2
20260217_014102,DpwSubFbmSimulator,4096,200,0.8,89,0.7986379818941619,3.3765331129755776,1,5,2
20260217_014102,DpwSubFbmSimulator,4096,200,0.8,90,0.26064906786043257,0.13940272627082448,1,5,2
20260217_014102,DpwSubFbmSimulator,4096,200,0.8,91,0.889652369336924,5.302640653422461,1,5,2
20260217_014102,DpwSubFbmSimulator,4096,200,0.8,92,0.834739550556527,5.027974939308359,1,5,2
20260217_014102,DpwSubFbmSimulator,4096,200,0.8,93,0.6277005155056394,1.2746447941508459,1,5,2
20260217_014102,DpwSubFbmSimulator,4096,200,0.8,94,0.7440143940620334,4.012165682161933,1,5,2
20260217_014102,DpwSubFbmSimulator,4096,200,0.8,95,0.5301432242256028,0.18606334699913,1,5,2
20260217_014102,DpwSubFbmSimulator,4096,200,0.8,96,0.9999936398021424,19.300587438424568,1,5,2
20260217_014102,DpwSubFbmSimulator,4096,200,0.8,97,0.8029846294295843,6.482841371453894,1,5,2
20260217_014102,DpwSubFbmSimulator,4096,200,0.8,98,0.7175889477212907,0.7096353310330156,1,5,2
20260217_014102,DpwSubFbmSimulator,4096,200,0.8,99,0.9656375855728656,17.889369289769583,1,5,2
20260217_014102,DpwSubFbmSimulator,4096,200,0.8,100,0.8706785812379736,10.39227405482606,1,5,2
20260217_014102,DpwSubFbmSimulator,4096,200,0.8,101,0.7199317269664622,2.5848530544368704,1,5,2
20260217_014102,DpwSubFbmSimulator,4096,200,0.8,102,0.8133739819643367,5.048897919505133,1,5,2
20260217_014102,DpwSubFbmSimulator,4096,200,0.8,103,0.8217683936422252,3.0922765095271307,1,5,2
20260217_014102,DpwSubFbmSimulator,4096,200,0.8,104,0.9023869104107132,3.6344258927989825,1,5,2
20260217_014102,DpwSubFbmSimulator,4096,200,0.8,105,0.7925718181952683,6.94957854098539,1,5,2
20260217_014102,DpwSubFbmSimulator,4096,200,0.8,106,0.734474350954002,2.491250946354962,1,5,2
20260217_014102,DpwSubFbmSimulator,4096,200,0.8,107,0.48535325503919147,0.31418776256152675,1,5,2
20260217_014102,DpwSubFbmSimulator,4096,200,0.8,108,0.8595776971638446,6.4926400533428685,1,5,2
20260217_014102,DpwSubFbmSimulator,4096,200,0.8,109,0.43737296305792805,0.5125091401668695,1,5,2
20260217_014102,DpwSubFbmSimulator,4096,200,0.8,110,0.7278406052139829,3.7819805859106563,1,5,2
20260217_014102,DpwSubFbmSimulator,4096,200,0.8,111,0.8600638555689286,6.154648199282233,1,5,2
20260217_014102,DpwSubFbmSimulator,4096,200,0.8,112,0.7221906341489364,2.7008193449614173,1,5,2
20260217_014102,DpwSubFbmSimulator,4096,200,0.8,113,0.6911422001884695,1.2218421660187806,1,5,2
20260217_014102,DpwSubFbmSimulator,4096,200,0.8,114,0.7038475070202879,1.5280035731791302,1,5,2
20260217_014102,DpwSubFbmSimulator,4096,200,0.8,115,0.9229009128521299,11.460163124572029,1,5,2
20260217_014102,DpwSubFbmSimulator,4096,200,0.8,116,0.7544394729599562,0.5475754365817471,1,5,2
20260217_014102,DpwSubFbmSimulator,4096,200,0.8,117,0.7678051835502397,2.531329402816529,1,5,2
20260217_014102,DpwSubFbmSimulator,4096,200,0.8,118,0.7142429282468523,0.8263773543896403,1,5,2
20260217_014102,DpwSubFbmSimulator,4096,200,0.8,119,0.9050462759929565,12.954740593845154,1,5,2
20260217_014102,DpwSubFbmSimulator,4096,200,0.8,120,0.7363683307414759,0.7294999338270771,1,5,2
20260217_014102,DpwSubFbmSimulator,4096,200,0.8,121,0.8718849318888072,4.688168029223478,1,5,2
20260217_014102,DpwSubFbmSimulator,4096,200,0.8,122,0.6933619122866207,1.6220275296916362,1,5,2
20260217_014102,DpwSubFbmSimulator,4096,200,0.8,123,0.7929622426046564,7.5920022769324875,1,5,2
20260217_014102,DpwSubFbmSimulator,4096,200,0.8,124,0.7210184099087816,1.8075143149425588,1,5,2
20260217_014102,DpwSubFbmSimulator,4096,200,0.8,125,0.5901009985788004,0.40144241957204907,1,5,2
20260217_014102,DpwSubFbmSimulator,4096,200,0.8,126,0.6670583575031945,0.938491864078392,1,5,2
20260217_014102,DpwSubFbmSimulator,4096,200,0.8,127,0.8660011130909134,5.035505257621243,1,5,2
20260217_014102,DpwSubFbmSimulator,4096,200,0.8,128,0.9870264618108208,19.303471533251777,1,5,2
20260217_014102,DpwSubFbmSimulator,4096,200,0.8,129,0.853280056037369,1.8858776138962698,1,5,2
20260217_014102,DpwSubFbmSimulator,4096,200,0.8,130,0.8844589293726034,9.374570971663564,1,5,2
20260217_014102,DpwSubFbmSimulator,4096,200,0.8,131,0.7029814372114459,0.9512932655841172,1,5,2
20260217_014102,DpwSubFbmSimulator,4096,200,0.8,132,0.8395753505622688,17.77685397239741,1,5,2
20260217_014102,DpwSubFbmSimulator,4096,200,0.8,133,0.7497385021520676,2.7163787490221565,1,5,2
20260217_014102,DpwSubFbmSimulator,4096,200,0.8,134,0.9780398297690365,12.246582714077203,1,5,2
20260217_014102,DpwSubFbmSimulator,4096,200,0.8,135,0.7756709222840305,1.8035990068713408,1,5,2
20260217_014102,DpwSubFbmSimulator,4096,200,0.8,136,0.6687037658776644,1.3946699220247256,1,5,2
20260217_014102,DpwSubFbmSimulator,4096,200,0.8,137,0.4796082536518694,0.11475987443940341,1,5,2
20260217_014102,DpwSubFbmSimulator,4096,200,0.8,138,0.9169049410606027,8.206979601798661,1,5,2
20260217_014102,DpwSubFbmSimulator,4096,200,0.8,139,0.576276010770604,0.6545922674917662,1,5,2
20260217_014102,DpwSubFbmSimulator,4096,200,0.8,140,0.8356304412450792,10.632226034672524,1,5,2
20260217_014102,DpwSubFbmSimulator,4096,200,0.8,141,0.8359406007732801,5.06653043927705,1,5,2
20260217_014102,DpwSubFbmSimulator,4096,200,0.8,142,0.8729323416462537,14.423762835307683,1,5,2
20260217_014102,DpwSubFbmSimulator,4096,200,0.8,143,0.7914107075691642,3.206558791330851,1,5,2
20260217_014102,DpwSubFbmSimulator,4096,200,0.8,144,0.8381985922789401,12.25951117492453,1,5,2
20260217_014102,DpwSubFbmSimulator,4096,200,0.8,145,0.7723347070673402,1.734071999806251,1,5,2
20260217_014102,DpwSubFbmSimulator,4096,200,0.8,146,0.6435798107586268,1.8118209361346802,1,5,2
20260217_014102,DpwSubFbmSimulator,4096,200,0.8,147,0.8322569992358624,3.0769191296843754,1,5,2
20260217_014102,DpwSubFbmSimulator,4096,200,0.8,148,0.6542244845189702,1.4957647383782626,1,5,2
20260217_014102,DpwSubFbmSimulator,4096,200,0.8,149,0.7842703282450278,3.9376225081960583,1,5,2
20260217_014102,DpwSubFbmSimulator,4096,200,0.8,150,0.7908549512985048,2.2418863070033743,1,5,2
20260217_014102,DpwSubFbmSimulator,4096,200,0.8,151,0.8263158489647346,8.221439399722234,1,5,2
20260217_014102,DpwSubFbmSimulator,4096,200,0.8,152,0.8713679934117796,3.106860661645311,1,5,2
20260217_014102,DpwSubFbmSimulator,4096,200,0.8,153,0.6953968240124117,2.334043327035007,1,5,2
20260217_014102,DpwSubFbmSimulator,4096,200,0.8,154,0.6266722239633409,0.3022125244951787,1,5,2
20260217_014102,DpwSubFbmSimulator,4096,200,0.8,155,0.7215920572107638,2.3410844515747096,1,5,2
20260217_014102,DpwSubFbmSimulator,4096,200,0.8,156,0.961824729120153,15.05054897266889,1,5,2
20260217_014102,DpwSubFbmSimulator,4096,200,0.8,157,0.9042383930459617,4.713558206382105,1,5,2
20260217_014102,DpwSubFbmSimulator,4096,200,0.8,158,0.9929461740210705,25.986395358509686,1,5,2
20260217_014102,DpwSubFbmSimulator,4096,200,0.8,159,0.864511210451558,5.775026299994745,1,5,2
20260217_014102,DpwSubFbmSimulator,4096,200,0.8,160,0.6689688475708035,0.6189215617667274,1,5,2
20260217_014102,DpwSubFbmSimulator,4096,200,0.8,161,0.6410897934886718,0.673987990655064,1,5,2
20260217_014102,DpwSubFbmSimulator,4096,200,0.8,162,0.9563434865844282,126.31037215700752,1,5,2
20260217_014102,DpwSubFbmSimulator,4096,200,0.8,163,0.3249439872281784,0.2816475471101406,1,5,2
20260217_014102,DpwSubFbmSimulator,4096,200,0.8,164,0.7983603670596218,3.9526138681100886,1,5,2
20260217_014102,DpwSubFbmSimulator,4096,200,0.8,165,0.5718122794992063,0.7116145464286388,1,5,2
20260217_014102,DpwSubFbmSimulator,4096,200,0.8,166,0.576092140556635,0.33752501229902426,1,5,2
20260217_014102,DpwSubFbmSimulator,4096,200,0.8,167,0.9114284109671638,5.137996289942869,1,5,2
20260217_014102,DpwSubFbmSimulator,4096,200,0.8,168,0.688049635043927,2.029025357073651,1,5,2
20260217_014102,DpwSubFbmSimulator,4096,200,0.8,169,0.8284017629470181,11.147527365096398,1,5,2
20260217_014102,DpwSubFbmSimulator,4096,200,0.8,170,0.6701712850190396,1.7347610932261521,1,5,2
20260217_014102,DpwSubFbmSimulator,4096,200,0.8,171,0.6782636037295452,0.7940871058075971,1,5,2
20260217_014102,DpwSubFbmSimulator,4096,200,0.8,172,0.60467936843059,0.6314001895656034,1,5,2
20260217_014102,DpwSubFbmSimulator,4096,200,0.8,173,0.8330958738529955,4.124110635862371,1,5,2
20260217_014102,DpwSubFbmSimulator,4096,200,0.8,174,0.6881250917120164,1.3807708530567961,1,5,2
20260217_014102,DpwSubFbmSimulator,4096,200,0.8,175,0.9618068694724431,12.076226365431658,1,5,2
20260217_014102,DpwSubFbmSimulator,4096,200,0.8,176,0.6494171908435307,0.7979694831229598,1,5,2
20260217_014102,DpwSubFbmSimulator,4096,200,0.8,177,0.9449850536659041,6.176779591509599,1,5,2
20260217_014102,DpwSubFbmSimulator,4096,200,0.8,178,0.6415071447772124,0.8460701755707506,1,5,2
20260217_014102,DpwSubFbmSimulator,4096,200,0.8,179,0.7434072544138457,2.8750605699461658,1,5,2
20260217_014102,DpwSubFbmSimulator,4096,200,0.8,180,0.7402550838970385,1.176483365608141,1,5,2
20260217_014102,DpwSubFbmSimulator,4096,200,0.8,181,0.6822168520689633,1.4029796021820413,1,5,2
20260217_014102,DpwSubFbmSimulator,4096,200,0.8,182,0.9391351282770453,12.688935842304895,1,5,2
20260217_014102,DpwSubFbmSimulator,4096,200,0.8,183,0.8783235154393242,4.643821622271185,1,5,2
20260217_014102,DpwSubFbmSimulator,4096,200,0.8,184,0.6989697553607138,1.5285519027504297,1,5,2
20260217_014102,DpwSubFbmSimulator,4096,200,0.8,185,0.6614645934464414,1.15911003480109,1,5,2
20260217_014102,DpwSubFbmSimulator,4096,200,0.8,186,0.6615375779879062,0.7463960556195205,1,5,2
20260217_014102,DpwSubFbmSimulator,4096,200,0.8,187,0.9929025559496208,22.676819288463822,1,5,2
20260217_014102,DpwSubFbmSimulator,4096,200,0.8,188,0.9460599110081084,5.54765260688947,1,5,2
20260217_014102,DpwSubFbmSimulator,4096,200,0.8,189,0.7983289356195878,4.366653506712247,1,5,2
20260217_014102,DpwSubFbmSimulator,4096,200,0.8,190,0.2602251783867835,0.3598877053317495,1,5,2
20260217_014102,DpwSubFbmSimulator,4096,200,0.8,191,0.5976990080013168,1.0850423108296154,1,5,2
20260217_014102,DpwSubFbmSimulator,4096,200,0.8,192,0.882954714317791,4.028153862480414,1,5,2
20260217_014102,DpwSubFbmSimulator,4096,200,0.8,193,0.6913392768221174,1.4600878529814032,1,5,2
20260217_014102,DpwSubFbmSimulator,4096,200,0.8,194,0.6445603632563376,0.8797593870154402,1,5,2
20260217_014102,DpwSubFbmSimulator,4096,200,0.8,195,0.7798665451685584,1.9345835374663811,1,5,2
20260217_014102,DpwSubFbmSimulator,4096,200,0.8,196,0.6694574997080701,1.0992982105407356,1,5,2
20260217_014102,DpwSubFbmSimulator,4096,200,0.8,197,0.7362693751566997,6.1044659644041905,1,5,2
20260217_014102,DpwSubFbmSimulator,4096,200,0.8,198,0.601520323323077,0.43004492580440107,1,5,2
20260217_014102,DpwSubFbmSimulator,4096,200,0.8,199,0.9281650114089798,14.565096160417546,1,5,2
20260217_014102,DpwSubFbmSimulator,4096,200,0.8,200,0.7338532367115552,1.1527525143897794,1,5,2
20260217_014102,DpwSubFbmSimulator,4096,200,0.9,1,0.914481831728508,1.741154634370974,1,5,2
20260217_014102,DpwSubFbmSimulator,4096,200,0.9,2,0.8564924199297586,1.6308039256474234,1,5,2
20260217_014102,DpwSubFbmSimulator,4096,200,0.9,3,0.8781738470790514,0.89632460010482,1,5,2
20260217_014102,DpwSubFbmSimulator,4096,200,0.9,4,0.9565497664956096,2.70238148867089,1,5,2
20260217_014102,DpwSubFbmSimulator,4096,200,0.9,5,0.7883052046979172,0.6276050463832571,1,5,2
20260217_014102,DpwSubFbmSimulator,4096,200,0.9,6,0.817548613879769,1.1055553982656638,1,5,2
20260217_014102,DpwSubFbmSimulator,4096,200,0.9,7,0.8809756847198583,2.0426757812803467,1,5,2
20260217_014102,DpwSubFbmSimulator,4096,200,0.9,8,0.9999930391509351,9.825436976964577,1,5,2
20260217_014102,DpwSubFbmSimulator,4096,200,0.9,9,0.9999945464637805,3.238146584936919,1,5,2
20260217_014102,DpwSubFbmSimulator,4096,200,0.9,10,0.9363077934982108,2.2973801393096958,1,5,2
20260217_014102,DpwSubFbmSimulator,4096,200,0.9,11,0.7048856246844131,0.3285248111729051,1,5,2
20260217_014102,DpwSubFbmSimulator,4096,200,0.9,12,0.6608785902393166,0.1652523522004406,1,5,2
20260217_014102,DpwSubFbmSimulator,4096,200,0.9,13,0.9999930391509351,2.3990276222864426,1,5,2
20260217_014102,DpwSubFbmSimulator,4096,200,0.9,14,0.7791793792000079,0.6254218660926059,1,5,2
20260217_014102,DpwSubFbmSimulator,4096,200,0.9,15,0.8481489937666893,1.3624534436196774,1,5,2
20260217_014102,DpwSubFbmSimulator,4096,200,0.9,16,0.934205134446048,1.3914974551095667,1,5,2
20260217_014102,DpwSubFbmSimulator,4096,200,0.9,17,0.7332647799460009,0.22725312218262184,1,5,2
20260217_014102,DpwSubFbmSimulator,4096,200,0.9,18,0.7619490962512482,0.6252914545556393,1,5,2
20260217_014102,DpwSubFbmSimulator,4096,200,0.9,19,0.8374740290247427,1.9822221475376967,1,5,2
20260217_014102,DpwSubFbmSimulator,4096,200,0.9,20,0.8730018125742912,1.0825016800451257,1,5,2
20260217_014102,DpwSubFbmSimulator,4096,200,0.9,21,0.9414535029742377,1.7603889209709298,1,5,2
20260217_014102,DpwSubFbmSimulator,4096,200,0.9,22,0.9999944710425988,2.3826187745033476,1,5,2
20260217_014102,DpwSubFbmSimulator,4096,200,0.9,23,0.6068557053474442,0.21959822319327169,1,5,2
20260217_014102,DpwSubFbmSimulator,4096,200,0.9,24,0.9999952062241398,4.454885205054441,1,5,2
20260217_014102,DpwSubFbmSimulator,4096,200,0.9,25,0.9567894966518108,2.6364816605344887,1,5,2
20260217_014102,DpwSubFbmSimulator,4096,200,0.9,26,0.9999930391509351,3.6201381524977734,1,5,2
20260217_014102,DpwSubFbmSimulator,4096,200,0.9,27,0.9156890994309104,6.801714035720521,1,5,2
20260217_014102,DpwSubFbmSimulator,4096,200,0.9,28,0.7549835568694447,0.3597708926981967,1,5,2
20260217_014102,DpwSubFbmSimulator,4096,200,0.9,29,0.7915645342300984,0.508323621103745,1,5,2
20260217_014102,DpwSubFbmSimulator,4096,200,0.9,30,0.9954436311661926,4.452918865509858,1,5,2
20260217_014102,DpwSubFbmSimulator,4096,200,0.9,31,0.7785690500811288,0.7539596710182712,1,5,2
20260217_014102,DpwSubFbmSimulator,4096,200,0.9,32,0.7830122034187278,0.2265824523849851,1,5,2
20260217_014102,DpwSubFbmSimulator,4096,200,0.9,33,0.797429005337066,1.4639481809893575,1,5,2
20260217_014102,DpwSubFbmSimulator,4096,200,0.9,34,0.8714947719690509,0.950840510639983,1,5,2
20260217_014102,DpwSubFbmSimulator,4096,200,0.9,35,0.9264862055598542,2.6252748366382757,1,5,2
20260217_014102,DpwSubFbmSimulator,4096,200,0.9,36,0.9999930391509351,7.117860221210054,1,5,2
20260217_014102,DpwSubFbmSimulator,4096,200,0.9,37,0.7422046702983197,0.8332950883524433,1,5,2
20260217_014102,DpwSubFbmSimulator,4096,200,0.9,38,0.94767251911929,1.4225349388821882,1,5,2
20260217_014102,DpwSubFbmSimulator,4096,200,0.9,39,0.8470091363924627,3.5020822525684623,1,5,2
20260217_014102,DpwSubFbmSimulator,4096,200,0.9,40,0.9999930391509351,3.3249502108922884,1,5,2
20260217_014102,DpwSubFbmSimulator,4096,200,0.9,41,0.7654634785784132,1.0468221150357957,1,5,2
20260217_014102,DpwSubFbmSimulator,4096,200,0.9,42,0.7403468620260415,0.3522133260290621,1,5,2
20260217_014102,DpwSubFbmSimulator,4096,200,0.9,43,0.9937271417324665,6.2301111270741165,1,5,2
20260217_014102,DpwSubFbmSimulator,4096,200,0.9,44,0.8747733616601886,1.2487488260400423,1,5,2
20260217_014102,DpwSubFbmSimulator,4096,200,0.9,45,0.9207282835213458,2.808362775144978,1,5,2
20260217_014102,DpwSubFbmSimulator,4096,200,0.9,46,0.7909106067480011,0.6127694832871476,1,5,2
20260217_014102,DpwSubFbmSimulator,4096,200,0.9,47,0.32578248437403645,0.19127461224492187,1,5,2
20260217_014102,DpwSubFbmSimulator,4096,200,0.9,48,0.9465705706950972,0.7537775173158685,1,5,2
20260217_014102,DpwSubFbmSimulator,4096,200,0.9,49,0.9156199207373953,0.9316860102120221,1,5,2
20260217_014102,DpwSubFbmSimulator,4096,200,0.9,50,0.7300270124041839,1.0636499672347404,1,5,2
20260217_014102,DpwSubFbmSimulator,4096,200,0.9,51,0.8874509414866101,0.9926780896480405,1,5,2
20260217_014102,DpwSubFbmSimulator,4096,200,0.9,52,0.7088383897168913,0.6629344181095117,1,5,2
20260217_014102,DpwSubFbmSimulator,4096,200,0.9,53,0.7842777990071662,1.4501854095420876,1,5,2
20260217_014102,DpwSubFbmSimulator,4096,200,0.9,54,0.8660882315681986,1.9713932894998483,1,5,2
20260217_014102,DpwSubFbmSimulator,4096,200,0.9,55,0.9442323477443813,5.566877079474071,1,5,2
20260217_014102,DpwSubFbmSimulator,4096,200,0.9,56,0.67266718579505,0.24068804936095378,1,5,2
20260217_014102,DpwSubFbmSimulator,4096,200,0.9,57,0.9564466137485209,2.5528769773754734,1,5,2
20260217_014102,DpwSubFbmSimulator,4096,200,0.9,58,0.9249691139788243,4.2624371515596335,1,5,2
20260217_014102,DpwSubFbmSimulator,4096,200,0.9,59,0.9999953963350079,3.4275489883700785,1,5,2
20260217_014102,DpwSubFbmSimulator,4096,200,0.9,60,0.8846560326702844,3.5737569931661177,1,5,2
20260217_014102,DpwSubFbmSimulator,4096,200,0.9,61,0.9591130265574326,6.0281236591786405,1,5,2
20260217_014102,DpwSubFbmSimulator,4096,200,0.9,62,0.8173083791962233,1.1473618526310407,1,5,2
20260217_014102,DpwSubFbmSimulator,4096,200,0.9,63,0.9999930391509351,1.5665838245043306,1,5,2
20260217_014102,DpwSubFbmSimulator,4096,200,0.9,64,0.9205209291149683,2.1099904328878334,1,5,2
20260217_014102,DpwSubFbmSimulator,4096,200,0.9,65,0.9964536056214869,2.2218608756178466,1,5,2
20260217_014102,DpwSubFbmSimulator,4096,200,0.9,66,0.9466600600718074,2.02698581751655,1,5,2
20260217_014102,DpwSubFbmSimulator,4096,200,0.9,67,0.964005906300549,1.7156371597948787,1,5,2
20260217_014102,DpwSubFbmSimulator,4096,200,0.9,68,0.7959403496703149,0.9728376289545639,1,5,2
20260217_014102,DpwSubFbmSimulator,4096,200,0.9,69,0.8842158039633979,2.0266413576107873,1,5,2
20260217_014102,DpwSubFbmSimulator,4096,200,0.9,70,0.8035621624312386,0.8493507359640705,1,5,2
20260217_014102,DpwSubFbmSimulator,4096,200,0.9,71,0.968962312966522,4.997120905318179,1,5,2
20260217_014102,DpwSubFbmSimulator,4096,200,0.9,72,0.7458522223202336,0.7141057395841769,1,5,2
20260217_014102,DpwSubFbmSimulator,4096,200,0.9,73,0.9655314668788899,2.040838988084906,1,5,2
20260217_014102,DpwSubFbmSimulator,4096,200,0.9,74,0.8200825365386873,1.1187838193564303,1,5,2
20260217_014102,DpwSubFbmSimulator,4096,200,0.9,75,0.9308894099192608,1.9862065458571458,1,5,2
20260217_014102,DpwSubFbmSimulator,4096,200,0.9,76,0.4744777951416399,0.08013106196905016,1,5,2
20260217_014102,DpwSubFbmSimulator,4096,200,0.9,77,0.791819627533233,0.4916680089589496,1,5,2
20260217_014102,DpwSubFbmSimulator,4096,200,0.9,78,0.9021433967360348,5.340111133657244,1,5,2
20260217_014102,DpwSubFbmSimulator,4096,200,0.9,79,0.8123424136930348,1.9446504698734666,1,5,2
20260217_014102,DpwSubFbmSimulator,4096,200,0.9,80,0.7638958642566744,0.6161748738452006,1,5,2
20260217_014102,DpwSubFbmSimulator,4096,200,0.9,81,0.9029936372501043,2.2184538945424257,1,5,2
20260217_014102,DpwSubFbmSimulator,4096,200,0.9,82,0.8113185078524511,1.2623370261492286,1,5,2
20260217_014102,DpwSubFbmSimulator,4096,200,0.9,83,0.8379238338483225,1.1747922176364647,1,5,2
20260217_014102,DpwSubFbmSimulator,4096,200,0.9,84,0.9950784784219999,7.258922807477441,1,5,2
20260217_014102,DpwSubFbmSimulator,4096,200,0.9,85,0.9999930391509351,3.7633186816685424,1,5,2
20260217_014102,DpwSubFbmSimulator,4096,200,0.9,86,0.7304487138658016,0.4425421909380727,1,5,2
20260217_014102,DpwSubFbmSimulator,4096,200,0.9,87,0.8671666690253583,3.5882854778965574,1,5,2
20260217_014102,DpwSubFbmSimulator,4096,200,0.9,88,0.8629068278338462,1.280396959573959,1,5,2
20260217_014102,DpwSubFbmSimulator,4096,200,0.9,89,0.9058665699253181,2.787655523528019,1,5,2
20260217_014102,DpwSubFbmSimulator,4096,200,0.9,90,0.9686226515778708,7.955568839138023,1,5,2
20260217_014102,DpwSubFbmSimulator,4096,200,0.9,91,0.7994180577082048,0.25904211687702156,1,5,2
20260217_014102,DpwSubFbmSimulator,4096,200,0.9,92,0.9067391618311551,1.4982557939443926,1,5,2
20260217_014102,DpwSubFbmSimulator,4096,200,0.9,93,0.9715773076380376,1.9498651016505375,1,5,2
20260217_014102,DpwSubFbmSimulator,4096,200,0.9,94,0.9620979180898591,4.116929842229385,1,5,2
20260217_014102,DpwSubFbmSimulator,4096,200,0.9,95,0.8735091316773491,1.768031442390928,1,5,2
20260217_014102,DpwSubFbmSimulator,4096,200,0.9,96,0.8646039284468263,0.9250447723862414,1,5,2
20260217_014102,DpwSubFbmSimulator,4096,200,0.9,97,0.9246489594752374,2.162923566472618,1,5,2
20260217_014102,DpwSubFbmSimulator,4096,200,0.9,98,0.9430340285193778,2.5977310233651734,1,5,2
20260217_014102,DpwSubFbmSimulator,4096,200,0.9,99,0.9999930391509351,3.9764825736917953,1,5,2
20260217_014102,DpwSubFbmSimulator,4096,200,0.9,100,0.864130403728764,1.1173385488680214,1,5,2
20260217_014102,DpwSubFbmSimulator,4096,200,0.9,101,0.7828688403637563,1.5072562971075063,1,5,2
20260217_014102,DpwSubFbmSimulator,4096,200,0.9,102,0.7230097228585954,0.20093291456803358,1,5,2
20260217_014102,DpwSubFbmSimulator,4096,200,0.9,103,0.7407201696860981,0.5462943643292414,1,5,2
20260217_014102,DpwSubFbmSimulator,4096,200,0.9,104,0.558646159405313,0.08736672991907736,1,5,2
20260217_014102,DpwSubFbmSimulator,4096,200,0.9,105,0.9513291209976298,1.2830278494277156,1,5,2
20260217_014102,DpwSubFbmSimulator,4096,200,0.9,106,0.9532312909255934,2.2060888803926786,1,5,2
20260217_014102,DpwSubFbmSimulator,4096,200,0.9,107,0.9999930391509351,6.4419766353649655,1,5,2
20260217_014102,DpwSubFbmSimulator,4096,200,0.9,108,0.89154348330154,0.6980573554745972,1,5,2
20260217_014102,DpwSubFbmSimulator,4096,200,0.9,109,0.9999930391509351,6.824844672937536,1,5,2
20260217_014102,DpwSubFbmSimulator,4096,200,0.9,110,0.9701516475969867,3.266074508290432,1,5,2
20260217_014102,DpwSubFbmSimulator,4096,200,0.9,111,0.9022785260568269,2.85423783091057,1,5,2
20260217_014102,DpwSubFbmSimulator,4096,200,0.9,112,0.9999930391509351,4.8332756126228045,1,5,2
20260217_014102,DpwSubFbmSimulator,4096,200,0.9,113,0.7907298138443577,1.0573264859317772,1,5,2
20260217_014102,DpwSubFbmSimulator,4096,200,0.9,114,0.8225164734236233,0.5266092841999487,1,5,2
20260217_014102,DpwSubFbmSimulator,4096,200,0.9,115,0.8413211593693953,1.858426393731982,1,5,2
20260217_014102,DpwSubFbmSimulator,4096,200,0.9,116,0.8762216601413121,1.694544972932535,1,5,2
20260217_014102,DpwSubFbmSimulator,4096,200,0.9,117,0.9801540511998681,2.9019241991415075,1,5,2
20260217_014102,DpwSubFbmSimulator,4096,200,0.9,118,0.8618344288317554,0.6405237892272687,1,5,2
20260217_014102,DpwSubFbmSimulator,4096,200,0.9,119,0.61725897480842,0.07751580404223402,1,5,2
20260217_014102,DpwSubFbmSimulator,4096,200,0.9,120,0.8697764308781594,0.7970713622589456,1,5,2
20260217_014102,DpwSubFbmSimulator,4096,200,0.9,121,0.8266266809379185,1.835550896341704,1,5,2
20260217_014102,DpwSubFbmSimulator,4096,200,0.9,122,0.9999930391509351,2.279369306652071,1,5,2
20260217_014102,DpwSubFbmSimulator,4096,200,0.9,123,0.806553568717782,0.30481603379695144,1,5,2
20260217_014102,DpwSubFbmSimulator,4096,200,0.9,124,0.7870415732793925,0.3727618633479584,1,5,2
20260217_014102,DpwSubFbmSimulator,4096,200,0.9,125,0.7626077870345708,0.4918744834093521,1,5,2
20260217_014102,DpwSubFbmSimulator,4096,200,0.9,126,0.9808934797219716,2.056739506174623,1,5,2
20260217_014102,DpwSubFbmSimulator,4096,200,0.9,127,0.7874812031660899,0.28927149805729285,1,5,2
20260217_014102,DpwSubFbmSimulator,4096,200,0.9,128,0.8441263230566027,0.8339127550923594,1,5,2
20260217_014102,DpwSubFbmSimulator,4096,200,0.9,129,0.8321720156271076,1.3542798634441204,1,5,2
20260217_014102,DpwSubFbmSimulator,4096,200,0.9,130,0.8818314143286389,1.5219842846064457,1,5,2
20260217_014102,DpwSubFbmSimulator,4096,200,0.9,131,0.7885142571382909,1.1547931545251962,1,5,2
20260217_014102,DpwSubFbmSimulator,4096,200,0.9,132,0.9999947296776536,2.8019652457073976,1,5,2
20260217_014102,DpwSubFbmSimulator,4096,200,0.9,133,0.9999930391509351,3.1876404503294955,1,5,2
20260217_014102,DpwSubFbmSimulator,4096,200,0.9,134,0.7940640059955354,0.16877232592905628,1,5,2
20260217_014102,DpwSubFbmSimulator,4096,200,0.9,135,0.7748584935752654,0.7632074890513523,1,5,2
20260217_014102,DpwSubFbmSimulator,4096,200,0.9,136,0.9271391609608745,4.082252366562481,1,5,2
20260217_014102,DpwSubFbmSimulator,4096,200,0.9,137,0.7792358644244447,0.7269083821950401,1,5,2
20260217_014102,DpwSubFbmSimulator,4096,200,0.9,138,0.9999930391509351,2.7410985974214177,1,5,2
20260217_014102,DpwSubFbmSimulator,4096,200,0.9,139,0.8456703820281908,2.2188947507157155,1,5,2
20260217_014102,DpwSubFbmSimulator,4096,200,0.9,140,0.922612916090464,2.491611231517029,1,5,2
20260217_014102,DpwSubFbmSimulator,4096,200,0.9,141,0.8893215921898956,3.210147079179674,1,5,2
20260217_014102,DpwSubFbmSimulator,4096,200,0.9,142,0.808248150471517,1.2967020245709493,1,5,2
20260217_014102,DpwSubFbmSimulator,4096,200,0.9,143,0.8484538862420407,1.5159413451913704,1,5,2
20260217_014102,DpwSubFbmSimulator,4096,200,0.9,144,0.7682895442397785,0.9496559758526352,1,5,2
20260217_014102,DpwSubFbmSimulator,4096,200,0.9,145,0.7050534611257255,0.8632290297838408,1,5,2
20260217_014102,DpwSubFbmSimulator,4096,200,0.9,146,0.9400811671425395,3.7126928693206747,1,5,2
20260217_014102,DpwSubFbmSimulator,4096,200,0.9,147,0.6511232924562831,0.32621345760022263,1,5,2
20260217_014102,DpwSubFbmSimulator,4096,200,0.9,148,0.36551078141291693,0.029577266906994363,1,5,2
20260217_014102,DpwSubFbmSimulator,4096,200,0.9,149,0.7116693637110093,0.32341443328677744,1,5,2
20260217_014102,DpwSubFbmSimulator,4096,200,0.9,150,0.9999930391509351,3.710239845906429,1,5,2
20260217_014102,DpwSubFbmSimulator,4096,200,0.9,151,0.9280878560728082,2.7164852646434072,1,5,2
20260217_014102,DpwSubFbmSimulator,4096,200,0.9,152,0.7892751485957284,0.34371817627507334,1,5,2
20260217_014102,DpwSubFbmSimulator,4096,200,0.9,153,0.7766463337432132,0.8095164769646795,1,5,2
20260217_014102,DpwSubFbmSimulator,4096,200,0.9,154,0.9618981816558613,3.270760143581081,1,5,2
20260217_014102,DpwSubFbmSimulator,4096,200,0.9,155,0.8304353436535168,2.248447815941689,1,5,2
20260217_014102,DpwSubFbmSimulator,4096,200,0.9,156,0.9234601112568205,2.181126215037786,1,5,2
20260217_014102,DpwSubFbmSimulator,4096,200,0.9,157,0.9788676008129887,2.7384121579270038,1,5,2
20260217_014102,DpwSubFbmSimulator,4096,200,0.9,158,0.969443174320653,3.5428269947596482,1,5,2
20260217_014102,DpwSubFbmSimulator,4096,200,0.9,159,0.9309729323052746,3.1956262627741836,1,5,2
20260217_014102,DpwSubFbmSimulator,4096,200,0.9,160,0.8853317316175626,1.1326446832631107,1,5,2
20260217_014102,DpwSubFbmSimulator,4096,200,0.9,161,0.7220885043806659,0.7204909395055343,1,5,2
20260217_014102,DpwSubFbmSimulator,4096,200,0.9,162,0.7222842603802488,0.6079258863211422,1,5,2
20260217_014102,DpwSubFbmSimulator,4096,200,0.9,163,0.8850509279965675,1.173696613868612,1,5,2
20260217_014102,DpwSubFbmSimulator,4096,200,0.9,164,0.9999930391509351,3.1899678949305614,1,5,2
20260217_014102,DpwSubFbmSimulator,4096,200,0.9,165,0.8049960476871492,0.61774846476578,1,5,2
20260217_014102,DpwSubFbmSimulator,4096,200,0.9,166,0.9311248571819436,2.822689155147117,1,5,2
20260217_014102,DpwSubFbmSimulator,4096,200,0.9,167,0.7568456948567633,0.412042317268921,1,5,2
20260217_014102,DpwSubFbmSimulator,4096,200,0.9,168,0.7928972029404958,1.837379101076957,1,5,2
20260217_014102,DpwSubFbmSimulator,4096,200,0.9,169,0.9516283583069747,6.733837989006883,1,5,2
20260217_014102,DpwSubFbmSimulator,4096,200,0.9,170,0.8717190217026625,1.106694990718726,1,5,2
20260217_014102,DpwSubFbmSimulator,4096,200,0.9,171,0.8146558243832588,0.7568662304062566,1,5,2
20260217_014102,DpwSubFbmSimulator,4096,200,0.9,172,0.8428445154836471,1.4142330489046269,1,5,2
20260217_014102,DpwSubFbmSimulator,4096,200,0.9,173,0.9240960042990239,1.1905542506788864,1,5,2
20260217_014102,DpwSubFbmSimulator,4096,200,0.9,174,0.9472250966929326,1.1476779467551872,1,5,2
20260217_014102,DpwSubFbmSimulator,4096,200,0.9,175,0.9627121046366658,2.962293333677189,1,5,2
20260217_014102,DpwSubFbmSimulator,4096,200,0.9,176,0.7041229015599777,0.4235727498147219,1,5,2
20260217_014102,DpwSubFbmSimulator,4096,200,0.9,177,0.8911625982571152,1.8586516062641778,1,5,2
20260217_014102,DpwSubFbmSimulator,4096,200,0.9,178,0.8591986880726526,0.9328534402360732,1,5,2
20260217_014102,DpwSubFbmSimulator,4096,200,0.9,179,0.7233068651599811,0.3352303729078234,1,5,2
20260217_014102,DpwSubFbmSimulator,4096,200,0.9,180,0.7998803495894934,0.21284649456664428,1,5,2
20260217_014102,DpwSubFbmSimulator,4096,200,0.9,181,0.8917602650903664,1.3798120049016978,1,5,2
20260217_014102,DpwSubFbmSimulator,4096,200,0.9,182,0.8948005464618963,3.3603450843373404,1,5,2
20260217_014102,DpwSubFbmSimulator,4096,200,0.9,183,0.7784018657778708,0.4290857919831344,1,5,2
20260217_014102,DpwSubFbmSimulator,4096,200,0.9,184,0.9860583603072502,4.380578185422253,1,5,2
20260217_014102,DpwSubFbmSimulator,4096,200,0.9,185,0.9540169635570479,1.4068221574667215,1,5,2
20260217_014102,DpwSubFbmSimulator,4096,200,0.9,186,0.8556592502308072,1.1533790576967393,1,5,2
20260217_014102,DpwSubFbmSimulator,4096,200,0.9,187,0.8484872860573154,0.7356406766158475,1,5,2
20260217_014102,DpwSubFbmSimulator,4096,200,0.9,188,0.8902083197411105,1.6750265384344023,1,5,2
20260217_014102,DpwSubFbmSimulator,4096,200,0.9,189,0.8456925087210991,0.968297194730285,1,5,2
20260217_014102,DpwSubFbmSimulator,4096,200,0.9,190,0.8841671228872587,0.6255416949276164,1,5,2
20260217_014102,DpwSubFbmSimulator,4096,200,0.9,191,0.8363128944597252,1.6895334229834487,1,5,2
20260217_014102,DpwSubFbmSimulator,4096,200,0.9,192,0.8024761122792944,1.6472212005837534,1,5,2
20260217_014102,DpwSubFbmSimulator,4096,200,0.9,193,0.9527883816750845,2.4298743863968215,1,5,2
20260217_014102,DpwSubFbmSimulator,4096,200,0.9,194,0.8949159248745076,2.1764294911364748,1,5,2
20260217_014102,DpwSubFbmSimulator,4096,200,0.9,195,0.7319195380684091,0.2812842698707256,1,5,2
20260217_014102,DpwSubFbmSimulator,4096,200,0.9,196,0.9999930034208704,1.6121632420954586,1,5,2
20260217_014102,DpwSubFbmSimulator,4096,200,0.9,197,0.9999930391509351,2.6623995563619753,1,5,2
20260217_014102,DpwSubFbmSimulator,4096,200,0.9,198,0.8623679079173212,1.5356502409170283,1,5,2
20260217_014102,DpwSubFbmSimulator,4096,200,0.9,199,0.6875602117254327,0.3562165235127977,1,5,2
20260217_014102,DpwSubFbmSimulator,4096,200,0.9,200,0.9999930391509351,2.3958940426004687,1,5,2