run_id,process,N,trials,H0,trial,H_hat,sigma2_hat,K,L,sigma
20260212_183903,DpwFbmSimulator,4096,200,0.1,1,0.14959666403172345,,0.1,5,1
20260212_183903,DpwFbmSimulator,4096,200,0.1,2,0.10074763861875304,,0.1,5,1
20260212_183903,DpwFbmSimulator,4096,200,0.1,3,0.14431614428393003,,0.1,5,1
20260212_183903,DpwFbmSimulator,4096,200,0.1,4,-0.04469654162776737,,0.1,5,1
20260212_183903,DpwFbmSimulator,4096,200,0.1,5,-0.007306027975262138,,0.1,5,1
20260212_183903,DpwFbmSimulator,4096,200,0.1,6,0.1651987048637292,,0.1,5,1
20260212_183903,DpwFbmSimulator,4096,200,0.1,7,0.032867564076624174,,0.1,5,1
20260212_183903,DpwFbmSimulator,4096,200,0.1,8,0.22173160993701907,,0.1,5,1
20260212_183903,DpwFbmSimulator,4096,200,0.1,9,0.20881513978318375,,0.1,5,1
20260212_183903,DpwFbmSimulator,4096,200,0.1,10,0.11914223314255423,,0.1,5,1
20260212_183903,DpwFbmSimulator,4096,200,0.1,11,0.040069991518677614,,0.1,5,1
20260212_183903,DpwFbmSimulator,4096,200,0.1,12,0.12639677272160071,,0.1,5,1
20260212_183903,DpwFbmSimulator,4096,200,0.1,13,0.03263671713648342,,0.1,5,1
20260212_183903,DpwFbmSimulator,4096,200,0.1,14,0.046494300448038574,,0.1,5,1
20260212_183903,DpwFbmSimulator,4096,200,0.1,15,0.10706812637674698,,0.1,5,1
20260212_183903,DpwFbmSimulator,4096,200,0.1,16,0.11476168466753786,,0.1,5,1
20260212_183903,DpwFbmSimulator,4096,200,0.1,17,0.06382459965823176,,0.1,5,1
20260212_183903,DpwFbmSimulator,4096,200,0.1,18,0.12483243250483624,,0.1,5,1
20260212_183903,DpwFbmSimulator,4096,200,0.1,19,0.05293930926592804,,0.1,5,1
20260212_183903,DpwFbmSimulator,4096,200,0.1,20,0.09509517384983784,,0.1,5,1
20260212_183903,DpwFbmSimulator,4096,200,0.1,21,0.13549288833779122,,0.1,5,1
20260212_183903,DpwFbmSimulator,4096,200,0.1,22,0.14846123374321502,,0.1,5,1
20260212_183903,DpwFbmSimulator,4096,200,0.1,23,0.27025745282559077,,0.1,5,1
20260212_183903,DpwFbmSimulator,4096,200,0.1,24,0.14016829796119662,,0.1,5,1
20260212_183903,DpwFbmSimulator,4096,200,0.1,25,0.04626348877884711,,0.1,5,1
20260212_183903,DpwFbmSimulator,4096,200,0.1,26,0.13450670918088548,,0.1,5,1
20260212_183903,DpwFbmSimulator,4096,200,0.1,27,-0.06280393384014679,,0.1,5,1
20260212_183903,DpwFbmSimulator,4096,200,0.1,28,0.09522147062341688,,0.1,5,1
20260212_183903,DpwFbmSimulator,4096,200,0.1,29,0.13893344826165788,,0.1,5,1
20260212_183903,DpwFbmSimulator,4096,200,0.1,30,0.0696631086645093,,0.1,5,1
20260212_183903,DpwFbmSimulator,4096,200,0.1,31,0.09605159629863554,,0.1,5,1
20260212_183903,DpwFbmSimulator,4096,200,0.1,32,0.05933946395133177,,0.1,5,1
20260212_183903,DpwFbmSimulator,4096,200,0.1,33,0.02047070980936691,,0.1,5,1
20260212_183903,DpwFbmSimulator,4096,200,0.1,34,0.11652331132408192,,0.1,5,1
20260212_183903,DpwFbmSimulator,4096,200,0.1,35,0.10844497617529714,,0.1,5,1
20260212_183903,DpwFbmSimulator,4096,200,0.1,36,0.144054135553952,,0.1,5,1
20260212_183903,DpwFbmSimulator,4096,200,0.1,37,0.14452945469350184,,0.1,5,1
20260212_183903,DpwFbmSimulator,4096,200,0.1,38,0.17602900560019527,,0.1,5,1
20260212_183903,DpwFbmSimulator,4096,200,0.1,39,0.11918097491771329,,0.1,5,1
20260212_183903,DpwFbmSimulator,4096,200,0.1,40,0.09389165453206938,,0.1,5,1
20260212_183903,DpwFbmSimulator,4096,200,0.1,41,0.12276386516160649,,0.1,5,1
20260212_183903,DpwFbmSimulator,4096,200,0.1,42,0.18643814568056682,,0.1,5,1
20260212_183903,DpwFbmSimulator,4096,200,0.1,43,0.1569414481704283,,0.1,5,1
20260212_183903,DpwFbmSimulator,4096,200,0.1,44,0.2241358308872427,,0.1,5,1
20260212_183903,DpwFbmSimulator,4096,200,0.1,45,0.18420365400332164,,0.1,5,1
20260212_183903,DpwFbmSimulator,4096,200,0.1,46,-0.09064719288572443,,0.1,5,1
20260212_183903,DpwFbmSimulator,4096,200,0.1,47,0.09174380269954681,,0.1,5,1
20260212_183903,DpwFbmSimulator,4096,200,0.1,48,0.14038860731736902,,0.1,5,1
20260212_183903,DpwFbmSimulator,4096,200,0.1,49,0.12660779031828384,,0.1,5,1
20260212_183903,DpwFbmSimulator,4096,200,0.1,50,0.13359661046096027,,0.1,5,1
20260212_183903,DpwFbmSimulator,4096,200,0.1,51,0.12815103551759902,,0.1,5,1
20260212_183903,DpwFbmSimulator,4096,200,0.1,52,0.07265213981018244,,0.1,5,1
20260212_183903,DpwFbmSimulator,4096,200,0.1,53,0.036893446974119816,,0.1,5,1
20260212_183903,DpwFbmSimulator,4096,200,0.1,54,0.1478804529331789,,0.1,5,1
20260212_183903,DpwFbmSimulator,4096,200,0.1,55,0.11029563241419618,,0.1,5,1
20260212_183903,DpwFbmSimulator,4096,200,0.1,56,0.11271964668152439,,0.1,5,1
20260212_183903,DpwFbmSimulator,4096,200,0.1,57,0.09896118923573037,,0.1,5,1
20260212_183903,DpwFbmSimulator,4096,200,0.1,58,0.07371271978560297,,0.1,5,1
20260212_183903,DpwFbmSimulator,4096,200,0.1,59,0.08742377633835634,,0.1,5,1
20260212_183903,DpwFbmSimulator,4096,200,0.1,60,0.10595590604900629,,0.1,5,1
20260212_183903,DpwFbmSimulator,4096,200,0.1,61,0.16870697301607604,,0.1,5,1
20260212_183903,DpwFbmSimulator,4096,200,0.1,62,0.16495831757102275,,0.1,5,1
20260212_183903,DpwFbmSimulator,4096,200,0.1,63,0.12130400434447726,,0.1,5,1
20260212_183903,DpwFbmSimulator,4096,200,0.1,64,0.17599971987099527,,0.1,5,1
20260212_183903,DpwFbmSimulator,4096,200,0.1,65,0.15656757680495204,,0.1,5,1
20260212_183903,DpwFbmSimulator,4096,200,0.1,66,0.19767322638806967,,0.1,5,1
20260212_183903,DpwFbmSimulator,4096,200,0.1,67,0.20042031865129667,,0.1,5,1
20260212_183903,DpwFbmSimulator,4096,200,0.1,68,0.1841156433009176,,0.1,5,1
20260212_183903,DpwFbmSimulator,4096,200,0.1,69,0.14159169409902178,,0.1,5,1
20260212_183903,DpwFbmSimulator,4096,200,0.1,70,0.13074307784839556,,0.1,5,1
20260212_183903,DpwFbmSimulator,4096,200,0.1,71,0.13646579910035894,,0.1,5,1
20260212_183903,DpwFbmSimulator,4096,200,0.1,72,0.10379342368298526,,0.1,5,1
20260212_183903,DpwFbmSimulator,4096,200,0.1,73,0.10860200173924277,,0.1,5,1
20260212_183903,DpwFbmSimulator,4096,200,0.1,74,0.14406635369307144,,0.1,5,1
20260212_183903,DpwFbmSimulator,4096,200,0.1,75,0.15169217554677494,,0.1,5,1
20260212_183903,DpwFbmSimulator,4096,200,0.1,76,0.01749702484748993,,0.1,5,1
20260212_183903,DpwFbmSimulator,4096,200,0.1,77,0.14994292876495421,,0.1,5,1
20260212_183903,DpwFbmSimulator,4096,200,0.1,78,0.15681698863694649,,0.1,5,1
20260212_183903,DpwFbmSimulator,4096,200,0.1,79,0.04428732411029873,,0.1,5,1
20260212_183903,DpwFbmSimulator,4096,200,0.1,80,0.13956394564279018,,0.1,5,1
20260212_183903,DpwFbmSimulator,4096,200,0.1,81,0.05210930223124928,,0.1,5,1
20260212_183903,DpwFbmSimulator,4096,200,0.1,82,0.1430662979384537,,0.1,5,1
20260212_183903,DpwFbmSimulator,4096,200,0.1,83,0.1030712902252909,,0.1,5,1
20260212_183903,DpwFbmSimulator,4096,200,0.1,84,0.15698095685481162,,0.1,5,1
20260212_183903,DpwFbmSimulator,4096,200,0.1,85,0.11890634661282858,,0.1,5,1
20260212_183903,DpwFbmSimulator,4096,200,0.1,86,0.1562638218153877,,0.1,5,1
20260212_183903,DpwFbmSimulator,4096,200,0.1,87,0.151996529927228,,0.1,5,1
20260212_183903,DpwFbmSimulator,4096,200,0.1,88,0.08229080407954563,,0.1,5,1
20260212_183903,DpwFbmSimulator,4096,200,0.1,89,0.05312852884690888,,0.1,5,1
20260212_183903,DpwFbmSimulator,4096,200,0.1,90,0.10083379990249985,,0.1,5,1
20260212_183903,DpwFbmSimulator,4096,200,0.1,91,0.11056642387632677,,0.1,5,1
20260212_183903,DpwFbmSimulator,4096,200,0.1,92,0.14974262661744217,,0.1,5,1
20260212_183903,DpwFbmSimulator,4096,200,0.1,93,0.09554228767720807,,0.1,5,1
20260212_183903,DpwFbmSimulator,4096,200,0.1,94,-0.12106534486681503,,0.1,5,1
20260212_183903,DpwFbmSimulator,4096,200,0.1,95,0.12418962445459379,,0.1,5,1
20260212_183903,DpwFbmSimulator,4096,200,0.1,96,0.0687659522235452,,0.1,5,1
20260212_183903,DpwFbmSimulator,4096,200,0.1,97,0.21580705317639798,,0.1,5,1
20260212_183903,DpwFbmSimulator,4096,200,0.1,98,0.06809972697169495,,0.1,5,1
20260212_183903,DpwFbmSimulator,4096,200,0.1,99,0.11220749630809822,,0.1,5,1
20260212_183903,DpwFbmSimulator,4096,200,0.1,100,0.13155131750682075,,0.1,5,1
20260212_183903,DpwFbmSimulator,4096,200,0.1,101,0.020980004162949612,,0.1,5,1
20260212_183903,DpwFbmSimulator,4096,200,0.1,102,0.08765857571180172,,0.1,5,1
20260212_183903,DpwFbmSimulator,4096,200,0.1,103,0.1712805744384836,,0.1,5,1
20260212_183903,DpwFbmSimulator,4096,200,0.1,104,0.16491530856324635,,0.1,5,1
20260212_183903,DpwFbmSimulator,4096,200,0.1,105,0.04667378966213098,,0.1,5,1
20260212_183903,DpwFbmSimulator,4096,200,0.1,106,0.13859950722834902,,0.1,5,1
20260212_183903,DpwFbmSimulator,4096,200,0.1,107,0.03470391096285011,,0.1,5,1
20260212_183903,DpwFbmSimulator,4096,200,0.1,108,0.12605025266286282,,0.1,5,1
20260212_183903,DpwFbmSimulator,4096,200,0.1,109,0.054995781969657306,,0.1,5,1
20260212_183903,DpwFbmSimulator,4096,200,0.1,110,-0.06871388738088673,,0.1,5,1
20260212_183903,DpwFbmSimulator,4096,200,0.1,111,0.17877308438696782,,0.1,5,1
20260212_183903,DpwFbmSimulator,4096,200,0.1,112,0.21680720730393319,,0.1,5,1
20260212_183903,DpwFbmSimulator,4096,200,0.1,113,0.08880749734798114,,0.1,5,1
20260212_183903,DpwFbmSimulator,4096,200,0.1,114,0.20292577692271704,,0.1,5,1
20260212_183903,DpwFbmSimulator,4096,200,0.1,115,0.06974359738019786,,0.1,5,1
20260212_183903,DpwFbmSimulator,4096,200,0.1,116,0.12905047578808754,,0.1,5,1
20260212_183903,DpwFbmSimulator,4096,200,0.1,117,0.19298814298908554,,0.1,5,1
20260212_183903,DpwFbmSimulator,4096,200,0.1,118,0.144715316779449,,0.1,5,1
20260212_183903,DpwFbmSimulator,4096,200,0.1,119,0.14398543754320034,,0.1,5,1
20260212_183903,DpwFbmSimulator,4096,200,0.1,120,0.1326340291095316,,0.1,5,1
20260212_183903,DpwFbmSimulator,4096,200,0.1,121,0.06242963174922249,,0.1,5,1
20260212_183903,DpwFbmSimulator,4096,200,0.1,122,0.11116667586984616,,0.1,5,1
20260212_183903,DpwFbmSimulator,4096,200,0.1,123,0.16121328799296267,,0.1,5,1
20260212_183903,DpwFbmSimulator,4096,200,0.1,124,0.07992480846717856,,0.1,5,1
20260212_183903,DpwFbmSimulator,4096,200,0.1,125,0.08868953436916392,,0.1,5,1
20260212_183903,DpwFbmSimulator,4096,200,0.1,126,-0.03488072436107237,,0.1,5,1
20260212_183903,DpwFbmSimulator,4096,200,0.1,127,0.14591190339932622,,0.1,5,1
20260212_183903,DpwFbmSimulator,4096,200,0.1,128,0.2082224759927883,,0.1,5,1
20260212_183903,DpwFbmSimulator,4096,200,0.1,129,0.1521541558016409,,0.1,5,1
20260212_183903,DpwFbmSimulator,4096,200,0.1,130,0.08448696046720985,,0.1,5,1
20260212_183903,DpwFbmSimulator,4096,200,0.1,131,0.1431434380843803,,0.1,5,1
20260212_183903,DpwFbmSimulator,4096,200,0.1,132,0.11380565975684444,,0.1,5,1
20260212_183903,DpwFbmSimulator,4096,200,0.1,133,0.15122269703712843,,0.1,5,1
20260212_183903,DpwFbmSimulator,4096,200,0.1,134,0.13678572312475115,,0.1,5,1
20260212_183903,DpwFbmSimulator,4096,200,0.1,135,0.1942945698842981,,0.1,5,1
20260212_183903,DpwFbmSimulator,4096,200,0.1,136,0.12852647238049494,,0.1,5,1
20260212_183903,DpwFbmSimulator,4096,200,0.1,137,0.07431569593432272,,0.1,5,1
20260212_183903,DpwFbmSimulator,4096,200,0.1,138,0.03521806552030553,,0.1,5,1
20260212_183903,DpwFbmSimulator,4096,200,0.1,139,0.18306903626088364,,0.1,5,1
20260212_183903,DpwFbmSimulator,4096,200,0.1,140,0.06684720290054921,,0.1,5,1
20260212_183903,DpwFbmSimulator,4096,200,0.1,141,0.0771634605470256,,0.1,5,1
20260212_183903,DpwFbmSimulator,4096,200,0.1,142,0.18621189543461544,,0.1,5,1
20260212_183903,DpwFbmSimulator,4096,200,0.1,143,0.15621974670435826,,0.1,5,1
20260212_183903,DpwFbmSimulator,4096,200,0.1,144,0.16090522729206327,,0.1,5,1
20260212_183903,DpwFbmSimulator,4096,200,0.1,145,0.12586891078762494,,0.1,5,1
20260212_183903,DpwFbmSimulator,4096,200,0.1,146,0.05167617451308671,,0.1,5,1
20260212_183903,DpwFbmSimulator,4096,200,0.1,147,0.025157639991983144,,0.1,5,1
20260212_183903,DpwFbmSimulator,4096,200,0.1,148,0.0843445238436946,,0.1,5,1
20260212_183903,DpwFbmSimulator,4096,200,0.1,149,0.1514725577366536,,0.1,5,1
20260212_183903,DpwFbmSimulator,4096,200,0.1,150,0.09419890241134633,,0.1,5,1
20260212_183903,DpwFbmSimulator,4096,200,0.1,151,-0.012713330883758244,,0.1,5,1
20260212_183903,DpwFbmSimulator,4096,200,0.1,152,0.10990600626227671,,0.1,5,1
20260212_183903,DpwFbmSimulator,4096,200,0.1,153,0.08692421729808975,,0.1,5,1
20260212_183903,DpwFbmSimulator,4096,200,0.1,154,-0.050407013802565154,,0.1,5,1
20260212_183903,DpwFbmSimulator,4096,200,0.1,155,0.10200746652501645,,0.1,5,1
20260212_183903,DpwFbmSimulator,4096,200,0.1,156,0.12807606604259003,,0.1,5,1
20260212_183903,DpwFbmSimulator,4096,200,0.1,157,0.15404908536809675,,0.1,5,1
20260212_183903,DpwFbmSimulator,4096,200,0.1,158,0.014211778071564431,,0.1,5,1
20260212_183903,DpwFbmSimulator,4096,200,0.1,159,0.15107998825770472,,0.1,5,1
20260212_183903,DpwFbmSimulator,4096,200,0.1,160,0.20384480518204415,,0.1,5,1
20260212_183903,DpwFbmSimulator,4096,200,0.1,161,0.13835199171951046,,0.1,5,1
20260212_183903,DpwFbmSimulator,4096,200,0.1,162,0.16329171264036443,,0.1,5,1
20260212_183903,DpwFbmSimulator,4096,200,0.1,163,0.08206172979525525,,0.1,5,1
20260212_183903,DpwFbmSimulator,4096,200,0.1,164,0.1420920613589919,,0.1,5,1
20260212_183903,DpwFbmSimulator,4096,200,0.1,165,0.13291348481688892,,0.1,5,1
20260212_183903,DpwFbmSimulator,4096,200,0.1,166,0.08128409645013465,,0.1,5,1
20260212_183903,DpwFbmSimulator,4096,200,0.1,167,0.07015716209626535,,0.1,5,1
20260212_183903,DpwFbmSimulator,4096,200,0.1,168,0.13935227864469854,,0.1,5,1
20260212_183903,DpwFbmSimulator,4096,200,0.1,169,0.10731983274460945,,0.1,5,1
20260212_183903,DpwFbmSimulator,4096,200,0.1,170,0.2114200816858392,,0.1,5,1
20260212_183903,DpwFbmSimulator,4096,200,0.1,171,0.1627917331388228,,0.1,5,1
20260212_183903,DpwFbmSimulator,4096,200,0.1,172,0.09785295896744989,,0.1,5,1
20260212_183903,DpwFbmSimulator,4096,200,0.1,173,0.10138217674316957,,0.1,5,1
20260212_183903,DpwFbmSimulator,4096,200,0.1,174,0.07568818942040133,,0.1,5,1
20260212_183903,DpwFbmSimulator,4096,200,0.1,175,0.12694345505670815,,0.1,5,1
20260212_183903,DpwFbmSimulator,4096,200,0.1,176,0.02238828802706203,,0.1,5,1
20260212_183903,DpwFbmSimulator,4096,200,0.1,177,0.0967172240113526,,0.1,5,1
20260212_183903,DpwFbmSimulator,4096,200,0.1,178,0.12352566811860269,,0.1,5,1
20260212_183903,DpwFbmSimulator,4096,200,0.1,179,0.15824781423147607,,0.1,5,1
20260212_183903,DpwFbmSimulator,4096,200,0.1,180,0.09797320716490346,,0.1,5,1
20260212_183903,DpwFbmSimulator,4096,200,0.1,181,0.09041961579553216,,0.1,5,1
20260212_183903,DpwFbmSimulator,4096,200,0.1,182,0.009102185156319725,,0.1,5,1
20260212_183903,DpwFbmSimulator,4096,200,0.1,183,0.16525534121202942,,0.1,5,1
20260212_183903,DpwFbmSimulator,4096,200,0.1,184,0.16775284103050972,,0.1,5,1
20260212_183903,DpwFbmSimulator,4096,200,0.1,185,0.07192961313608166,,0.1,5,1
20260212_183903,DpwFbmSimulator,4096,200,0.1,186,0.12942781790743957,,0.1,5,1
20260212_183903,DpwFbmSimulator,4096,200,0.1,187,0.20700624534861298,,0.1,5,1
20260212_183903,DpwFbmSimulator,4096,200,0.1,188,-0.10768007588936117,,0.1,5,1
20260212_183903,DpwFbmSimulator,4096,200,0.1,189,0.1735413003891157,,0.1,5,1
20260212_183903,DpwFbmSimulator,4096,200,0.1,190,0.09675078290056269,,0.1,5,1
20260212_183903,DpwFbmSimulator,4096,200,0.1,191,0.1394380680931164,,0.1,5,1
20260212_183903,DpwFbmSimulator,4096,200,0.1,192,0.004225793778039315,,0.1,5,1
20260212_183903,DpwFbmSimulator,4096,200,0.1,193,0.15520244980885037,,0.1,5,1
20260212_183903,DpwFbmSimulator,4096,200,0.1,194,0.17510723194621758,,0.1,5,1
20260212_183903,DpwFbmSimulator,4096,200,0.1,195,0.1447441136427768,,0.1,5,1
20260212_183903,DpwFbmSimulator,4096,200,0.1,196,0.11662440269450684,,0.1,5,1
20260212_183903,DpwFbmSimulator,4096,200,0.1,197,0.13229446326932884,,0.1,5,1
20260212_183903,DpwFbmSimulator,4096,200,0.1,198,0.0905047741283141,,0.1,5,1
20260212_183903,DpwFbmSimulator,4096,200,0.1,199,0.10064682020873789,,0.1,5,1
20260212_183903,DpwFbmSimulator,4096,200,0.1,200,0.1642387165581286,,0.1,5,1
20260212_183903,DpwFbmSimulator,4096,200,0.2,1,0.19426025141600714,,0.1,5,1
20260212_183903,DpwFbmSimulator,4096,200,0.2,2,0.28141040133698053,,0.1,5,1
20260212_183903,DpwFbmSimulator,4096,200,0.2,3,0.2620297462880837,,0.1,5,1
20260212_183903,DpwFbmSimulator,4096,200,0.2,4,0.2505279330189765,,0.1,5,1
20260212_183903,DpwFbmSimulator,4096,200,0.2,5,0.1785319085970053,,0.1,5,1
20260212_183903,DpwFbmSimulator,4096,200,0.2,6,0.19794045824168013,,0.1,5,1
20260212_183903,DpwFbmSimulator,4096,200,0.2,7,0.12104387946349347,,0.1,5,1
20260212_183903,DpwFbmSimulator,4096,200,0.2,8,0.32155552074273935,,0.1,5,1
20260212_183903,DpwFbmSimulator,4096,200,0.2,9,0.15507005263569107,,0.1,5,1
20260212_183903,DpwFbmSimulator,4096,200,0.2,10,0.26403172938455705,,0.1,5,1
20260212_183903,DpwFbmSimulator,4096,200,0.2,11,0.17733183572068803,,0.1,5,1
20260212_183903,DpwFbmSimulator,4096,200,0.2,12,0.21432948142993954,,0.1,5,1
20260212_183903,DpwFbmSimulator,4096,200,0.2,13,0.23125527707585253,,0.1,5,1
20260212_183903,DpwFbmSimulator,4096,200,0.2,14,-0.00622254449231962,,0.1,5,1
20260212_183903,DpwFbmSimulator,4096,200,0.2,15,0.3229116437369434,,0.1,5,1
20260212_183903,DpwFbmSimulator,4096,200,0.2,16,0.2160103549315167,,0.1,5,1
20260212_183903,DpwFbmSimulator,4096,200,0.2,17,0.23559193456062694,,0.1,5,1
20260212_183903,DpwFbmSimulator,4096,200,0.2,18,0.2818750530590674,,0.1,5,1
20260212_183903,DpwFbmSimulator,4096,200,0.2,19,0.1685817109797591,,0.1,5,1
20260212_183903,DpwFbmSimulator,4096,200,0.2,20,0.26665845425112084,,0.1,5,1
20260212_183903,DpwFbmSimulator,4096,200,0.2,21,0.2719896153538827,,0.1,5,1
20260212_183903,DpwFbmSimulator,4096,200,0.2,22,0.14686169359072,,0.1,5,1
20260212_183903,DpwFbmSimulator,4096,200,0.2,23,0.22435897534119306,,0.1,5,1
20260212_183903,DpwFbmSimulator,4096,200,0.2,24,0.19303720025847504,,0.1,5,1
20260212_183903,DpwFbmSimulator,4096,200,0.2,25,0.2848354362417317,,0.1,5,1
20260212_183903,DpwFbmSimulator,4096,200,0.2,26,0.16013676028383267,,0.1,5,1
20260212_183903,DpwFbmSimulator,4096,200,0.2,27,0.1850506463497415,,0.1,5,1
20260212_183903,DpwFbmSimulator,4096,200,0.2,28,0.1533312982025779,,0.1,5,1
20260212_183903,DpwFbmSimulator,4096,200,0.2,29,0.1889003542896988,,0.1,5,1
20260212_183903,DpwFbmSimulator,4096,200,0.2,30,0.2134675739409025,,0.1,5,1
20260212_183903,DpwFbmSimulator,4096,200,0.2,31,0.22465479664323962,,0.1,5,1
20260212_183903,DpwFbmSimulator,4096,200,0.2,32,0.19801671751540134,,0.1,5,1
20260212_183903,DpwFbmSimulator,4096,200,0.2,33,0.24827894821387747,,0.1,5,1
20260212_183903,DpwFbmSimulator,4096,200,0.2,34,0.1659124008208671,,0.1,5,1
20260212_183903,DpwFbmSimulator,4096,200,0.2,35,0.2053384826029937,,0.1,5,1
20260212_183903,DpwFbmSimulator,4096,200,0.2,36,0.2012602422252094,,0.1,5,1
20260212_183903,DpwFbmSimulator,4096,200,0.2,37,0.23071918295140412,,0.1,5,1
20260212_183903,DpwFbmSimulator,4096,200,0.2,38,0.18980986106206343,,0.1,5,1
20260212_183903,DpwFbmSimulator,4096,200,0.2,39,0.2271236524983872,,0.1,5,1
20260212_183903,DpwFbmSimulator,4096,200,0.2,40,0.12099915952306767,,0.1,5,1
20260212_183903,DpwFbmSimulator,4096,200,0.2,41,0.11490259174978491,,0.1,5,1
20260212_183903,DpwFbmSimulator,4096,200,0.2,42,0.07787683427988755,,0.1,5,1
20260212_183903,DpwFbmSimulator,4096,200,0.2,43,0.22569414727361967,,0.1,5,1
20260212_183903,DpwFbmSimulator,4096,200,0.2,44,0.2169515357282113,,0.1,5,1
20260212_183903,DpwFbmSimulator,4096,200,0.2,45,0.26995537162750044,,0.1,5,1
20260212_183903,DpwFbmSimulator,4096,200,0.2,46,0.30129941448857595,,0.1,5,1
20260212_183903,DpwFbmSimulator,4096,200,0.2,47,0.1835703782638983,,0.1,5,1
20260212_183903,DpwFbmSimulator,4096,200,0.2,48,0.09057457069603539,,0.1,5,1
20260212_183903,DpwFbmSimulator,4096,200,0.2,49,0.24926848375641328,,0.1,5,1
20260212_183903,DpwFbmSimulator,4096,200,0.2,50,0.15170574757536634,,0.1,5,1
20260212_183903,DpwFbmSimulator,4096,200,0.2,51,0.25482294946662387,,0.1,5,1
20260212_183903,DpwFbmSimulator,4096,200,0.2,52,0.17260008929754142,,0.1,5,1
20260212_183903,DpwFbmSimulator,4096,200,0.2,53,0.15938650645425245,,0.1,5,1
20260212_183903,DpwFbmSimulator,4096,200,0.2,54,0.18645322716204565,,0.1,5,1
20260212_183903,DpwFbmSimulator,4096,200,0.2,55,0.25672344965444766,,0.1,5,1
20260212_183903,DpwFbmSimulator,4096,200,0.2,56,0.19443753520739562,,0.1,5,1
20260212_183903,DpwFbmSimulator,4096,200,0.2,57,0.18084249309884964,,0.1,5,1
20260212_183903,DpwFbmSimulator,4096,200,0.2,58,0.21095403201038762,,0.1,5,1
20260212_183903,DpwFbmSimulator,4096,200,0.2,59,0.2785493502239071,,0.1,5,1
20260212_183903,DpwFbmSimulator,4096,200,0.2,60,0.1261130716747037,,0.1,5,1
20260212_183903,DpwFbmSimulator,4096,200,0.2,61,0.2355314780922428,,0.1,5,1
20260212_183903,DpwFbmSimulator,4096,200,0.2,62,0.2573668223416886,,0.1,5,1
20260212_183903,DpwFbmSimulator,4096,200,0.2,63,0.283649965684673,,0.1,5,1
20260212_183903,DpwFbmSimulator,4096,200,0.2,64,0.24141925389770302,,0.1,5,1
20260212_183903,DpwFbmSimulator,4096,200,0.2,65,0.21578857918792277,,0.1,5,1
20260212_183903,DpwFbmSimulator,4096,200,0.2,66,0.08915413005778147,,0.1,5,1
20260212_183903,DpwFbmSimulator,4096,200,0.2,67,0.1433377165366931,,0.1,5,1
20260212_183903,DpwFbmSimulator,4096,200,0.2,68,0.27241530315293,,0.1,5,1
20260212_183903,DpwFbmSimulator,4096,200,0.2,69,0.32621002398601245,,0.1,5,1
20260212_183903,DpwFbmSimulator,4096,200,0.2,70,0.25620381884452387,,0.1,5,1
20260212_183903,DpwFbmSimulator,4096,200,0.2,71,0.24392875695686186,,0.1,5,1
20260212_183903,DpwFbmSimulator,4096,200,0.2,72,0.1674951616820193,,0.1,5,1
20260212_183903,DpwFbmSimulator,4096,200,0.2,73,0.2588201733629463,,0.1,5,1
20260212_183903,DpwFbmSimulator,4096,200,0.2,74,0.19036759012153762,,0.1,5,1
20260212_183903,DpwFbmSimulator,4096,200,0.2,75,0.2982142983011726,,0.1,5,1
20260212_183903,DpwFbmSimulator,4096,200,0.2,76,0.20089887083386482,,0.1,5,1
20260212_183903,DpwFbmSimulator,4096,200,0.2,77,0.2122575295053258,,0.1,5,1
20260212_183903,DpwFbmSimulator,4096,200,0.2,78,0.27304965267157055,,0.1,5,1
20260212_183903,DpwFbmSimulator,4096,200,0.2,79,0.18587557889804415,,0.1,5,1
20260212_183903,DpwFbmSimulator,4096,200,0.2,80,0.19569612900460673,,0.1,5,1
20260212_183903,DpwFbmSimulator,4096,200,0.2,81,0.27165844438506087,,0.1,5,1
20260212_183903,DpwFbmSimulator,4096,200,0.2,82,0.1999254457253014,,0.1,5,1
20260212_183903,DpwFbmSimulator,4096,200,0.2,83,0.20479970155278837,,0.1,5,1
20260212_183903,DpwFbmSimulator,4096,200,0.2,84,0.18926524371626455,,0.1,5,1
20260212_183903,DpwFbmSimulator,4096,200,0.2,85,0.26780429184257903,,0.1,5,1
20260212_183903,DpwFbmSimulator,4096,200,0.2,86,0.17568868122097933,,0.1,5,1
20260212_183903,DpwFbmSimulator,4096,200,0.2,87,0.23537640941519142,,0.1,5,1
20260212_183903,DpwFbmSimulator,4096,200,0.2,88,0.256593704830293,,0.1,5,1
20260212_183903,DpwFbmSimulator,4096,200,0.2,89,0.08098289103628578,,0.1,5,1
20260212_183903,DpwFbmSimulator,4096,200,0.2,90,0.21482031841954796,,0.1,5,1
20260212_183903,DpwFbmSimulator,4096,200,0.2,91,0.230561955607177,,0.1,5,1
20260212_183903,DpwFbmSimulator,4096,200,0.2,92,0.21530258886749556,,0.1,5,1
20260212_183903,DpwFbmSimulator,4096,200,0.2,93,0.13318720815486843,,0.1,5,1
20260212_183903,DpwFbmSimulator,4096,200,0.2,94,0.14888247291692341,,0.1,5,1
20260212_183903,DpwFbmSimulator,4096,200,0.2,95,0.15097448772478886,,0.1,5,1
20260212_183903,DpwFbmSimulator,4096,200,0.2,96,-0.0656760266679063,,0.1,5,1
20260212_183903,DpwFbmSimulator,4096,200,0.2,97,0.3464140234387866,,0.1,5,1
20260212_183903,DpwFbmSimulator,4096,200,0.2,98,0.015645180308164808,,0.1,5,1
20260212_183903,DpwFbmSimulator,4096,200,0.2,99,0.12306531174092956,,0.1,5,1
20260212_183903,DpwFbmSimulator,4096,200,0.2,100,0.05700929705468665,,0.1,5,1
20260212_183903,DpwFbmSimulator,4096,200,0.2,101,0.19559699827898286,,0.1,5,1
20260212_183903,DpwFbmSimulator,4096,200,0.2,102,0.20217642299391908,,0.1,5,1
20260212_183903,DpwFbmSimulator,4096,200,0.2,103,0.25262443496865905,,0.1,5,1
20260212_183903,DpwFbmSimulator,4096,200,0.2,104,0.2341118771068106,,0.1,5,1
20260212_183903,DpwFbmSimulator,4096,200,0.2,105,0.13898979032206607,,0.1,5,1
20260212_183903,DpwFbmSimulator,4096,200,0.2,106,0.1974603646581002,,0.1,5,1
20260212_183903,DpwFbmSimulator,4096,200,0.2,107,0.18832192942946582,,0.1,5,1
20260212_183903,DpwFbmSimulator,4096,200,0.2,108,0.2320137995477499,,0.1,5,1
20260212_183903,DpwFbmSimulator,4096,200,0.2,109,0.2312902725400138,,0.1,5,1
20260212_183903,DpwFbmSimulator,4096,200,0.2,110,0.20487968074098376,,0.1,5,1
20260212_183903,DpwFbmSimulator,4096,200,0.2,111,0.2627842473088946,,0.1,5,1
20260212_183903,DpwFbmSimulator,4096,200,0.2,112,0.25828622762037545,,0.1,5,1
20260212_183903,DpwFbmSimulator,4096,200,0.2,113,0.17340596776850814,,0.1,5,1
20260212_183903,DpwFbmSimulator,4096,200,0.2,114,0.1163381582905854,,0.1,5,1
20260212_183903,DpwFbmSimulator,4096,200,0.2,115,0.28259156069584374,,0.1,5,1
20260212_183903,DpwFbmSimulator,4096,200,0.2,116,-0.0045473332074719135,,0.1,5,1
20260212_183903,DpwFbmSimulator,4096,200,0.2,117,0.15747658555242106,,0.1,5,1
20260212_183903,DpwFbmSimulator,4096,200,0.2,118,0.12045088668118714,,0.1,5,1
20260212_183903,DpwFbmSimulator,4096,200,0.2,119,0.22074758358322846,,0.1,5,1
20260212_183903,DpwFbmSimulator,4096,200,0.2,120,0.1304724818934214,,0.1,5,1
20260212_183903,DpwFbmSimulator,4096,200,0.2,121,0.28877559401729935,,0.1,5,1
20260212_183903,DpwFbmSimulator,4096,200,0.2,122,0.22140941031466713,,0.1,5,1
20260212_183903,DpwFbmSimulator,4096,200,0.2,123,0.2351670822513969,,0.1,5,1
20260212_183903,DpwFbmSimulator,4096,200,0.2,124,0.19316662438481652,,0.1,5,1
20260212_183903,DpwFbmSimulator,4096,200,0.2,125,0.2486819030339555,,0.1,5,1
20260212_183903,DpwFbmSimulator,4096,200,0.2,126,0.268111993203945,,0.1,5,1
20260212_183903,DpwFbmSimulator,4096,200,0.2,127,0.24288968074652714,,0.1,5,1
20260212_183903,DpwFbmSimulator,4096,200,0.2,128,0.2798694798577723,,0.1,5,1
20260212_183903,DpwFbmSimulator,4096,200,0.2,129,0.22385274501024593,,0.1,5,1
20260212_183903,DpwFbmSimulator,4096,200,0.2,130,0.23146701304870432,,0.1,5,1
20260212_183903,DpwFbmSimulator,4096,200,0.2,131,0.29778037177116357,,0.1,5,1
20260212_183903,DpwFbmSimulator,4096,200,0.2,132,0.2109900577341724,,0.1,5,1
20260212_183903,DpwFbmSimulator,4096,200,0.2,133,0.21920217085901256,,0.1,5,1
20260212_183903,DpwFbmSimulator,4096,200,0.2,134,0.20706236585883364,,0.1,5,1
20260212_183903,DpwFbmSimulator,4096,200,0.2,135,0.22711631761014037,,0.1,5,1
20260212_183903,DpwFbmSimulator,4096,200,0.2,136,0.2587811515336288,,0.1,5,1
20260212_183903,DpwFbmSimulator,4096,200,0.2,137,0.25902330695834647,,0.1,5,1
20260212_183903,DpwFbmSimulator,4096,200,0.2,138,0.19893737737875178,,0.1,5,1
20260212_183903,DpwFbmSimulator,4096,200,0.2,139,0.31395747902622656,,0.1,5,1
20260212_183903,DpwFbmSimulator,4096,200,0.2,140,0.28012083479120997,,0.1,5,1
20260212_183903,DpwFbmSimulator,4096,200,0.2,141,0.3108654523211041,,0.1,5,1
20260212_183903,DpwFbmSimulator,4096,200,0.2,142,0.31529108292395874,,0.1,5,1
20260212_183903,DpwFbmSimulator,4096,200,0.2,143,0.19296308321310718,,0.1,5,1
20260212_183903,DpwFbmSimulator,4096,200,0.2,144,0.26018700092949965,,0.1,5,1
20260212_183903,DpwFbmSimulator,4096,200,0.2,145,0.23158526257209835,,0.1,5,1
20260212_183903,DpwFbmSimulator,4096,200,0.2,146,0.2120379051705089,,0.1,5,1
20260212_183903,DpwFbmSimulator,4096,200,0.2,147,0.19113006821110343,,0.1,5,1
20260212_183903,DpwFbmSimulator,4096,200,0.2,148,0.21770378511046926,,0.1,5,1
20260212_183903,DpwFbmSimulator,4096,200,0.2,149,0.23525948468959385,,0.1,5,1
20260212_183903,DpwFbmSimulator,4096,200,0.2,150,0.27800890759171915,,0.1,5,1
20260212_183903,DpwFbmSimulator,4096,200,0.2,151,0.27392320044369867,,0.1,5,1
20260212_183903,DpwFbmSimulator,4096,200,0.2,152,0.23577739264720116,,0.1,5,1
20260212_183903,DpwFbmSimulator,4096,200,0.2,153,0.22245975952290334,,0.1,5,1
20260212_183903,DpwFbmSimulator,4096,200,0.2,154,0.21072247755944865,,0.1,5,1
20260212_183903,DpwFbmSimulator,4096,200,0.2,155,0.31181192733149043,,0.1,5,1
20260212_183903,DpwFbmSimulator,4096,200,0.2,156,0.13666117893909227,,0.1,5,1
20260212_183903,DpwFbmSimulator,4096,200,0.2,157,0.1998271635162104,,0.1,5,1
20260212_183903,DpwFbmSimulator,4096,200,0.2,158,0.11424676618345525,,0.1,5,1
20260212_183903,DpwFbmSimulator,4096,200,0.2,159,0.23691871008375012,,0.1,5,1
20260212_183903,DpwFbmSimulator,4096,200,0.2,160,0.19312633689434255,,0.1,5,1
20260212_183903,DpwFbmSimulator,4096,200,0.2,161,0.23111509083702164,,0.1,5,1
20260212_183903,DpwFbmSimulator,4096,200,0.2,162,0.13406029061517077,,0.1,5,1
20260212_183903,DpwFbmSimulator,4096,200,0.2,163,0.2079543331708948,,0.1,5,1
20260212_183903,DpwFbmSimulator,4096,200,0.2,164,0.16840260762909415,,0.1,5,1
20260212_183903,DpwFbmSimulator,4096,200,0.2,165,0.10901850638674682,,0.1,5,1
20260212_183903,DpwFbmSimulator,4096,200,0.2,166,0.11511899661954442,,0.1,5,1
20260212_183903,DpwFbmSimulator,4096,200,0.2,167,0.21120075678111838,,0.1,5,1
20260212_183903,DpwFbmSimulator,4096,200,0.2,168,0.23586231931208335,,0.1,5,1
20260212_183903,DpwFbmSimulator,4096,200,0.2,169,0.29692516236404165,,0.1,5,1
20260212_183903,DpwFbmSimulator,4096,200,0.2,170,0.18196087984351775,,0.1,5,1
20260212_183903,DpwFbmSimulator,4096,200,0.2,171,0.27482433183053345,,0.1,5,1
20260212_183903,DpwFbmSimulator,4096,200,0.2,172,0.22542884926727766,,0.1,5,1
20260212_183903,DpwFbmSimulator,4096,200,0.2,173,0.329396429715774,,0.1,5,1
20260212_183903,DpwFbmSimulator,4096,200,0.2,174,0.21773610449974762,,0.1,5,1
20260212_183903,DpwFbmSimulator,4096,200,0.2,175,0.246944632719862,,0.1,5,1
20260212_183903,DpwFbmSimulator,4096,200,0.2,176,0.21803140735466597,,0.1,5,1
20260212_183903,DpwFbmSimulator,4096,200,0.2,177,0.256508978931008,,0.1,5,1
20260212_183903,DpwFbmSimulator,4096,200,0.2,178,0.31498591589109526,,0.1,5,1
20260212_183903,DpwFbmSimulator,4096,200,0.2,179,0.25606667064674277,,0.1,5,1
20260212_183903,DpwFbmSimulator,4096,200,0.2,180,0.2591324442987626,,0.1,5,1
20260212_183903,DpwFbmSimulator,4096,200,0.2,181,0.206507429254765,,0.1,5,1
20260212_183903,DpwFbmSimulator,4096,200,0.2,182,0.15080666596747597,,0.1,5,1
20260212_183903,DpwFbmSimulator,4096,200,0.2,183,0.13585235363855835,,0.1,5,1
20260212_183903,DpwFbmSimulator,4096,200,0.2,184,0.3038754784671315,,0.1,5,1
20260212_183903,DpwFbmSimulator,4096,200,0.2,185,0.16611528702198283,,0.1,5,1
20260212_183903,DpwFbmSimulator,4096,200,0.2,186,0.2753311370365339,,0.1,5,1
20260212_183903,DpwFbmSimulator,4096,200,0.2,187,0.2379414471063459,,0.1,5,1
20260212_183903,DpwFbmSimulator,4096,200,0.2,188,0.15436798768218957,,0.1,5,1
20260212_183903,DpwFbmSimulator,4096,200,0.2,189,0.17922066233043768,,0.1,5,1
20260212_183903,DpwFbmSimulator,4096,200,0.2,190,0.211157210467635,,0.1,5,1
20260212_183903,DpwFbmSimulator,4096,200,0.2,191,0.24317022560239654,,0.1,5,1
20260212_183903,DpwFbmSimulator,4096,200,0.2,192,0.19707073798264563,,0.1,5,1
20260212_183903,DpwFbmSimulator,4096,200,0.2,193,0.07899606401109978,,0.1,5,1
20260212_183903,DpwFbmSimulator,4096,200,0.2,194,0.14334238416381026,,0.1,5,1
20260212_183903,DpwFbmSimulator,4096,200,0.2,195,0.19417977936335185,,0.1,5,1
20260212_183903,DpwFbmSimulator,4096,200,0.2,196,0.20336981221239187,,0.1,5,1
20260212_183903,DpwFbmSimulator,4096,200,0.2,197,0.2162915628492542,,0.1,5,1
20260212_183903,DpwFbmSimulator,4096,200,0.2,198,0.17177744411304516,,0.1,5,1
20260212_183903,DpwFbmSimulator,4096,200,0.2,199,0.21671688597733368,,0.1,5,1
20260212_183903,DpwFbmSimulator,4096,200,0.2,200,0.22710045671621523,,0.1,5,1
20260212_183903,DpwFbmSimulator,4096,200,0.3,1,0.4372736827588318,,0.1,5,1
20260212_183903,DpwFbmSimulator,4096,200,0.3,2,0.3412716157003227,,0.1,5,1
20260212_183903,DpwFbmSimulator,4096,200,0.3,3,0.2653869384547809,,0.1,5,1
20260212_183903,DpwFbmSimulator,4096,200,0.3,4,0.29978574792658613,,0.1,5,1
20260212_183903,DpwFbmSimulator,4096,200,0.3,5,0.38327170038273317,,0.1,5,1
20260212_183903,DpwFbmSimulator,4096,200,0.3,6,0.23327224075349767,,0.1,5,1
20260212_183903,DpwFbmSimulator,4096,200,0.3,7,0.20170922491285612,,0.1,5,1
20260212_183903,DpwFbmSimulator,4096,200,0.3,8,0.3005153993391642,,0.1,5,1
20260212_183903,DpwFbmSimulator,4096,200,0.3,9,0.27192966185340306,,0.1,5,1
20260212_183903,DpwFbmSimulator,4096,200,0.3,10,0.34959355819384913,,0.1,5,1
20260212_183903,DpwFbmSimulator,4096,200,0.3,11,0.243834846851501,,0.1,5,1
20260212_183903,DpwFbmSimulator,4096,200,0.3,12,0.28854696337284697,,0.1,5,1
20260212_183903,DpwFbmSimulator,4096,200,0.3,13,0.2438255724466751,,0.1,5,1
20260212_183903,DpwFbmSimulator,4096,200,0.3,14,0.31889877313054454,,0.1,5,1
20260212_183903,DpwFbmSimulator,4096,200,0.3,15,0.2055505485038575,,0.1,5,1
20260212_183903,DpwFbmSimulator,4096,200,0.3,16,0.4111635380127703,,0.1,5,1
20260212_183903,DpwFbmSimulator,4096,200,0.3,17,0.3450137241010723,,0.1,5,1
20260212_183903,DpwFbmSimulator,4096,200,0.3,18,0.16940640498968457,,0.1,5,1
20260212_183903,DpwFbmSimulator,4096,200,0.3,19,0.32007512731233756,,0.1,5,1
20260212_183903,DpwFbmSimulator,4096,200,0.3,20,0.3010847746323102,,0.1,5,1
20260212_183903,DpwFbmSimulator,4096,200,0.3,21,0.36911721534609837,,0.1,5,1
20260212_183903,DpwFbmSimulator,4096,200,0.3,22,0.3699893949974266,,0.1,5,1
20260212_183903,DpwFbmSimulator,4096,200,0.3,23,0.17875557458113753,,0.1,5,1
20260212_183903,DpwFbmSimulator,4096,200,0.3,24,0.2299322217050783,,0.1,5,1
20260212_183903,DpwFbmSimulator,4096,200,0.3,25,0.2814801321825534,,0.1,5,1
20260212_183903,DpwFbmSimulator,4096,200,0.3,26,0.2360406020331073,,0.1,5,1
20260212_183903,DpwFbmSimulator,4096,200,0.3,27,0.3644224390308458,,0.1,5,1
20260212_183903,DpwFbmSimulator,4096,200,0.3,28,0.29840710579197427,,0.1,5,1
20260212_183903,DpwFbmSimulator,4096,200,0.3,29,0.26007240132280984,,0.1,5,1
20260212_183903,DpwFbmSimulator,4096,200,0.3,30,0.2647794464711676,,0.1,5,1
20260212_183903,DpwFbmSimulator,4096,200,0.3,31,0.37951945808426185,,0.1,5,1
20260212_183903,DpwFbmSimulator,4096,200,0.3,32,0.3191560052888183,,0.1,5,1
20260212_183903,DpwFbmSimulator,4096,200,0.3,33,0.33083452497048094,,0.1,5,1
20260212_183903,DpwFbmSimulator,4096,200,0.3,34,0.36713567370550926,,0.1,5,1
20260212_183903,DpwFbmSimulator,4096,200,0.3,35,0.22937448404691427,,0.1,5,1
20260212_183903,DpwFbmSimulator,4096,200,0.3,36,0.35852546547213304,,0.1,5,1
20260212_183903,DpwFbmSimulator,4096,200,0.3,37,0.11560795189610142,,0.1,5,1
20260212_183903,DpwFbmSimulator,4096,200,0.3,38,0.3005246159160145,,0.1,5,1
20260212_183903,DpwFbmSimulator,4096,200,0.3,39,0.2876622703940037,,0.1,5,1
20260212_183903,DpwFbmSimulator,4096,200,0.3,40,0.2963517347776382,,0.1,5,1
20260212_183903,DpwFbmSimulator,4096,200,0.3,41,0.3246407043262438,,0.1,5,1
20260212_183903,DpwFbmSimulator,4096,200,0.3,42,0.2668185080650939,,0.1,5,1
20260212_183903,DpwFbmSimulator,4096,200,0.3,43,0.34271661949622007,,0.1,5,1
20260212_183903,DpwFbmSimulator,4096,200,0.3,44,0.26115829568742566,,0.1,5,1
20260212_183903,DpwFbmSimulator,4096,200,0.3,45,0.302392895242184,,0.1,5,1
20260212_183903,DpwFbmSimulator,4096,200,0.3,46,0.39520189615174295,,0.1,5,1
20260212_183903,DpwFbmSimulator,4096,200,0.3,47,0.37347225374505366,,0.1,5,1
20260212_183903,DpwFbmSimulator,4096,200,0.3,48,0.28515183877137046,,0.1,5,1
20260212_183903,DpwFbmSimulator,4096,200,0.3,49,0.2633972039256304,,0.1,5,1
20260212_183903,DpwFbmSimulator,4096,200,0.3,50,0.3403359824786287,,0.1,5,1
20260212_183903,DpwFbmSimulator,4096,200,0.3,51,0.44205900061149656,,0.1,5,1
20260212_183903,DpwFbmSimulator,4096,200,0.3,52,0.24384313404288385,,0.1,5,1
20260212_183903,DpwFbmSimulator,4096,200,0.3,53,0.03562953798856211,,0.1,5,1
20260212_183903,DpwFbmSimulator,4096,200,0.3,54,0.3455977915194073,,0.1,5,1
20260212_183903,DpwFbmSimulator,4096,200,0.3,55,0.20425242205195157,,0.1,5,1
20260212_183903,DpwFbmSimulator,4096,200,0.3,56,0.302304525901959,,0.1,5,1
20260212_183903,DpwFbmSimulator,4096,200,0.3,57,0.30935638103260926,,0.1,5,1
20260212_183903,DpwFbmSimulator,4096,200,0.3,58,0.3607217837954168,,0.1,5,1
20260212_183903,DpwFbmSimulator,4096,200,0.3,59,0.2985269656877432,,0.1,5,1
20260212_183903,DpwFbmSimulator,4096,200,0.3,60,0.31365312306109827,,0.1,5,1
20260212_183903,DpwFbmSimulator,4096,200,0.3,61,0.2816691222157009,,0.1,5,1
20260212_183903,DpwFbmSimulator,4096,200,0.3,62,0.3623354434823804,,0.1,5,1
20260212_183903,DpwFbmSimulator,4096,200,0.3,63,0.2908517692418989,,0.1,5,1
20260212_183903,DpwFbmSimulator,4096,200,0.3,64,0.2245818179340909,,0.1,5,1
20260212_183903,DpwFbmSimulator,4096,200,0.3,65,0.3260154390905174,,0.1,5,1
20260212_183903,DpwFbmSimulator,4096,200,0.3,66,0.32424539668247065,,0.1,5,1
20260212_183903,DpwFbmSimulator,4096,200,0.3,67,0.39905376323624153,,0.1,5,1
20260212_183903,DpwFbmSimulator,4096,200,0.3,68,0.2648563047667921,,0.1,5,1
20260212_183903,DpwFbmSimulator,4096,200,0.3,69,0.32051443854205874,,0.1,5,1
20260212_183903,DpwFbmSimulator,4096,200,0.3,70,0.30723533552738536,,0.1,5,1
20260212_183903,DpwFbmSimulator,4096,200,0.3,71,0.3125437862747754,,0.1,5,1
20260212_183903,DpwFbmSimulator,4096,200,0.3,72,0.3297051672943724,,0.1,5,1
20260212_183903,DpwFbmSimulator,4096,200,0.3,73,0.37136484218737265,,0.1,5,1
20260212_183903,DpwFbmSimulator,4096,200,0.3,74,0.32216635146222405,,0.1,5,1
20260212_183903,DpwFbmSimulator,4096,200,0.3,75,0.32394164532201847,,0.1,5,1
20260212_183903,DpwFbmSimulator,4096,200,0.3,76,0.3631674998598795,,0.1,5,1
20260212_183903,DpwFbmSimulator,4096,200,0.3,77,0.33655828753178985,,0.1,5,1
20260212_183903,DpwFbmSimulator,4096,200,0.3,78,0.356210928479007,,0.1,5,1
20260212_183903,DpwFbmSimulator,4096,200,0.3,79,0.310938869674742,,0.1,5,1
20260212_183903,DpwFbmSimulator,4096,200,0.3,80,0.28963239033700633,,0.1,5,1
20260212_183903,DpwFbmSimulator,4096,200,0.3,81,0.3079431688340842,,0.1,5,1
20260212_183903,DpwFbmSimulator,4096,200,0.3,82,0.3402845180565793,,0.1,5,1
20260212_183903,DpwFbmSimulator,4096,200,0.3,83,0.35928487191417846,,0.1,5,1
20260212_183903,DpwFbmSimulator,4096,200,0.3,84,0.29324001995234783,,0.1,5,1
20260212_183903,DpwFbmSimulator,4096,200,0.3,85,0.3195125104179244,,0.1,5,1
20260212_183903,DpwFbmSimulator,4096,200,0.3,86,0.16506760641196497,,0.1,5,1
20260212_183903,DpwFbmSimulator,4096,200,0.3,87,0.2487418270934729,,0.1,5,1
20260212_183903,DpwFbmSimulator,4096,200,0.3,88,0.2753927620546021,,0.1,5,1
20260212_183903,DpwFbmSimulator,4096,200,0.3,89,0.3164738636788391,,0.1,5,1
20260212_183903,DpwFbmSimulator,4096,200,0.3,90,0.3612236269490056,,0.1,5,1
20260212_183903,DpwFbmSimulator,4096,200,0.3,91,0.4039809448118394,,0.1,5,1
20260212_183903,DpwFbmSimulator,4096,200,0.3,92,0.20881636454424368,,0.1,5,1
20260212_183903,DpwFbmSimulator,4096,200,0.3,93,0.34937583290020535,,0.1,5,1
20260212_183903,DpwFbmSimulator,4096,200,0.3,94,0.359372356660713,,0.1,5,1
20260212_183903,DpwFbmSimulator,4096,200,0.3,95,0.28799944512737213,,0.1,5,1
20260212_183903,DpwFbmSimulator,4096,200,0.3,96,0.3797262943837899,,0.1,5,1
20260212_183903,DpwFbmSimulator,4096,200,0.3,97,0.13815802405847732,,0.1,5,1
20260212_183903,DpwFbmSimulator,4096,200,0.3,98,0.3319084455423979,,0.1,5,1
20260212_183903,DpwFbmSimulator,4096,200,0.3,99,0.2693827610937396,,0.1,5,1
20260212_183903,DpwFbmSimulator,4096,200,0.3,100,0.27078908541750074,,0.1,5,1
20260212_183903,DpwFbmSimulator,4096,200,0.3,101,0.35221363395693517,,0.1,5,1
20260212_183903,DpwFbmSimulator,4096,200,0.3,102,0.32427272752301867,,0.1,5,1
20260212_183903,DpwFbmSimulator,4096,200,0.3,103,0.4117876737861716,,0.1,5,1
20260212_183903,DpwFbmSimulator,4096,200,0.3,104,0.2952279057250445,,0.1,5,1
20260212_183903,DpwFbmSimulator,4096,200,0.3,105,0.22051634247269153,,0.1,5,1
20260212_183903,DpwFbmSimulator,4096,200,0.3,106,0.35214500107413405,,0.1,5,1
20260212_183903,DpwFbmSimulator,4096,200,0.3,107,0.35078884194929527,,0.1,5,1
20260212_183903,DpwFbmSimulator,4096,200,0.3,108,0.3494522717085842,,0.1,5,1
20260212_183903,DpwFbmSimulator,4096,200,0.3,109,0.31489079534092956,,0.1,5,1
20260212_183903,DpwFbmSimulator,4096,200,0.3,110,0.215419956437,,0.1,5,1
20260212_183903,DpwFbmSimulator,4096,200,0.3,111,0.38832825887341055,,0.1,5,1
20260212_183903,DpwFbmSimulator,4096,200,0.3,112,0.35507875249283877,,0.1,5,1
20260212_183903,DpwFbmSimulator,4096,200,0.3,113,0.28754050235049333,,0.1,5,1
20260212_183903,DpwFbmSimulator,4096,200,0.3,114,0.3069486876388467,,0.1,5,1
20260212_183903,DpwFbmSimulator,4096,200,0.3,115,0.20718607860644725,,0.1,5,1
20260212_183903,DpwFbmSimulator,4096,200,0.3,116,0.35190823548848127,,0.1,5,1
20260212_183903,DpwFbmSimulator,4096,200,0.3,117,0.1559645062613305,,0.1,5,1
20260212_183903,DpwFbmSimulator,4096,200,0.3,118,0.35563902942082,,0.1,5,1
20260212_183903,DpwFbmSimulator,4096,200,0.3,119,0.27501396001147926,,0.1,5,1
20260212_183903,DpwFbmSimulator,4096,200,0.3,120,0.33780825017355326,,0.1,5,1
20260212_183903,DpwFbmSimulator,4096,200,0.3,121,0.21800611933389502,,0.1,5,1
20260212_183903,DpwFbmSimulator,4096,200,0.3,122,0.3112776389900684,,0.1,5,1
20260212_183903,DpwFbmSimulator,4096,200,0.3,123,0.3482507690501284,,0.1,5,1
20260212_183903,DpwFbmSimulator,4096,200,0.3,124,0.2541573831127133,,0.1,5,1
20260212_183903,DpwFbmSimulator,4096,200,0.3,125,0.3771975403161356,,0.1,5,1
20260212_183903,DpwFbmSimulator,4096,200,0.3,126,0.370829153311362,,0.1,5,1
20260212_183903,DpwFbmSimulator,4096,200,0.3,127,0.1456108040498473,,0.1,5,1
20260212_183903,DpwFbmSimulator,4096,200,0.3,128,0.33945498341661834,,0.1,5,1
20260212_183903,DpwFbmSimulator,4096,200,0.3,129,0.40822476295920584,,0.1,5,1
20260212_183903,DpwFbmSimulator,4096,200,0.3,130,0.2599493442035878,,0.1,5,1
20260212_183903,DpwFbmSimulator,4096,200,0.3,131,0.2592362160510908,,0.1,5,1
20260212_183903,DpwFbmSimulator,4096,200,0.3,132,0.4008007418676834,,0.1,5,1
20260212_183903,DpwFbmSimulator,4096,200,0.3,133,0.26002219959092393,,0.1,5,1
20260212_183903,DpwFbmSimulator,4096,200,0.3,134,0.29114812557156944,,0.1,5,1
20260212_183903,DpwFbmSimulator,4096,200,0.3,135,0.24519005121373047,,0.1,5,1
20260212_183903,DpwFbmSimulator,4096,200,0.3,136,0.17883435420467916,,0.1,5,1
20260212_183903,DpwFbmSimulator,4096,200,0.3,137,0.19035470650928188,,0.1,5,1
20260212_183903,DpwFbmSimulator,4096,200,0.3,138,0.3349742938682559,,0.1,5,1
20260212_183903,DpwFbmSimulator,4096,200,0.3,139,0.3788554413881742,,0.1,5,1
20260212_183903,DpwFbmSimulator,4096,200,0.3,140,0.292031288502866,,0.1,5,1
20260212_183903,DpwFbmSimulator,4096,200,0.3,141,0.31816529546553607,,0.1,5,1
20260212_183903,DpwFbmSimulator,4096,200,0.3,142,0.23171614987829972,,0.1,5,1
20260212_183903,DpwFbmSimulator,4096,200,0.3,143,0.25333311552788434,,0.1,5,1
20260212_183903,DpwFbmSimulator,4096,200,0.3,144,0.29215246590595906,,0.1,5,1
20260212_183903,DpwFbmSimulator,4096,200,0.3,145,0.3407281835153834,,0.1,5,1
20260212_183903,DpwFbmSimulator,4096,200,0.3,146,0.47403323554753196,,0.1,5,1
20260212_183903,DpwFbmSimulator,4096,200,0.3,147,0.29713546725752116,,0.1,5,1
20260212_183903,DpwFbmSimulator,4096,200,0.3,148,0.32973216779377046,,0.1,5,1
20260212_183903,DpwFbmSimulator,4096,200,0.3,149,0.23701026268299544,,0.1,5,1
20260212_183903,DpwFbmSimulator,4096,200,0.3,150,0.38469809881662104,,0.1,5,1
20260212_183903,DpwFbmSimulator,4096,200,0.3,151,0.24432305410098726,,0.1,5,1
20260212_183903,DpwFbmSimulator,4096,200,0.3,152,0.265784285419157,,0.1,5,1
20260212_183903,DpwFbmSimulator,4096,200,0.3,153,0.28216009574795253,,0.1,5,1
20260212_183903,DpwFbmSimulator,4096,200,0.3,154,0.29445621300203506,,0.1,5,1
20260212_183903,DpwFbmSimulator,4096,200,0.3,155,0.3945855942204637,,0.1,5,1
20260212_183903,DpwFbmSimulator,4096,200,0.3,156,0.25701840786031943,,0.1,5,1
20260212_183903,DpwFbmSimulator,4096,200,0.3,157,0.4473362960482009,,0.1,5,1
20260212_183903,DpwFbmSimulator,4096,200,0.3,158,0.3249201130170909,,0.1,5,1
20260212_183903,DpwFbmSimulator,4096,200,0.3,159,0.2303619950730281,,0.1,5,1
20260212_183903,DpwFbmSimulator,4096,200,0.3,160,0.30539490357846966,,0.1,5,1
20260212_183903,DpwFbmSimulator,4096,200,0.3,161,0.3130478910896029,,0.1,5,1
20260212_183903,DpwFbmSimulator,4096,200,0.3,162,0.3496358716044388,,0.1,5,1
20260212_183903,DpwFbmSimulator,4096,200,0.3,163,0.3828848970740599,,0.1,5,1
20260212_183903,DpwFbmSimulator,4096,200,0.3,164,0.2636904248467181,,0.1,5,1
20260212_183903,DpwFbmSimulator,4096,200,0.3,165,0.2085727685686176,,0.1,5,1
20260212_183903,DpwFbmSimulator,4096,200,0.3,166,0.1803627513577848,,0.1,5,1
20260212_183903,DpwFbmSimulator,4096,200,0.3,167,0.23463120304390672,,0.1,5,1
20260212_183903,DpwFbmSimulator,4096,200,0.3,168,0.34961617459249505,,0.1,5,1
20260212_183903,DpwFbmSimulator,4096,200,0.3,169,0.40881309369153596,,0.1,5,1
20260212_183903,DpwFbmSimulator,4096,200,0.3,170,0.2941049520623994,,0.1,5,1
20260212_183903,DpwFbmSimulator,4096,200,0.3,171,0.37011323030760995,,0.1,5,1
20260212_183903,DpwFbmSimulator,4096,200,0.3,172,0.2876315275356513,,0.1,5,1
20260212_183903,DpwFbmSimulator,4096,200,0.3,173,0.35065534002487253,,0.1,5,1
20260212_183903,DpwFbmSimulator,4096,200,0.3,174,0.3106739135627519,,0.1,5,1
20260212_183903,DpwFbmSimulator,4096,200,0.3,175,0.2519563475161986,,0.1,5,1
20260212_183903,DpwFbmSimulator,4096,200,0.3,176,0.324248049585902,,0.1,5,1
20260212_183903,DpwFbmSimulator,4096,200,0.3,177,0.40138737152234,,0.1,5,1
20260212_183903,DpwFbmSimulator,4096,200,0.3,178,0.35462989993012634,,0.1,5,1
20260212_183903,DpwFbmSimulator,4096,200,0.3,179,0.22753332535411677,,0.1,5,1
20260212_183903,DpwFbmSimulator,4096,200,0.3,180,0.24366417635170745,,0.1,5,1
20260212_183903,DpwFbmSimulator,4096,200,0.3,181,0.24961289559986874,,0.1,5,1
20260212_183903,DpwFbmSimulator,4096,200,0.3,182,0.33158071755681146,,0.1,5,1
20260212_183903,DpwFbmSimulator,4096,200,0.3,183,0.36027924019071095,,0.1,5,1
20260212_183903,DpwFbmSimulator,4096,200,0.3,184,0.3306504686623168,,0.1,5,1
20260212_183903,DpwFbmSimulator,4096,200,0.3,185,0.20166803804215203,,0.1,5,1
20260212_183903,DpwFbmSimulator,4096,200,0.3,186,0.30237761842285044,,0.1,5,1
20260212_183903,DpwFbmSimulator,4096,200,0.3,187,0.385832713148184,,0.1,5,1
20260212_183903,DpwFbmSimulator,4096,200,0.3,188,0.2810011717443471,,0.1,5,1
20260212_183903,DpwFbmSimulator,4096,200,0.3,189,0.31396177188998337,,0.1,5,1
20260212_183903,DpwFbmSimulator,4096,200,0.3,190,0.2797937458069822,,0.1,5,1
20260212_183903,DpwFbmSimulator,4096,200,0.3,191,0.07942437605138428,,0.1,5,1
20260212_183903,DpwFbmSimulator,4096,200,0.3,192,0.24654177395193871,,0.1,5,1
20260212_183903,DpwFbmSimulator,4096,200,0.3,193,0.277082860096242,,0.1,5,1
20260212_183903,DpwFbmSimulator,4096,200,0.3,194,0.3515104160479036,,0.1,5,1
20260212_183903,DpwFbmSimulator,4096,200,0.3,195,0.35774223566411817,,0.1,5,1
20260212_183903,DpwFbmSimulator,4096,200,0.3,196,0.2161475844615751,,0.1,5,1
20260212_183903,DpwFbmSimulator,4096,200,0.3,197,0.34863202726612136,,0.1,5,1
20260212_183903,DpwFbmSimulator,4096,200,0.3,198,0.33140637003998935,,0.1,5,1
20260212_183903,DpwFbmSimulator,4096,200,0.3,199,0.3028212636342689,,0.1,5,1
20260212_183903,DpwFbmSimulator,4096,200,0.3,200,0.12816271449354286,,0.1,5,1
20260212_183903,DpwFbmSimulator,4096,200,0.4,1,0.33455814631832975,,0.1,5,1
20260212_183903,DpwFbmSimulator,4096,200,0.4,2,0.370454735797587,,0.1,5,1
20260212_183903,DpwFbmSimulator,4096,200,0.4,3,0.354420857591888,,0.1,5,1
20260212_183903,DpwFbmSimulator,4096,200,0.4,4,0.33723413356376053,,0.1,5,1
20260212_183903,DpwFbmSimulator,4096,200,0.4,5,0.41086546540039026,,0.1,5,1
20260212_183903,DpwFbmSimulator,4096,200,0.4,6,-0.08693759696440682,,0.1,5,1
20260212_183903,DpwFbmSimulator,4096,200,0.4,7,0.33450453319560786,,0.1,5,1
20260212_183903,DpwFbmSimulator,4096,200,0.4,8,0.5004912288846163,,0.1,5,1
20260212_183903,DpwFbmSimulator,4096,200,0.4,9,0.36184312887924724,,0.1,5,1
20260212_183903,DpwFbmSimulator,4096,200,0.4,10,0.4209858611241597,,0.1,5,1
20260212_183903,DpwFbmSimulator,4096,200,0.4,11,0.32791656878707715,,0.1,5,1
20260212_183903,DpwFbmSimulator,4096,200,0.4,12,0.3508840249942898,,0.1,5,1
20260212_183903,DpwFbmSimulator,4096,200,0.4,13,0.38733388747553843,,0.1,5,1
20260212_183903,DpwFbmSimulator,4096,200,0.4,14,0.45952374487323366,,0.1,5,1
20260212_183903,DpwFbmSimulator,4096,200,0.4,15,0.3939954422884862,,0.1,5,1
20260212_183903,DpwFbmSimulator,4096,200,0.4,16,0.3972457639121627,,0.1,5,1
20260212_183903,DpwFbmSimulator,4096,200,0.4,17,0.48712422704583647,,0.1,5,1
20260212_183903,DpwFbmSimulator,4096,200,0.4,18,0.3647280607970303,,0.1,5,1
20260212_183903,DpwFbmSimulator,4096,200,0.4,19,0.4124599849734777,,0.1,5,1
20260212_183903,DpwFbmSimulator,4096,200,0.4,20,0.3464455551904695,,0.1,5,1
20260212_183903,DpwFbmSimulator,4096,200,0.4,21,0.47303962357762885,,0.1,5,1
20260212_183903,DpwFbmSimulator,4096,200,0.4,22,0.46125729213226313,,0.1,5,1
20260212_183903,DpwFbmSimulator,4096,200,0.4,23,0.46632902972068113,,0.1,5,1
20260212_183903,DpwFbmSimulator,4096,200,0.4,24,0.44916941388150833,,0.1,5,1
20260212_183903,DpwFbmSimulator,4096,200,0.4,25,0.41724520673060256,,0.1,5,1
20260212_183903,DpwFbmSimulator,4096,200,0.4,26,0.3350986114251808,,0.1,5,1
20260212_183903,DpwFbmSimulator,4096,200,0.4,27,0.3323025323355229,,0.1,5,1
20260212_183903,DpwFbmSimulator,4096,200,0.4,28,0.2832688770039925,,0.1,5,1
20260212_183903,DpwFbmSimulator,4096,200,0.4,29,0.3609453857982027,,0.1,5,1
20260212_183903,DpwFbmSimulator,4096,200,0.4,30,0.48997929467577717,,0.1,5,1
20260212_183903,DpwFbmSimulator,4096,200,0.4,31,0.33037642608287326,,0.1,5,1
20260212_183903,DpwFbmSimulator,4096,200,0.4,32,0.4454675440773621,,0.1,5,1
20260212_183903,DpwFbmSimulator,4096,200,0.4,33,0.4478874316931217,,0.1,5,1
20260212_183903,DpwFbmSimulator,4096,200,0.4,34,0.3518406221253024,,0.1,5,1
20260212_183903,DpwFbmSimulator,4096,200,0.4,35,0.484948725140508,,0.1,5,1
20260212_183903,DpwFbmSimulator,4096,200,0.4,36,0.4795883447355998,,0.1,5,1
20260212_183903,DpwFbmSimulator,4096,200,0.4,37,0.4024599743863429,,0.1,5,1
20260212_183903,DpwFbmSimulator,4096,200,0.4,38,0.3772128134817697,,0.1,5,1
20260212_183903,DpwFbmSimulator,4096,200,0.4,39,0.3188682949629304,,0.1,5,1
20260212_183903,DpwFbmSimulator,4096,200,0.4,40,0.48357451490283404,,0.1,5,1
20260212_183903,DpwFbmSimulator,4096,200,0.4,41,0.3828420743197524,,0.1,5,1
20260212_183903,DpwFbmSimulator,4096,200,0.4,42,0.4264548663532271,,0.1,5,1
20260212_183903,DpwFbmSimulator,4096,200,0.4,43,0.3997365675652033,,0.1,5,1
20260212_183903,DpwFbmSimulator,4096,200,0.4,44,0.3101674285109742,,0.1,5,1
20260212_183903,DpwFbmSimulator,4096,200,0.4,45,0.4270688568509286,,0.1,5,1
20260212_183903,DpwFbmSimulator,4096,200,0.4,46,0.532579602280331,,0.1,5,1
20260212_183903,DpwFbmSimulator,4096,200,0.4,47,0.3650162348774571,,0.1,5,1
20260212_183903,DpwFbmSimulator,4096,200,0.4,48,0.4199282270834071,,0.1,5,1
20260212_183903,DpwFbmSimulator,4096,200,0.4,49,0.3995520035527425,,0.1,5,1
20260212_183903,DpwFbmSimulator,4096,200,0.4,50,0.3612569857579414,,0.1,5,1
20260212_183903,DpwFbmSimulator,4096,200,0.4,51,0.44211784977488644,,0.1,5,1
20260212_183903,DpwFbmSimulator,4096,200,0.4,52,0.3935654744463785,,0.1,5,1
20260212_183903,DpwFbmSimulator,4096,200,0.4,53,0.42511647367831173,,0.1,5,1
20260212_183903,DpwFbmSimulator,4096,200,0.4,54,0.3628314018107933,,0.1,5,1
20260212_183903,DpwFbmSimulator,4096,200,0.4,55,0.4303782749676777,,0.1,5,1
20260212_183903,DpwFbmSimulator,4096,200,0.4,56,0.37504052766100565,,0.1,5,1
20260212_183903,DpwFbmSimulator,4096,200,0.4,57,0.4422721119797211,,0.1,5,1
20260212_183903,DpwFbmSimulator,4096,200,0.4,58,0.34551995398146906,,0.1,5,1
20260212_183903,DpwFbmSimulator,4096,200,0.4,59,0.3382486873746648,,0.1,5,1
20260212_183903,DpwFbmSimulator,4096,200,0.4,60,0.4530603801998156,,0.1,5,1
20260212_183903,DpwFbmSimulator,4096,200,0.4,61,0.4775250847481763,,0.1,5,1
20260212_183903,DpwFbmSimulator,4096,200,0.4,62,0.4024470691963484,,0.1,5,1
20260212_183903,DpwFbmSimulator,4096,200,0.4,63,0.37316749971222574,,0.1,5,1
20260212_183903,DpwFbmSimulator,4096,200,0.4,64,0.48262113762067244,,0.1,5,1
20260212_183903,DpwFbmSimulator,4096,200,0.4,65,0.4838194863825151,,0.1,5,1
20260212_183903,DpwFbmSimulator,4096,200,0.4,66,0.3679073130149917,,0.1,5,1
20260212_183903,DpwFbmSimulator,4096,200,0.4,67,0.3691139604329984,,0.1,5,1
20260212_183903,DpwFbmSimulator,4096,200,0.4,68,0.4088887941462631,,0.1,5,1
20260212_183903,DpwFbmSimulator,4096,200,0.4,69,0.4399338693715537,,0.1,5,1
20260212_183903,DpwFbmSimulator,4096,200,0.4,70,0.36701156850408106,,0.1,5,1
20260212_183903,DpwFbmSimulator,4096,200,0.4,71,0.3450392176428629,,0.1,5,1
20260212_183903,DpwFbmSimulator,4096,200,0.4,72,0.4026077577492181,,0.1,5,1
20260212_183903,DpwFbmSimulator,4096,200,0.4,73,0.46984235357135373,,0.1,5,1
20260212_183903,DpwFbmSimulator,4096,200,0.4,74,0.2735838363641519,,0.1,5,1
20260212_183903,DpwFbmSimulator,4096,200,0.4,75,0.4232555656624216,,0.1,5,1
20260212_183903,DpwFbmSimulator,4096,200,0.4,76,0.35143526556299887,,0.1,5,1
20260212_183903,DpwFbmSimulator,4096,200,0.4,77,0.4331530597935925,,0.1,5,1
20260212_183903,DpwFbmSimulator,4096,200,0.4,78,0.37009209640551116,,0.1,5,1
20260212_183903,DpwFbmSimulator,4096,200,0.4,79,0.49636801789225365,,0.1,5,1
20260212_183903,DpwFbmSimulator,4096,200,0.4,80,0.3952110946461623,,0.1,5,1
20260212_183903,DpwFbmSimulator,4096,200,0.4,81,0.39947663920113247,,0.1,5,1
20260212_183903,DpwFbmSimulator,4096,200,0.4,82,0.42167268099859206,,0.1,5,1
20260212_183903,DpwFbmSimulator,4096,200,0.4,83,0.33409884941877094,,0.1,5,1
20260212_183903,DpwFbmSimulator,4096,200,0.4,84,0.4471454835321606,,0.1,5,1
20260212_183903,DpwFbmSimulator,4096,200,0.4,85,0.49325981514920003,,0.1,5,1
20260212_183903,DpwFbmSimulator,4096,200,0.4,86,0.4057663652456796,,0.1,5,1
20260212_183903,DpwFbmSimulator,4096,200,0.4,87,0.41864181506247095,,0.1,5,1
20260212_183903,DpwFbmSimulator,4096,200,0.4,88,0.41852074553953594,,0.1,5,1
20260212_183903,DpwFbmSimulator,4096,200,0.4,89,0.5271322572167945,,0.1,5,1
20260212_183903,DpwFbmSimulator,4096,200,0.4,90,0.4239183463425058,,0.1,5,1
20260212_183903,DpwFbmSimulator,4096,200,0.4,91,0.2868490329475157,,0.1,5,1
20260212_183903,DpwFbmSimulator,4096,200,0.4,92,0.4704589177294117,,0.1,5,1
20260212_183903,DpwFbmSimulator,4096,200,0.4,93,0.483915589779136,,0.1,5,1
20260212_183903,DpwFbmSimulator,4096,200,0.4,94,0.3436646957146576,,0.1,5,1
20260212_183903,DpwFbmSimulator,4096,200,0.4,95,0.4538707081363416,,0.1,5,1
20260212_183903,DpwFbmSimulator,4096,200,0.4,96,0.42316133572048403,,0.1,5,1
20260212_183903,DpwFbmSimulator,4096,200,0.4,97,0.35507591325564014,,0.1,5,1
20260212_183903,DpwFbmSimulator,4096,200,0.4,98,0.3144517347061543,,0.1,5,1
20260212_183903,DpwFbmSimulator,4096,200,0.4,99,0.49177175260268696,,0.1,5,1
20260212_183903,DpwFbmSimulator,4096,200,0.4,100,0.32586323729167266,,0.1,5,1
20260212_183903,DpwFbmSimulator,4096,200,0.4,101,0.4496495129829624,,0.1,5,1
20260212_183903,DpwFbmSimulator,4096,200,0.4,102,0.4758175365686448,,0.1,5,1
20260212_183903,DpwFbmSimulator,4096,200,0.4,103,0.427331079829521,,0.1,5,1
20260212_183903,DpwFbmSimulator,4096,200,0.4,104,0.525513065669466,,0.1,5,1
20260212_183903,DpwFbmSimulator,4096,200,0.4,105,0.4046591586616804,,0.1,5,1
20260212_183903,DpwFbmSimulator,4096,200,0.4,106,0.4919451022927975,,0.1,5,1
20260212_183903,DpwFbmSimulator,4096,200,0.4,107,0.36175790938434876,,0.1,5,1
20260212_183903,DpwFbmSimulator,4096,200,0.4,108,0.2753505359579778,,0.1,5,1
20260212_183903,DpwFbmSimulator,4096,200,0.4,109,0.35417697006201276,,0.1,5,1
20260212_183903,DpwFbmSimulator,4096,200,0.4,110,0.4837503356318463,,0.1,5,1
20260212_183903,DpwFbmSimulator,4096,200,0.4,111,0.36998815603332663,,0.1,5,1
20260212_183903,DpwFbmSimulator,4096,200,0.4,112,0.3754375444827703,,0.1,5,1
20260212_183903,DpwFbmSimulator,4096,200,0.4,113,0.5092178034279575,,0.1,5,1
20260212_183903,DpwFbmSimulator,4096,200,0.4,114,0.4308921557821459,,0.1,5,1
20260212_183903,DpwFbmSimulator,4096,200,0.4,115,0.4091344723683416,,0.1,5,1
20260212_183903,DpwFbmSimulator,4096,200,0.4,116,0.40008230246384746,,0.1,5,1
20260212_183903,DpwFbmSimulator,4096,200,0.4,117,0.34739833340574217,,0.1,5,1
20260212_183903,DpwFbmSimulator,4096,200,0.4,118,0.1547294601006647,,0.1,5,1
20260212_183903,DpwFbmSimulator,4096,200,0.4,119,0.45947987417561575,,0.1,5,1
20260212_183903,DpwFbmSimulator,4096,200,0.4,120,0.3927427577160892,,0.1,5,1
20260212_183903,DpwFbmSimulator,4096,200,0.4,121,0.4522669043934442,,0.1,5,1
20260212_183903,DpwFbmSimulator,4096,200,0.4,122,0.43378799455641315,,0.1,5,1
20260212_183903,DpwFbmSimulator,4096,200,0.4,123,0.47571376635987594,,0.1,5,1
20260212_183903,DpwFbmSimulator,4096,200,0.4,124,0.4017117557583257,,0.1,5,1
20260212_183903,DpwFbmSimulator,4096,200,0.4,125,0.3344332308985487,,0.1,5,1
20260212_183903,DpwFbmSimulator,4096,200,0.4,126,0.49887866084487315,,0.1,5,1
20260212_183903,DpwFbmSimulator,4096,200,0.4,127,0.37512265248044874,,0.1,5,1
20260212_183903,DpwFbmSimulator,4096,200,0.4,128,0.44305937258658545,,0.1,5,1
20260212_183903,DpwFbmSimulator,4096,200,0.4,129,0.39838939991726047,,0.1,5,1
20260212_183903,DpwFbmSimulator,4096,200,0.4,130,0.32868992347231707,,0.1,5,1
20260212_183903,DpwFbmSimulator,4096,200,0.4,131,0.44652294976261875,,0.1,5,1
20260212_183903,DpwFbmSimulator,4096,200,0.4,132,0.42138489192891554,,0.1,5,1
20260212_183903,DpwFbmSimulator,4096,200,0.4,133,0.40050665649479883,,0.1,5,1
20260212_183903,DpwFbmSimulator,4096,200,0.4,134,0.5080593435182281,,0.1,5,1
20260212_183903,DpwFbmSimulator,4096,200,0.4,135,0.3898465652994655,,0.1,5,1
20260212_183903,DpwFbmSimulator,4096,200,0.4,136,0.39512155758926965,,0.1,5,1
20260212_183903,DpwFbmSimulator,4096,200,0.4,137,0.47521475923232775,,0.1,5,1
20260212_183903,DpwFbmSimulator,4096,200,0.4,138,0.41566815305100774,,0.1,5,1
20260212_183903,DpwFbmSimulator,4096,200,0.4,139,0.3684229458100301,,0.1,5,1
20260212_183903,DpwFbmSimulator,4096,200,0.4,140,0.3732850483366467,,0.1,5,1
20260212_183903,DpwFbmSimulator,4096,200,0.4,141,0.39192991022119084,,0.1,5,1
20260212_183903,DpwFbmSimulator,4096,200,0.4,142,0.485629064658313,,0.1,5,1
20260212_183903,DpwFbmSimulator,4096,200,0.4,143,0.3456767938295412,,0.1,5,1
20260212_183903,DpwFbmSimulator,4096,200,0.4,144,0.45551942165613674,,0.1,5,1
20260212_183903,DpwFbmSimulator,4096,200,0.4,145,0.46174820169067776,,0.1,5,1
20260212_183903,DpwFbmSimulator,4096,200,0.4,146,0.4743126434398117,,0.1,5,1
20260212_183903,DpwFbmSimulator,4096,200,0.4,147,0.44406873405552394,,0.1,5,1
20260212_183903,DpwFbmSimulator,4096,200,0.4,148,0.4354028765804208,,0.1,5,1
20260212_183903,DpwFbmSimulator,4096,200,0.4,149,0.1958456206853557,,0.1,5,1
20260212_183903,DpwFbmSimulator,4096,200,0.4,150,0.4257091141467262,,0.1,5,1
20260212_183903,DpwFbmSimulator,4096,200,0.4,151,0.40949211162337645,,0.1,5,1
20260212_183903,DpwFbmSimulator,4096,200,0.4,152,0.4381469867441368,,0.1,5,1
20260212_183903,DpwFbmSimulator,4096,200,0.4,153,0.5470090008387883,,0.1,5,1
20260212_183903,DpwFbmSimulator,4096,200,0.4,154,0.43483048356696147,,0.1,5,1
20260212_183903,DpwFbmSimulator,4096,200,0.4,155,0.3841409613609019,,0.1,5,1
20260212_183903,DpwFbmSimulator,4096,200,0.4,156,0.4398351396703759,,0.1,5,1
20260212_183903,DpwFbmSimulator,4096,200,0.4,157,0.4810800996842035,,0.1,5,1
20260212_183903,DpwFbmSimulator,4096,200,0.4,158,0.44385384565293295,,0.1,5,1
20260212_183903,DpwFbmSimulator,4096,200,0.4,159,0.1525683057975438,,0.1,5,1
20260212_183903,DpwFbmSimulator,4096,200,0.4,160,0.47718593257148284,,0.1,5,1
20260212_183903,DpwFbmSimulator,4096,200,0.4,161,0.2840673449600309,,0.1,5,1
20260212_183903,DpwFbmSimulator,4096,200,0.4,162,0.25648212013506905,,0.1,5,1
20260212_183903,DpwFbmSimulator,4096,200,0.4,163,0.23319942051744252,,0.1,5,1
20260212_183903,DpwFbmSimulator,4096,200,0.4,164,0.28761779247782865,,0.1,5,1
20260212_183903,DpwFbmSimulator,4096,200,0.4,165,0.36858362522772586,,0.1,5,1
20260212_183903,DpwFbmSimulator,4096,200,0.4,166,0.4590014483809168,,0.1,5,1
20260212_183903,DpwFbmSimulator,4096,200,0.4,167,0.4564305428093424,,0.1,5,1
20260212_183903,DpwFbmSimulator,4096,200,0.4,168,0.3993155020478636,,0.1,5,1
20260212_183903,DpwFbmSimulator,4096,200,0.4,169,0.39257418143663325,,0.1,5,1
20260212_183903,DpwFbmSimulator,4096,200,0.4,170,0.42647900429030644,,0.1,5,1
20260212_183903,DpwFbmSimulator,4096,200,0.4,171,0.5317280547150695,,0.1,5,1
20260212_183903,DpwFbmSimulator,4096,200,0.4,172,0.42994332470262686,,0.1,5,1
20260212_183903,DpwFbmSimulator,4096,200,0.4,173,0.3960476202580913,,0.1,5,1
20260212_183903,DpwFbmSimulator,4096,200,0.4,174,0.47233158380626306,,0.1,5,1
20260212_183903,DpwFbmSimulator,4096,200,0.4,175,0.31141282576782076,,0.1,5,1
20260212_183903,DpwFbmSimulator,4096,200,0.4,176,0.4945066035340092,,0.1,5,1
20260212_183903,DpwFbmSimulator,4096,200,0.4,177,0.39467359102617183,,0.1,5,1
20260212_183903,DpwFbmSimulator,4096,200,0.4,178,0.42458452122389695,,0.1,5,1
20260212_183903,DpwFbmSimulator,4096,200,0.4,179,0.36340037805630887,,0.1,5,1
20260212_183903,DpwFbmSimulator,4096,200,0.4,180,0.37040145498005983,,0.1,5,1
20260212_183903,DpwFbmSimulator,4096,200,0.4,181,0.49351724746101766,,0.1,5,1
20260212_183903,DpwFbmSimulator,4096,200,0.4,182,0.44062865460900247,,0.1,5,1
20260212_183903,DpwFbmSimulator,4096,200,0.4,183,0.31750856030352437,,0.1,5,1
20260212_183903,DpwFbmSimulator,4096,200,0.4,184,0.41810398879178606,,0.1,5,1
20260212_183903,DpwFbmSimulator,4096,200,0.4,185,0.3928045811462961,,0.1,5,1
20260212_183903,DpwFbmSimulator,4096,200,0.4,186,0.3637204492548533,,0.1,5,1
20260212_183903,DpwFbmSimulator,4096,200,0.4,187,0.3558840415390762,,0.1,5,1
20260212_183903,DpwFbmSimulator,4096,200,0.4,188,0.46306979691666295,,0.1,5,1
20260212_183903,DpwFbmSimulator,4096,200,0.4,189,0.26315366223797637,,0.1,5,1
20260212_183903,DpwFbmSimulator,4096,200,0.4,190,0.4619407615641535,,0.1,5,1
20260212_183903,DpwFbmSimulator,4096,200,0.4,191,0.4653386914928941,,0.1,5,1
20260212_183903,DpwFbmSimulator,4096,200,0.4,192,0.39570286814524114,,0.1,5,1
20260212_183903,DpwFbmSimulator,4096,200,0.4,193,0.3595681221718577,,0.1,5,1
20260212_183903,DpwFbmSimulator,4096,200,0.4,194,0.45841475875079546,,0.1,5,1
20260212_183903,DpwFbmSimulator,4096,200,0.4,195,0.4821142046242573,,0.1,5,1
20260212_183903,DpwFbmSimulator,4096,200,0.4,196,0.3652847949161173,,0.1,5,1
20260212_183903,DpwFbmSimulator,4096,200,0.4,197,0.3756850051281664,,0.1,5,1
20260212_183903,DpwFbmSimulator,4096,200,0.4,198,0.43864808672860056,,0.1,5,1
20260212_183903,DpwFbmSimulator,4096,200,0.4,199,0.44168266328493605,,0.1,5,1
20260212_183903,DpwFbmSimulator,4096,200,0.4,200,0.43066879980131284,,0.1,5,1
20260212_183903,DpwFbmSimulator,4096,200,0.5,1,0.4442634438066694,,0.1,5,1
20260212_183903,DpwFbmSimulator,4096,200,0.5,2,0.5138546562945252,,0.1,5,1
20260212_183903,DpwFbmSimulator,4096,200,0.5,3,0.4583840137810642,,0.1,5,1
20260212_183903,DpwFbmSimulator,4096,200,0.5,4,0.481453405636382,,0.1,5,1
20260212_183903,DpwFbmSimulator,4096,200,0.5,5,0.3584735455643318,,0.1,5,1
20260212_183903,DpwFbmSimulator,4096,200,0.5,6,0.5806837053954974,,0.1,5,1
20260212_183903,DpwFbmSimulator,4096,200,0.5,7,0.38970574509327566,,0.1,5,1
20260212_183903,DpwFbmSimulator,4096,200,0.5,8,0.43777655882328936,,0.1,5,1
20260212_183903,DpwFbmSimulator,4096,200,0.5,9,0.6580701779895508,,0.1,5,1
20260212_183903,DpwFbmSimulator,4096,200,0.5,10,0.5896591749650775,,0.1,5,1
20260212_183903,DpwFbmSimulator,4096,200,0.5,11,0.5555388950991208,,0.1,5,1
20260212_183903,DpwFbmSimulator,4096,200,0.5,12,0.41377541639933696,,0.1,5,1
20260212_183903,DpwFbmSimulator,4096,200,0.5,13,0.5150026683853263,,0.1,5,1
20260212_183903,DpwFbmSimulator,4096,200,0.5,14,0.5083040041864864,,0.1,5,1
20260212_183903,DpwFbmSimulator,4096,200,0.5,15,0.5338439901888696,,0.1,5,1
20260212_183903,DpwFbmSimulator,4096,200,0.5,16,0.5973291547845369,,0.1,5,1
20260212_183903,DpwFbmSimulator,4096,200,0.5,17,0.5568248673983772,,0.1,5,1
20260212_183903,DpwFbmSimulator,4096,200,0.5,18,0.4670597180778444,,0.1,5,1
20260212_183903,DpwFbmSimulator,4096,200,0.5,19,0.43739888086400314,,0.1,5,1
20260212_183903,DpwFbmSimulator,4096,200,0.5,20,0.4961201938948653,,0.1,5,1
20260212_183903,DpwFbmSimulator,4096,200,0.5,21,0.4880574261962264,,0.1,5,1
20260212_183903,DpwFbmSimulator,4096,200,0.5,22,0.4144009033403023,,0.1,5,1
20260212_183903,DpwFbmSimulator,4096,200,0.5,23,0.4992318765475262,,0.1,5,1
20260212_183903,DpwFbmSimulator,4096,200,0.5,24,0.6256081068890456,,0.1,5,1
20260212_183903,DpwFbmSimulator,4096,200,0.5,25,0.5804569742432453,,0.1,5,1
20260212_183903,DpwFbmSimulator,4096,200,0.5,26,0.449394503131281,,0.1,5,1
20260212_183903,DpwFbmSimulator,4096,200,0.5,27,0.5090402034088578,,0.1,5,1
20260212_183903,DpwFbmSimulator,4096,200,0.5,28,0.6207748262691631,,0.1,5,1
20260212_183903,DpwFbmSimulator,4096,200,0.5,29,0.47638535896023126,,0.1,5,1
20260212_183903,DpwFbmSimulator,4096,200,0.5,30,0.5037204460026542,,0.1,5,1
20260212_183903,DpwFbmSimulator,4096,200,0.5,31,0.5167717516673466,,0.1,5,1
20260212_183903,DpwFbmSimulator,4096,200,0.5,32,0.48668803146026135,,0.1,5,1
20260212_183903,DpwFbmSimulator,4096,200,0.5,33,0.5250014025700934,,0.1,5,1
20260212_183903,DpwFbmSimulator,4096,200,0.5,34,0.48640956733443197,,0.1,5,1
20260212_183903,DpwFbmSimulator,4096,200,0.5,35,0.4983037503376844,,0.1,5,1
20260212_183903,DpwFbmSimulator,4096,200,0.5,36,0.6370677886670776,,0.1,5,1
20260212_183903,DpwFbmSimulator,4096,200,0.5,37,0.5108529908460621,,0.1,5,1
20260212_183903,DpwFbmSimulator,4096,200,0.5,38,0.6222613895883967,,0.1,5,1
20260212_183903,DpwFbmSimulator,4096,200,0.5,39,0.5035483896741388,,0.1,5,1
20260212_183903,DpwFbmSimulator,4096,200,0.5,40,0.5410690660867578,,0.1,5,1
20260212_183903,DpwFbmSimulator,4096,200,0.5,41,0.43193533807240925,,0.1,5,1
20260212_183903,DpwFbmSimulator,4096,200,0.5,42,0.5557323933069366,,0.1,5,1
20260212_183903,DpwFbmSimulator,4096,200,0.5,43,0.5975759875953551,,0.1,5,1
20260212_183903,DpwFbmSimulator,4096,200,0.5,44,0.5570810750585855,,0.1,5,1
20260212_183903,DpwFbmSimulator,4096,200,0.5,45,0.45297124207613415,,0.1,5,1
20260212_183903,DpwFbmSimulator,4096,200,0.5,46,0.5288553218778593,,0.1,5,1
20260212_183903,DpwFbmSimulator,4096,200,0.5,47,0.4791638239497005,,0.1,5,1
20260212_183903,DpwFbmSimulator,4096,200,0.5,48,0.4979692789763433,,0.1,5,1
20260212_183903,DpwFbmSimulator,4096,200,0.5,49,0.4064245319079509,,0.1,5,1
20260212_183903,DpwFbmSimulator,4096,200,0.5,50,0.4946176463876784,,0.1,5,1
20260212_183903,DpwFbmSimulator,4096,200,0.5,51,0.36153742665670896,,0.1,5,1
20260212_183903,DpwFbmSimulator,4096,200,0.5,52,0.5787572108939701,,0.1,5,1
20260212_183903,DpwFbmSimulator,4096,200,0.5,53,0.5507473424865785,,0.1,5,1
20260212_183903,DpwFbmSimulator,4096,200,0.5,54,0.5487861381989559,,0.1,5,1
20260212_183903,DpwFbmSimulator,4096,200,0.5,55,0.49295494085088365,,0.1,5,1
20260212_183903,DpwFbmSimulator,4096,200,0.5,56,0.5204845646699128,,0.1,5,1
20260212_183903,DpwFbmSimulator,4096,200,0.5,57,0.521292287693175,,0.1,5,1
20260212_183903,DpwFbmSimulator,4096,200,0.5,58,0.32719150023758525,,0.1,5,1
20260212_183903,DpwFbmSimulator,4096,200,0.5,59,0.40879638834134274,,0.1,5,1
20260212_183903,DpwFbmSimulator,4096,200,0.5,60,0.44466752638273793,,0.1,5,1
20260212_183903,DpwFbmSimulator,4096,200,0.5,61,0.47195739952891286,,0.1,5,1
20260212_183903,DpwFbmSimulator,4096,200,0.5,62,0.5137088728368157,,0.1,5,1
20260212_183903,DpwFbmSimulator,4096,200,0.5,63,0.49675807627974866,,0.1,5,1
20260212_183903,DpwFbmSimulator,4096,200,0.5,64,0.42573219596181977,,0.1,5,1
20260212_183903,DpwFbmSimulator,4096,200,0.5,65,0.4320775019948644,,0.1,5,1
20260212_183903,DpwFbmSimulator,4096,200,0.5,66,0.5229875058245913,,0.1,5,1
20260212_183903,DpwFbmSimulator,4096,200,0.5,67,0.5541674779876751,,0.1,5,1
20260212_183903,DpwFbmSimulator,4096,200,0.5,68,0.55491381204154,,0.1,5,1
20260212_183903,DpwFbmSimulator,4096,200,0.5,69,0.43804865022843403,,0.1,5,1
20260212_183903,DpwFbmSimulator,4096,200,0.5,70,0.541919999727077,,0.1,5,1
20260212_183903,DpwFbmSimulator,4096,200,0.5,71,0.532042426320514,,0.1,5,1
20260212_183903,DpwFbmSimulator,4096,200,0.5,72,0.6570664815495274,,0.1,5,1
20260212_183903,DpwFbmSimulator,4096,200,0.5,73,0.5752451554514328,,0.1,5,1
20260212_183903,DpwFbmSimulator,4096,200,0.5,74,0.47641856262603594,,0.1,5,1
20260212_183903,DpwFbmSimulator,4096,200,0.5,75,0.5790189697796002,,0.1,5,1
20260212_183903,DpwFbmSimulator,4096,200,0.5,76,0.5056214354385463,,0.1,5,1
20260212_183903,DpwFbmSimulator,4096,200,0.5,77,0.501247152329644,,0.1,5,1
20260212_183903,DpwFbmSimulator,4096,200,0.5,78,0.6353537568252328,,0.1,5,1
20260212_183903,DpwFbmSimulator,4096,200,0.5,79,0.4421119216867279,,0.1,5,1
20260212_183903,DpwFbmSimulator,4096,200,0.5,80,0.552633208057412,,0.1,5,1
20260212_183903,DpwFbmSimulator,4096,200,0.5,81,0.5569859303372292,,0.1,5,1
20260212_183903,DpwFbmSimulator,4096,200,0.5,82,0.5162040237125951,,0.1,5,1
20260212_183903,DpwFbmSimulator,4096,200,0.5,83,0.5442574889865914,,0.1,5,1
20260212_183903,DpwFbmSimulator,4096,200,0.5,84,0.4472922730981401,,0.1,5,1
20260212_183903,DpwFbmSimulator,4096,200,0.5,85,0.5261781855765769,,0.1,5,1
20260212_183903,DpwFbmSimulator,4096,200,0.5,86,0.5342361401659862,,0.1,5,1
20260212_183903,DpwFbmSimulator,4096,200,0.5,87,0.48735992379415755,,0.1,5,1
20260212_183903,DpwFbmSimulator,4096,200,0.5,88,0.5982392365027317,,0.1,5,1
20260212_183903,DpwFbmSimulator,4096,200,0.5,89,0.5254408666980255,,0.1,5,1
20260212_183903,DpwFbmSimulator,4096,200,0.5,90,0.45529601077602566,,0.1,5,1
20260212_183903,DpwFbmSimulator,4096,200,0.5,91,0.3214189357482863,,0.1,5,1
20260212_183903,DpwFbmSimulator,4096,200,0.5,92,0.5330335221574963,,0.1,5,1
20260212_183903,DpwFbmSimulator,4096,200,0.5,93,0.5010514201674037,,0.1,5,1
20260212_183903,DpwFbmSimulator,4096,200,0.5,94,0.5518013129241026,,0.1,5,1
20260212_183903,DpwFbmSimulator,4096,200,0.5,95,0.5396434619384868,,0.1,5,1
20260212_183903,DpwFbmSimulator,4096,200,0.5,96,0.5430297866543746,,0.1,5,1
20260212_183903,DpwFbmSimulator,4096,200,0.5,97,0.522159355051962,,0.1,5,1
20260212_183903,DpwFbmSimulator,4096,200,0.5,98,0.505487304414803,,0.1,5,1
20260212_183903,DpwFbmSimulator,4096,200,0.5,99,0.6215823883847816,,0.1,5,1
20260212_183903,DpwFbmSimulator,4096,200,0.5,100,0.5044049933331156,,0.1,5,1
20260212_183903,DpwFbmSimulator,4096,200,0.5,101,0.5244224003027653,,0.1,5,1
20260212_183903,DpwFbmSimulator,4096,200,0.5,102,0.5144179345923807,,0.1,5,1
20260212_183903,DpwFbmSimulator,4096,200,0.5,103,0.42256772364618245,,0.1,5,1
20260212_183903,DpwFbmSimulator,4096,200,0.5,104,0.4991714762421265,,0.1,5,1
20260212_183903,DpwFbmSimulator,4096,200,0.5,105,0.5395076103624918,,0.1,5,1
20260212_183903,DpwFbmSimulator,4096,200,0.5,106,0.5874102590528679,,0.1,5,1
20260212_183903,DpwFbmSimulator,4096,200,0.5,107,0.49000924079677916,,0.1,5,1
20260212_183903,DpwFbmSimulator,4096,200,0.5,108,0.5387472564818221,,0.1,5,1
20260212_183903,DpwFbmSimulator,4096,200,0.5,109,0.43755309851458485,,0.1,5,1
20260212_183903,DpwFbmSimulator,4096,200,0.5,110,0.5364388358766355,,0.1,5,1
20260212_183903,DpwFbmSimulator,4096,200,0.5,111,0.4341848903477736,,0.1,5,1
20260212_183903,DpwFbmSimulator,4096,200,0.5,112,0.4510239132782313,,0.1,5,1
20260212_183903,DpwFbmSimulator,4096,200,0.5,113,0.44408771838418104,,0.1,5,1
20260212_183903,DpwFbmSimulator,4096,200,0.5,114,0.41784681437881765,,0.1,5,1
20260212_183903,DpwFbmSimulator,4096,200,0.5,115,0.45341483245039876,,0.1,5,1
20260212_183903,DpwFbmSimulator,4096,200,0.5,116,0.5714357562204863,,0.1,5,1
20260212_183903,DpwFbmSimulator,4096,200,0.5,117,0.5644515309813557,,0.1,5,1
20260212_183903,DpwFbmSimulator,4096,200,0.5,118,0.5172643015587196,,0.1,5,1
20260212_183903,DpwFbmSimulator,4096,200,0.5,119,0.40094222870803514,,0.1,5,1
20260212_183903,DpwFbmSimulator,4096,200,0.5,120,0.4842742340057375,,0.1,5,1
20260212_183903,DpwFbmSimulator,4096,200,0.5,121,0.4081557781380619,,0.1,5,1
20260212_183903,DpwFbmSimulator,4096,200,0.5,122,0.6025572951472447,,0.1,5,1
20260212_183903,DpwFbmSimulator,4096,200,0.5,123,0.5080574053816186,,0.1,5,1
20260212_183903,DpwFbmSimulator,4096,200,0.5,124,0.46691168936053,,0.1,5,1
20260212_183903,DpwFbmSimulator,4096,200,0.5,125,0.5574702901993439,,0.1,5,1
20260212_183903,DpwFbmSimulator,4096,200,0.5,126,0.47195870113388855,,0.1,5,1
20260212_183903,DpwFbmSimulator,4096,200,0.5,127,0.4035896776369097,,0.1,5,1
20260212_183903,DpwFbmSimulator,4096,200,0.5,128,0.436713072457202,,0.1,5,1
20260212_183903,DpwFbmSimulator,4096,200,0.5,129,0.6410969936075863,,0.1,5,1
20260212_183903,DpwFbmSimulator,4096,200,0.5,130,0.5452549626983669,,0.1,5,1
20260212_183903,DpwFbmSimulator,4096,200,0.5,131,0.5357190589994925,,0.1,5,1
20260212_183903,DpwFbmSimulator,4096,200,0.5,132,0.539531595559552,,0.1,5,1
20260212_183903,DpwFbmSimulator,4096,200,0.5,133,0.49647461433982887,,0.1,5,1
20260212_183903,DpwFbmSimulator,4096,200,0.5,134,0.4301271544425,,0.1,5,1
20260212_183903,DpwFbmSimulator,4096,200,0.5,135,0.6483673199164232,,0.1,5,1
20260212_183903,DpwFbmSimulator,4096,200,0.5,136,0.36438672371844094,,0.1,5,1
20260212_183903,DpwFbmSimulator,4096,200,0.5,137,0.5392057684087601,,0.1,5,1
20260212_183903,DpwFbmSimulator,4096,200,0.5,138,0.5064193957923658,,0.1,5,1
20260212_183903,DpwFbmSimulator,4096,200,0.5,139,0.4458145437852987,,0.1,5,1
20260212_183903,DpwFbmSimulator,4096,200,0.5,140,0.4994047426621294,,0.1,5,1
20260212_183903,DpwFbmSimulator,4096,200,0.5,141,0.5463066644196652,,0.1,5,1
20260212_183903,DpwFbmSimulator,4096,200,0.5,142,0.4554544901577635,,0.1,5,1
20260212_183903,DpwFbmSimulator,4096,200,0.5,143,0.6090961499697218,,0.1,5,1
20260212_183903,DpwFbmSimulator,4096,200,0.5,144,0.49166310244820394,,0.1,5,1
20260212_183903,DpwFbmSimulator,4096,200,0.5,145,0.5536315138541297,,0.1,5,1
20260212_183903,DpwFbmSimulator,4096,200,0.5,146,0.41700282881959383,,0.1,5,1
20260212_183903,DpwFbmSimulator,4096,200,0.5,147,0.4649946805503743,,0.1,5,1
20260212_183903,DpwFbmSimulator,4096,200,0.5,148,0.46423397077927026,,0.1,5,1
20260212_183903,DpwFbmSimulator,4096,200,0.5,149,0.4434491387296045,,0.1,5,1
20260212_183903,DpwFbmSimulator,4096,200,0.5,150,0.43339888906160995,,0.1,5,1
20260212_183903,DpwFbmSimulator,4096,200,0.5,151,0.6031867155198075,,0.1,5,1
20260212_183903,DpwFbmSimulator,4096,200,0.5,152,0.44509562749567666,,0.1,5,1
20260212_183903,DpwFbmSimulator,4096,200,0.5,153,0.3486825881065385,,0.1,5,1
20260212_183903,DpwFbmSimulator,4096,200,0.5,154,0.4550180843243386,,0.1,5,1
20260212_183903,DpwFbmSimulator,4096,200,0.5,155,0.5606691153803869,,0.1,5,1
20260212_183903,DpwFbmSimulator,4096,200,0.5,156,0.5263538285141315,,0.1,5,1
20260212_183903,DpwFbmSimulator,4096,200,0.5,157,0.4538070559011127,,0.1,5,1
20260212_183903,DpwFbmSimulator,4096,200,0.5,158,0.4619604120698055,,0.1,5,1
20260212_183903,DpwFbmSimulator,4096,200,0.5,159,0.5228419078695397,,0.1,5,1
20260212_183903,DpwFbmSimulator,4096,200,0.5,160,0.4744815112214638,,0.1,5,1
20260212_183903,DpwFbmSimulator,4096,200,0.5,161,0.46594238879769956,,0.1,5,1
20260212_183903,DpwFbmSimulator,4096,200,0.5,162,0.5312818697239292,,0.1,5,1
20260212_183903,DpwFbmSimulator,4096,200,0.5,163,0.5703120881396857,,0.1,5,1
20260212_183903,DpwFbmSimulator,4096,200,0.5,164,0.49388289940400637,,0.1,5,1
20260212_183903,DpwFbmSimulator,4096,200,0.5,165,0.5209047993185136,,0.1,5,1
20260212_183903,DpwFbmSimulator,4096,200,0.5,166,0.5366908063318769,,0.1,5,1
20260212_183903,DpwFbmSimulator,4096,200,0.5,167,0.5730267090241075,,0.1,5,1
20260212_183903,DpwFbmSimulator,4096,200,0.5,168,0.5771912347057981,,0.1,5,1
20260212_183903,DpwFbmSimulator,4096,200,0.5,169,0.3811694223592788,,0.1,5,1
20260212_183903,DpwFbmSimulator,4096,200,0.5,170,0.46939139921714323,,0.1,5,1
20260212_183903,DpwFbmSimulator,4096,200,0.5,171,0.5744355282201065,,0.1,5,1
20260212_183903,DpwFbmSimulator,4096,200,0.5,172,0.5986430954184477,,0.1,5,1
20260212_183903,DpwFbmSimulator,4096,200,0.5,173,0.4649102354547644,,0.1,5,1
20260212_183903,DpwFbmSimulator,4096,200,0.5,174,0.460184349384568,,0.1,5,1
20260212_183903,DpwFbmSimulator,4096,200,0.5,175,0.5148331734798219,,0.1,5,1
20260212_183903,DpwFbmSimulator,4096,200,0.5,176,0.42596667670833416,,0.1,5,1
20260212_183903,DpwFbmSimulator,4096,200,0.5,177,0.44100280154968785,,0.1,5,1
20260212_183903,DpwFbmSimulator,4096,200,0.5,178,0.6049445402097292,,0.1,5,1
20260212_183903,DpwFbmSimulator,4096,200,0.5,179,0.44426553838014304,,0.1,5,1
20260212_183903,DpwFbmSimulator,4096,200,0.5,180,0.532009324767106,,0.1,5,1
20260212_183903,DpwFbmSimulator,4096,200,0.5,181,0.6132243162781345,,0.1,5,1
20260212_183903,DpwFbmSimulator,4096,200,0.5,182,0.4401271409190525,,0.1,5,1
20260212_183903,DpwFbmSimulator,4096,200,0.5,183,0.5024760962913543,,0.1,5,1
20260212_183903,DpwFbmSimulator,4096,200,0.5,184,0.3040142080921082,,0.1,5,1
20260212_183903,DpwFbmSimulator,4096,200,0.5,185,0.40141047144118824,,0.1,5,1
20260212_183903,DpwFbmSimulator,4096,200,0.5,186,0.4886247684177983,,0.1,5,1
20260212_183903,DpwFbmSimulator,4096,200,0.5,187,0.5285712469872168,,0.1,5,1
20260212_183903,DpwFbmSimulator,4096,200,0.5,188,0.5153904633408307,,0.1,5,1
20260212_183903,DpwFbmSimulator,4096,200,0.5,189,0.5686468769343672,,0.1,5,1
20260212_183903,DpwFbmSimulator,4096,200,0.5,190,0.4866635453111542,,0.1,5,1
20260212_183903,DpwFbmSimulator,4096,200,0.5,191,0.6038235107470952,,0.1,5,1
20260212_183903,DpwFbmSimulator,4096,200,0.5,192,0.47906448966025356,,0.1,5,1
20260212_183903,DpwFbmSimulator,4096,200,0.5,193,0.5549226267760023,,0.1,5,1
20260212_183903,DpwFbmSimulator,4096,200,0.5,194,0.5408999864281444,,0.1,5,1
20260212_183903,DpwFbmSimulator,4096,200,0.5,195,0.4496863754504599,,0.1,5,1
20260212_183903,DpwFbmSimulator,4096,200,0.5,196,0.387993407035291,,0.1,5,1
20260212_183903,DpwFbmSimulator,4096,200,0.5,197,0.5717866597449945,,0.1,5,1
20260212_183903,DpwFbmSimulator,4096,200,0.5,198,0.44098545442139203,,0.1,5,1
20260212_183903,DpwFbmSimulator,4096,200,0.5,199,0.48403346105488804,,0.1,5,1
20260212_183903,DpwFbmSimulator,4096,200,0.5,200,0.5328895981354766,,0.1,5,1
20260212_183903,DpwFbmSimulator,4096,200,0.6,1,0.6770408450016452,,0.1,5,1
20260212_183903,DpwFbmSimulator,4096,200,0.6,2,0.6765964599289293,,0.1,5,1
20260212_183903,DpwFbmSimulator,4096,200,0.6,3,0.7573300728572634,,0.1,5,1
20260212_183903,DpwFbmSimulator,4096,200,0.6,4,0.5811086368827302,,0.1,5,1
20260212_183903,DpwFbmSimulator,4096,200,0.6,5,0.4886073037600987,,0.1,5,1
20260212_183903,DpwFbmSimulator,4096,200,0.6,6,0.6300874777122659,,0.1,5,1
20260212_183903,DpwFbmSimulator,4096,200,0.6,7,0.5056345452235792,,0.1,5,1
20260212_183903,DpwFbmSimulator,4096,200,0.6,8,0.6430650801910136,,0.1,5,1
20260212_183903,DpwFbmSimulator,4096,200,0.6,9,0.7205332585971507,,0.1,5,1
20260212_183903,DpwFbmSimulator,4096,200,0.6,10,0.6226926163680155,,0.1,5,1
20260212_183903,DpwFbmSimulator,4096,200,0.6,11,0.6676434244973851,,0.1,5,1
20260212_183903,DpwFbmSimulator,4096,200,0.6,12,0.6534057073039268,,0.1,5,1
20260212_183903,DpwFbmSimulator,4096,200,0.6,13,0.6724208903317299,,0.1,5,1
20260212_183903,DpwFbmSimulator,4096,200,0.6,14,0.671419352384927,,0.1,5,1
20260212_183903,DpwFbmSimulator,4096,200,0.6,15,0.6485727863380265,,0.1,5,1
20260212_183903,DpwFbmSimulator,4096,200,0.6,16,0.5379963607310875,,0.1,5,1
20260212_183903,DpwFbmSimulator,4096,200,0.6,17,0.5979912193460589,,0.1,5,1
20260212_183903,DpwFbmSimulator,4096,200,0.6,18,0.636661495488936,,0.1,5,1
20260212_183903,DpwFbmSimulator,4096,200,0.6,19,0.6205710209752562,,0.1,5,1
20260212_183903,DpwFbmSimulator,4096,200,0.6,20,0.5934384060914245,,0.1,5,1
20260212_183903,DpwFbmSimulator,4096,200,0.6,21,0.5923497880137788,,0.1,5,1
20260212_183903,DpwFbmSimulator,4096,200,0.6,22,0.5333991250621982,,0.1,5,1
20260212_183903,DpwFbmSimulator,4096,200,0.6,23,0.6094661400689821,,0.1,5,1
20260212_183903,DpwFbmSimulator,4096,200,0.6,24,0.6231246051988943,,0.1,5,1
20260212_183903,DpwFbmSimulator,4096,200,0.6,25,0.7386763302498808,,0.1,5,1
20260212_183903,DpwFbmSimulator,4096,200,0.6,26,0.48376910285351227,,0.1,5,1
20260212_183903,DpwFbmSimulator,4096,200,0.6,27,0.759488462608927,,0.1,5,1
20260212_183903,DpwFbmSimulator,4096,200,0.6,28,0.4952983792362958,,0.1,5,1
20260212_183903,DpwFbmSimulator,4096,200,0.6,29,0.5246770616090027,,0.1,5,1
20260212_183903,DpwFbmSimulator,4096,200,0.6,30,0.5563826705087419,,0.1,5,1
20260212_183903,DpwFbmSimulator,4096,200,0.6,31,0.5460684662793088,,0.1,5,1
20260212_183903,DpwFbmSimulator,4096,200,0.6,32,0.6388611688708778,,0.1,5,1
20260212_183903,DpwFbmSimulator,4096,200,0.6,33,0.6613091797937787,,0.1,5,1
20260212_183903,DpwFbmSimulator,4096,200,0.6,34,0.5306625015037497,,0.1,5,1
20260212_183903,DpwFbmSimulator,4096,200,0.6,35,0.6264187882655672,,0.1,5,1
20260212_183903,DpwFbmSimulator,4096,200,0.6,36,0.532941815589427,,0.1,5,1
20260212_183903,DpwFbmSimulator,4096,200,0.6,37,0.5030137071012782,,0.1,5,1
20260212_183903,DpwFbmSimulator,4096,200,0.6,38,0.6680976272992212,,0.1,5,1
20260212_183903,DpwFbmSimulator,4096,200,0.6,39,0.6223071191684872,,0.1,5,1
20260212_183903,DpwFbmSimulator,4096,200,0.6,40,0.6359615400559206,,0.1,5,1
20260212_183903,DpwFbmSimulator,4096,200,0.6,41,0.6965615936297033,,0.1,5,1
20260212_183903,DpwFbmSimulator,4096,200,0.6,42,0.5458838702207537,,0.1,5,1
20260212_183903,DpwFbmSimulator,4096,200,0.6,43,0.5547566923140462,,0.1,5,1
20260212_183903,DpwFbmSimulator,4096,200,0.6,44,0.5064071720688006,,0.1,5,1
20260212_183903,DpwFbmSimulator,4096,200,0.6,45,0.6923629856299968,,0.1,5,1
20260212_183903,DpwFbmSimulator,4096,200,0.6,46,0.6503808738446208,,0.1,5,1
20260212_183903,DpwFbmSimulator,4096,200,0.6,47,0.5858834778948574,,0.1,5,1
20260212_183903,DpwFbmSimulator,4096,200,0.6,48,0.6376704381498247,,0.1,5,1
20260212_183903,DpwFbmSimulator,4096,200,0.6,49,0.6946499417194633,,0.1,5,1
20260212_183903,DpwFbmSimulator,4096,200,0.6,50,0.6832070887671405,,0.1,5,1
20260212_183903,DpwFbmSimulator,4096,200,0.6,51,0.4815143083392639,,0.1,5,1
20260212_183903,DpwFbmSimulator,4096,200,0.6,52,0.660906972146103,,0.1,5,1
20260212_183903,DpwFbmSimulator,4096,200,0.6,53,0.5743255763994354,,0.1,5,1
20260212_183903,DpwFbmSimulator,4096,200,0.6,54,0.573991476149642,,0.1,5,1
20260212_183903,DpwFbmSimulator,4096,200,0.6,55,0.38170190567084383,,0.1,5,1
20260212_183903,DpwFbmSimulator,4096,200,0.6,56,0.5939560850154857,,0.1,5,1
20260212_183903,DpwFbmSimulator,4096,200,0.6,57,0.4538028964588615,,0.1,5,1
20260212_183903,DpwFbmSimulator,4096,200,0.6,58,0.6223678267138758,,0.1,5,1
20260212_183903,DpwFbmSimulator,4096,200,0.6,59,0.7119906227299803,,0.1,5,1
20260212_183903,DpwFbmSimulator,4096,200,0.6,60,0.5656554248258493,,0.1,5,1
20260212_183903,DpwFbmSimulator,4096,200,0.6,61,0.5580395040357365,,0.1,5,1
20260212_183903,DpwFbmSimulator,4096,200,0.6,62,0.6141538481397708,,0.1,5,1
20260212_183903,DpwFbmSimulator,4096,200,0.6,63,0.624759134598782,,0.1,5,1
20260212_183903,DpwFbmSimulator,4096,200,0.6,64,0.577594941319563,,0.1,5,1
20260212_183903,DpwFbmSimulator,4096,200,0.6,65,0.6201051382220051,,0.1,5,1
20260212_183903,DpwFbmSimulator,4096,200,0.6,66,0.5532545278797473,,0.1,5,1
20260212_183903,DpwFbmSimulator,4096,200,0.6,67,0.6135590056018169,,0.1,5,1
20260212_183903,DpwFbmSimulator,4096,200,0.6,68,0.6724388063644399,,0.1,5,1
20260212_183903,DpwFbmSimulator,4096,200,0.6,69,0.628569106640031,,0.1,5,1
20260212_183903,DpwFbmSimulator,4096,200,0.6,70,0.6135984558596591,,0.1,5,1
20260212_183903,DpwFbmSimulator,4096,200,0.6,71,0.7285746996175394,,0.1,5,1
20260212_183903,DpwFbmSimulator,4096,200,0.6,72,0.7482495337570735,,0.1,5,1
20260212_183903,DpwFbmSimulator,4096,200,0.6,73,0.6475022938079967,,0.1,5,1
20260212_183903,DpwFbmSimulator,4096,200,0.6,74,0.7307074069928499,,0.1,5,1
20260212_183903,DpwFbmSimulator,4096,200,0.6,75,0.6239028935387754,,0.1,5,1
20260212_183903,DpwFbmSimulator,4096,200,0.6,76,0.6228808716761306,,0.1,5,1
20260212_183903,DpwFbmSimulator,4096,200,0.6,77,0.6750566451092332,,0.1,5,1
20260212_183903,DpwFbmSimulator,4096,200,0.6,78,0.5547436308919628,,0.1,5,1
20260212_183903,DpwFbmSimulator,4096,200,0.6,79,0.6947922371725137,,0.1,5,1
20260212_183903,DpwFbmSimulator,4096,200,0.6,80,0.49390150432495994,,0.1,5,1
20260212_183903,DpwFbmSimulator,4096,200,0.6,81,0.7248658985128326,,0.1,5,1
20260212_183903,DpwFbmSimulator,4096,200,0.6,82,0.5100804965023599,,0.1,5,1
20260212_183903,DpwFbmSimulator,4096,200,0.6,83,0.4771436082348446,,0.1,5,1
20260212_183903,DpwFbmSimulator,4096,200,0.6,84,0.6555649628539366,,0.1,5,1
20260212_183903,DpwFbmSimulator,4096,200,0.6,85,0.75667798335298,,0.1,5,1
20260212_183903,DpwFbmSimulator,4096,200,0.6,86,0.5576246223440458,,0.1,5,1
20260212_183903,DpwFbmSimulator,4096,200,0.6,87,0.6465510172398863,,0.1,5,1
20260212_183903,DpwFbmSimulator,4096,200,0.6,88,0.48836131892413054,,0.1,5,1
20260212_183903,DpwFbmSimulator,4096,200,0.6,89,0.6306786794230043,,0.1,5,1
20260212_183903,DpwFbmSimulator,4096,200,0.6,90,0.6529717836276053,,0.1,5,1
20260212_183903,DpwFbmSimulator,4096,200,0.6,91,0.661406270863784,,0.1,5,1
20260212_183903,DpwFbmSimulator,4096,200,0.6,92,0.4751050321025527,,0.1,5,1
20260212_183903,DpwFbmSimulator,4096,200,0.6,93,0.6047001604113396,,0.1,5,1
20260212_183903,DpwFbmSimulator,4096,200,0.6,94,0.6055823912362029,,0.1,5,1
20260212_183903,DpwFbmSimulator,4096,200,0.6,95,0.6326992292443743,,0.1,5,1
20260212_183903,DpwFbmSimulator,4096,200,0.6,96,0.583912251474805,,0.1,5,1
20260212_183903,DpwFbmSimulator,4096,200,0.6,97,0.6719874293967736,,0.1,5,1
20260212_183903,DpwFbmSimulator,4096,200,0.6,98,0.5739992736281058,,0.1,5,1
20260212_183903,DpwFbmSimulator,4096,200,0.6,99,0.6183426914189929,,0.1,5,1
20260212_183903,DpwFbmSimulator,4096,200,0.6,100,0.6291080283256517,,0.1,5,1
20260212_183903,DpwFbmSimulator,4096,200,0.6,101,0.5457540593068422,,0.1,5,1
20260212_183903,DpwFbmSimulator,4096,200,0.6,102,0.5016721126729431,,0.1,5,1
20260212_183903,DpwFbmSimulator,4096,200,0.6,103,0.6312900092179243,,0.1,5,1
20260212_183903,DpwFbmSimulator,4096,200,0.6,104,0.5511420604397219,,0.1,5,1
20260212_183903,DpwFbmSimulator,4096,200,0.6,105,0.5573379257906791,,0.1,5,1
20260212_183903,DpwFbmSimulator,4096,200,0.6,106,0.5708505268504203,,0.1,5,1
20260212_183903,DpwFbmSimulator,4096,200,0.6,107,0.5527712757084555,,0.1,5,1
20260212_183903,DpwFbmSimulator,4096,200,0.6,108,0.5041425370873363,,0.1,5,1
20260212_183903,DpwFbmSimulator,4096,200,0.6,109,0.6160300838249856,,0.1,5,1
20260212_183903,DpwFbmSimulator,4096,200,0.6,110,0.7084644024210895,,0.1,5,1
20260212_183903,DpwFbmSimulator,4096,200,0.6,111,0.28403866930604726,,0.1,5,1
20260212_183903,DpwFbmSimulator,4096,200,0.6,112,0.5807250179608514,,0.1,5,1
20260212_183903,DpwFbmSimulator,4096,200,0.6,113,0.6264905849472953,,0.1,5,1
20260212_183903,DpwFbmSimulator,4096,200,0.6,114,0.5465471462906314,,0.1,5,1
20260212_183903,DpwFbmSimulator,4096,200,0.6,115,0.5660701966044103,,0.1,5,1
20260212_183903,DpwFbmSimulator,4096,200,0.6,116,0.5862288627247506,,0.1,5,1
20260212_183903,DpwFbmSimulator,4096,200,0.6,117,0.7503593011045816,,0.1,5,1
20260212_183903,DpwFbmSimulator,4096,200,0.6,118,0.5620745948105443,,0.1,5,1
20260212_183903,DpwFbmSimulator,4096,200,0.6,119,0.6899416210423808,,0.1,5,1
20260212_183903,DpwFbmSimulator,4096,200,0.6,120,0.6719153947459352,,0.1,5,1
20260212_183903,DpwFbmSimulator,4096,200,0.6,121,0.6144340098925454,,0.1,5,1
20260212_183903,DpwFbmSimulator,4096,200,0.6,122,0.566203105246543,,0.1,5,1
20260212_183903,DpwFbmSimulator,4096,200,0.6,123,0.6234966792335634,,0.1,5,1
20260212_183903,DpwFbmSimulator,4096,200,0.6,124,0.6085416488216396,,0.1,5,1
20260212_183903,DpwFbmSimulator,4096,200,0.6,125,0.6190649522331549,,0.1,5,1
20260212_183903,DpwFbmSimulator,4096,200,0.6,126,0.6334935498077998,,0.1,5,1
20260212_183903,DpwFbmSimulator,4096,200,0.6,127,0.579194066857034,,0.1,5,1
20260212_183903,DpwFbmSimulator,4096,200,0.6,128,0.6239481325577538,,0.1,5,1
20260212_183903,DpwFbmSimulator,4096,200,0.6,129,0.6673023659282696,,0.1,5,1
20260212_183903,DpwFbmSimulator,4096,200,0.6,130,0.5937641098563958,,0.1,5,1
20260212_183903,DpwFbmSimulator,4096,200,0.6,131,0.5678102979065576,,0.1,5,1
20260212_183903,DpwFbmSimulator,4096,200,0.6,132,0.7135140482711474,,0.1,5,1
20260212_183903,DpwFbmSimulator,4096,200,0.6,133,0.35471383408570006,,0.1,5,1
20260212_183903,DpwFbmSimulator,4096,200,0.6,134,0.43030991473258073,,0.1,5,1
20260212_183903,DpwFbmSimulator,4096,200,0.6,135,0.713061974053711,,0.1,5,1
20260212_183903,DpwFbmSimulator,4096,200,0.6,136,0.6383866276769987,,0.1,5,1
20260212_183903,DpwFbmSimulator,4096,200,0.6,137,0.6089023731367399,,0.1,5,1
20260212_183903,DpwFbmSimulator,4096,200,0.6,138,0.5672604608861093,,0.1,5,1
20260212_183903,DpwFbmSimulator,4096,200,0.6,139,0.6740107601368748,,0.1,5,1
20260212_183903,DpwFbmSimulator,4096,200,0.6,140,0.6183648978665407,,0.1,5,1
20260212_183903,DpwFbmSimulator,4096,200,0.6,141,0.46587507804133066,,0.1,5,1
20260212_183903,DpwFbmSimulator,4096,200,0.6,142,0.6241092531804285,,0.1,5,1
20260212_183903,DpwFbmSimulator,4096,200,0.6,143,0.5721444780145312,,0.1,5,1
20260212_183903,DpwFbmSimulator,4096,200,0.6,144,0.5958078436573698,,0.1,5,1
20260212_183903,DpwFbmSimulator,4096,200,0.6,145,0.5735403147620959,,0.1,5,1
20260212_183903,DpwFbmSimulator,4096,200,0.6,146,0.6286099547445857,,0.1,5,1
20260212_183903,DpwFbmSimulator,4096,200,0.6,147,0.6454884355609491,,0.1,5,1
20260212_183903,DpwFbmSimulator,4096,200,0.6,148,0.7128473372103096,,0.1,5,1
20260212_183903,DpwFbmSimulator,4096,200,0.6,149,0.6547935223505857,,0.1,5,1
20260212_183903,DpwFbmSimulator,4096,200,0.6,150,0.6864160238938207,,0.1,5,1
20260212_183903,DpwFbmSimulator,4096,200,0.6,151,0.5534936510461288,,0.1,5,1
20260212_183903,DpwFbmSimulator,4096,200,0.6,152,0.5838816871164925,,0.1,5,1
20260212_183903,DpwFbmSimulator,4096,200,0.6,153,0.7046058381137338,,0.1,5,1
20260212_183903,DpwFbmSimulator,4096,200,0.6,154,0.5293198363698833,,0.1,5,1
20260212_183903,DpwFbmSimulator,4096,200,0.6,155,0.6263711537104653,,0.1,5,1
20260212_183903,DpwFbmSimulator,4096,200,0.6,156,0.6410410457756827,,0.1,5,1
20260212_183903,DpwFbmSimulator,4096,200,0.6,157,0.6559741764155937,,0.1,5,1
20260212_183903,DpwFbmSimulator,4096,200,0.6,158,0.5896743780061866,,0.1,5,1
20260212_183903,DpwFbmSimulator,4096,200,0.6,159,0.7035926252079997,,0.1,5,1
20260212_183903,DpwFbmSimulator,4096,200,0.6,160,0.6678247722476253,,0.1,5,1
20260212_183903,DpwFbmSimulator,4096,200,0.6,161,0.5893395115873209,,0.1,5,1
20260212_183903,DpwFbmSimulator,4096,200,0.6,162,0.7016684119668114,,0.1,5,1
20260212_183903,DpwFbmSimulator,4096,200,0.6,163,0.5853096106130311,,0.1,5,1
20260212_183903,DpwFbmSimulator,4096,200,0.6,164,0.7670620734255195,,0.1,5,1
20260212_183903,DpwFbmSimulator,4096,200,0.6,165,0.6317591282682312,,0.1,5,1
20260212_183903,DpwFbmSimulator,4096,200,0.6,166,0.6129390799545169,,0.1,5,1
20260212_183903,DpwFbmSimulator,4096,200,0.6,167,0.6491370471765118,,0.1,5,1
20260212_183903,DpwFbmSimulator,4096,200,0.6,168,0.6266632717899584,,0.1,5,1
20260212_183903,DpwFbmSimulator,4096,200,0.6,169,0.5858355124350244,,0.1,5,1
20260212_183903,DpwFbmSimulator,4096,200,0.6,170,0.6863804914737742,,0.1,5,1
20260212_183903,DpwFbmSimulator,4096,200,0.6,171,0.5866511915968582,,0.1,5,1
20260212_183903,DpwFbmSimulator,4096,200,0.6,172,0.7239418008755613,,0.1,5,1
20260212_183903,DpwFbmSimulator,4096,200,0.6,173,0.538828482972585,,0.1,5,1
20260212_183903,DpwFbmSimulator,4096,200,0.6,174,0.5944122587424738,,0.1,5,1
20260212_183903,DpwFbmSimulator,4096,200,0.6,175,0.48642367229964306,,0.1,5,1
20260212_183903,DpwFbmSimulator,4096,200,0.6,176,0.6250081945090414,,0.1,5,1
20260212_183903,DpwFbmSimulator,4096,200,0.6,177,0.6358685000064213,,0.1,5,1
20260212_183903,DpwFbmSimulator,4096,200,0.6,178,0.6734088517898279,,0.1,5,1
20260212_183903,DpwFbmSimulator,4096,200,0.6,179,0.6717667759386616,,0.1,5,1
20260212_183903,DpwFbmSimulator,4096,200,0.6,180,0.7007731387964581,,0.1,5,1
20260212_183903,DpwFbmSimulator,4096,200,0.6,181,0.6923291690847749,,0.1,5,1
20260212_183903,DpwFbmSimulator,4096,200,0.6,182,0.28971349414090514,,0.1,5,1
20260212_183903,DpwFbmSimulator,4096,200,0.6,183,0.6545267854367061,,0.1,5,1
20260212_183903,DpwFbmSimulator,4096,200,0.6,184,0.5884398732057451,,0.1,5,1
20260212_183903,DpwFbmSimulator,4096,200,0.6,185,0.6202986390514511,,0.1,5,1
20260212_183903,DpwFbmSimulator,4096,200,0.6,186,0.730888402553792,,0.1,5,1
20260212_183903,DpwFbmSimulator,4096,200,0.6,187,0.6638907401793417,,0.1,5,1
20260212_183903,DpwFbmSimulator,4096,200,0.6,188,0.6441670359726732,,0.1,5,1
20260212_183903,DpwFbmSimulator,4096,200,0.6,189,0.6496365888517865,,0.1,5,1
20260212_183903,DpwFbmSimulator,4096,200,0.6,190,0.5476009881033578,,0.1,5,1
20260212_183903,DpwFbmSimulator,4096,200,0.6,191,0.6363896236081649,,0.1,5,1
20260212_183903,DpwFbmSimulator,4096,200,0.6,192,0.5674711393993289,,0.1,5,1
20260212_183903,DpwFbmSimulator,4096,200,0.6,193,0.6052952658785506,,0.1,5,1
20260212_183903,DpwFbmSimulator,4096,200,0.6,194,0.5203565655226298,,0.1,5,1
20260212_183903,DpwFbmSimulator,4096,200,0.6,195,0.6676242215191781,,0.1,5,1
20260212_183903,DpwFbmSimulator,4096,200,0.6,196,0.5912886900297233,,0.1,5,1
20260212_183903,DpwFbmSimulator,4096,200,0.6,197,0.6889158081704169,,0.1,5,1
20260212_183903,DpwFbmSimulator,4096,200,0.6,198,0.5848089497135459,,0.1,5,1
20260212_183903,DpwFbmSimulator,4096,200,0.6,199,0.5963717247182528,,0.1,5,1
20260212_183903,DpwFbmSimulator,4096,200,0.6,200,0.4123318615623296,,0.1,5,1
20260212_183903,DpwFbmSimulator,4096,200,0.7,1,0.7994997145212189,,0.1,5,1
20260212_183903,DpwFbmSimulator,4096,200,0.7,2,0.7189050007168326,,0.1,5,1
20260212_183903,DpwFbmSimulator,4096,200,0.7,3,0.6763369462839919,,0.1,5,1
20260212_183903,DpwFbmSimulator,4096,200,0.7,4,0.5164164953376713,,0.1,5,1
20260212_183903,DpwFbmSimulator,4096,200,0.7,5,0.8507905782595307,,0.1,5,1
20260212_183903,DpwFbmSimulator,4096,200,0.7,6,0.7019759418761442,,0.1,5,1
20260212_183903,DpwFbmSimulator,4096,200,0.7,7,0.7791448674845796,,0.1,5,1
20260212_183903,DpwFbmSimulator,4096,200,0.7,8,0.68450740161989,,0.1,5,1
20260212_183903,DpwFbmSimulator,4096,200,0.7,9,0.6822559337649725,,0.1,5,1
20260212_183903,DpwFbmSimulator,4096,200,0.7,10,0.6751522023982739,,0.1,5,1
20260212_183903,DpwFbmSimulator,4096,200,0.7,11,0.7202040464938947,,0.1,5,1
20260212_183903,DpwFbmSimulator,4096,200,0.7,12,0.5985943978615704,,0.1,5,1
20260212_183903,DpwFbmSimulator,4096,200,0.7,13,0.7642625342121773,,0.1,5,1
20260212_183903,DpwFbmSimulator,4096,200,0.7,14,0.6163803455003707,,0.1,5,1
20260212_183903,DpwFbmSimulator,4096,200,0.7,15,0.6699574790633908,,0.1,5,1
20260212_183903,DpwFbmSimulator,4096,200,0.7,16,0.5000617109491051,,0.1,5,1
20260212_183903,DpwFbmSimulator,4096,200,0.7,17,0.6425213997767193,,0.1,5,1
20260212_183903,DpwFbmSimulator,4096,200,0.7,18,0.5959567402917949,,0.1,5,1
20260212_183903,DpwFbmSimulator,4096,200,0.7,19,0.8003492777407379,,0.1,5,1
20260212_183903,DpwFbmSimulator,4096,200,0.7,20,0.807602027315718,,0.1,5,1
20260212_183903,DpwFbmSimulator,4096,200,0.7,21,0.6948313593810428,,0.1,5,1
20260212_183903,DpwFbmSimulator,4096,200,0.7,22,0.7203099350305086,,0.1,5,1
20260212_183903,DpwFbmSimulator,4096,200,0.7,23,0.6818041945214521,,0.1,5,1
20260212_183903,DpwFbmSimulator,4096,200,0.7,24,0.8674421862496002,,0.1,5,1
20260212_183903,DpwFbmSimulator,4096,200,0.7,25,0.5240571914411905,,0.1,5,1
20260212_183903,DpwFbmSimulator,4096,200,0.7,26,0.7392660995318806,,0.1,5,1
20260212_183903,DpwFbmSimulator,4096,200,0.7,27,0.6860613827774218,,0.1,5,1
20260212_183903,DpwFbmSimulator,4096,200,0.7,28,0.6994009234282889,,0.1,5,1
20260212_183903,DpwFbmSimulator,4096,200,0.7,29,0.771371404933109,,0.1,5,1
20260212_183903,DpwFbmSimulator,4096,200,0.7,30,0.8115226263416325,,0.1,5,1
20260212_183903,DpwFbmSimulator,4096,200,0.7,31,0.6254358799030063,,0.1,5,1
20260212_183903,DpwFbmSimulator,4096,200,0.7,32,0.4920633079488319,,0.1,5,1
20260212_183903,DpwFbmSimulator,4096,200,0.7,33,0.6927099133965462,,0.1,5,1
20260212_183903,DpwFbmSimulator,4096,200,0.7,34,0.7893079949173933,,0.1,5,1
20260212_183903,DpwFbmSimulator,4096,200,0.7,35,0.645967943337057,,0.1,5,1
20260212_183903,DpwFbmSimulator,4096,200,0.7,36,0.7744278266231309,,0.1,5,1
20260212_183903,DpwFbmSimulator,4096,200,0.7,37,0.6203257438526196,,0.1,5,1
20260212_183903,DpwFbmSimulator,4096,200,0.7,38,0.6698096433733641,,0.1,5,1
20260212_183903,DpwFbmSimulator,4096,200,0.7,39,0.8677806732206687,,0.1,5,1
20260212_183903,DpwFbmSimulator,4096,200,0.7,40,0.6293067039822005,,0.1,5,1
20260212_183903,DpwFbmSimulator,4096,200,0.7,41,0.2669182717125722,,0.1,5,1
20260212_183903,DpwFbmSimulator,4096,200,0.7,42,0.3976705337676109,,0.1,5,1
20260212_183903,DpwFbmSimulator,4096,200,0.7,43,0.7118737656435299,,0.1,5,1
20260212_183903,DpwFbmSimulator,4096,200,0.7,44,0.7332029363685184,,0.1,5,1
20260212_183903,DpwFbmSimulator,4096,200,0.7,45,0.5885716468983943,,0.1,5,1
20260212_183903,DpwFbmSimulator,4096,200,0.7,46,0.6976225410948039,,0.1,5,1
20260212_183903,DpwFbmSimulator,4096,200,0.7,47,0.8597958917280744,,0.1,5,1
20260212_183903,DpwFbmSimulator,4096,200,0.7,48,0.7664138247738702,,0.1,5,1
20260212_183903,DpwFbmSimulator,4096,200,0.7,49,0.7051940897918543,,0.1,5,1
20260212_183903,DpwFbmSimulator,4096,200,0.7,50,0.629082841821856,,0.1,5,1
20260212_183903,DpwFbmSimulator,4096,200,0.7,51,0.6751735392200592,,0.1,5,1
20260212_183903,DpwFbmSimulator,4096,200,0.7,52,0.7746656644296488,,0.1,5,1
20260212_183903,DpwFbmSimulator,4096,200,0.7,53,0.8350073965085704,,0.1,5,1
20260212_183903,DpwFbmSimulator,4096,200,0.7,54,0.7341811213805495,,0.1,5,1
20260212_183903,DpwFbmSimulator,4096,200,0.7,55,0.6617722176097824,,0.1,5,1
20260212_183903,DpwFbmSimulator,4096,200,0.7,56,0.7803101899864519,,0.1,5,1
20260212_183903,DpwFbmSimulator,4096,200,0.7,57,0.7137984628561629,,0.1,5,1
20260212_183903,DpwFbmSimulator,4096,200,0.7,58,0.6091540995719741,,0.1,5,1
20260212_183903,DpwFbmSimulator,4096,200,0.7,59,0.8302257718271967,,0.1,5,1
20260212_183903,DpwFbmSimulator,4096,200,0.7,60,0.6588346006094977,,0.1,5,1
20260212_183903,DpwFbmSimulator,4096,200,0.7,61,0.5240028577084556,,0.1,5,1
20260212_183903,DpwFbmSimulator,4096,200,0.7,62,0.7518270123500879,,0.1,5,1
20260212_183903,DpwFbmSimulator,4096,200,0.7,63,0.6647882570047948,,0.1,5,1
20260212_183903,DpwFbmSimulator,4096,200,0.7,64,0.6926548462546199,,0.1,5,1
20260212_183903,DpwFbmSimulator,4096,200,0.7,65,0.7222519034880043,,0.1,5,1
20260212_183903,DpwFbmSimulator,4096,200,0.7,66,0.6779674995085709,,0.1,5,1
20260212_183903,DpwFbmSimulator,4096,200,0.7,67,0.4821781796719167,,0.1,5,1
20260212_183903,DpwFbmSimulator,4096,200,0.7,68,0.734621260012745,,0.1,5,1
20260212_183903,DpwFbmSimulator,4096,200,0.7,69,0.7006402888898406,,0.1,5,1
20260212_183903,DpwFbmSimulator,4096,200,0.7,70,0.5834199148886299,,0.1,5,1
20260212_183903,DpwFbmSimulator,4096,200,0.7,71,0.48802061597101276,,0.1,5,1
20260212_183903,DpwFbmSimulator,4096,200,0.7,72,0.6244755124988303,,0.1,5,1
20260212_183903,DpwFbmSimulator,4096,200,0.7,73,0.7627163125195551,,0.1,5,1
20260212_183903,DpwFbmSimulator,4096,200,0.7,74,0.68389665594828,,0.1,5,1
20260212_183903,DpwFbmSimulator,4096,200,0.7,75,0.7193117263063794,,0.1,5,1
20260212_183903,DpwFbmSimulator,4096,200,0.7,76,0.6383664885270366,,0.1,5,1
20260212_183903,DpwFbmSimulator,4096,200,0.7,77,0.5904125043025211,,0.1,5,1
20260212_183903,DpwFbmSimulator,4096,200,0.7,78,0.7056637670069785,,0.1,5,1
20260212_183903,DpwFbmSimulator,4096,200,0.7,79,0.7231945487276952,,0.1,5,1
20260212_183903,DpwFbmSimulator,4096,200,0.7,80,0.7476070480585183,,0.1,5,1
20260212_183903,DpwFbmSimulator,4096,200,0.7,81,0.7189870930692347,,0.1,5,1
20260212_183903,DpwFbmSimulator,4096,200,0.7,82,0.6930066737325807,,0.1,5,1
20260212_183903,DpwFbmSimulator,4096,200,0.7,83,0.7547590404666734,,0.1,5,1
20260212_183903,DpwFbmSimulator,4096,200,0.7,84,0.7817214066759575,,0.1,5,1
20260212_183903,DpwFbmSimulator,4096,200,0.7,85,0.5909915563773153,,0.1,5,1
20260212_183903,DpwFbmSimulator,4096,200,0.7,86,0.5791172304903041,,0.1,5,1
20260212_183903,DpwFbmSimulator,4096,200,0.7,87,0.8005523816269547,,0.1,5,1
20260212_183903,DpwFbmSimulator,4096,200,0.7,88,0.7396024730512857,,0.1,5,1
20260212_183903,DpwFbmSimulator,4096,200,0.7,89,0.6832217236587577,,0.1,5,1
20260212_183903,DpwFbmSimulator,4096,200,0.7,90,0.6273001415221736,,0.1,5,1
20260212_183903,DpwFbmSimulator,4096,200,0.7,91,0.7531548300566004,,0.1,5,1
20260212_183903,DpwFbmSimulator,4096,200,0.7,92,0.764937598583108,,0.1,5,1
20260212_183903,DpwFbmSimulator,4096,200,0.7,93,0.751716046949565,,0.1,5,1
20260212_183903,DpwFbmSimulator,4096,200,0.7,94,0.6120345154617925,,0.1,5,1
20260212_183903,DpwFbmSimulator,4096,200,0.7,95,0.750721241952422,,0.1,5,1
20260212_183903,DpwFbmSimulator,4096,200,0.7,96,0.8410830296069043,,0.1,5,1
20260212_183903,DpwFbmSimulator,4096,200,0.7,97,0.566831283365038,,0.1,5,1
20260212_183903,DpwFbmSimulator,4096,200,0.7,98,0.7651717690520887,,0.1,5,1
20260212_183903,DpwFbmSimulator,4096,200,0.7,99,0.7381604025132926,,0.1,5,1
20260212_183903,DpwFbmSimulator,4096,200,0.7,100,0.7061979806875408,,0.1,5,1
20260212_183903,DpwFbmSimulator,4096,200,0.7,101,0.6740392515470933,,0.1,5,1
20260212_183903,DpwFbmSimulator,4096,200,0.7,102,0.7430603674059899,,0.1,5,1
20260212_183903,DpwFbmSimulator,4096,200,0.7,103,0.6741236531569506,,0.1,5,1
20260212_183903,DpwFbmSimulator,4096,200,0.7,104,0.8456530692029158,,0.1,5,1
20260212_183903,DpwFbmSimulator,4096,200,0.7,105,0.6775933672045346,,0.1,5,1
20260212_183903,DpwFbmSimulator,4096,200,0.7,106,0.7114833163361896,,0.1,5,1
20260212_183903,DpwFbmSimulator,4096,200,0.7,107,0.44637340691492533,,0.1,5,1
20260212_183903,DpwFbmSimulator,4096,200,0.7,108,0.6552959916298725,,0.1,5,1
20260212_183903,DpwFbmSimulator,4096,200,0.7,109,0.6122428735298788,,0.1,5,1
20260212_183903,DpwFbmSimulator,4096,200,0.7,110,0.6396760007506491,,0.1,5,1
20260212_183903,DpwFbmSimulator,4096,200,0.7,111,0.6834605268027921,,0.1,5,1
20260212_183903,DpwFbmSimulator,4096,200,0.7,112,0.7204025174819108,,0.1,5,1
20260212_183903,DpwFbmSimulator,4096,200,0.7,113,0.7964715690967489,,0.1,5,1
20260212_183903,DpwFbmSimulator,4096,200,0.7,114,0.6254079776698475,,0.1,5,1
20260212_183903,DpwFbmSimulator,4096,200,0.7,115,0.6587716195418245,,0.1,5,1
20260212_183903,DpwFbmSimulator,4096,200,0.7,116,0.5808567082660817,,0.1,5,1
20260212_183903,DpwFbmSimulator,4096,200,0.7,117,0.6051705638424921,,0.1,5,1
20260212_183903,DpwFbmSimulator,4096,200,0.7,118,0.8009673979332032,,0.1,5,1
20260212_183903,DpwFbmSimulator,4096,200,0.7,119,0.6474242981182027,,0.1,5,1
20260212_183903,DpwFbmSimulator,4096,200,0.7,120,0.68228748127596,,0.1,5,1
20260212_183903,DpwFbmSimulator,4096,200,0.7,121,0.6337933041713105,,0.1,5,1
20260212_183903,DpwFbmSimulator,4096,200,0.7,122,0.7844845604069484,,0.1,5,1
20260212_183903,DpwFbmSimulator,4096,200,0.7,123,0.6775493146818911,,0.1,5,1
20260212_183903,DpwFbmSimulator,4096,200,0.7,124,0.6735174257817013,,0.1,5,1
20260212_183903,DpwFbmSimulator,4096,200,0.7,125,0.7742205205777243,,0.1,5,1
20260212_183903,DpwFbmSimulator,4096,200,0.7,126,0.6394587726498279,,0.1,5,1
20260212_183903,DpwFbmSimulator,4096,200,0.7,127,0.707107477113734,,0.1,5,1
20260212_183903,DpwFbmSimulator,4096,200,0.7,128,0.7394849374617731,,0.1,5,1
20260212_183903,DpwFbmSimulator,4096,200,0.7,129,0.8666300648853978,,0.1,5,1
20260212_183903,DpwFbmSimulator,4096,200,0.7,130,0.8135666966215643,,0.1,5,1
20260212_183903,DpwFbmSimulator,4096,200,0.7,131,0.7268165648356036,,0.1,5,1
20260212_183903,DpwFbmSimulator,4096,200,0.7,132,0.7208282497563544,,0.1,5,1
20260212_183903,DpwFbmSimulator,4096,200,0.7,133,0.5939081163684344,,0.1,5,1
20260212_183903,DpwFbmSimulator,4096,200,0.7,134,0.8464538399863207,,0.1,5,1
20260212_183903,DpwFbmSimulator,4096,200,0.7,135,0.8269462397333969,,0.1,5,1
20260212_183903,DpwFbmSimulator,4096,200,0.7,136,0.6304803190926895,,0.1,5,1
20260212_183903,DpwFbmSimulator,4096,200,0.7,137,0.7696433056560442,,0.1,5,1
20260212_183903,DpwFbmSimulator,4096,200,0.7,138,0.4477715698325415,,0.1,5,1
20260212_183903,DpwFbmSimulator,4096,200,0.7,139,0.7480351372160832,,0.1,5,1
20260212_183903,DpwFbmSimulator,4096,200,0.7,140,0.5713098742106648,,0.1,5,1
20260212_183903,DpwFbmSimulator,4096,200,0.7,141,0.7653053540486466,,0.1,5,1
20260212_183903,DpwFbmSimulator,4096,200,0.7,142,0.7974794894272553,,0.1,5,1
20260212_183903,DpwFbmSimulator,4096,200,0.7,143,0.698279952506069,,0.1,5,1
20260212_183903,DpwFbmSimulator,4096,200,0.7,144,0.7459515910896244,,0.1,5,1
20260212_183903,DpwFbmSimulator,4096,200,0.7,145,0.6474640663802352,,0.1,5,1
20260212_183903,DpwFbmSimulator,4096,200,0.7,146,0.8049770380984812,,0.1,5,1
20260212_183903,DpwFbmSimulator,4096,200,0.7,147,0.7750598921030832,,0.1,5,1
20260212_183903,DpwFbmSimulator,4096,200,0.7,148,0.7066573389700873,,0.1,5,1
20260212_183903,DpwFbmSimulator,4096,200,0.7,149,0.7110642681320046,,0.1,5,1
20260212_183903,DpwFbmSimulator,4096,200,0.7,150,0.7685287489603795,,0.1,5,1
20260212_183903,DpwFbmSimulator,4096,200,0.7,151,0.7109130437417177,,0.1,5,1
20260212_183903,DpwFbmSimulator,4096,200,0.7,152,0.8254173467967258,,0.1,5,1
20260212_183903,DpwFbmSimulator,4096,200,0.7,153,0.6150505649420097,,0.1,5,1
20260212_183903,DpwFbmSimulator,4096,200,0.7,154,0.5558052184709179,,0.1,5,1
20260212_183903,DpwFbmSimulator,4096,200,0.7,155,0.7028919426058013,,0.1,5,1
20260212_183903,DpwFbmSimulator,4096,200,0.7,156,0.6061682675660647,,0.1,5,1
20260212_183903,DpwFbmSimulator,4096,200,0.7,157,0.42484253611396844,,0.1,5,1
20260212_183903,DpwFbmSimulator,4096,200,0.7,158,0.46714937725013705,,0.1,5,1
20260212_183903,DpwFbmSimulator,4096,200,0.7,159,0.731738304612317,,0.1,5,1
20260212_183903,DpwFbmSimulator,4096,200,0.7,160,0.7595955344474217,,0.1,5,1
20260212_183903,DpwFbmSimulator,4096,200,0.7,161,0.8275312103260221,,0.1,5,1
20260212_183903,DpwFbmSimulator,4096,200,0.7,162,0.7869001540961986,,0.1,5,1
20260212_183903,DpwFbmSimulator,4096,200,0.7,163,0.8128760688291726,,0.1,5,1
20260212_183903,DpwFbmSimulator,4096,200,0.7,164,0.6486867744872721,,0.1,5,1
20260212_183903,DpwFbmSimulator,4096,200,0.7,165,0.6799988840709208,,0.1,5,1
20260212_183903,DpwFbmSimulator,4096,200,0.7,166,0.5469239082960603,,0.1,5,1
20260212_183903,DpwFbmSimulator,4096,200,0.7,167,0.7047589465961996,,0.1,5,1
20260212_183903,DpwFbmSimulator,4096,200,0.7,168,0.7366525305153164,,0.1,5,1
20260212_183903,DpwFbmSimulator,4096,200,0.7,169,0.7606459695024901,,0.1,5,1
20260212_183903,DpwFbmSimulator,4096,200,0.7,170,0.7210485842977414,,0.1,5,1
20260212_183903,DpwFbmSimulator,4096,200,0.7,171,0.7743308129530296,,0.1,5,1
20260212_183903,DpwFbmSimulator,4096,200,0.7,172,0.6495938498975437,,0.1,5,1
20260212_183903,DpwFbmSimulator,4096,200,0.7,173,0.6050800118251957,,0.1,5,1
20260212_183903,DpwFbmSimulator,4096,200,0.7,174,0.7217213555927036,,0.1,5,1
20260212_183903,DpwFbmSimulator,4096,200,0.7,175,0.7316625916063845,,0.1,5,1
20260212_183903,DpwFbmSimulator,4096,200,0.7,176,0.842033538048871,,0.1,5,1
20260212_183903,DpwFbmSimulator,4096,200,0.7,177,0.6162693709543047,,0.1,5,1
20260212_183903,DpwFbmSimulator,4096,200,0.7,178,0.6966547058154927,,0.1,5,1
20260212_183903,DpwFbmSimulator,4096,200,0.7,179,0.6274542666952513,,0.1,5,1
20260212_183903,DpwFbmSimulator,4096,200,0.7,180,0.5398420211531542,,0.1,5,1
20260212_183903,DpwFbmSimulator,4096,200,0.7,181,0.7058736961913556,,0.1,5,1
20260212_183903,DpwFbmSimulator,4096,200,0.7,182,0.6363017480667575,,0.1,5,1
20260212_183903,DpwFbmSimulator,4096,200,0.7,183,0.6153758976468667,,0.1,5,1
20260212_183903,DpwFbmSimulator,4096,200,0.7,184,0.7312585341363401,,0.1,5,1
20260212_183903,DpwFbmSimulator,4096,200,0.7,185,0.6478656845686607,,0.1,5,1
20260212_183903,DpwFbmSimulator,4096,200,0.7,186,0.6792425707280383,,0.1,5,1
20260212_183903,DpwFbmSimulator,4096,200,0.7,187,0.7199908183180702,,0.1,5,1
20260212_183903,DpwFbmSimulator,4096,200,0.7,188,0.5292087889607562,,0.1,5,1
20260212_183903,DpwFbmSimulator,4096,200,0.7,189,0.6750971395039451,,0.1,5,1
20260212_183903,DpwFbmSimulator,4096,200,0.7,190,0.7122528763244019,,0.1,5,1
20260212_183903,DpwFbmSimulator,4096,200,0.7,191,0.7182346252645904,,0.1,5,1
20260212_183903,DpwFbmSimulator,4096,200,0.7,192,0.6419069254637602,,0.1,5,1
20260212_183903,DpwFbmSimulator,4096,200,0.7,193,0.5520192724050454,,0.1,5,1
20260212_183903,DpwFbmSimulator,4096,200,0.7,194,0.6597352147293377,,0.1,5,1
20260212_183903,DpwFbmSimulator,4096,200,0.7,195,0.6020709313996623,,0.1,5,1
20260212_183903,DpwFbmSimulator,4096,200,0.7,196,0.810591972411325,,0.1,5,1
20260212_183903,DpwFbmSimulator,4096,200,0.7,197,0.7236583834888091,,0.1,5,1
20260212_183903,DpwFbmSimulator,4096,200,0.7,198,0.7356487282596053,,0.1,5,1
20260212_183903,DpwFbmSimulator,4096,200,0.7,199,0.6409694669980306,,0.1,5,1
20260212_183903,DpwFbmSimulator,4096,200,0.7,200,0.6713974202415055,,0.1,5,1
20260212_183903,DpwFbmSimulator,4096,200,0.8,1,0.9620288220554946,,0.1,5,1
20260212_183903,DpwFbmSimulator,4096,200,0.8,2,0.7944217435225475,,0.1,5,1
20260212_183903,DpwFbmSimulator,4096,200,0.8,3,0.7883115297717389,,0.1,5,1
20260212_183903,DpwFbmSimulator,4096,200,0.8,4,0.8240808276984872,,0.1,5,1
20260212_183903,DpwFbmSimulator,4096,200,0.8,5,0.7627116606877863,,0.1,5,1
20260212_183903,DpwFbmSimulator,4096,200,0.8,6,0.8133613367684337,,0.1,5,1
20260212_183903,DpwFbmSimulator,4096,200,0.8,7,0.7771535043814821,,0.1,5,1
20260212_183903,DpwFbmSimulator,4096,200,0.8,8,0.8906033349496599,,0.1,5,1
20260212_183903,DpwFbmSimulator,4096,200,0.8,9,0.9342645869476882,,0.1,5,1
20260212_183903,DpwFbmSimulator,4096,200,0.8,10,0.9070197099037806,,0.1,5,1
20260212_183903,DpwFbmSimulator,4096,200,0.8,11,0.6749903449549347,,0.1,5,1
20260212_183903,DpwFbmSimulator,4096,200,0.8,12,0.7776575969533822,,0.1,5,1
20260212_183903,DpwFbmSimulator,4096,200,0.8,13,0.8066374182728762,,0.1,5,1
20260212_183903,DpwFbmSimulator,4096,200,0.8,14,0.7958324111342439,,0.1,5,1
20260212_183903,DpwFbmSimulator,4096,200,0.8,15,0.818240651761677,,0.1,5,1
20260212_183903,DpwFbmSimulator,4096,200,0.8,16,0.7788460816543752,,0.1,5,1
20260212_183903,DpwFbmSimulator,4096,200,0.8,17,0.745732087988931,,0.1,5,1
20260212_183903,DpwFbmSimulator,4096,200,0.8,18,0.7783809689935908,,0.1,5,1
20260212_183903,DpwFbmSimulator,4096,200,0.8,19,0.7921121596370684,,0.1,5,1
20260212_183903,DpwFbmSimulator,4096,200,0.8,20,0.5555454798594734,,0.1,5,1
20260212_183903,DpwFbmSimulator,4096,200,0.8,21,0.8018812412400541,,0.1,5,1
20260212_183903,DpwFbmSimulator,4096,200,0.8,22,0.8230540819903399,,0.1,5,1
20260212_183903,DpwFbmSimulator,4096,200,0.8,23,0.8651910972131687,,0.1,5,1
20260212_183903,DpwFbmSimulator,4096,200,0.8,24,0.8492926515588102,,0.1,5,1
20260212_183903,DpwFbmSimulator,4096,200,0.8,25,0.9449116057674796,,0.1,5,1
20260212_183903,DpwFbmSimulator,4096,200,0.8,26,0.9144650852367981,,0.1,5,1
20260212_183903,DpwFbmSimulator,4096,200,0.8,27,0.8469092155741678,,0.1,5,1
20260212_183903,DpwFbmSimulator,4096,200,0.8,28,0.7928155525135246,,0.1,5,1
20260212_183903,DpwFbmSimulator,4096,200,0.8,29,0.6810398550495514,,0.1,5,1
20260212_183903,DpwFbmSimulator,4096,200,0.8,30,0.7584916901236236,,0.1,5,1
20260212_183903,DpwFbmSimulator,4096,200,0.8,31,1.0148138462501353,,0.1,5,1
20260212_183903,DpwFbmSimulator,4096,200,0.8,32,0.8828816670232761,,0.1,5,1
20260212_183903,DpwFbmSimulator,4096,200,0.8,33,0.769781753897304,,0.1,5,1
20260212_183903,DpwFbmSimulator,4096,200,0.8,34,0.8433465659365568,,0.1,5,1
20260212_183903,DpwFbmSimulator,4096,200,0.8,35,0.6297421159110101,,0.1,5,1
20260212_183903,DpwFbmSimulator,4096,200,0.8,36,0.8648249930522398,,0.1,5,1
20260212_183903,DpwFbmSimulator,4096,200,0.8,37,0.8214029241011909,,0.1,5,1
20260212_183903,DpwFbmSimulator,4096,200,0.8,38,0.8045189545326835,,0.1,5,1
20260212_183903,DpwFbmSimulator,4096,200,0.8,39,0.8130759565176862,,0.1,5,1
20260212_183903,DpwFbmSimulator,4096,200,0.8,40,0.8195675766291648,,0.1,5,1
20260212_183903,DpwFbmSimulator,4096,200,0.8,41,0.4186639376494274,,0.1,5,1
20260212_183903,DpwFbmSimulator,4096,200,0.8,42,0.8478324809058124,,0.1,5,1
20260212_183903,DpwFbmSimulator,4096,200,0.8,43,0.6813600562486635,,0.1,5,1
20260212_183903,DpwFbmSimulator,4096,200,0.8,44,0.832655391779534,,0.1,5,1
20260212_183903,DpwFbmSimulator,4096,200,0.8,45,0.8976054756935145,,0.1,5,1
20260212_183903,DpwFbmSimulator,4096,200,0.8,46,0.8255480050264472,,0.1,5,1
20260212_183903,DpwFbmSimulator,4096,200,0.8,47,0.6505065945714429,,0.1,5,1
20260212_183903,DpwFbmSimulator,4096,200,0.8,48,0.7123783326898543,,0.1,5,1
20260212_183903,DpwFbmSimulator,4096,200,0.8,49,0.8757608009176956,,0.1,5,1
20260212_183903,DpwFbmSimulator,4096,200,0.8,50,0.9363380682225955,,0.1,5,1
20260212_183903,DpwFbmSimulator,4096,200,0.8,51,0.7381225501948039,,0.1,5,1
20260212_183903,DpwFbmSimulator,4096,200,0.8,52,0.6844786817503866,,0.1,5,1
20260212_183903,DpwFbmSimulator,4096,200,0.8,53,0.8719841658670241,,0.1,5,1
20260212_183903,DpwFbmSimulator,4096,200,0.8,54,0.8389435005622397,,0.1,5,1
20260212_183903,DpwFbmSimulator,4096,200,0.8,55,0.9015495928781334,,0.1,5,1
20260212_183903,DpwFbmSimulator,4096,200,0.8,56,0.8901160000004202,,0.1,5,1
20260212_183903,DpwFbmSimulator,4096,200,0.8,57,0.8704473678004557,,0.1,5,1
20260212_183903,DpwFbmSimulator,4096,200,0.8,58,0.8590526585189079,,0.1,5,1
20260212_183903,DpwFbmSimulator,4096,200,0.8,59,0.8772871719875417,,0.1,5,1
20260212_183903,DpwFbmSimulator,4096,200,0.8,60,0.6486780410571115,,0.1,5,1
20260212_183903,DpwFbmSimulator,4096,200,0.8,61,0.83175743623909,,0.1,5,1
20260212_183903,DpwFbmSimulator,4096,200,0.8,62,0.7396365359430294,,0.1,5,1
20260212_183903,DpwFbmSimulator,4096,200,0.8,63,0.8093265683289986,,0.1,5,1
20260212_183903,DpwFbmSimulator,4096,200,0.8,64,0.757887326836058,,0.1,5,1
20260212_183903,DpwFbmSimulator,4096,200,0.8,65,0.8297369048964132,,0.1,5,1
20260212_183903,DpwFbmSimulator,4096,200,0.8,66,0.7665948228409891,,0.1,5,1
20260212_183903,DpwFbmSimulator,4096,200,0.8,67,0.7438751628825487,,0.1,5,1
20260212_183903,DpwFbmSimulator,4096,200,0.8,68,0.8216272674217223,,0.1,5,1
20260212_183903,DpwFbmSimulator,4096,200,0.8,69,1.0513759839585246,,0.1,5,1
20260212_183903,DpwFbmSimulator,4096,200,0.8,70,0.7148966241567969,,0.1,5,1
20260212_183903,DpwFbmSimulator,4096,200,0.8,71,0.6655912808746999,,0.1,5,1
20260212_183903,DpwFbmSimulator,4096,200,0.8,72,0.84455994029126,,0.1,5,1
20260212_183903,DpwFbmSimulator,4096,200,0.8,73,0.8782611739834758,,0.1,5,1
20260212_183903,DpwFbmSimulator,4096,200,0.8,74,0.7482743839841233,,0.1,5,1
20260212_183903,DpwFbmSimulator,4096,200,0.8,75,0.5633294015511191,,0.1,5,1
20260212_183903,DpwFbmSimulator,4096,200,0.8,76,0.6405527794940143,,0.1,5,1
20260212_183903,DpwFbmSimulator,4096,200,0.8,77,0.9746559005592385,,0.1,5,1
20260212_183903,DpwFbmSimulator,4096,200,0.8,78,0.8542933192610385,,0.1,5,1
20260212_183903,DpwFbmSimulator,4096,200,0.8,79,0.5271268976562284,,0.1,5,1
20260212_183903,DpwFbmSimulator,4096,200,0.8,80,0.8681604859552841,,0.1,5,1
20260212_183903,DpwFbmSimulator,4096,200,0.8,81,0.9128944190468984,,0.1,5,1
20260212_183903,DpwFbmSimulator,4096,200,0.8,82,0.8597654616457281,,0.1,5,1
20260212_183903,DpwFbmSimulator,4096,200,0.8,83,0.6913413051841,,0.1,5,1
20260212_183903,DpwFbmSimulator,4096,200,0.8,84,0.8564633122644134,,0.1,5,1
20260212_183903,DpwFbmSimulator,4096,200,0.8,85,0.8157526700007606,,0.1,5,1
20260212_183903,DpwFbmSimulator,4096,200,0.8,86,0.9597838913467097,,0.1,5,1
20260212_183903,DpwFbmSimulator,4096,200,0.8,87,0.7720639922512789,,0.1,5,1
20260212_183903,DpwFbmSimulator,4096,200,0.8,88,0.6097565446591909,,0.1,5,1
20260212_183903,DpwFbmSimulator,4096,200,0.8,89,0.569888241003106,,0.1,5,1
20260212_183903,DpwFbmSimulator,4096,200,0.8,90,0.7364285586710695,,0.1,5,1
20260212_183903,DpwFbmSimulator,4096,200,0.8,91,0.8556657067673975,,0.1,5,1
20260212_183903,DpwFbmSimulator,4096,200,0.8,92,0.81814777475819,,0.1,5,1
20260212_183903,DpwFbmSimulator,4096,200,0.8,93,0.8090588424607437,,0.1,5,1
20260212_183903,DpwFbmSimulator,4096,200,0.8,94,0.7968670325380232,,0.1,5,1
20260212_183903,DpwFbmSimulator,4096,200,0.8,95,0.910113152938343,,0.1,5,1
20260212_183903,DpwFbmSimulator,4096,200,0.8,96,0.821466249894989,,0.1,5,1
20260212_183903,DpwFbmSimulator,4096,200,0.8,97,0.7932466752262086,,0.1,5,1
20260212_183903,DpwFbmSimulator,4096,200,0.8,98,0.8248901728849172,,0.1,5,1
20260212_183903,DpwFbmSimulator,4096,200,0.8,99,0.608807604604589,,0.1,5,1
20260212_183903,DpwFbmSimulator,4096,200,0.8,100,0.7642791061962155,,0.1,5,1
20260212_183903,DpwFbmSimulator,4096,200,0.8,101,0.8684006110410081,,0.1,5,1
20260212_183903,DpwFbmSimulator,4096,200,0.8,102,0.8710767125364411,,0.1,5,1
20260212_183903,DpwFbmSimulator,4096,200,0.8,103,0.8174332589091088,,0.1,5,1
20260212_183903,DpwFbmSimulator,4096,200,0.8,104,0.8072226519939326,,0.1,5,1
20260212_183903,DpwFbmSimulator,4096,200,0.8,105,0.785169189466272,,0.1,5,1
20260212_183903,DpwFbmSimulator,4096,200,0.8,106,0.7655645995153305,,0.1,5,1
20260212_183903,DpwFbmSimulator,4096,200,0.8,107,0.9329959435300383,,0.1,5,1
20260212_183903,DpwFbmSimulator,4096,200,0.8,108,0.7789593892332826,,0.1,5,1
20260212_183903,DpwFbmSimulator,4096,200,0.8,109,0.9556764574403531,,0.1,5,1
20260212_183903,DpwFbmSimulator,4096,200,0.8,110,0.9196997117783119,,0.1,5,1
20260212_183903,DpwFbmSimulator,4096,200,0.8,111,0.9846198584934077,,0.1,5,1
20260212_183903,DpwFbmSimulator,4096,200,0.8,112,0.7986177045092384,,0.1,5,1
20260212_183903,DpwFbmSimulator,4096,200,0.8,113,0.8917076859754981,,0.1,5,1
20260212_183903,DpwFbmSimulator,4096,200,0.8,114,0.7701969240856783,,0.1,5,1
20260212_183903,DpwFbmSimulator,4096,200,0.8,115,0.8333907523429344,,0.1,5,1
20260212_183903,DpwFbmSimulator,4096,200,0.8,116,0.825552154308947,,0.1,5,1
20260212_183903,DpwFbmSimulator,4096,200,0.8,117,0.8101908580430632,,0.1,5,1
20260212_183903,DpwFbmSimulator,4096,200,0.8,118,0.7923060988064214,,0.1,5,1
20260212_183903,DpwFbmSimulator,4096,200,0.8,119,0.8106766196880318,,0.1,5,1
20260212_183903,DpwFbmSimulator,4096,200,0.8,120,0.885887566974302,,0.1,5,1
20260212_183903,DpwFbmSimulator,4096,200,0.8,121,0.7936614965292547,,0.1,5,1
20260212_183903,DpwFbmSimulator,4096,200,0.8,122,1.0321115478438594,,0.1,5,1
20260212_183903,DpwFbmSimulator,4096,200,0.8,123,0.7994347504844084,,0.1,5,1
20260212_183903,DpwFbmSimulator,4096,200,0.8,124,0.7670712476061741,,0.1,5,1
20260212_183903,DpwFbmSimulator,4096,200,0.8,125,0.7438338405173943,,0.1,5,1
20260212_183903,DpwFbmSimulator,4096,200,0.8,126,0.7653471135809741,,0.1,5,1
20260212_183903,DpwFbmSimulator,4096,200,0.8,127,0.8661123275063262,,0.1,5,1
20260212_183903,DpwFbmSimulator,4096,200,0.8,128,0.9745480634800803,,0.1,5,1
20260212_183903,DpwFbmSimulator,4096,200,0.8,129,0.7410362022460251,,0.1,5,1
20260212_183903,DpwFbmSimulator,4096,200,0.8,130,0.8513177851449955,,0.1,5,1
20260212_183903,DpwFbmSimulator,4096,200,0.8,131,0.7408189257380556,,0.1,5,1
20260212_183903,DpwFbmSimulator,4096,200,0.8,132,0.8956999342377562,,0.1,5,1
20260212_183903,DpwFbmSimulator,4096,200,0.8,133,0.8827860470873098,,0.1,5,1
20260212_183903,DpwFbmSimulator,4096,200,0.8,134,0.8770964523546986,,0.1,5,1
20260212_183903,DpwFbmSimulator,4096,200,0.8,135,0.8371537559061123,,0.1,5,1
20260212_183903,DpwFbmSimulator,4096,200,0.8,136,0.8255952017446283,,0.1,5,1
20260212_183903,DpwFbmSimulator,4096,200,0.8,137,0.8297478461705612,,0.1,5,1
20260212_183903,DpwFbmSimulator,4096,200,0.8,138,0.7380620254035845,,0.1,5,1
20260212_183903,DpwFbmSimulator,4096,200,0.8,139,0.8367338123307344,,0.1,5,1
20260212_183903,DpwFbmSimulator,4096,200,0.8,140,0.7332144191106051,,0.1,5,1
20260212_183903,DpwFbmSimulator,4096,200,0.8,141,0.614912429477384,,0.1,5,1
20260212_183903,DpwFbmSimulator,4096,200,0.8,142,0.7919069839638866,,0.1,5,1
20260212_183903,DpwFbmSimulator,4096,200,0.8,143,0.7857656399875573,,0.1,5,1
20260212_183903,DpwFbmSimulator,4096,200,0.8,144,0.549789128528662,,0.1,5,1
20260212_183903,DpwFbmSimulator,4096,200,0.8,145,0.8520390822304946,,0.1,5,1
20260212_183903,DpwFbmSimulator,4096,200,0.8,146,0.7922854361213295,,0.1,5,1
20260212_183903,DpwFbmSimulator,4096,200,0.8,147,0.8032764436359243,,0.1,5,1
20260212_183903,DpwFbmSimulator,4096,200,0.8,148,0.7817378112896827,,0.1,5,1
20260212_183903,DpwFbmSimulator,4096,200,0.8,149,0.9124500703384728,,0.1,5,1
20260212_183903,DpwFbmSimulator,4096,200,0.8,150,0.7454527269296497,,0.1,5,1
20260212_183903,DpwFbmSimulator,4096,200,0.8,151,0.7635656595027859,,0.1,5,1
20260212_183903,DpwFbmSimulator,4096,200,0.8,152,0.9953632511825754,,0.1,5,1
20260212_183903,DpwFbmSimulator,4096,200,0.8,153,0.9480689129902181,,0.1,5,1
20260212_183903,DpwFbmSimulator,4096,200,0.8,154,0.8820561077895942,,0.1,5,1
20260212_183903,DpwFbmSimulator,4096,200,0.8,155,0.8471385992680932,,0.1,5,1
20260212_183903,DpwFbmSimulator,4096,200,0.8,156,0.8705658423031838,,0.1,5,1
20260212_183903,DpwFbmSimulator,4096,200,0.8,157,0.7662043026420312,,0.1,5,1
20260212_183903,DpwFbmSimulator,4096,200,0.8,158,0.7346561150625353,,0.1,5,1
20260212_183903,DpwFbmSimulator,4096,200,0.8,159,0.8637483378078963,,0.1,5,1
20260212_183903,DpwFbmSimulator,4096,200,0.8,160,0.8987962377762883,,0.1,5,1
20260212_183903,DpwFbmSimulator,4096,200,0.8,161,0.8182831086866715,,0.1,5,1
20260212_183903,DpwFbmSimulator,4096,200,0.8,162,0.7297144740016067,,0.1,5,1
20260212_183903,DpwFbmSimulator,4096,200,0.8,163,0.8109936067854143,,0.1,5,1
20260212_183903,DpwFbmSimulator,4096,200,0.8,164,0.8361570161553992,,0.1,5,1
20260212_183903,DpwFbmSimulator,4096,200,0.8,165,0.7484969423355362,,0.1,5,1
20260212_183903,DpwFbmSimulator,4096,200,0.8,166,0.8194838013389288,,0.1,5,1
20260212_183903,DpwFbmSimulator,4096,200,0.8,167,0.8527436956648077,,0.1,5,1
20260212_183903,DpwFbmSimulator,4096,200,0.8,168,0.8372441286224459,,0.1,5,1
20260212_183903,DpwFbmSimulator,4096,200,0.8,169,0.9100561487154286,,0.1,5,1
20260212_183903,DpwFbmSimulator,4096,200,0.8,170,0.678762219899332,,0.1,5,1
20260212_183903,DpwFbmSimulator,4096,200,0.8,171,0.9215219274512573,,0.1,5,1
20260212_183903,DpwFbmSimulator,4096,200,0.8,172,0.7928350081575211,,0.1,5,1
20260212_183903,DpwFbmSimulator,4096,200,0.8,173,0.9005380338507534,,0.1,5,1
20260212_183903,DpwFbmSimulator,4096,200,0.8,174,0.9121449809746908,,0.1,5,1
20260212_183903,DpwFbmSimulator,4096,200,0.8,175,0.6911818277190576,,0.1,5,1
20260212_183903,DpwFbmSimulator,4096,200,0.8,176,0.7878538802778752,,0.1,5,1
20260212_183903,DpwFbmSimulator,4096,200,0.8,177,0.784085372738657,,0.1,5,1
20260212_183903,DpwFbmSimulator,4096,200,0.8,178,0.8171476896973019,,0.1,5,1
20260212_183903,DpwFbmSimulator,4096,200,0.8,179,0.7934731055834265,,0.1,5,1
20260212_183903,DpwFbmSimulator,4096,200,0.8,180,0.8438831260812006,,0.1,5,1
20260212_183903,DpwFbmSimulator,4096,200,0.8,181,0.8810425375789768,,0.1,5,1
20260212_183903,DpwFbmSimulator,4096,200,0.8,182,0.832497552347675,,0.1,5,1
20260212_183903,DpwFbmSimulator,4096,200,0.8,183,0.9178649573039518,,0.1,5,1
20260212_183903,DpwFbmSimulator,4096,200,0.8,184,0.8004579911955038,,0.1,5,1
20260212_183903,DpwFbmSimulator,4096,200,0.8,185,0.6567473726261402,,0.1,5,1
20260212_183903,DpwFbmSimulator,4096,200,0.8,186,0.6206073943331872,,0.1,5,1
20260212_183903,DpwFbmSimulator,4096,200,0.8,187,0.7720343953668576,,0.1,5,1
20260212_183903,DpwFbmSimulator,4096,200,0.8,188,0.8664387696731436,,0.1,5,1
20260212_183903,DpwFbmSimulator,4096,200,0.8,189,0.7844795615772694,,0.1,5,1
20260212_183903,DpwFbmSimulator,4096,200,0.8,190,0.7921745280828579,,0.1,5,1
20260212_183903,DpwFbmSimulator,4096,200,0.8,191,0.8377636706790375,,0.1,5,1
20260212_183903,DpwFbmSimulator,4096,200,0.8,192,0.8489213422438658,,0.1,5,1
20260212_183903,DpwFbmSimulator,4096,200,0.8,193,0.7969378965522905,,0.1,5,1
20260212_183903,DpwFbmSimulator,4096,200,0.8,194,0.7806038196250658,,0.1,5,1
20260212_183903,DpwFbmSimulator,4096,200,0.8,195,0.6214256312516269,,0.1,5,1
20260212_183903,DpwFbmSimulator,4096,200,0.8,196,0.5643758480531572,,0.1,5,1
20260212_183903,DpwFbmSimulator,4096,200,0.8,197,0.8439122143592912,,0.1,5,1
20260212_183903,DpwFbmSimulator,4096,200,0.8,198,0.7467343191592388,,0.1,5,1
20260212_183903,DpwFbmSimulator,4096,200,0.8,199,0.8678935460237269,,0.1,5,1
20260212_183903,DpwFbmSimulator,4096,200,0.8,200,0.8903488352117643,,0.1,5,1
20260212_183903,DpwFbmSimulator,4096,200,0.9,1,0.7618226583586082,,0.1,5,1
20260212_183903,DpwFbmSimulator,4096,200,0.9,2,0.7165651890496058,,0.1,5,1
20260212_183903,DpwFbmSimulator,4096,200,0.9,3,0.9486639822382652,,0.1,5,1
20260212_183903,DpwFbmSimulator,4096,200,0.9,4,1.012498606359231,,0.1,5,1
20260212_183903,DpwFbmSimulator,4096,200,0.9,5,1.0081444505874155,,0.1,5,1
20260212_183903,DpwFbmSimulator,4096,200,0.9,6,0.8275989269870991,,0.1,5,1
20260212_183903,DpwFbmSimulator,4096,200,0.9,7,0.8013459001439271,,0.1,5,1
20260212_183903,DpwFbmSimulator,4096,200,0.9,8,0.9816598647707098,,0.1,5,1
20260212_183903,DpwFbmSimulator,4096,200,0.9,9,0.9014527038640188,,0.1,5,1
20260212_183903,DpwFbmSimulator,4096,200,0.9,10,0.9977313884047295,,0.1,5,1
20260212_183903,DpwFbmSimulator,4096,200,0.9,11,0.9288611116491928,,0.1,5,1
20260212_183903,DpwFbmSimulator,4096,200,0.9,12,1.081822772993016,,0.1,5,1
20260212_183903,DpwFbmSimulator,4096,200,0.9,13,0.9307016234331807,,0.1,5,1
20260212_183903,DpwFbmSimulator,4096,200,0.9,14,0.8845086326930023,,0.1,5,1
20260212_183903,DpwFbmSimulator,4096,200,0.9,15,0.9276188021516326,,0.1,5,1
20260212_183903,DpwFbmSimulator,4096,200,0.9,16,0.9575747856954817,,0.1,5,1
20260212_183903,DpwFbmSimulator,4096,200,0.9,17,0.7350451046221993,,0.1,5,1
20260212_183903,DpwFbmSimulator,4096,200,0.9,18,0.9859084558799908,,0.1,5,1
20260212_183903,DpwFbmSimulator,4096,200,0.9,19,1.0409576174653226,,0.1,5,1
20260212_183903,DpwFbmSimulator,4096,200,0.9,20,0.9116907309310481,,0.1,5,1
20260212_183903,DpwFbmSimulator,4096,200,0.9,21,1.0399640430732195,,0.1,5,1
20260212_183903,DpwFbmSimulator,4096,200,0.9,22,0.9816875045473077,,0.1,5,1
20260212_183903,DpwFbmSimulator,4096,200,0.9,23,0.7863265332429153,,0.1,5,1
20260212_183903,DpwFbmSimulator,4096,200,0.9,24,0.9131008819084944,,0.1,5,1
20260212_183903,DpwFbmSimulator,4096,200,0.9,25,0.807852841152174,,0.1,5,1
20260212_183903,DpwFbmSimulator,4096,200,0.9,26,0.88313657888321,,0.1,5,1
20260212_183903,DpwFbmSimulator,4096,200,0.9,27,0.9404479578556693,,0.1,5,1
20260212_183903,DpwFbmSimulator,4096,200,0.9,28,0.970945978871574,,0.1,5,1
20260212_183903,DpwFbmSimulator,4096,200,0.9,29,1.039811658049555,,0.1,5,1
20260212_183903,DpwFbmSimulator,4096,200,0.9,30,0.9754478671082224,,0.1,5,1
20260212_183903,DpwFbmSimulator,4096,200,0.9,31,0.9228847660966261,,0.1,5,1
20260212_183903,DpwFbmSimulator,4096,200,0.9,32,0.9697492472634952,,0.1,5,1
20260212_183903,DpwFbmSimulator,4096,200,0.9,33,0.7616338755359965,,0.1,5,1
20260212_183903,DpwFbmSimulator,4096,200,0.9,34,0.9965955542910385,,0.1,5,1
20260212_183903,DpwFbmSimulator,4096,200,0.9,35,0.8479647386573212,,0.1,5,1
20260212_183903,DpwFbmSimulator,4096,200,0.9,36,0.8556614567088477,,0.1,5,1
20260212_183903,DpwFbmSimulator,4096,200,0.9,37,1.0887528814118326,,0.1,5,1
20260212_183903,DpwFbmSimulator,4096,200,0.9,38,0.9386884545066416,,0.1,5,1
20260212_183903,DpwFbmSimulator,4096,200,0.9,39,1.0939934987505675,,0.1,5,1
20260212_183903,DpwFbmSimulator,4096,200,0.9,40,1.0926300430672709,,0.1,5,1
20260212_183903,DpwFbmSimulator,4096,200,0.9,41,1.0170139213718938,,0.1,5,1
20260212_183903,DpwFbmSimulator,4096,200,0.9,42,0.8609445955648114,,0.1,5,1
20260212_183903,DpwFbmSimulator,4096,200,0.9,43,0.8235190626296564,,0.1,5,1
20260212_183903,DpwFbmSimulator,4096,200,0.9,44,0.9165335581075783,,0.1,5,1
20260212_183903,DpwFbmSimulator,4096,200,0.9,45,0.9207340313490276,,0.1,5,1
20260212_183903,DpwFbmSimulator,4096,200,0.9,46,1.0414819873840733,,0.1,5,1
20260212_183903,DpwFbmSimulator,4096,200,0.9,47,1.1541068829726455,,0.1,5,1
20260212_183903,DpwFbmSimulator,4096,200,0.9,48,0.7383636943053239,,0.1,5,1
20260212_183903,DpwFbmSimulator,4096,200,0.9,49,0.9448467579712874,,0.1,5,1
20260212_183903,DpwFbmSimulator,4096,200,0.9,50,1.0214843091118593,,0.1,5,1
20260212_183903,DpwFbmSimulator,4096,200,0.9,51,0.9472250999767359,,0.1,5,1
20260212_183903,DpwFbmSimulator,4096,200,0.9,52,1.0426501511762247,,0.1,5,1
20260212_183903,DpwFbmSimulator,4096,200,0.9,53,0.717794258647169,,0.1,5,1
20260212_183903,DpwFbmSimulator,4096,200,0.9,54,0.9114419157966909,,0.1,5,1
20260212_183903,DpwFbmSimulator,4096,200,0.9,55,0.8940477991421748,,0.1,5,1
20260212_183903,DpwFbmSimulator,4096,200,0.9,56,0.8927505914277711,,0.1,5,1
20260212_183903,DpwFbmSimulator,4096,200,0.9,57,1.0282700915490393,,0.1,5,1
20260212_183903,DpwFbmSimulator,4096,200,0.9,58,1.0589656594982624,,0.1,5,1
20260212_183903,DpwFbmSimulator,4096,200,0.9,59,0.9202723033052779,,0.1,5,1
20260212_183903,DpwFbmSimulator,4096,200,0.9,60,0.8239581303104767,,0.1,5,1
20260212_183903,DpwFbmSimulator,4096,200,0.9,61,0.9285342534539789,,0.1,5,1
20260212_183903,DpwFbmSimulator,4096,200,0.9,62,0.9344957603512676,,0.1,5,1
20260212_183903,DpwFbmSimulator,4096,200,0.9,63,1.0422353342915873,,0.1,5,1
20260212_183903,DpwFbmSimulator,4096,200,0.9,64,0.9819367170127732,,0.1,5,1
20260212_183903,DpwFbmSimulator,4096,200,0.9,65,1.0471626825130063,,0.1,5,1
20260212_183903,DpwFbmSimulator,4096,200,0.9,66,0.782833865925773,,0.1,5,1
20260212_183903,DpwFbmSimulator,4096,200,0.9,67,0.9728513493162788,,0.1,5,1
20260212_183903,DpwFbmSimulator,4096,200,0.9,68,0.8276488733007087,,0.1,5,1
20260212_183903,DpwFbmSimulator,4096,200,0.9,69,1.0696630691571571,,0.1,5,1
20260212_183903,DpwFbmSimulator,4096,200,0.9,70,0.9312351367911798,,0.1,5,1
20260212_183903,DpwFbmSimulator,4096,200,0.9,71,0.7326097620883527,,0.1,5,1
20260212_183903,DpwFbmSimulator,4096,200,0.9,72,0.8018876462495359,,0.1,5,1
20260212_183903,DpwFbmSimulator,4096,200,0.9,73,0.9165578993970376,,0.1,5,1
20260212_183903,DpwFbmSimulator,4096,200,0.9,74,0.9630794080271335,,0.1,5,1
20260212_183903,DpwFbmSimulator,4096,200,0.9,75,0.8779696341238648,,0.1,5,1
20260212_183903,DpwFbmSimulator,4096,200,0.9,76,0.7933104364319663,,0.1,5,1
20260212_183903,DpwFbmSimulator,4096,200,0.9,77,0.7883747847089153,,0.1,5,1
20260212_183903,DpwFbmSimulator,4096,200,0.9,78,0.9634349357590811,,0.1,5,1
20260212_183903,DpwFbmSimulator,4096,200,0.9,79,0.8806834838951711,,0.1,5,1
20260212_183903,DpwFbmSimulator,4096,200,0.9,80,0.8447423272502298,,0.1,5,1
20260212_183903,DpwFbmSimulator,4096,200,0.9,81,0.9722900443315907,,0.1,5,1
20260212_183903,DpwFbmSimulator,4096,200,0.9,82,0.8718093646648095,,0.1,5,1
20260212_183903,DpwFbmSimulator,4096,200,0.9,83,0.7303119681497896,,0.1,5,1
20260212_183903,DpwFbmSimulator,4096,200,0.9,84,1.0164099420666357,,0.1,5,1
20260212_183903,DpwFbmSimulator,4096,200,0.9,85,0.963881789055332,,0.1,5,1
20260212_183903,DpwFbmSimulator,4096,200,0.9,86,0.8864603792353775,,0.1,5,1
20260212_183903,DpwFbmSimulator,4096,200,0.9,87,0.8601045923496774,,0.1,5,1
20260212_183903,DpwFbmSimulator,4096,200,0.9,88,0.9119664344963505,,0.1,5,1
20260212_183903,DpwFbmSimulator,4096,200,0.9,89,0.9738389134827657,,0.1,5,1
20260212_183903,DpwFbmSimulator,4096,200,0.9,90,1.1123121981524644,,0.1,5,1
20260212_183903,DpwFbmSimulator,4096,200,0.9,91,1.0146386401917042,,0.1,5,1
20260212_183903,DpwFbmSimulator,4096,200,0.9,92,0.9337454596693534,,0.1,5,1
20260212_183903,DpwFbmSimulator,4096,200,0.9,93,0.8327059869492309,,0.1,5,1
20260212_183903,DpwFbmSimulator,4096,200,0.9,94,0.7889386282161792,,0.1,5,1
20260212_183903,DpwFbmSimulator,4096,200,0.9,95,0.9720693332134946,,0.1,5,1
20260212_183903,DpwFbmSimulator,4096,200,0.9,96,0.8133534728547105,,0.1,5,1
20260212_183903,DpwFbmSimulator,4096,200,0.9,97,0.9191474892190098,,0.1,5,1
20260212_183903,DpwFbmSimulator,4096,200,0.9,98,0.6419059584665305,,0.1,5,1
20260212_183903,DpwFbmSimulator,4096,200,0.9,99,0.9981371418929219,,0.1,5,1
20260212_183903,DpwFbmSimulator,4096,200,0.9,100,0.9788778528839303,,0.1,5,1
20260212_183903,DpwFbmSimulator,4096,200,0.9,101,1.0586188932311698,,0.1,5,1
20260212_183903,DpwFbmSimulator,4096,200,0.9,102,0.877791402127838,,0.1,5,1
20260212_183903,DpwFbmSimulator,4096,200,0.9,103,0.9001539806003492,,0.1,5,1
20260212_183903,DpwFbmSimulator,4096,200,0.9,104,0.8583309159727124,,0.1,5,1
20260212_183903,DpwFbmSimulator,4096,200,0.9,105,0.9933071929546885,,0.1,5,1
20260212_183903,DpwFbmSimulator,4096,200,0.9,106,0.9556956624386657,,0.1,5,1
20260212_183903,DpwFbmSimulator,4096,200,0.9,107,0.6885351839083019,,0.1,5,1
20260212_183903,DpwFbmSimulator,4096,200,0.9,108,0.8501299607760101,,0.1,5,1
20260212_183903,DpwFbmSimulator,4096,200,0.9,109,0.991867173987765,,0.1,5,1
20260212_183903,DpwFbmSimulator,4096,200,0.9,110,0.9481499035950991,,0.1,5,1
20260212_183903,DpwFbmSimulator,4096,200,0.9,111,0.7725151803750919,,0.1,5,1
20260212_183903,DpwFbmSimulator,4096,200,0.9,112,0.6198596962589896,,0.1,5,1
20260212_183903,DpwFbmSimulator,4096,200,0.9,113,0.9587338080588536,,0.1,5,1
20260212_183903,DpwFbmSimulator,4096,200,0.9,114,0.9168489197247562,,0.1,5,1
20260212_183903,DpwFbmSimulator,4096,200,0.9,115,0.7670354452950271,,0.1,5,1
20260212_183903,DpwFbmSimulator,4096,200,0.9,116,1.0816211356057417,,0.1,5,1
20260212_183903,DpwFbmSimulator,4096,200,0.9,117,0.9674425882058659,,0.1,5,1
20260212_183903,DpwFbmSimulator,4096,200,0.9,118,0.8588144019647447,,0.1,5,1
20260212_183903,DpwFbmSimulator,4096,200,0.9,119,0.9911683471385592,,0.1,5,1
20260212_183903,DpwFbmSimulator,4096,200,0.9,120,0.9831139649053217,,0.1,5,1
20260212_183903,DpwFbmSimulator,4096,200,0.9,121,0.973461933518086,,0.1,5,1
20260212_183903,DpwFbmSimulator,4096,200,0.9,122,0.9402494004832482,,0.1,5,1
20260212_183903,DpwFbmSimulator,4096,200,0.9,123,0.8814827001860706,,0.1,5,1
20260212_183903,DpwFbmSimulator,4096,200,0.9,124,1.0513518896512961,,0.1,5,1
20260212_183903,DpwFbmSimulator,4096,200,0.9,125,0.947734442911631,,0.1,5,1
20260212_183903,DpwFbmSimulator,4096,200,0.9,126,0.9813637808479269,,0.1,5,1
20260212_183903,DpwFbmSimulator,4096,200,0.9,127,0.9358971575144862,,0.1,5,1
20260212_183903,DpwFbmSimulator,4096,200,0.9,128,0.8219720043524239,,0.1,5,1
20260212_183903,DpwFbmSimulator,4096,200,0.9,129,0.9228954337787703,,0.1,5,1
20260212_183903,DpwFbmSimulator,4096,200,0.9,130,0.9561160280181741,,0.1,5,1
20260212_183903,DpwFbmSimulator,4096,200,0.9,131,0.9428899643586461,,0.1,5,1
20260212_183903,DpwFbmSimulator,4096,200,0.9,132,0.8446162960570571,,0.1,5,1
20260212_183903,DpwFbmSimulator,4096,200,0.9,133,1.0425208100755883,,0.1,5,1
20260212_183903,DpwFbmSimulator,4096,200,0.9,134,0.8767267690956018,,0.1,5,1
20260212_183903,DpwFbmSimulator,4096,200,0.9,135,0.8927939167181468,,0.1,5,1
20260212_183903,DpwFbmSimulator,4096,200,0.9,136,0.8543217499978121,,0.1,5,1
20260212_183903,DpwFbmSimulator,4096,200,0.9,137,0.9424790888913595,,0.1,5,1
20260212_183903,DpwFbmSimulator,4096,200,0.9,138,0.9432503445011151,,0.1,5,1
20260212_183903,DpwFbmSimulator,4096,200,0.9,139,0.4860209729431555,,0.1,5,1
20260212_183903,DpwFbmSimulator,4096,200,0.9,140,0.9553068362085699,,0.1,5,1
20260212_183903,DpwFbmSimulator,4096,200,0.9,141,0.8380023587129471,,0.1,5,1
20260212_183903,DpwFbmSimulator,4096,200,0.9,142,0.995024045579809,,0.1,5,1
20260212_183903,DpwFbmSimulator,4096,200,0.9,143,0.6146207271744858,,0.1,5,1
20260212_183903,DpwFbmSimulator,4096,200,0.9,144,0.9852552507344483,,0.1,5,1
20260212_183903,DpwFbmSimulator,4096,200,0.9,145,0.9562591187014374,,0.1,5,1
20260212_183903,DpwFbmSimulator,4096,200,0.9,146,0.9511048144892134,,0.1,5,1
20260212_183903,DpwFbmSimulator,4096,200,0.9,147,1.0019477143997304,,0.1,5,1
20260212_183903,DpwFbmSimulator,4096,200,0.9,148,0.9923281245513539,,0.1,5,1
20260212_183903,DpwFbmSimulator,4096,200,0.9,149,0.863687469580716,,0.1,5,1
20260212_183903,DpwFbmSimulator,4096,200,0.9,150,0.8936464093255118,,0.1,5,1
20260212_183903,DpwFbmSimulator,4096,200,0.9,151,0.5926449613018419,,0.1,5,1
20260212_183903,DpwFbmSimulator,4096,200,0.9,152,1.0474683663702227,,0.1,5,1
20260212_183903,DpwFbmSimulator,4096,200,0.9,153,0.7478050541172201,,0.1,5,1
20260212_183903,DpwFbmSimulator,4096,200,0.9,154,0.8251850847435022,,0.1,5,1
20260212_183903,DpwFbmSimulator,4096,200,0.9,155,0.9195206662515691,,0.1,5,1
20260212_183903,DpwFbmSimulator,4096,200,0.9,156,0.931327649068298,,0.1,5,1
20260212_183903,DpwFbmSimulator,4096,200,0.9,157,0.9225223630245394,,0.1,5,1
20260212_183903,DpwFbmSimulator,4096,200,0.9,158,0.984209906649269,,0.1,5,1
20260212_183903,DpwFbmSimulator,4096,200,0.9,159,1.000852695618916,,0.1,5,1
20260212_183903,DpwFbmSimulator,4096,200,0.9,160,0.7911604271393018,,0.1,5,1
20260212_183903,DpwFbmSimulator,4096,200,0.9,161,0.9777588796225124,,0.1,5,1
20260212_183903,DpwFbmSimulator,4096,200,0.9,162,0.9259378175625946,,0.1,5,1
20260212_183903,DpwFbmSimulator,4096,200,0.9,163,0.8775965866915322,,0.1,5,1
20260212_183903,DpwFbmSimulator,4096,200,0.9,164,0.9219936324164115,,0.1,5,1
20260212_183903,DpwFbmSimulator,4096,200,0.9,165,0.5340328571335906,,0.1,5,1
20260212_183903,DpwFbmSimulator,4096,200,0.9,166,0.8526799275432287,,0.1,5,1
20260212_183903,DpwFbmSimulator,4096,200,0.9,167,0.7572764377840692,,0.1,5,1
20260212_183903,DpwFbmSimulator,4096,200,0.9,168,0.8770345653220187,,0.1,5,1
20260212_183903,DpwFbmSimulator,4096,200,0.9,169,0.882981563572854,,0.1,5,1
20260212_183903,DpwFbmSimulator,4096,200,0.9,170,0.898941418553651,,0.1,5,1
20260212_183903,DpwFbmSimulator,4096,200,0.9,171,1.03424682830349,,0.1,5,1
20260212_183903,DpwFbmSimulator,4096,200,0.9,172,0.5780493313802684,,0.1,5,1
20260212_183903,DpwFbmSimulator,4096,200,0.9,173,1.0702553287606833,,0.1,5,1
20260212_183903,DpwFbmSimulator,4096,200,0.9,174,0.8308520781578976,,0.1,5,1
20260212_183903,DpwFbmSimulator,4096,200,0.9,175,0.9198094610172771,,0.1,5,1
20260212_183903,DpwFbmSimulator,4096,200,0.9,176,1.0226266228942396,,0.1,5,1
20260212_183903,DpwFbmSimulator,4096,200,0.9,177,0.6267565456137141,,0.1,5,1
20260212_183903,DpwFbmSimulator,4096,200,0.9,178,0.9614799722191747,,0.1,5,1
20260212_183903,DpwFbmSimulator,4096,200,0.9,179,0.9486910414963539,,0.1,5,1
20260212_183903,DpwFbmSimulator,4096,200,0.9,180,0.985533562595375,,0.1,5,1
20260212_183903,DpwFbmSimulator,4096,200,0.9,181,1.028371982824776,,0.1,5,1
20260212_183903,DpwFbmSimulator,4096,200,0.9,182,0.9484946993849352,,0.1,5,1
20260212_183903,DpwFbmSimulator,4096,200,0.9,183,0.9401630805003688,,0.1,5,1
20260212_183903,DpwFbmSimulator,4096,200,0.9,184,1.0136460095701665,,0.1,5,1
20260212_183903,DpwFbmSimulator,4096,200,0.9,185,1.0101302959963947,,0.1,5,1
20260212_183903,DpwFbmSimulator,4096,200,0.9,186,1.2070962829783085,,0.1,5,1
20260212_183903,DpwFbmSimulator,4096,200,0.9,187,0.9199928620890349,,0.1,5,1
20260212_183903,DpwFbmSimulator,4096,200,0.9,188,0.8717980639553681,,0.1,5,1
20260212_183903,DpwFbmSimulator,4096,200,0.9,189,0.8386471614118208,,0.1,5,1
20260212_183903,DpwFbmSimulator,4096,200,0.9,190,0.6485601344091219,,0.1,5,1
20260212_183903,DpwFbmSimulator,4096,200,0.9,191,0.9605849787605224,,0.1,5,1
20260212_183903,DpwFbmSimulator,4096,200,0.9,192,0.9687184368907624,,0.1,5,1
20260212_183903,DpwFbmSimulator,4096,200,0.9,193,0.8325873085900114,,0.1,5,1
20260212_183903,DpwFbmSimulator,4096,200,0.9,194,1.0278999278947925,,0.1,5,1
20260212_183903,DpwFbmSimulator,4096,200,0.9,195,0.9002704589237135,,0.1,5,1
20260212_183903,DpwFbmSimulator,4096,200,0.9,196,0.9019638992693698,,0.1,5,1
20260212_183903,DpwFbmSimulator,4096,200,0.9,197,1.0453604496578048,,0.1,5,1
20260212_183903,DpwFbmSimulator,4096,200,0.9,198,1.0863436975519114,,0.1,5,1
20260212_183903,DpwFbmSimulator,4096,200,0.9,199,0.8391627745045909,,0.1,5,1
20260212_183903,DpwFbmSimulator,4096,200,0.9,200,0.6506728287898467,,0.1,5,1
