run_id,process,N,trials,H0,trial,H_hat,sigma2_hat,K,L,sigma
20260218_192535,DpwBiFbmSimulator,4096,200,0.4,1,0.1759749585823967,8.17208885172146,0.5,5,2
20260218_192535,DpwBiFbmSimulator,4096,200,0.4,2,0.1498889888784247,6.876750045179003,0.5,5,2
20260218_192535,DpwBiFbmSimulator,4096,200,0.4,3,0.1861019795537108,11.068056568248451,0.5,5,2
20260218_192535,DpwBiFbmSimulator,4096,200,0.4,4,0.1586098661414007,5.986348966420782,0.5,5,2
20260218_192535,DpwBiFbmSimulator,4096,200,0.4,5,0.1813558326660992,7.1098063792473285,0.5,5,2
20260218_192535,DpwBiFbmSimulator,4096,200,0.4,6,0.2475909386570656,11.674013197632116,0.5,5,2
20260218_192535,DpwBiFbmSimulator,4096,200,0.4,7,0.2869093558608218,12.636908908582448,0.5,5,2
20260218_192535,DpwBiFbmSimulator,4096,200,0.4,8,0.143936423990497,4.215369782958609,0.5,5,2
20260218_192535,DpwBiFbmSimulator,4096,200,0.4,9,0.2875128472199495,24.924291700643906,0.5,5,2
20260218_192535,DpwBiFbmSimulator,4096,200,0.4,10,0.1020856385433789,5.0885608379323495,0.5,5,2
20260218_192535,DpwBiFbmSimulator,4096,200,0.4,11,0.2096908139172584,12.062757109695523,0.5,5,2
20260218_192535,DpwBiFbmSimulator,4096,200,0.4,12,0.242429494619704,8.038673389640683,0.5,5,2
20260218_192535,DpwBiFbmSimulator,4096,200,0.4,13,0.2679756622901237,19.466787656315784,0.5,5,2
20260218_192535,DpwBiFbmSimulator,4096,200,0.4,14,0.128630977064485,4.649680965395693,0.5,5,2
20260218_192535,DpwBiFbmSimulator,4096,200,0.4,15,0.1673888773541329,6.932985366732807,0.5,5,2
20260218_192535,DpwBiFbmSimulator,4096,200,0.4,16,0.3087599921097691,21.18646206027823,0.5,5,2
20260218_192535,DpwBiFbmSimulator,4096,200,0.4,17,0.3743724903046175,32.66634243032561,0.5,5,2
20260218_192535,DpwBiFbmSimulator,4096,200,0.4,18,0.237629262332226,12.017650917561514,0.5,5,2
20260218_192535,DpwBiFbmSimulator,4096,200,0.4,19,0.1867643659269731,8.682719647510659,0.5,5,2
20260218_192535,DpwBiFbmSimulator,4096,200,0.4,20,0.0588014527737652,2.889357187735332,0.5,5,2
20260218_192535,DpwBiFbmSimulator,4096,200,0.4,21,0.3476386321875604,23.45223785111989,0.5,5,2
20260218_192535,DpwBiFbmSimulator,4096,200,0.4,22,0.3894289746900214,55.89654081887411,0.5,5,2
20260218_192535,DpwBiFbmSimulator,4096,200,0.4,23,0.1748498482942782,7.270524639120949,0.5,5,2
20260218_192535,DpwBiFbmSimulator,4096,200,0.4,24,0.2734636907536265,17.197583075800484,0.5,5,2
20260218_192535,DpwBiFbmSimulator,4096,200,0.4,25,0.15684495654203,6.614406324215495,0.5,5,2
20260218_192535,DpwBiFbmSimulator,4096,200,0.4,26,0.2021985746359592,8.803116894023743,0.5,5,2
20260218_192535,DpwBiFbmSimulator,4096,200,0.4,27,0.2037678370094555,5.735913368567895,0.5,5,2
20260218_192535,DpwBiFbmSimulator,4096,200,0.4,28,0.1336690549665287,6.858221095750556,0.5,5,2
20260218_192535,DpwBiFbmSimulator,4096,200,0.4,29,0.1804570112787684,10.643383568437738,0.5,5,2
20260218_192535,DpwBiFbmSimulator,4096,200,0.4,30,0.2411158627187878,12.71016080595304,0.5,5,2
20260218_192535,DpwBiFbmSimulator,4096,200,0.4,31,0.1874279218530519,8.083121889198404,0.5,5,2
20260218_192535,DpwBiFbmSimulator,4096,200,0.4,32,0.2230043466156127,8.692107855755157,0.5,5,2
20260218_192535,DpwBiFbmSimulator,4096,200,0.4,33,0.2513995453848012,13.726248827767602,0.5,5,2
20260218_192535,DpwBiFbmSimulator,4096,200,0.4,34,0.2619137312095808,10.494396469766404,0.5,5,2
20260218_192535,DpwBiFbmSimulator,4096,200,0.4,35,0.2262008576708364,12.746194859669668,0.5,5,2
20260218_192535,DpwBiFbmSimulator,4096,200,0.4,36,0.3069589557875148,34.461923883093,0.5,5,2
20260218_192535,DpwBiFbmSimulator,4096,200,0.4,37,0.433398886026803,71.00443138366774,0.5,5,2
20260218_192535,DpwBiFbmSimulator,4096,200,0.4,38,0.072671732190022,4.455635608745039,0.5,5,2
20260218_192535,DpwBiFbmSimulator,4096,200,0.4,39,0.0900168037115174,4.780431154618773,0.5,5,2
20260218_192535,DpwBiFbmSimulator,4096,200,0.4,40,0.1429706773933908,4.666611948582524,0.5,5,2
20260218_192535,DpwBiFbmSimulator,4096,200,0.4,41,0.3438676794185174,22.703731930969035,0.5,5,2
20260218_192535,DpwBiFbmSimulator,4096,200,0.4,42,0.4061384425845578,53.3950731905367,0.5,5,2
20260218_192535,DpwBiFbmSimulator,4096,200,0.4,43,0.2107092633412393,9.05236348988739,0.5,5,2
20260218_192535,DpwBiFbmSimulator,4096,200,0.4,44,0.2443141834735445,9.72190592711725,0.5,5,2
20260218_192535,DpwBiFbmSimulator,4096,200,0.4,45,0.3032651609677287,25.66502214077714,0.5,5,2
20260218_192535,DpwBiFbmSimulator,4096,200,0.4,46,0.2519881776228895,14.07578515920041,0.5,5,2
20260218_192535,DpwBiFbmSimulator,4096,200,0.4,47,0.1818554847504589,6.122735199780294,0.5,5,2
20260218_192535,DpwBiFbmSimulator,4096,200,0.4,48,0.1590487604218285,8.174636039287396,0.5,5,2
20260218_192535,DpwBiFbmSimulator,4096,200,0.4,49,0.2033071935398214,6.724773515033404,0.5,5,2
20260218_192535,DpwBiFbmSimulator,4096,200,0.4,50,0.3305736620806864,25.8452002091296,0.5,5,2
20260218_192535,DpwBiFbmSimulator,4096,200,0.4,51,0.2873015287931581,19.065706807618525,0.5,5,2
20260218_192535,DpwBiFbmSimulator,4096,200,0.4,52,0.1271956153431478,8.269038401650786,0.5,5,2
20260218_192535,DpwBiFbmSimulator,4096,200,0.4,53,0.2097706804892915,9.062909212836216,0.5,5,2
20260218_192535,DpwBiFbmSimulator,4096,200,0.4,54,0.2495200884018885,9.225042693488,0.5,5,2
20260218_192535,DpwBiFbmSimulator,4096,200,0.4,55,0.1649584270369138,8.32594741354599,0.5,5,2
20260218_192535,DpwBiFbmSimulator,4096,200,0.4,56,0.3771184230772049,48.95128456515442,0.5,5,2
20260218_192535,DpwBiFbmSimulator,4096,200,0.4,57,0.2865065205885296,10.408174365456526,0.5,5,2
20260218_192535,DpwBiFbmSimulator,4096,200,0.4,58,0.3260788019449802,23.966326809649008,0.5,5,2
20260218_192535,DpwBiFbmSimulator,4096,200,0.4,59,0.2238674779297955,11.25231025877672,0.5,5,2
20260218_192535,DpwBiFbmSimulator,4096,200,0.4,60,0.1111991323199277,7.271766755141892,0.5,5,2
20260218_192535,DpwBiFbmSimulator,4096,200,0.4,61,0.2281722664428198,18.071173065059583,0.5,5,2
20260218_192535,DpwBiFbmSimulator,4096,200,0.4,62,0.177486073056256,5.442902628213564,0.5,5,2
20260218_192535,DpwBiFbmSimulator,4096,200,0.4,63,0.341452840743483,64.42478366912181,0.5,5,2
20260218_192535,DpwBiFbmSimulator,4096,200,0.4,64,0.6476416507336772,903.691463627445,0.5,5,2
20260218_192535,DpwBiFbmSimulator,4096,200,0.4,65,0.3878487957016324,29.191968384443552,0.5,5,2
20260218_192535,DpwBiFbmSimulator,4096,200,0.4,66,0.2342293822144523,12.112726394257956,0.5,5,2
20260218_192535,DpwBiFbmSimulator,4096,200,0.4,67,0.2324581939403628,8.814640862617107,0.5,5,2
20260218_192535,DpwBiFbmSimulator,4096,200,0.4,68,0.2467172769010832,11.491227219193862,0.5,5,2
20260218_192535,DpwBiFbmSimulator,4096,200,0.4,69,0.2577312399252786,22.47833000617616,0.5,5,2
20260218_192535,DpwBiFbmSimulator,4096,200,0.4,70,0.1329728933023041,4.671312432232138,0.5,5,2
20260218_192535,DpwBiFbmSimulator,4096,200,0.4,71,0.4148580414262562,81.85268938678266,0.5,5,2
20260218_192535,DpwBiFbmSimulator,4096,200,0.4,72,0.1739485213313578,6.289746555036789,0.5,5,2
20260218_192535,DpwBiFbmSimulator,4096,200,0.4,73,0.2709629505365027,24.78321854153477,0.5,5,2
20260218_192535,DpwBiFbmSimulator,4096,200,0.4,74,0.2002911194590253,9.620388149138105,0.5,5,2
20260218_192535,DpwBiFbmSimulator,4096,200,0.4,75,0.2108954908245807,10.220268301272318,0.5,5,2
20260218_192535,DpwBiFbmSimulator,4096,200,0.4,76,0.2691865038928422,20.03482673162631,0.5,5,2
20260218_192535,DpwBiFbmSimulator,4096,200,0.4,77,0.1925857062949438,7.390204532782422,0.5,5,2
20260218_192535,DpwBiFbmSimulator,4096,200,0.4,78,0.1692168462898777,6.351789307490814,0.5,5,2
20260218_192535,DpwBiFbmSimulator,4096,200,0.4,79,0.1518097792261493,4.500179471160295,0.5,5,2
20260218_192535,DpwBiFbmSimulator,4096,200,0.4,80,0.1757676987688169,7.646777142473087,0.5,5,2
20260218_192535,DpwBiFbmSimulator,4096,200,0.4,81,0.2643643191338082,21.01769432127071,0.5,5,2
20260218_192535,DpwBiFbmSimulator,4096,200,0.4,82,0.1856162911847746,8.44458400515206,0.5,5,2
20260218_192535,DpwBiFbmSimulator,4096,200,0.4,83,0.2981079973778144,23.015305881802288,0.5,5,2
20260218_192535,DpwBiFbmSimulator,4096,200,0.4,84,0.330480364639826,14.172902923261114,0.5,5,2
20260218_192535,DpwBiFbmSimulator,4096,200,0.4,85,0.1854785879348396,8.30911997601595,0.5,5,2
20260218_192535,DpwBiFbmSimulator,4096,200,0.4,86,0.122684570401989,4.781301797881785,0.5,5,2
20260218_192535,DpwBiFbmSimulator,4096,200,0.4,87,0.2768439791209961,17.725782096013276,0.5,5,2
20260218_192535,DpwBiFbmSimulator,4096,200,0.4,88,0.2405382868828878,11.58899064044427,0.5,5,2
20260218_192535,DpwBiFbmSimulator,4096,200,0.4,89,0.2381130259718057,12.874676805010848,0.5,5,2
20260218_192535,DpwBiFbmSimulator,4096,200,0.4,90,0.2256014215459406,9.999134220545194,0.5,5,2
20260218_192535,DpwBiFbmSimulator,4096,200,0.4,91,0.2540811166468775,12.823065902260955,0.5,5,2
20260218_192535,DpwBiFbmSimulator,4096,200,0.4,92,0.1704765321891751,13.779148546521656,0.5,5,2
20260218_192535,DpwBiFbmSimulator,4096,200,0.4,93,0.7825624982368439,7580.952117639642,0.5,5,2
20260218_192535,DpwBiFbmSimulator,4096,200,0.4,94,0.1900868382852385,7.030652508015037,0.5,5,2
20260218_192535,DpwBiFbmSimulator,4096,200,0.4,95,0.2286458949972822,8.605199826458113,0.5,5,2
20260218_192535,DpwBiFbmSimulator,4096,200,0.4,96,0.1444225420770366,5.223063305179223,0.5,5,2
20260218_192535,DpwBiFbmSimulator,4096,200,0.4,97,0.1653246149926783,13.97278750621926,0.5,5,2
20260218_192535,DpwBiFbmSimulator,4096,200,0.4,98,0.1965482605294786,12.710646672984964,0.5,5,2
20260218_192535,DpwBiFbmSimulator,4096,200,0.4,99,0.5435368569035254,255.11626038495737,0.5,5,2
20260218_192535,DpwBiFbmSimulator,4096,200,0.4,100,0.2487593579529036,17.071353379536614,0.5,5,2
20260218_192535,DpwBiFbmSimulator,4096,200,0.4,101,0.2082994860639326,10.184571890222973,0.5,5,2
20260218_192535,DpwBiFbmSimulator,4096,200,0.4,102,0.2341785607437185,10.72653188115952,0.5,5,2
20260218_192535,DpwBiFbmSimulator,4096,200,0.4,103,0.2504745449356154,11.332298269478304,0.5,5,2
20260218_192535,DpwBiFbmSimulator,4096,200,0.4,104,0.2922825087935647,18.454129314316532,0.5,5,2
20260218_192535,DpwBiFbmSimulator,4096,200,0.4,105,0.1593289145448441,6.064684902408187,0.5,5,2
20260218_192535,DpwBiFbmSimulator,4096,200,0.4,106,0.2398079862217353,10.79930627791058,0.5,5,2
20260218_192535,DpwBiFbmSimulator,4096,200,0.4,107,0.1081685169144438,10.362175167753186,0.5,5,2
20260218_192535,DpwBiFbmSimulator,4096,200,0.4,108,0.2806242609395434,15.811184127655702,0.5,5,2
20260218_192535,DpwBiFbmSimulator,4096,200,0.4,109,0.1538629108060304,8.557734945894136,0.5,5,2
20260218_192535,DpwBiFbmSimulator,4096,200,0.4,110,0.0788637015575992,3.911938559729793,0.5,5,2
20260218_192535,DpwBiFbmSimulator,4096,200,0.4,111,0.3199763068712576,18.303307737819637,0.5,5,2
20260218_192535,DpwBiFbmSimulator,4096,200,0.4,112,0.2584633324514866,22.81749980968793,0.5,5,2
20260218_192535,DpwBiFbmSimulator,4096,200,0.4,113,0.1508232279538223,4.60808436011765,0.5,5,2
20260218_192535,DpwBiFbmSimulator,4096,200,0.4,114,0.2153021970921957,9.403334587480511,0.5,5,2
20260218_192535,DpwBiFbmSimulator,4096,200,0.4,115,0.2155269838709049,14.447374540234124,0.5,5,2
20260218_192535,DpwBiFbmSimulator,4096,200,0.4,116,0.2433014266421217,12.636926497524644,0.5,5,2
20260218_192535,DpwBiFbmSimulator,4096,200,0.4,117,0.3072310539646081,22.548729030828245,0.5,5,2
20260218_192535,DpwBiFbmSimulator,4096,200,0.4,118,0.2317799497607322,8.350945905994806,0.5,5,2
20260218_192535,DpwBiFbmSimulator,4096,200,0.4,119,0.3189956169516772,13.92394561620466,0.5,5,2
20260218_192535,DpwBiFbmSimulator,4096,200,0.4,120,0.2686984532734937,11.92574585369042,0.5,5,2
20260218_192535,DpwBiFbmSimulator,4096,200,0.4,121,0.3781163968123613,67.79806705536899,0.5,5,2
20260218_192535,DpwBiFbmSimulator,4096,200,0.4,122,0.2885499309719386,21.58411680926443,0.5,5,2
20260218_192535,DpwBiFbmSimulator,4096,200,0.4,123,0.1149473550092404,5.121601114921577,0.5,5,2
20260218_192535,DpwBiFbmSimulator,4096,200,0.4,124,0.2675396920965666,15.422511019224162,0.5,5,2
20260218_192535,DpwBiFbmSimulator,4096,200,0.4,125,0.1366806344882031,7.423774224325837,0.5,5,2
20260218_192535,DpwBiFbmSimulator,4096,200,0.4,126,0.2280646212338328,15.345092310711138,0.5,5,2
20260218_192535,DpwBiFbmSimulator,4096,200,0.4,127,0.22439981210226,14.24614893530261,0.5,5,2
20260218_192535,DpwBiFbmSimulator,4096,200,0.4,128,0.2264010610286921,11.17297028883292,0.5,5,2
20260218_192535,DpwBiFbmSimulator,4096,200,0.4,129,0.214702991494458,8.129568047217287,0.5,5,2
20260218_192535,DpwBiFbmSimulator,4096,200,0.4,130,0.1006553482502924,4.466812417263485,0.5,5,2
20260218_192535,DpwBiFbmSimulator,4096,200,0.4,131,0.2143841095182292,13.474782412243714,0.5,5,2
20260218_192535,DpwBiFbmSimulator,4096,200,0.4,132,0.1770763234555307,10.031296071248503,0.5,5,2
20260218_192535,DpwBiFbmSimulator,4096,200,0.4,133,0.1395268620432231,5.8115264077051645,0.5,5,2
20260218_192535,DpwBiFbmSimulator,4096,200,0.4,134,0.2136555807057273,15.14069075391634,0.5,5,2
20260218_192535,DpwBiFbmSimulator,4096,200,0.4,135,0.1979966820379593,9.47678479334894,0.5,5,2
20260218_192535,DpwBiFbmSimulator,4096,200,0.4,136,0.2692344206890755,11.543192864612344,0.5,5,2
20260218_192535,DpwBiFbmSimulator,4096,200,0.4,137,0.1195942589825188,3.652116480371454,0.5,5,2
20260218_192535,DpwBiFbmSimulator,4096,200,0.4,138,0.0800711206572129,4.326857510518002,0.5,5,2
20260218_192535,DpwBiFbmSimulator,4096,200,0.4,139,0.1507558253923543,7.099485566606005,0.5,5,2
20260218_192535,DpwBiFbmSimulator,4096,200,0.4,140,0.3107124814580909,23.331637646093775,0.5,5,2
20260218_192535,DpwBiFbmSimulator,4096,200,0.4,141,0.1554393941907465,9.738556127163111,0.5,5,2
20260218_192535,DpwBiFbmSimulator,4096,200,0.4,142,0.2903355020607646,15.47812174723832,0.5,5,2
20260218_192535,DpwBiFbmSimulator,4096,200,0.4,143,0.0849612493155399,5.679643770545727,0.5,5,2
20260218_192535,DpwBiFbmSimulator,4096,200,0.4,144,0.1657998483186382,5.042591677264328,0.5,5,2
20260218_192535,DpwBiFbmSimulator,4096,200,0.4,145,0.2442117721141133,16.35195576285798,0.5,5,2
20260218_192535,DpwBiFbmSimulator,4096,200,0.4,146,0.164169752776341,6.979727566627163,0.5,5,2
20260218_192535,DpwBiFbmSimulator,4096,200,0.4,147,0.1524382473722824,6.427074284564887,0.5,5,2
20260218_192535,DpwBiFbmSimulator,4096,200,0.4,148,0.1976402125812264,6.688618153584253,0.5,5,2
20260218_192535,DpwBiFbmSimulator,4096,200,0.4,149,0.2239327897958823,8.294563654785904,0.5,5,2
20260218_192535,DpwBiFbmSimulator,4096,200,0.4,150,0.1715275948052364,8.290828650698776,0.5,5,2
20260218_192535,DpwBiFbmSimulator,4096,200,0.4,151,0.2131184547928217,18.412365979722157,0.5,5,2
20260218_192535,DpwBiFbmSimulator,4096,200,0.4,152,0.1374215259267171,7.901622698099635,0.5,5,2
20260218_192535,DpwBiFbmSimulator,4096,200,0.4,153,0.2384126083221113,6.441340208207957,0.5,5,2
20260218_192535,DpwBiFbmSimulator,4096,200,0.4,154,0.157903459671765,4.806695832025111,0.5,5,2
20260218_192535,DpwBiFbmSimulator,4096,200,0.4,155,0.3821933264700314,49.68656909678108,0.5,5,2
20260218_192535,DpwBiFbmSimulator,4096,200,0.4,156,0.1528720947176176,5.5188545580581225,0.5,5,2
20260218_192535,DpwBiFbmSimulator,4096,200,0.4,157,0.1985031723507054,6.125816697458379,0.5,5,2
20260218_192535,DpwBiFbmSimulator,4096,200,0.4,158,0.1774438103505541,9.56731301342034,0.5,5,2
20260218_192535,DpwBiFbmSimulator,4096,200,0.4,159,0.2600482362281395,22.824102826642616,0.5,5,2
20260218_192535,DpwBiFbmSimulator,4096,200,0.4,160,0.2754372801271342,22.10360859716473,0.5,5,2
20260218_192535,DpwBiFbmSimulator,4096,200,0.4,161,0.2146618276012817,9.575433427093133,0.5,5,2
20260218_192535,DpwBiFbmSimulator,4096,200,0.4,162,0.4639504112765091,99.72271682232628,0.5,5,2
20260218_192535,DpwBiFbmSimulator,4096,200,0.4,163,0.3200665215580661,34.95357804077224,0.5,5,2
20260218_192535,DpwBiFbmSimulator,4096,200,0.4,164,0.1788553463550048,10.283633628197782,0.5,5,2
20260218_192535,DpwBiFbmSimulator,4096,200,0.4,165,0.1366740020462512,6.012362022665746,0.5,5,2
20260218_192535,DpwBiFbmSimulator,4096,200,0.4,166,0.0969113521212523,6.309656444813341,0.5,5,2
20260218_192535,DpwBiFbmSimulator,4096,200,0.4,167,0.2658594418540626,16.176544570335412,0.5,5,2
20260218_192535,DpwBiFbmSimulator,4096,200,0.4,168,0.2120656027213868,12.277791950633604,0.5,5,2
20260218_192535,DpwBiFbmSimulator,4096,200,0.4,169,0.2367676331512124,11.671614325690108,0.5,5,2
20260218_192535,DpwBiFbmSimulator,4096,200,0.4,170,0.2523042864338293,10.272230953057292,0.5,5,2
20260218_192535,DpwBiFbmSimulator,4096,200,0.4,171,0.3451726612124677,44.96158178349327,0.5,5,2
20260218_192535,DpwBiFbmSimulator,4096,200,0.4,172,0.1363842813083896,7.155525443302553,0.5,5,2
20260218_192535,DpwBiFbmSimulator,4096,200,0.4,173,0.1819715880993191,4.940294733981813,0.5,5,2
20260218_192535,DpwBiFbmSimulator,4096,200,0.4,174,0.2002274495901111,8.717689276662416,0.5,5,2
20260218_192535,DpwBiFbmSimulator,4096,200,0.4,175,0.1643419016811868,11.26080477578951,0.5,5,2
20260218_192535,DpwBiFbmSimulator,4096,200,0.4,176,0.1829659648759597,8.15623292353153,0.5,5,2
20260218_192535,DpwBiFbmSimulator,4096,200,0.4,177,0.3823248455966146,30.41409532050048,0.5,5,2
20260218_192535,DpwBiFbmSimulator,4096,200,0.4,178,0.1801195956375565,14.687761218047797,0.5,5,2
20260218_192535,DpwBiFbmSimulator,4096,200,0.4,179,0.1509154252128351,5.834613618502595,0.5,5,2
20260218_192535,DpwBiFbmSimulator,4096,200,0.4,180,0.469021261065594,61.34180828792936,0.5,5,2
20260218_192535,DpwBiFbmSimulator,4096,200,0.4,181,0.1513468551043171,4.177849608466422,0.5,5,2
20260218_192535,DpwBiFbmSimulator,4096,200,0.4,182,0.3342284616866608,38.616860023541705,0.5,5,2
20260218_192535,DpwBiFbmSimulator,4096,200,0.4,183,0.3751272114068573,17.423087875671214,0.5,5,2
20260218_192535,DpwBiFbmSimulator,4096,200,0.4,184,0.2866874561547584,26.14207907434735,0.5,5,2
20260218_192535,DpwBiFbmSimulator,4096,200,0.4,185,0.1847898989633776,6.876837212166874,0.5,5,2
20260218_192535,DpwBiFbmSimulator,4096,200,0.4,186,0.1587270185586026,3.54563814832921,0.5,5,2
20260218_192535,DpwBiFbmSimulator,4096,200,0.4,187,0.2673930862490573,15.20312198035815,0.5,5,2
20260218_192535,DpwBiFbmSimulator,4096,200,0.4,188,0.3855999872996007,30.9795896050816,0.5,5,2
20260218_192535,DpwBiFbmSimulator,4096,200,0.4,189,0.2994560546423321,17.40194610912438,0.5,5,2
20260218_192535,DpwBiFbmSimulator,4096,200,0.4,190,0.2543719111095417,9.8743097717581,0.5,5,2
20260218_192535,DpwBiFbmSimulator,4096,200,0.4,191,0.3198838639330602,15.98451333045494,0.5,5,2
20260218_192535,DpwBiFbmSimulator,4096,200,0.4,192,0.1989800481550198,7.911202583778897,0.5,5,2
20260218_192535,DpwBiFbmSimulator,4096,200,0.4,193,0.2041475013255314,16.248358428769563,0.5,5,2
20260218_192535,DpwBiFbmSimulator,4096,200,0.4,194,0.3372817359598627,27.551107347882915,0.5,5,2
20260218_192535,DpwBiFbmSimulator,4096,200,0.4,195,0.3081023493392851,23.297143699543703,0.5,5,2
20260218_192535,DpwBiFbmSimulator,4096,200,0.4,196,0.1878075256470767,5.960933590517503,0.5,5,2
20260218_192535,DpwBiFbmSimulator,4096,200,0.4,197,0.1500432735987492,6.37041241971406,0.5,5,2
20260218_192535,DpwBiFbmSimulator,4096,200,0.4,198,0.8375937352286303,51604.90509442963,0.5,5,2
20260218_192535,DpwBiFbmSimulator,4096,200,0.4,199,0.1666441654651298,9.124116810389186,0.5,5,2
20260218_192535,DpwBiFbmSimulator,4096,200,0.4,200,0.1514529693056521,5.282204391226192,0.5,5,2
20260218_192535,DpwBiFbmSimulator,4096,200,0.7,1,0.4030147791059325,16.08526762379661,0.5,5,2
20260218_192535,DpwBiFbmSimulator,4096,200,0.7,2,0.3080814156337103,6.344256201291608,0.5,5,2
20260218_192535,DpwBiFbmSimulator,4096,200,0.7,3,0.3052716126879631,5.968148629293386,0.5,5,2
20260218_192535,DpwBiFbmSimulator,4096,200,0.7,4,0.3724343821505947,4.966946689709391,0.5,5,2
20260218_192535,DpwBiFbmSimulator,4096,200,0.7,5,0.3894826890624084,5.404988831643186,0.5,5,2
20260218_192535,DpwBiFbmSimulator,4096,200,0.7,6,0.0813360230530366,1.5430803861775002,0.5,5,2
20260218_192535,DpwBiFbmSimulator,4096,200,0.7,7,0.5076580443166855,29.55465525136772,0.5,5,2
20260218_192535,DpwBiFbmSimulator,4096,200,0.7,8,0.3840662358169002,7.811849555168363,0.5,5,2
20260218_192535,DpwBiFbmSimulator,4096,200,0.7,9,0.1926145748796884,2.293464490580261,0.5,5,2
20260218_192535,DpwBiFbmSimulator,4096,200,0.7,10,0.5345920716131636,24.685916425050035,0.5,5,2
20260218_192535,DpwBiFbmSimulator,4096,200,0.7,11,0.355049765500634,6.532809578363053,0.5,5,2
20260218_192535,DpwBiFbmSimulator,4096,200,0.7,12,0.3171152006367774,3.5646087433510147,0.5,5,2
20260218_192535,DpwBiFbmSimulator,4096,200,0.7,13,0.371334874018014,11.848281235602231,0.5,5,2
20260218_192535,DpwBiFbmSimulator,4096,200,0.7,14,0.270773329527569,5.818924112285736,0.5,5,2
20260218_192535,DpwBiFbmSimulator,4096,200,0.7,15,0.3301732217022285,7.483715942287458,0.5,5,2
20260218_192535,DpwBiFbmSimulator,4096,200,0.7,16,0.2792692579441782,3.876420375164465,0.5,5,2
20260218_192535,DpwBiFbmSimulator,4096,200,0.7,17,0.434518714235719,24.56591195105828,0.5,5,2
20260218_192535,DpwBiFbmSimulator,4096,200,0.7,18,0.3549139556917419,3.903520531335096,0.5,5,2
20260218_192535,DpwBiFbmSimulator,4096,200,0.7,19,0.3378991724509225,8.665876114015225,0.5,5,2
20260218_192535,DpwBiFbmSimulator,4096,200,0.7,20,0.492061317086739,23.29728917894447,0.5,5,2
20260218_192535,DpwBiFbmSimulator,4096,200,0.7,21,0.2742710551101852,3.460427330324089,0.5,5,2
20260218_192535,DpwBiFbmSimulator,4096,200,0.7,22,0.3296299200353964,8.516575539358355,0.5,5,2
20260218_192535,DpwBiFbmSimulator,4096,200,0.7,23,0.3267075950204846,7.788385466395899,0.5,5,2
20260218_192535,DpwBiFbmSimulator,4096,200,0.7,24,0.4203013402291877,5.890850316131539,0.5,5,2
20260218_192535,DpwBiFbmSimulator,4096,200,0.7,25,0.2512442683450805,4.7134493311255765,0.5,5,2
20260218_192535,DpwBiFbmSimulator,4096,200,0.7,26,0.3547113546443065,11.51304538287572,0.5,5,2
20260218_192535,DpwBiFbmSimulator,4096,200,0.7,27,0.4553195793235632,17.80397261396715,0.5,5,2
20260218_192535,DpwBiFbmSimulator,4096,200,0.7,28,0.372233728293887,6.760465389972187,0.5,5,2
20260218_192535,DpwBiFbmSimulator,4096,200,0.7,29,0.3151700651699397,3.998891480268028,0.5,5,2
20260218_192535,DpwBiFbmSimulator,4096,200,0.7,30,0.3982747921171791,21.36788331274349,0.5,5,2
20260218_192535,DpwBiFbmSimulator,4096,200,0.7,31,0.3047701701578182,7.222270694294202,0.5,5,2
20260218_192535,DpwBiFbmSimulator,4096,200,0.7,32,0.3966276573665486,6.773028018598658,0.5,5,2
20260218_192535,DpwBiFbmSimulator,4096,200,0.7,33,0.2855402396371088,10.0122994700014,0.5,5,2
20260218_192535,DpwBiFbmSimulator,4096,200,0.7,34,0.4552450101025586,20.010696840438047,0.5,5,2
20260218_192535,DpwBiFbmSimulator,4096,200,0.7,35,0.2494831183130219,3.137944280689265,0.5,5,2
20260218_192535,DpwBiFbmSimulator,4096,200,0.7,36,0.4323954238971443,14.321523332057316,0.5,5,2
20260218_192535,DpwBiFbmSimulator,4096,200,0.7,37,0.5041511957421291,42.89010271884036,0.5,5,2
20260218_192535,DpwBiFbmSimulator,4096,200,0.7,38,0.4933980245999029,17.585367000673614,0.5,5,2
20260218_192535,DpwBiFbmSimulator,4096,200,0.7,39,0.2905184723312644,5.474561147466499,0.5,5,2
20260218_192535,DpwBiFbmSimulator,4096,200,0.7,40,0.318356652292022,8.028215918996404,0.5,5,2
20260218_192535,DpwBiFbmSimulator,4096,200,0.7,41,0.3691230607684794,11.707085437981451,0.5,5,2
20260218_192535,DpwBiFbmSimulator,4096,200,0.7,42,0.3132206080415523,4.6720877245397086,0.5,5,2
20260218_192535,DpwBiFbmSimulator,4096,200,0.7,43,0.3037441024861801,4.347772634796973,0.5,5,2
20260218_192535,DpwBiFbmSimulator,4096,200,0.7,44,0.2829488931171743,3.863546465138047,0.5,5,2
20260218_192535,DpwBiFbmSimulator,4096,200,0.7,45,0.3506794922203641,9.916172978552147,0.5,5,2
20260218_192535,DpwBiFbmSimulator,4096,200,0.7,46,0.5012259100551936,31.63865143646803,0.5,5,2
20260218_192535,DpwBiFbmSimulator,4096,200,0.7,47,0.1575876591044895,1.642873262926848,0.5,5,2
20260218_192535,DpwBiFbmSimulator,4096,200,0.7,48,0.2796259467364825,4.512043958003855,0.5,5,2
20260218_192535,DpwBiFbmSimulator,4096,200,0.7,49,0.2630655401440313,6.779418006395135,0.5,5,2
20260218_192535,DpwBiFbmSimulator,4096,200,0.7,50,0.316451043677575,7.482805948087638,0.5,5,2
20260218_192535,DpwBiFbmSimulator,4096,200,0.7,51,0.3172075382976448,4.824549828847049,0.5,5,2
20260218_192535,DpwBiFbmSimulator,4096,200,0.7,52,0.4557597329010877,25.896571244443557,0.5,5,2
20260218_192535,DpwBiFbmSimulator,4096,200,0.7,53,0.2504583767567142,2.707576355286328,0.5,5,2
20260218_192535,DpwBiFbmSimulator,4096,200,0.7,54,0.4167676183198576,18.693683789846204,0.5,5,2
20260218_192535,DpwBiFbmSimulator,4096,200,0.7,55,0.3292060909558517,3.470657144193235,0.5,5,2
20260218_192535,DpwBiFbmSimulator,4096,200,0.7,56,0.2600123632611901,2.994871982675188,0.5,5,2
20260218_192535,DpwBiFbmSimulator,4096,200,0.7,57,0.5409561059711888,31.84007389807481,0.5,5,2
20260218_192535,DpwBiFbmSimulator,4096,200,0.7,58,0.3117327244854627,3.3584466675062994,0.5,5,2
20260218_192535,DpwBiFbmSimulator,4096,200,0.7,59,0.2100840647575729,5.829184445470277,0.5,5,2
20260218_192535,DpwBiFbmSimulator,4096,200,0.7,60,0.4319995145962232,10.624917250413954,0.5,5,2
20260218_192535,DpwBiFbmSimulator,4096,200,0.7,61,0.3215663507138007,6.6017859761529305,0.5,5,2
20260218_192535,DpwBiFbmSimulator,4096,200,0.7,62,0.3627747067312946,9.223808280399163,0.5,5,2
20260218_192535,DpwBiFbmSimulator,4096,200,0.7,63,0.3793355266760268,9.401627146331691,0.5,5,2
20260218_192535,DpwBiFbmSimulator,4096,200,0.7,64,0.457533641116552,30.927327189021213,0.5,5,2
20260218_192535,DpwBiFbmSimulator,4096,200,0.7,65,0.2937364840927157,6.239226547118569,0.5,5,2
20260218_192535,DpwBiFbmSimulator,4096,200,0.7,66,0.3018015262018259,4.161443098018784,0.5,5,2
20260218_192535,DpwBiFbmSimulator,4096,200,0.7,67,0.2921978584586774,6.54970370833378,0.5,5,2
20260218_192535,DpwBiFbmSimulator,4096,200,0.7,68,0.3301878793727121,3.8345456279549768,0.5,5,2
20260218_192535,DpwBiFbmSimulator,4096,200,0.7,69,0.4323298907486898,10.19792025728126,0.5,5,2
20260218_192535,DpwBiFbmSimulator,4096,200,0.7,70,0.4859601824786855,52.95331293107997,0.5,5,2
20260218_192535,DpwBiFbmSimulator,4096,200,0.7,71,0.368184923658841,4.6993848656479615,0.5,5,2
20260218_192535,DpwBiFbmSimulator,4096,200,0.7,72,0.3764440224753545,8.587702069331025,0.5,5,2
20260218_192535,DpwBiFbmSimulator,4096,200,0.7,73,0.3088189031709064,4.251628193277025,0.5,5,2
20260218_192535,DpwBiFbmSimulator,4096,200,0.7,74,0.3757877136998618,12.223352184185655,0.5,5,2
20260218_192535,DpwBiFbmSimulator,4096,200,0.7,75,0.4390632639951003,18.650962236935158,0.5,5,2
20260218_192535,DpwBiFbmSimulator,4096,200,0.7,76,0.3750007873907187,26.23731288619443,0.5,5,2
20260218_192535,DpwBiFbmSimulator,4096,200,0.7,77,0.1692249634696855,2.5784221043532347,0.5,5,2
20260218_192535,DpwBiFbmSimulator,4096,200,0.7,78,0.407521655526697,14.08516436441984,0.5,5,2
20260218_192535,DpwBiFbmSimulator,4096,200,0.7,79,0.2510692435757983,4.25028411154188,0.5,5,2
20260218_192535,DpwBiFbmSimulator,4096,200,0.7,80,0.4687688266477331,13.8868765388569,0.5,5,2
20260218_192535,DpwBiFbmSimulator,4096,200,0.7,81,0.2591276416183609,3.3231354420287675,0.5,5,2
20260218_192535,DpwBiFbmSimulator,4096,200,0.7,82,0.4162397685996507,36.88778501029804,0.5,5,2
20260218_192535,DpwBiFbmSimulator,4096,200,0.7,83,0.4085176858373233,19.00890489021252,0.5,5,2
20260218_192535,DpwBiFbmSimulator,4096,200,0.7,84,0.3723467535729621,11.629214394711353,0.5,5,2
20260218_192535,DpwBiFbmSimulator,4096,200,0.7,85,0.5424561834398265,53.6265119470443,0.5,5,2
20260218_192535,DpwBiFbmSimulator,4096,200,0.7,86,0.4540468601180448,25.24645753960632,0.5,5,2
20260218_192535,DpwBiFbmSimulator,4096,200,0.7,87,0.3268968728263894,9.304021278806257,0.5,5,2
20260218_192535,DpwBiFbmSimulator,4096,200,0.7,88,0.3400430540970057,11.75248851706601,0.5,5,2
20260218_192535,DpwBiFbmSimulator,4096,200,0.7,89,0.4937101676072651,12.069906587360178,0.5,5,2
20260218_192535,DpwBiFbmSimulator,4096,200,0.7,90,0.3792977332820568,21.097612660377727,0.5,5,2
20260218_192535,DpwBiFbmSimulator,4096,200,0.7,91,0.4534582049082715,11.933212666742335,0.5,5,2
20260218_192535,DpwBiFbmSimulator,4096,200,0.7,92,0.2472206261472478,3.853697233555463,0.5,5,2
20260218_192535,DpwBiFbmSimulator,4096,200,0.7,93,0.3754274634183657,18.921750119811037,0.5,5,2
20260218_192535,DpwBiFbmSimulator,4096,200,0.7,94,0.3268533236892593,6.377744333353816,0.5,5,2
20260218_192535,DpwBiFbmSimulator,4096,200,0.7,95,0.3219284960766054,5.189300169642505,0.5,5,2
20260218_192535,DpwBiFbmSimulator,4096,200,0.7,96,0.2825956861248384,4.272662720513238,0.5,5,2
20260218_192535,DpwBiFbmSimulator,4096,200,0.7,97,0.4397586571171692,15.273103343571352,0.5,5,2
20260218_192535,DpwBiFbmSimulator,4096,200,0.7,98,0.3761345087484202,7.048203968013468,0.5,5,2
20260218_192535,DpwBiFbmSimulator,4096,200,0.7,99,0.5013097763161217,29.866518663361653,0.5,5,2
20260218_192535,DpwBiFbmSimulator,4096,200,0.7,100,0.3853144760589531,14.514025795656217,0.5,5,2
20260218_192535,DpwBiFbmSimulator,4096,200,0.7,101,0.3182247348785225,9.399922694529954,0.5,5,2
20260218_192535,DpwBiFbmSimulator,4096,200,0.7,102,0.3158931678828761,5.603193185303063,0.5,5,2
20260218_192535,DpwBiFbmSimulator,4096,200,0.7,103,0.3836149470439409,8.509710603677943,0.5,5,2
20260218_192535,DpwBiFbmSimulator,4096,200,0.7,104,0.4936729920355116,41.23685002796879,0.5,5,2
20260218_192535,DpwBiFbmSimulator,4096,200,0.7,105,0.534173377288643,35.13340651208474,0.5,5,2
20260218_192535,DpwBiFbmSimulator,4096,200,0.7,106,0.2062296361584178,2.00835249590728,0.5,5,2
20260218_192535,DpwBiFbmSimulator,4096,200,0.7,107,0.302805887288757,4.38660186666902,0.5,5,2
20260218_192535,DpwBiFbmSimulator,4096,200,0.7,108,0.3942495012336556,21.016569179566137,0.5,5,2
20260218_192535,DpwBiFbmSimulator,4096,200,0.7,109,0.319036253690389,8.173858577831956,0.5,5,2
20260218_192535,DpwBiFbmSimulator,4096,200,0.7,110,0.3481881947506971,5.8832976347568,0.5,5,2
20260218_192535,DpwBiFbmSimulator,4096,200,0.7,111,0.4819755032443889,39.48313785862633,0.5,5,2
20260218_192535,DpwBiFbmSimulator,4096,200,0.7,112,0.3540744480412526,9.838473388229495,0.5,5,2
20260218_192535,DpwBiFbmSimulator,4096,200,0.7,113,0.2670031931668777,5.29207155022196,0.5,5,2
20260218_192535,DpwBiFbmSimulator,4096,200,0.7,114,0.2664847899590715,6.11281906283928,0.5,5,2
20260218_192535,DpwBiFbmSimulator,4096,200,0.7,115,0.4544700449940752,13.79186366252193,0.5,5,2
20260218_192535,DpwBiFbmSimulator,4096,200,0.7,116,0.4933731617509974,14.836776302004816,0.5,5,2
20260218_192535,DpwBiFbmSimulator,4096,200,0.7,117,0.3626561185731388,10.422512307188462,0.5,5,2
20260218_192535,DpwBiFbmSimulator,4096,200,0.7,118,0.297483103223629,3.939953219605906,0.5,5,2
20260218_192535,DpwBiFbmSimulator,4096,200,0.7,119,0.4091240603707984,11.829767321041473,0.5,5,2
20260218_192535,DpwBiFbmSimulator,4096,200,0.7,120,0.3371455359568236,8.798522648413591,0.5,5,2
20260218_192535,DpwBiFbmSimulator,4096,200,0.7,121,0.2952140629469207,4.407118445071429,0.5,5,2
20260218_192535,DpwBiFbmSimulator,4096,200,0.7,122,0.3757665125270112,10.58124934572565,0.5,5,2
20260218_192535,DpwBiFbmSimulator,4096,200,0.7,123,0.3850186200048379,8.611916255882011,0.5,5,2
20260218_192535,DpwBiFbmSimulator,4096,200,0.7,124,0.3822683811182836,13.596881577282058,0.5,5,2
20260218_192535,DpwBiFbmSimulator,4096,200,0.7,125,0.2953498498003203,4.709800755831352,0.5,5,2
20260218_192535,DpwBiFbmSimulator,4096,200,0.7,126,0.4446160095138121,21.779747276032435,0.5,5,2
20260218_192535,DpwBiFbmSimulator,4096,200,0.7,127,0.3843960907271222,7.923736856166445,0.5,5,2
20260218_192535,DpwBiFbmSimulator,4096,200,0.7,128,0.2626033807104583,7.054386268207615,0.5,5,2
20260218_192535,DpwBiFbmSimulator,4096,200,0.7,129,0.2791872457896855,3.397285002088205,0.5,5,2
20260218_192535,DpwBiFbmSimulator,4096,200,0.7,130,0.285830316787226,7.791694586630995,0.5,5,2
20260218_192535,DpwBiFbmSimulator,4096,200,0.7,131,0.4098188885730958,11.9298526957836,0.5,5,2
20260218_192535,DpwBiFbmSimulator,4096,200,0.7,132,0.2665826387990986,5.024537990678836,0.5,5,2
20260218_192535,DpwBiFbmSimulator,4096,200,0.7,133,0.4935489442759822,20.427676973265804,0.5,5,2
20260218_192535,DpwBiFbmSimulator,4096,200,0.7,134,0.321143111515339,8.868963802788794,0.5,5,2
20260218_192535,DpwBiFbmSimulator,4096,200,0.7,135,0.3988947071781694,24.608843150417236,0.5,5,2
20260218_192535,DpwBiFbmSimulator,4096,200,0.7,136,0.3973142858711515,12.217023634181905,0.5,5,2
20260218_192535,DpwBiFbmSimulator,4096,200,0.7,137,0.9695456771131354,5731.789959000788,0.5,5,2
20260218_192535,DpwBiFbmSimulator,4096,200,0.7,138,0.3741344622946604,18.15363108325077,0.5,5,2
20260218_192535,DpwBiFbmSimulator,4096,200,0.7,139,0.5068645752465804,27.03456086310464,0.5,5,2
20260218_192535,DpwBiFbmSimulator,4096,200,0.7,140,0.3101712366706297,10.449725608855491,0.5,5,2
20260218_192535,DpwBiFbmSimulator,4096,200,0.7,141,0.3513844835761764,14.503665092371902,0.5,5,2
20260218_192535,DpwBiFbmSimulator,4096,200,0.7,142,0.4708262429739616,10.443783173323878,0.5,5,2
20260218_192535,DpwBiFbmSimulator,4096,200,0.7,143,0.3275090272435463,7.556083586709217,0.5,5,2
20260218_192535,DpwBiFbmSimulator,4096,200,0.7,144,0.2973522375063155,3.455936280717231,0.5,5,2
20260218_192535,DpwBiFbmSimulator,4096,200,0.7,145,0.2614868882515536,2.5824701653768845,0.5,5,2
20260218_192535,DpwBiFbmSimulator,4096,200,0.7,146,0.3174370371285954,9.370739875507056,0.5,5,2
20260218_192535,DpwBiFbmSimulator,4096,200,0.7,147,0.398235875804416,16.588563556631186,0.5,5,2
20260218_192535,DpwBiFbmSimulator,4096,200,0.7,148,0.4247990909669483,15.417139254715082,0.5,5,2
20260218_192535,DpwBiFbmSimulator,4096,200,0.7,149,0.4352035984366585,19.895606012339734,0.5,5,2
20260218_192535,DpwBiFbmSimulator,4096,200,0.7,150,0.3746413824624023,13.273016494053552,0.5,5,2
20260218_192535,DpwBiFbmSimulator,4096,200,0.7,151,0.5273124980923238,45.16347403840561,0.5,5,2
20260218_192535,DpwBiFbmSimulator,4096,200,0.7,152,0.2475095155050178,3.739135867398364,0.5,5,2
20260218_192535,DpwBiFbmSimulator,4096,200,0.7,153,0.346465050177147,5.334859738468781,0.5,5,2
20260218_192535,DpwBiFbmSimulator,4096,200,0.7,154,0.3989848627652808,18.421336893297024,0.5,5,2
20260218_192535,DpwBiFbmSimulator,4096,200,0.7,155,0.3093470344870222,5.773133856601809,0.5,5,2
20260218_192535,DpwBiFbmSimulator,4096,200,0.7,156,0.2795487561382674,6.019814563373582,0.5,5,2
20260218_192535,DpwBiFbmSimulator,4096,200,0.7,157,0.4400272939840139,17.126920118138205,0.5,5,2
20260218_192535,DpwBiFbmSimulator,4096,200,0.7,158,0.3376928857566943,8.495893490803143,0.5,5,2
20260218_192535,DpwBiFbmSimulator,4096,200,0.7,159,0.2730230775763817,3.199936504351323,0.5,5,2
20260218_192535,DpwBiFbmSimulator,4096,200,0.7,160,0.3310062844899336,5.493824376449721,0.5,5,2
20260218_192535,DpwBiFbmSimulator,4096,200,0.7,161,0.2667164366576537,4.719649211794711,0.5,5,2
20260218_192535,DpwBiFbmSimulator,4096,200,0.7,162,0.3576770747295308,7.275215501909435,0.5,5,2
20260218_192535,DpwBiFbmSimulator,4096,200,0.7,163,0.294445814959017,5.49325832312994,0.5,5,2
20260218_192535,DpwBiFbmSimulator,4096,200,0.7,164,0.3457837935871703,12.087341804643858,0.5,5,2
20260218_192535,DpwBiFbmSimulator,4096,200,0.7,165,0.3350425562936441,6.703145565249968,0.5,5,2
20260218_192535,DpwBiFbmSimulator,4096,200,0.7,166,0.3232660450381613,5.650045262021775,0.5,5,2
20260218_192535,DpwBiFbmSimulator,4096,200,0.7,167,0.4131086790247036,10.185004569862636,0.5,5,2
20260218_192535,DpwBiFbmSimulator,4096,200,0.7,168,0.3229752071956204,6.268074954581943,0.5,5,2
20260218_192535,DpwBiFbmSimulator,4096,200,0.7,169,0.4612967699980869,15.547667311359987,0.5,5,2
20260218_192535,DpwBiFbmSimulator,4096,200,0.7,170,0.4426018411384576,19.200724439596744,0.5,5,2
20260218_192535,DpwBiFbmSimulator,4096,200,0.7,171,0.3368257673533197,7.700128045198298,0.5,5,2
20260218_192535,DpwBiFbmSimulator,4096,200,0.7,172,0.3896086008764938,15.199830540726802,0.5,5,2
20260218_192535,DpwBiFbmSimulator,4096,200,0.7,173,0.2600630078719049,3.56135347614315,0.5,5,2
20260218_192535,DpwBiFbmSimulator,4096,200,0.7,174,0.3253107283870398,4.187461087954025,0.5,5,2
20260218_192535,DpwBiFbmSimulator,4096,200,0.7,175,0.3938800125474382,12.866486853213972,0.5,5,2
20260218_192535,DpwBiFbmSimulator,4096,200,0.7,176,0.3821303725468952,18.430759163410443,0.5,5,2
20260218_192535,DpwBiFbmSimulator,4096,200,0.7,177,0.3003718214950015,2.877135609079955,0.5,5,2
20260218_192535,DpwBiFbmSimulator,4096,200,0.7,178,0.342858679044377,7.898895184825013,0.5,5,2
20260218_192535,DpwBiFbmSimulator,4096,200,0.7,179,0.4267956121076721,22.504112831934467,0.5,5,2
20260218_192535,DpwBiFbmSimulator,4096,200,0.7,180,0.2772679545059032,2.920113403111405,0.5,5,2
20260218_192535,DpwBiFbmSimulator,4096,200,0.7,181,0.3606255682056997,14.50511606278139,0.5,5,2
20260218_192535,DpwBiFbmSimulator,4096,200,0.7,182,0.4941863791731117,17.496434249957744,0.5,5,2
20260218_192535,DpwBiFbmSimulator,4096,200,0.7,183,0.344933162783274,9.369710881190146,0.5,5,2
20260218_192535,DpwBiFbmSimulator,4096,200,0.7,184,0.3175140086780273,4.122351584303422,0.5,5,2
20260218_192535,DpwBiFbmSimulator,4096,200,0.7,185,0.3134713078088003,5.305379531831039,0.5,5,2
20260218_192535,DpwBiFbmSimulator,4096,200,0.7,186,0.4108479458473128,15.778061729041683,0.5,5,2
20260218_192535,DpwBiFbmSimulator,4096,200,0.7,187,0.348266064685434,7.600183869957113,0.5,5,2
20260218_192535,DpwBiFbmSimulator,4096,200,0.7,188,0.4070646917977891,19.084573283688123,0.5,5,2
20260218_192535,DpwBiFbmSimulator,4096,200,0.7,189,0.2660864079978265,3.058134868827865,0.5,5,2
20260218_192535,DpwBiFbmSimulator,4096,200,0.7,190,0.4127039919311128,17.86560132658263,0.5,5,2
20260218_192535,DpwBiFbmSimulator,4096,200,0.7,191,0.4525615269860712,15.39245756440566,0.5,5,2
20260218_192535,DpwBiFbmSimulator,4096,200,0.7,192,0.4212585975267748,25.94284901877903,0.5,5,2
20260218_192535,DpwBiFbmSimulator,4096,200,0.7,193,0.1453125525475019,1.843635465961508,0.5,5,2
20260218_192535,DpwBiFbmSimulator,4096,200,0.7,194,0.2671924352709344,3.9044081170320144,0.5,5,2
20260218_192535,DpwBiFbmSimulator,4096,200,0.7,195,0.3658355400795964,8.74144212732836,0.5,5,2
20260218_192535,DpwBiFbmSimulator,4096,200,0.7,196,0.3106523872117232,6.959838696499446,0.5,5,2
20260218_192535,DpwBiFbmSimulator,4096,200,0.7,197,0.4653432802592921,33.453719526672906,0.5,5,2
20260218_192535,DpwBiFbmSimulator,4096,200,0.7,198,0.3518467377137967,5.400927501465682,0.5,5,2
20260218_192535,DpwBiFbmSimulator,4096,200,0.7,199,0.3933874082041325,12.07127480642746,0.5,5,2
20260218_192535,DpwBiFbmSimulator,4096,200,0.7,200,0.588795458261783,72.28926322553028,0.5,5,2
20260218_192535,DpwBiFbmSimulator,4096,200,0.9,1,0.4866809542443923,15.77548521993183,0.5,5,2
20260218_192535,DpwBiFbmSimulator,4096,200,0.9,2,0.5035993983256153,18.1698165520658,0.5,5,2
20260218_192535,DpwBiFbmSimulator,4096,200,0.9,3,0.4440483286491915,14.41604735147826,0.5,5,2
20260218_192535,DpwBiFbmSimulator,4096,200,0.9,4,0.3785106453509159,3.1099982148175105,0.5,5,2
20260218_192535,DpwBiFbmSimulator,4096,200,0.9,5,0.3921470582056585,5.4167754067827705,0.5,5,2
20260218_192535,DpwBiFbmSimulator,4096,200,0.9,6,0.2256970174203043,0.7938673353332277,0.5,5,2
20260218_192535,DpwBiFbmSimulator,4096,200,0.9,7,0.3955166855881421,3.84599487710556,0.5,5,2
20260218_192535,DpwBiFbmSimulator,4096,200,0.9,8,0.5214266402463554,21.307215586259677,0.5,5,2
20260218_192535,DpwBiFbmSimulator,4096,200,0.9,9,0.4529751117344744,7.131365666889574,0.5,5,2
20260218_192535,DpwBiFbmSimulator,4096,200,0.9,10,0.4043929137842847,3.689365741138036,0.5,5,2
20260218_192535,DpwBiFbmSimulator,4096,200,0.9,11,0.5068385301034445,17.407023223857212,0.5,5,2
20260218_192535,DpwBiFbmSimulator,4096,200,0.9,12,0.478488805401781,16.031476416812104,0.5,5,2
20260218_192535,DpwBiFbmSimulator,4096,200,0.9,13,0.4995320001336797,14.763588992485374,0.5,5,2
20260218_192535,DpwBiFbmSimulator,4096,200,0.9,14,0.3322373231897939,7.518313999753448,0.5,5,2
20260218_192535,DpwBiFbmSimulator,4096,200,0.9,15,0.4569076231781755,8.49973528492295,0.5,5,2
20260218_192535,DpwBiFbmSimulator,4096,200,0.9,16,0.4631227587802993,15.967544101328984,0.5,5,2
20260218_192535,DpwBiFbmSimulator,4096,200,0.9,17,0.4469934678845976,5.792572886357278,0.5,5,2
20260218_192535,DpwBiFbmSimulator,4096,200,0.9,18,0.4764895284525449,9.19675146355944,0.5,5,2
20260218_192535,DpwBiFbmSimulator,4096,200,0.9,19,0.5005032459986701,9.13594564565396,0.5,5,2
20260218_192535,DpwBiFbmSimulator,4096,200,0.9,20,0.5216040630892491,13.978081576105916,0.5,5,2
20260218_192535,DpwBiFbmSimulator,4096,200,0.9,21,0.2824409903041662,2.8862560276936806,0.5,5,2
20260218_192535,DpwBiFbmSimulator,4096,200,0.9,22,0.389342773859255,6.630829822848677,0.5,5,2
20260218_192535,DpwBiFbmSimulator,4096,200,0.9,23,0.3904517043565182,3.036312227422627,0.5,5,2
20260218_192535,DpwBiFbmSimulator,4096,200,0.9,24,0.4675219669852751,6.48373564723394,0.5,5,2
20260218_192535,DpwBiFbmSimulator,4096,200,0.9,25,0.4176701735181283,5.23142909815524,0.5,5,2
20260218_192535,DpwBiFbmSimulator,4096,200,0.9,26,0.4500455173760325,8.236085995898016,0.5,5,2
20260218_192535,DpwBiFbmSimulator,4096,200,0.9,27,0.5769961091438224,25.774663084692,0.5,5,2
20260218_192535,DpwBiFbmSimulator,4096,200,0.9,28,0.5284238148252058,11.069907772374671,0.5,5,2
20260218_192535,DpwBiFbmSimulator,4096,200,0.9,29,0.3986114543743552,5.662268768877301,0.5,5,2
20260218_192535,DpwBiFbmSimulator,4096,200,0.9,30,0.3617293058387643,3.499912425110871,0.5,5,2
20260218_192535,DpwBiFbmSimulator,4096,200,0.9,31,0.4049724399921217,2.905339978068185,0.5,5,2
20260218_192535,DpwBiFbmSimulator,4096,200,0.9,32,0.4684178852845659,12.06841016210475,0.5,5,2
20260218_192535,DpwBiFbmSimulator,4096,200,0.9,33,0.4363244775446689,9.133153340192202,0.5,5,2
20260218_192535,DpwBiFbmSimulator,4096,200,0.9,34,0.4572896701484373,4.441108854456076,0.5,5,2
20260218_192535,DpwBiFbmSimulator,4096,200,0.9,35,0.4124491882315161,2.327999325795063,0.5,5,2
20260218_192535,DpwBiFbmSimulator,4096,200,0.9,36,0.6067474633296296,37.81769876276079,0.5,5,2
20260218_192535,DpwBiFbmSimulator,4096,200,0.9,37,0.4231821141947969,8.959316678439912,0.5,5,2
20260218_192535,DpwBiFbmSimulator,4096,200,0.9,38,0.574660408743014,18.569655472392576,0.5,5,2
20260218_192535,DpwBiFbmSimulator,4096,200,0.9,39,0.4891227424542315,6.6515583326815415,0.5,5,2
20260218_192535,DpwBiFbmSimulator,4096,200,0.9,40,0.3745902740462866,3.206928184465753,0.5,5,2
20260218_192535,DpwBiFbmSimulator,4096,200,0.9,41,0.3536599029859378,7.036709076952251,0.5,5,2
20260218_192535,DpwBiFbmSimulator,4096,200,0.9,42,0.5693996195073865,17.422903151158057,0.5,5,2
20260218_192535,DpwBiFbmSimulator,4096,200,0.9,43,0.3828473902081954,5.07992880228229,0.5,5,2
20260218_192535,DpwBiFbmSimulator,4096,200,0.9,44,0.4728956577730023,6.731033033260316,0.5,5,2
20260218_192535,DpwBiFbmSimulator,4096,200,0.9,45,0.3824377855832066,2.4376131938083243,0.5,5,2
20260218_192535,DpwBiFbmSimulator,4096,200,0.9,46,0.4795247782187103,9.113233579541404,0.5,5,2
20260218_192535,DpwBiFbmSimulator,4096,200,0.9,47,0.3825490723909461,3.3129534608132087,0.5,5,2
20260218_192535,DpwBiFbmSimulator,4096,200,0.9,48,0.4682362136814532,8.059075104359565,0.5,5,2
20260218_192535,DpwBiFbmSimulator,4096,200,0.9,49,0.4634484149794494,10.612876307942436,0.5,5,2
20260218_192535,DpwBiFbmSimulator,4096,200,0.9,50,0.5260405418724751,18.528362503380723,0.5,5,2
20260218_192535,DpwBiFbmSimulator,4096,200,0.9,51,0.4145874211257538,7.73250466030938,0.5,5,2
20260218_192535,DpwBiFbmSimulator,4096,200,0.9,52,0.578329548148913,20.18587415706698,0.5,5,2
20260218_192535,DpwBiFbmSimulator,4096,200,0.9,53,0.4337226443130851,5.70343578772798,0.5,5,2
20260218_192535,DpwBiFbmSimulator,4096,200,0.9,54,0.3954746726279303,10.704744992640515,0.5,5,2
20260218_192535,DpwBiFbmSimulator,4096,200,0.9,55,0.3749474122555279,6.284948226655418,0.5,5,2
20260218_192535,DpwBiFbmSimulator,4096,200,0.9,56,0.5048377660467931,5.402703488378843,0.5,5,2
20260218_192535,DpwBiFbmSimulator,4096,200,0.9,57,0.4367946861120093,5.674351367268807,0.5,5,2
20260218_192535,DpwBiFbmSimulator,4096,200,0.9,58,0.2547335544825149,2.231980136567521,0.5,5,2
20260218_192535,DpwBiFbmSimulator,4096,200,0.9,59,0.503240648455899,6.9712157850825145,0.5,5,2
20260218_192535,DpwBiFbmSimulator,4096,200,0.9,60,0.4776432256752069,9.887635946556529,0.5,5,2
20260218_192535,DpwBiFbmSimulator,4096,200,0.9,61,0.4194397555451831,5.78777147463157,0.5,5,2
20260218_192535,DpwBiFbmSimulator,4096,200,0.9,62,0.4756700160338907,16.292317238314606,0.5,5,2
20260218_192535,DpwBiFbmSimulator,4096,200,0.9,63,0.6095398203251614,24.036858115854557,0.5,5,2
20260218_192535,DpwBiFbmSimulator,4096,200,0.9,64,0.4212109744558009,6.416174788392035,0.5,5,2
20260218_192535,DpwBiFbmSimulator,4096,200,0.9,65,0.4670444377092211,5.345934802860344,0.5,5,2
20260218_192535,DpwBiFbmSimulator,4096,200,0.9,66,0.4536419264759204,11.569231391006111,0.5,5,2
20260218_192535,DpwBiFbmSimulator,4096,200,0.9,67,0.494861776112577,6.35448986933482,0.5,5,2
20260218_192535,DpwBiFbmSimulator,4096,200,0.9,68,0.4893326608744282,10.65910310593058,0.5,5,2
20260218_192535,DpwBiFbmSimulator,4096,200,0.9,69,0.4119106154133447,4.028825210873259,0.5,5,2
20260218_192535,DpwBiFbmSimulator,4096,200,0.9,70,0.4083647785422482,2.9666024150063106,0.5,5,2
20260218_192535,DpwBiFbmSimulator,4096,200,0.9,71,0.4965335669084487,10.0310137438535,0.5,5,2
20260218_192535,DpwBiFbmSimulator,4096,200,0.9,72,0.522418698474818,13.283512026254874,0.5,5,2
20260218_192535,DpwBiFbmSimulator,4096,200,0.9,73,0.4873489283321783,7.147848967249272,0.5,5,2
20260218_192535,DpwBiFbmSimulator,4096,200,0.9,74,0.6108758741908042,15.9796222502785,0.5,5,2
20260218_192535,DpwBiFbmSimulator,4096,200,0.9,75,0.486531768307076,4.81970173860224,0.5,5,2
20260218_192535,DpwBiFbmSimulator,4096,200,0.9,76,0.3650077854277814,3.158867716500006,0.5,5,2
20260218_192535,DpwBiFbmSimulator,4096,200,0.9,77,0.4759865064709495,11.160271710936916,0.5,5,2
20260218_192535,DpwBiFbmSimulator,4096,200,0.9,78,0.5367312083628566,9.816079112657311,0.5,5,2
20260218_192535,DpwBiFbmSimulator,4096,200,0.9,79,0.6385830056627415,16.10303686916068,0.5,5,2
20260218_192535,DpwBiFbmSimulator,4096,200,0.9,80,0.2883002876600969,1.4927118516940971,0.5,5,2
20260218_192535,DpwBiFbmSimulator,4096,200,0.9,81,0.3279461519857055,5.460979026290732,0.5,5,2
20260218_192535,DpwBiFbmSimulator,4096,200,0.9,82,0.4545565712360369,8.726653181678978,0.5,5,2
20260218_192535,DpwBiFbmSimulator,4096,200,0.9,83,0.4169806850812157,8.00859538092665,0.5,5,2
20260218_192535,DpwBiFbmSimulator,4096,200,0.9,84,0.4470932685814762,9.698911771930748,0.5,5,2
20260218_192535,DpwBiFbmSimulator,4096,200,0.9,85,0.4134399304767902,6.178400489742493,0.5,5,2
20260218_192535,DpwBiFbmSimulator,4096,200,0.9,86,0.6196538724421341,20.30070548111628,0.5,5,2
20260218_192535,DpwBiFbmSimulator,4096,200,0.9,87,0.4851349459587666,8.199334389588953,0.5,5,2
20260218_192535,DpwBiFbmSimulator,4096,200,0.9,88,0.4329566308367856,6.264411535806824,0.5,5,2
20260218_192535,DpwBiFbmSimulator,4096,200,0.9,89,0.4556382241386038,15.803985526271006,0.5,5,2
20260218_192535,DpwBiFbmSimulator,4096,200,0.9,90,0.5565174654736482,14.746419620319664,0.5,5,2
20260218_192535,DpwBiFbmSimulator,4096,200,0.9,91,0.4423683263008883,8.18301930539073,0.5,5,2
20260218_192535,DpwBiFbmSimulator,4096,200,0.9,92,0.4488705824139282,7.2266050650114995,0.5,5,2
20260218_192535,DpwBiFbmSimulator,4096,200,0.9,93,0.4358236930696919,4.21619478851911,0.5,5,2
20260218_192535,DpwBiFbmSimulator,4096,200,0.9,94,0.3657343590067309,4.213332984330898,0.5,5,2
20260218_192535,DpwBiFbmSimulator,4096,200,0.9,95,0.3950595313320298,5.794786609560487,0.5,5,2
20260218_192535,DpwBiFbmSimulator,4096,200,0.9,96,0.4855097831593049,11.184500353764816,0.5,5,2
20260218_192535,DpwBiFbmSimulator,4096,200,0.9,97,0.5145859625460313,5.266888960746542,0.5,5,2
20260218_192535,DpwBiFbmSimulator,4096,200,0.9,98,0.3948609741693766,12.492604699683914,0.5,5,2
20260218_192535,DpwBiFbmSimulator,4096,200,0.9,99,0.4907001301146093,5.79582646909746,0.5,5,2
20260218_192535,DpwBiFbmSimulator,4096,200,0.9,100,0.364732501502258,6.095041664786639,0.5,5,2
20260218_192535,DpwBiFbmSimulator,4096,200,0.9,101,0.573289885376948,17.188317906643295,0.5,5,2
20260218_192535,DpwBiFbmSimulator,4096,200,0.9,102,0.4135005736923316,4.210339047561425,0.5,5,2
20260218_192535,DpwBiFbmSimulator,4096,200,0.9,103,0.5244794793199918,8.56202170292095,0.5,5,2
20260218_192535,DpwBiFbmSimulator,4096,200,0.9,104,0.3855196854841452,8.394861588115436,0.5,5,2
20260218_192535,DpwBiFbmSimulator,4096,200,0.9,105,0.5156709950041495,8.700736307888654,0.5,5,2
20260218_192535,DpwBiFbmSimulator,4096,200,0.9,106,0.5104722915636907,14.835347972557866,0.5,5,2
20260218_192535,DpwBiFbmSimulator,4096,200,0.9,107,0.602543383354438,29.349328950788,0.5,5,2
20260218_192535,DpwBiFbmSimulator,4096,200,0.9,108,0.4506524445275729,6.875594548484592,0.5,5,2
20260218_192535,DpwBiFbmSimulator,4096,200,0.9,109,0.5457043364148143,11.445265664591616,0.5,5,2
20260218_192535,DpwBiFbmSimulator,4096,200,0.9,110,0.5125720572306472,12.606089925191474,0.5,5,2
20260218_192535,DpwBiFbmSimulator,4096,200,0.9,111,0.499233861921822,15.274347744815191,0.5,5,2
20260218_192535,DpwBiFbmSimulator,4096,200,0.9,112,0.3996611200892682,4.295845271154693,0.5,5,2
20260218_192535,DpwBiFbmSimulator,4096,200,0.9,113,0.4333992198764381,7.061128570022205,0.5,5,2
20260218_192535,DpwBiFbmSimulator,4096,200,0.9,114,0.4520548511020636,8.126915110857963,0.5,5,2
20260218_192535,DpwBiFbmSimulator,4096,200,0.9,115,0.4058834349651037,4.2202465539175895,0.5,5,2
20260218_192535,DpwBiFbmSimulator,4096,200,0.9,116,0.4301424983458676,6.738570625078825,0.5,5,2
20260218_192535,DpwBiFbmSimulator,4096,200,0.9,117,0.4010069882743656,5.108702222886827,0.5,5,2
20260218_192535,DpwBiFbmSimulator,4096,200,0.9,118,0.595059623696016,33.24940076179448,0.5,5,2
20260218_192535,DpwBiFbmSimulator,4096,200,0.9,119,0.4087006612660706,3.761983411419728,0.5,5,2
20260218_192535,DpwBiFbmSimulator,4096,200,0.9,120,0.4064481817522231,2.553927513771578,0.5,5,2
20260218_192535,DpwBiFbmSimulator,4096,200,0.9,121,0.2555855914464184,3.2234919071768933,0.5,5,2
20260218_192535,DpwBiFbmSimulator,4096,200,0.9,122,0.3405258815253599,4.138511536662791,0.5,5,2
20260218_192535,DpwBiFbmSimulator,4096,200,0.9,123,0.5133839195116648,13.686040800596126,0.5,5,2
20260218_192535,DpwBiFbmSimulator,4096,200,0.9,124,0.4188829050032082,6.294712030947055,0.5,5,2
20260218_192535,DpwBiFbmSimulator,4096,200,0.9,125,0.5340149709407908,19.99733946552021,0.5,5,2
20260218_192535,DpwBiFbmSimulator,4096,200,0.9,126,0.3282979053310258,2.680457735140404,0.5,5,2
20260218_192535,DpwBiFbmSimulator,4096,200,0.9,127,0.4370309807139761,4.423579050973904,0.5,5,2
20260218_192535,DpwBiFbmSimulator,4096,200,0.9,128,0.4169616873425137,3.576986137089589,0.5,5,2
20260218_192535,DpwBiFbmSimulator,4096,200,0.9,129,0.4839329387824403,11.909311153385673,0.5,5,2
20260218_192535,DpwBiFbmSimulator,4096,200,0.9,130,0.4908330050754997,8.32766020842916,0.5,5,2
20260218_192535,DpwBiFbmSimulator,4096,200,0.9,131,0.3208216736454645,3.8122116171281415,0.5,5,2
20260218_192535,DpwBiFbmSimulator,4096,200,0.9,132,0.4309450051059426,10.39964460294301,0.5,5,2
20260218_192535,DpwBiFbmSimulator,4096,200,0.9,133,0.4534640734135476,13.39524923782343,0.5,5,2
20260218_192535,DpwBiFbmSimulator,4096,200,0.9,134,0.4732044042205982,11.748606529431628,0.5,5,2
20260218_192535,DpwBiFbmSimulator,4096,200,0.9,135,0.498317480873165,8.900218760704332,0.5,5,2
20260218_192535,DpwBiFbmSimulator,4096,200,0.9,136,0.3856991599353516,6.293327625080943,0.5,5,2
20260218_192535,DpwBiFbmSimulator,4096,200,0.9,137,0.3631526953646966,5.31432907097224,0.5,5,2
20260218_192535,DpwBiFbmSimulator,4096,200,0.9,138,0.3409150848511705,2.504917327710943,0.5,5,2
20260218_192535,DpwBiFbmSimulator,4096,200,0.9,139,0.4398264636915167,8.514459726000437,0.5,5,2
20260218_192535,DpwBiFbmSimulator,4096,200,0.9,140,0.4288597505051112,3.55474028785932,0.5,5,2
20260218_192535,DpwBiFbmSimulator,4096,200,0.9,141,0.484468620350133,6.566671890241443,0.5,5,2
20260218_192535,DpwBiFbmSimulator,4096,200,0.9,142,0.3256009110199928,4.578869103455113,0.5,5,2
20260218_192535,DpwBiFbmSimulator,4096,200,0.9,143,0.4656635882010166,8.677262966921212,0.5,5,2
20260218_192535,DpwBiFbmSimulator,4096,200,0.9,144,0.3868387521978899,6.505554465440642,0.5,5,2
20260218_192535,DpwBiFbmSimulator,4096,200,0.9,145,0.4836498360566894,9.593909134805708,0.5,5,2
20260218_192535,DpwBiFbmSimulator,4096,200,0.9,146,0.6081508821010552,23.11704254457993,0.5,5,2
20260218_192535,DpwBiFbmSimulator,4096,200,0.9,147,0.4622514157098518,9.38137621315986,0.5,5,2
20260218_192535,DpwBiFbmSimulator,4096,200,0.9,148,0.4567226762088967,8.54283532015783,0.5,5,2
20260218_192535,DpwBiFbmSimulator,4096,200,0.9,149,0.4454284109200215,9.507216674452154,0.5,5,2
20260218_192535,DpwBiFbmSimulator,4096,200,0.9,150,0.4385031226355887,5.674266224727407,0.5,5,2
20260218_192535,DpwBiFbmSimulator,4096,200,0.9,151,0.7209118785792452,126.1020083503137,0.5,5,2
20260218_192535,DpwBiFbmSimulator,4096,200,0.9,152,0.3735311370100915,2.132534641307782,0.5,5,2
20260218_192535,DpwBiFbmSimulator,4096,200,0.9,153,0.431066265014415,5.203489251985641,0.5,5,2
20260218_192535,DpwBiFbmSimulator,4096,200,0.9,154,0.4031966905295888,6.91392334712921,0.5,5,2
20260218_192535,DpwBiFbmSimulator,4096,200,0.9,155,0.4691285890529235,6.9338058897418255,0.5,5,2
20260218_192535,DpwBiFbmSimulator,4096,200,0.9,156,0.5213008273745868,15.304688057831552,0.5,5,2
20260218_192535,DpwBiFbmSimulator,4096,200,0.9,157,0.4362406839920508,7.803450671456513,0.5,5,2
20260218_192535,DpwBiFbmSimulator,4096,200,0.9,158,0.506901962610491,22.373948128465766,0.5,5,2
20260218_192535,DpwBiFbmSimulator,4096,200,0.9,159,0.3402310096690391,4.375494624216181,0.5,5,2
20260218_192535,DpwBiFbmSimulator,4096,200,0.9,160,0.5263665014652701,11.404489936681022,0.5,5,2
20260218_192535,DpwBiFbmSimulator,4096,200,0.9,161,0.3880019509264621,7.12851019755917,0.5,5,2
20260218_192535,DpwBiFbmSimulator,4096,200,0.9,162,0.4944917484263072,15.932779755432849,0.5,5,2
20260218_192535,DpwBiFbmSimulator,4096,200,0.9,163,0.4025656274073771,3.072162544775472,0.5,5,2
20260218_192535,DpwBiFbmSimulator,4096,200,0.9,164,0.4547083149286268,10.923440151800513,0.5,5,2
20260218_192535,DpwBiFbmSimulator,4096,200,0.9,165,0.4361510208818421,8.00443266658711,0.5,5,2
20260218_192535,DpwBiFbmSimulator,4096,200,0.9,166,0.3369903795381112,4.193132610751898,0.5,5,2
20260218_192535,DpwBiFbmSimulator,4096,200,0.9,167,0.5672201479617199,21.839350138661715,0.5,5,2
20260218_192535,DpwBiFbmSimulator,4096,200,0.9,168,0.4545082710968759,5.778461388936919,0.5,5,2
20260218_192535,DpwBiFbmSimulator,4096,200,0.9,169,0.5085807399607216,15.484291341994004,0.5,5,2
20260218_192535,DpwBiFbmSimulator,4096,200,0.9,170,0.4367523866151736,2.928394541320592,0.5,5,2
20260218_192535,DpwBiFbmSimulator,4096,200,0.9,171,0.391259614741541,4.620154021203096,0.5,5,2
20260218_192535,DpwBiFbmSimulator,4096,200,0.9,172,0.4992709013816085,8.219459469292739,0.5,5,2
20260218_192535,DpwBiFbmSimulator,4096,200,0.9,173,0.5776545718981294,33.332437767015534,0.5,5,2
20260218_192535,DpwBiFbmSimulator,4096,200,0.9,174,0.445937467581783,10.723880967538252,0.5,5,2
20260218_192535,DpwBiFbmSimulator,4096,200,0.9,175,0.6647695081690529,33.931791854522146,0.5,5,2
20260218_192535,DpwBiFbmSimulator,4096,200,0.9,176,0.362885036435416,2.8390099328433664,0.5,5,2
20260218_192535,DpwBiFbmSimulator,4096,200,0.9,177,0.4819006464162776,10.505549243057065,0.5,5,2
20260218_192535,DpwBiFbmSimulator,4096,200,0.9,178,0.5878988731777849,21.024471343922578,0.5,5,2
20260218_192535,DpwBiFbmSimulator,4096,200,0.9,179,0.4739587650130397,22.56063622508686,0.5,5,2
20260218_192535,DpwBiFbmSimulator,4096,200,0.9,180,0.4389177634938828,4.17643425636097,0.5,5,2
20260218_192535,DpwBiFbmSimulator,4096,200,0.9,181,0.4752544741290085,6.411853298000428,0.5,5,2
20260218_192535,DpwBiFbmSimulator,4096,200,0.9,182,0.489432116913956,8.528511182818034,0.5,5,2
20260218_192535,DpwBiFbmSimulator,4096,200,0.9,183,0.3797160572708196,3.732858329692758,0.5,5,2
20260218_192535,DpwBiFbmSimulator,4096,200,0.9,184,0.5183144070701062,8.221738440765755,0.5,5,2
20260218_192535,DpwBiFbmSimulator,4096,200,0.9,185,0.2904113843252296,2.308317125791157,0.5,5,2
20260218_192535,DpwBiFbmSimulator,4096,200,0.9,186,0.4191912510249095,7.371032306677524,0.5,5,2
20260218_192535,DpwBiFbmSimulator,4096,200,0.9,187,0.3951376612406166,4.122598609927181,0.5,5,2
20260218_192535,DpwBiFbmSimulator,4096,200,0.9,188,0.5524933917205236,15.059762280005115,0.5,5,2
20260218_192535,DpwBiFbmSimulator,4096,200,0.9,189,0.646524068614011,42.9038730770271,0.5,5,2
20260218_192535,DpwBiFbmSimulator,4096,200,0.9,190,0.598808079847932,14.757331635851967,0.5,5,2
20260218_192535,DpwBiFbmSimulator,4096,200,0.9,191,0.5490900043259236,13.601106078833904,0.5,5,2
20260218_192535,DpwBiFbmSimulator,4096,200,0.9,192,0.6327499362916382,15.358177737144356,0.5,5,2
20260218_192535,DpwBiFbmSimulator,4096,200,0.9,193,0.2923612868574239,8.2021406943117,0.5,5,2
20260218_192535,DpwBiFbmSimulator,4096,200,0.9,194,0.7302797917176969,80.61930336047725,0.5,5,2
20260218_192535,DpwBiFbmSimulator,4096,200,0.9,195,0.409860320416183,5.0325172256748365,0.5,5,2
20260218_192535,DpwBiFbmSimulator,4096,200,0.9,196,0.3420882169261448,3.9190839688428034,0.5,5,2
20260218_192535,DpwBiFbmSimulator,4096,200,0.9,197,0.5597873584327995,20.36318412023657,0.5,5,2
20260218_192535,DpwBiFbmSimulator,4096,200,0.9,198,0.5956988836777304,24.728599038948275,0.5,5,2
20260218_192535,DpwBiFbmSimulator,4096,200,0.9,199,0.3757107259317386,2.2355432407273423,0.5,5,2
20260218_192535,DpwBiFbmSimulator,4096,200,0.9,200,0.4418252989126531,9.55867515520079,0.5,5,2
20260218_193414,DpwBiFbmSimulator,4096,200,0.4,1,0.152346086234925,1.9599242380489603,0.7,5,2
20260218_193414,DpwBiFbmSimulator,4096,200,0.4,2,0.359572569933978,12.508811114824676,0.7,5,2
20260218_193414,DpwBiFbmSimulator,4096,200,0.4,3,0.2055919375866285,3.293716491555122,0.7,5,2
20260218_193414,DpwBiFbmSimulator,4096,200,0.4,4,0.3584631990980853,8.376483254463443,0.7,5,2
20260218_193414,DpwBiFbmSimulator,4096,200,0.4,5,0.3342529660355685,12.4802339842141,0.7,5,2
20260218_193414,DpwBiFbmSimulator,4096,200,0.4,6,0.3979603156466913,14.664850196261703,0.7,5,2
20260218_193414,DpwBiFbmSimulator,4096,200,0.4,7,0.3688311483178573,19.69858769957576,0.7,5,2
20260218_193414,DpwBiFbmSimulator,4096,200,0.4,8,0.2895446240645818,17.032418691759222,0.7,5,2
20260218_193414,DpwBiFbmSimulator,4096,200,0.4,9,0.2204047146950461,3.6833724867738886,0.7,5,2
20260218_193414,DpwBiFbmSimulator,4096,200,0.4,10,0.2559313923265935,9.96133503677943,0.7,5,2
20260218_193414,DpwBiFbmSimulator,4096,200,0.4,11,0.2033334005063444,14.803908070149774,0.7,5,2
20260218_193414,DpwBiFbmSimulator,4096,200,0.4,12,0.2600489892149516,8.510537055596822,0.7,5,2
20260218_193414,DpwBiFbmSimulator,4096,200,0.4,13,0.2255200628968759,6.090645882293703,0.7,5,2
20260218_193414,DpwBiFbmSimulator,4096,200,0.4,14,0.2578751603164433,3.7803215266112384,0.7,5,2
20260218_193414,DpwBiFbmSimulator,4096,200,0.4,15,0.2121151458591762,4.939077915630572,0.7,5,2
20260218_193414,DpwBiFbmSimulator,4096,200,0.4,16,0.2853667226495441,8.555932248371215,0.7,5,2
20260218_193414,DpwBiFbmSimulator,4096,200,0.4,17,0.4752295245027256,33.84461117122455,0.7,5,2
20260218_193414,DpwBiFbmSimulator,4096,200,0.4,18,0.2903260585286923,14.9256377845926,0.7,5,2
20260218_193414,DpwBiFbmSimulator,4096,200,0.4,19,0.3455093668835575,14.548696026373138,0.7,5,2
20260218_193414,DpwBiFbmSimulator,4096,200,0.4,20,0.2687778472612959,7.691529409781795,0.7,5,2
20260218_193414,DpwBiFbmSimulator,4096,200,0.4,21,0.4127411034820873,13.992953077946614,0.7,5,2
20260218_193414,DpwBiFbmSimulator,4096,200,0.4,22,0.4431452718102168,30.54370902426967,0.7,5,2
20260218_193414,DpwBiFbmSimulator,4096,200,0.4,23,0.2443298737393379,8.501994338923973,0.7,5,2
20260218_193414,DpwBiFbmSimulator,4096,200,0.4,24,0.0981391289774477,2.167284240227295,0.7,5,2
20260218_193414,DpwBiFbmSimulator,4096,200,0.4,25,0.4036543269123185,18.115238194854,0.7,5,2
20260218_193414,DpwBiFbmSimulator,4096,200,0.4,26,0.3522408606260395,12.401234735660696,0.7,5,2
20260218_193414,DpwBiFbmSimulator,4096,200,0.4,27,0.2659860749161001,6.734648073401246,0.7,5,2
20260218_193414,DpwBiFbmSimulator,4096,200,0.4,28,0.2539159819551873,7.336327247016359,0.7,5,2
20260218_193414,DpwBiFbmSimulator,4096,200,0.4,29,0.3730964464829939,13.882124693725435,0.7,5,2
20260218_193414,DpwBiFbmSimulator,4096,200,0.4,30,0.3466864326814049,17.893385918521957,0.7,5,2
20260218_193414,DpwBiFbmSimulator,4096,200,0.4,31,0.2741467667052319,5.153945135572148,0.7,5,2
20260218_193414,DpwBiFbmSimulator,4096,200,0.4,32,0.5242716115603298,46.29784539073422,0.7,5,2
20260218_193414,DpwBiFbmSimulator,4096,200,0.4,33,0.4827595676993675,34.35188097212377,0.7,5,2
20260218_193414,DpwBiFbmSimulator,4096,200,0.4,34,0.2837313473219732,6.955959667553295,0.7,5,2
20260218_193414,DpwBiFbmSimulator,4096,200,0.4,35,0.2365696908675091,6.176599428537311,0.7,5,2
20260218_193414,DpwBiFbmSimulator,4096,200,0.4,36,0.3346231435959633,10.768064763184428,0.7,5,2
20260218_193414,DpwBiFbmSimulator,4096,200,0.4,37,0.4233651693398189,14.469677639414355,0.7,5,2
20260218_193414,DpwBiFbmSimulator,4096,200,0.4,38,0.4277035605602597,20.859177096047876,0.7,5,2
20260218_193414,DpwBiFbmSimulator,4096,200,0.4,39,0.2415413471081784,7.157485917618651,0.7,5,2
20260218_193414,DpwBiFbmSimulator,4096,200,0.4,40,0.3290709171675777,6.096403469584083,0.7,5,2
20260218_193414,DpwBiFbmSimulator,4096,200,0.4,41,0.3800059850090861,25.480636830383677,0.7,5,2
20260218_193414,DpwBiFbmSimulator,4096,200,0.4,42,0.6717774371888403,834.713999391255,0.7,5,2
20260218_193414,DpwBiFbmSimulator,4096,200,0.4,43,0.3865323224709527,19.809000723570676,0.7,5,2
20260218_193414,DpwBiFbmSimulator,4096,200,0.4,44,0.350131158594396,6.372383492734093,0.7,5,2
20260218_193414,DpwBiFbmSimulator,4096,200,0.4,45,0.3124095915682227,12.724369579834624,0.7,5,2
20260218_193414,DpwBiFbmSimulator,4096,200,0.4,46,0.2520883689957515,4.67502476640056,0.7,5,2
20260218_193414,DpwBiFbmSimulator,4096,200,0.4,47,0.2365425582882984,14.710169009850008,0.7,5,2
20260218_193414,DpwBiFbmSimulator,4096,200,0.4,48,0.2550406063726836,5.097794352047903,0.7,5,2
20260218_193414,DpwBiFbmSimulator,4096,200,0.4,49,0.1993140372531198,3.831671092176118,0.7,5,2
20260218_193414,DpwBiFbmSimulator,4096,200,0.4,50,0.1687503387637303,4.498700026970557,0.7,5,2
20260218_193414,DpwBiFbmSimulator,4096,200,0.4,51,0.4397172242470105,37.49620764523062,0.7,5,2
20260218_193414,DpwBiFbmSimulator,4096,200,0.4,52,0.2260553631831717,8.663456844911163,0.7,5,2
20260218_193414,DpwBiFbmSimulator,4096,200,0.4,53,0.2719265965431097,11.005381788485272,0.7,5,2
20260218_193414,DpwBiFbmSimulator,4096,200,0.4,54,0.2836035128348705,5.754191749896488,0.7,5,2
20260218_193414,DpwBiFbmSimulator,4096,200,0.4,55,0.3423402986215893,12.085398551723488,0.7,5,2
20260218_193414,DpwBiFbmSimulator,4096,200,0.4,56,0.4271325644603619,37.15393674231776,0.7,5,2
20260218_193414,DpwBiFbmSimulator,4096,200,0.4,57,0.2955436203722418,9.18636223518761,0.7,5,2
20260218_193414,DpwBiFbmSimulator,4096,200,0.4,58,0.2460134559615529,4.010807630802055,0.7,5,2
20260218_193414,DpwBiFbmSimulator,4096,200,0.4,59,0.4213626062898726,24.947220078768023,0.7,5,2
20260218_193414,DpwBiFbmSimulator,4096,200,0.4,60,0.3484612708141641,12.686327878920284,0.7,5,2
20260218_193414,DpwBiFbmSimulator,4096,200,0.4,61,0.2522644959275201,6.370595615392346,0.7,5,2
20260218_193414,DpwBiFbmSimulator,4096,200,0.4,62,0.2234090317933976,7.999399255155114,0.7,5,2
20260218_193414,DpwBiFbmSimulator,4096,200,0.4,63,0.2082189767918764,5.80467080882936,0.7,5,2
20260218_193414,DpwBiFbmSimulator,4096,200,0.4,64,0.2692048298321587,15.636996725523876,0.7,5,2
20260218_193414,DpwBiFbmSimulator,4096,200,0.4,65,0.2212869234151313,14.175479056854844,0.7,5,2
20260218_193414,DpwBiFbmSimulator,4096,200,0.4,66,0.2037461030370268,3.3012495970583413,0.7,5,2
20260218_193414,DpwBiFbmSimulator,4096,200,0.4,67,0.2618786127335053,6.423932110098559,0.7,5,2
20260218_193414,DpwBiFbmSimulator,4096,200,0.4,68,0.3561697294098261,10.37713222802267,0.7,5,2
20260218_193414,DpwBiFbmSimulator,4096,200,0.4,69,0.3404521529330237,11.111128739066856,0.7,5,2
20260218_193414,DpwBiFbmSimulator,4096,200,0.4,70,0.2532097730658949,7.971243723397031,0.7,5,2
20260218_193414,DpwBiFbmSimulator,4096,200,0.4,71,0.0891926548099813,2.4258467076889025,0.7,5,2
20260218_193414,DpwBiFbmSimulator,4096,200,0.4,72,0.3320275841130616,12.324335491065147,0.7,5,2
20260218_193414,DpwBiFbmSimulator,4096,200,0.4,73,0.2799940603291012,5.792504101476129,0.7,5,2
20260218_193414,DpwBiFbmSimulator,4096,200,0.4,74,0.241164465173886,2.4814510213215293,0.7,5,2
20260218_193414,DpwBiFbmSimulator,4096,200,0.4,75,0.3175731007840344,16.259105253360275,0.7,5,2
20260218_193414,DpwBiFbmSimulator,4096,200,0.4,76,0.229710346844612,5.396864956106302,0.7,5,2
20260218_193414,DpwBiFbmSimulator,4096,200,0.4,77,0.5397506830522193,94.16612664449748,0.7,5,2
20260218_193414,DpwBiFbmSimulator,4096,200,0.4,78,0.3367697196129846,9.292933010542152,0.7,5,2
20260218_193414,DpwBiFbmSimulator,4096,200,0.4,79,0.3342095367186896,8.551744933875774,0.7,5,2
20260218_193414,DpwBiFbmSimulator,4096,200,0.4,80,0.2575812717527373,4.339783433666035,0.7,5,2
20260218_193414,DpwBiFbmSimulator,4096,200,0.4,81,0.1688552415684359,4.125258773951981,0.7,5,2
20260218_193414,DpwBiFbmSimulator,4096,200,0.4,82,0.3156808241585241,13.830274629529374,0.7,5,2
20260218_193414,DpwBiFbmSimulator,4096,200,0.4,83,0.3547092757940942,12.357495905845372,0.7,5,2
20260218_193414,DpwBiFbmSimulator,4096,200,0.4,84,0.1764752015088757,2.728416854972544,0.7,5,2
20260218_193414,DpwBiFbmSimulator,4096,200,0.4,85,0.2220196255439523,9.888500560892734,0.7,5,2
20260218_193414,DpwBiFbmSimulator,4096,200,0.4,86,0.2791344786083525,5.308369216499879,0.7,5,2
20260218_193414,DpwBiFbmSimulator,4096,200,0.4,87,0.1836906235782296,4.276778916622883,0.7,5,2
20260218_193414,DpwBiFbmSimulator,4096,200,0.4,88,0.3922073396120223,12.18014975447668,0.7,5,2
20260218_193414,DpwBiFbmSimulator,4096,200,0.4,89,0.2858243686117525,10.526239410629062,0.7,5,2
20260218_193414,DpwBiFbmSimulator,4096,200,0.4,90,0.2107050205635431,2.867290764283603,0.7,5,2
20260218_193414,DpwBiFbmSimulator,4096,200,0.4,91,0.2372148424162912,6.422435095280715,0.7,5,2
20260218_193414,DpwBiFbmSimulator,4096,200,0.4,92,0.2756284983892473,7.845553165945177,0.7,5,2
20260218_193414,DpwBiFbmSimulator,4096,200,0.4,93,0.2503406789044534,5.475536784559262,0.7,5,2
20260218_193414,DpwBiFbmSimulator,4096,200,0.4,94,0.2532807538150394,5.775686990314022,0.7,5,2
20260218_193414,DpwBiFbmSimulator,4096,200,0.4,95,0.2576583027092101,6.601025609241459,0.7,5,2
20260218_193414,DpwBiFbmSimulator,4096,200,0.4,96,0.2711478140048623,9.777880477964745,0.7,5,2
20260218_193414,DpwBiFbmSimulator,4096,200,0.4,97,0.1633525216278611,4.305349599488096,0.7,5,2
20260218_193414,DpwBiFbmSimulator,4096,200,0.4,98,0.2981308715410087,8.338092001939069,0.7,5,2
20260218_193414,DpwBiFbmSimulator,4096,200,0.4,99,0.3275476107537146,17.018531140821736,0.7,5,2
20260218_193414,DpwBiFbmSimulator,4096,200,0.4,100,0.2957867373084716,7.916502507175028,0.7,5,2
20260218_193414,DpwBiFbmSimulator,4096,200,0.4,101,0.5895840139074979,102.0259305672818,0.7,5,2
20260218_193414,DpwBiFbmSimulator,4096,200,0.4,102,0.249997238985578,7.187470107651948,0.7,5,2
20260218_193414,DpwBiFbmSimulator,4096,200,0.4,103,0.1857655489799819,9.171146577434389,0.7,5,2
20260218_193414,DpwBiFbmSimulator,4096,200,0.4,104,0.3437289758331285,10.391228183418624,0.7,5,2
20260218_193414,DpwBiFbmSimulator,4096,200,0.4,105,0.2821027149959712,4.160710717542613,0.7,5,2
20260218_193414,DpwBiFbmSimulator,4096,200,0.4,106,0.3067393004545916,13.0938973527654,0.7,5,2
20260218_193414,DpwBiFbmSimulator,4096,200,0.4,107,0.3534424324660352,22.101413456067657,0.7,5,2
20260218_193414,DpwBiFbmSimulator,4096,200,0.4,108,0.2987345123046108,7.6073805217970305,0.7,5,2
20260218_193414,DpwBiFbmSimulator,4096,200,0.4,109,0.2279103000218362,4.550308180003397,0.7,5,2
20260218_193414,DpwBiFbmSimulator,4096,200,0.4,110,0.2982442708850276,8.8766745579989,0.7,5,2
20260218_193414,DpwBiFbmSimulator,4096,200,0.4,111,0.3246651406778127,13.11098920396589,0.7,5,2
20260218_193414,DpwBiFbmSimulator,4096,200,0.4,112,0.3243418341157087,16.06575414405121,0.7,5,2
20260218_193414,DpwBiFbmSimulator,4096,200,0.4,113,0.2869201505072498,4.222922370480383,0.7,5,2
20260218_193414,DpwBiFbmSimulator,4096,200,0.4,114,0.3060455934381516,10.579528478262612,0.7,5,2
20260218_193414,DpwBiFbmSimulator,4096,200,0.4,115,0.2944288159760363,6.54835051791018,0.7,5,2
20260218_193414,DpwBiFbmSimulator,4096,200,0.4,116,0.1550881618272125,4.552858501007889,0.7,5,2
20260218_193414,DpwBiFbmSimulator,4096,200,0.4,117,0.2343616043653234,4.459199008346021,0.7,5,2
20260218_193414,DpwBiFbmSimulator,4096,200,0.4,118,0.0838230026842865,3.0404893123441377,0.7,5,2
20260218_193414,DpwBiFbmSimulator,4096,200,0.4,119,0.2264541765389255,6.401456131648036,0.7,5,2
20260218_193414,DpwBiFbmSimulator,4096,200,0.4,120,0.3215422615432993,15.648797147195651,0.7,5,2
20260218_193414,DpwBiFbmSimulator,4096,200,0.4,121,0.2287683058454608,4.562913092912466,0.7,5,2
20260218_193414,DpwBiFbmSimulator,4096,200,0.4,122,0.320779805508793,17.613695973062374,0.7,5,2
20260218_193414,DpwBiFbmSimulator,4096,200,0.4,123,0.197201321438206,3.7936437482103007,0.7,5,2
20260218_193414,DpwBiFbmSimulator,4096,200,0.4,124,0.3666982865278138,21.74704346373243,0.7,5,2
20260218_193414,DpwBiFbmSimulator,4096,200,0.4,125,0.3188153602269264,6.996933828061905,0.7,5,2
20260218_193414,DpwBiFbmSimulator,4096,200,0.4,126,0.2829708171150865,11.939098275725428,0.7,5,2
20260218_193414,DpwBiFbmSimulator,4096,200,0.4,127,0.4121601944412071,26.25167616178239,0.7,5,2
20260218_193414,DpwBiFbmSimulator,4096,200,0.4,128,0.3429191774746159,17.455614479993223,0.7,5,2
20260218_193414,DpwBiFbmSimulator,4096,200,0.4,129,0.2394175144447413,8.766308818577642,0.7,5,2
20260218_193414,DpwBiFbmSimulator,4096,200,0.4,130,0.2986612491632283,6.887924519930552,0.7,5,2
20260218_193414,DpwBiFbmSimulator,4096,200,0.4,131,0.1716777797469512,2.3830312249913166,0.7,5,2
20260218_193414,DpwBiFbmSimulator,4096,200,0.4,132,0.3642886640526617,17.080218504757713,0.7,5,2
20260218_193414,DpwBiFbmSimulator,4096,200,0.4,133,0.2486401862744645,4.097823389642035,0.7,5,2
20260218_193414,DpwBiFbmSimulator,4096,200,0.4,134,0.3927592701513422,16.983600242685394,0.7,5,2
20260218_193414,DpwBiFbmSimulator,4096,200,0.4,135,0.2112177665050232,3.5411160713891,0.7,5,2
20260218_193414,DpwBiFbmSimulator,4096,200,0.4,136,0.2602134311976947,5.730182927400473,0.7,5,2
20260218_193414,DpwBiFbmSimulator,4096,200,0.4,137,0.3711388984266592,12.42007779857932,0.7,5,2
20260218_193414,DpwBiFbmSimulator,4096,200,0.4,138,0.2836132201156552,8.522430060270366,0.7,5,2
20260218_193414,DpwBiFbmSimulator,4096,200,0.4,139,0.2908626677033695,5.097344618548212,0.7,5,2
20260218_193414,DpwBiFbmSimulator,4096,200,0.4,140,0.3560467220816169,11.349607058067168,0.7,5,2
20260218_193414,DpwBiFbmSimulator,4096,200,0.4,141,0.3106183991035398,12.82997034476132,0.7,5,2
20260218_193414,DpwBiFbmSimulator,4096,200,0.4,142,0.2584534047493518,5.979141392070103,0.7,5,2
20260218_193414,DpwBiFbmSimulator,4096,200,0.4,143,0.1931952096039523,4.857055952757978,0.7,5,2
20260218_193414,DpwBiFbmSimulator,4096,200,0.4,144,0.2548932269590535,3.866697497981615,0.7,5,2
20260218_193414,DpwBiFbmSimulator,4096,200,0.4,145,0.3313156202578766,6.641883264891954,0.7,5,2
20260218_193414,DpwBiFbmSimulator,4096,200,0.4,146,0.4433804852720505,41.78269204087563,0.7,5,2
20260218_193414,DpwBiFbmSimulator,4096,200,0.4,147,0.1991442965590317,5.072350192514548,0.7,5,2
20260218_193414,DpwBiFbmSimulator,4096,200,0.4,148,0.2519523061938988,7.167497227799931,0.7,5,2
20260218_193414,DpwBiFbmSimulator,4096,200,0.4,149,0.206434038031524,6.966337817071927,0.7,5,2
20260218_193414,DpwBiFbmSimulator,4096,200,0.4,150,0.338531119347224,10.918462232171294,0.7,5,2
20260218_193414,DpwBiFbmSimulator,4096,200,0.4,151,0.2548480653600205,11.459961291490762,0.7,5,2
20260218_193414,DpwBiFbmSimulator,4096,200,0.4,152,0.259772319791129,5.755212519793092,0.7,5,2
20260218_193414,DpwBiFbmSimulator,4096,200,0.4,153,0.3497224184492741,10.709587839146923,0.7,5,2
20260218_193414,DpwBiFbmSimulator,4096,200,0.4,154,0.3125524514241772,10.11903151510563,0.7,5,2
20260218_193414,DpwBiFbmSimulator,4096,200,0.4,155,0.2490213994849591,6.841296806415752,0.7,5,2
20260218_193414,DpwBiFbmSimulator,4096,200,0.4,156,0.4096135255513572,11.365710045071186,0.7,5,2
20260218_193414,DpwBiFbmSimulator,4096,200,0.4,157,0.4215939218320706,51.91122795125972,0.7,5,2
20260218_193414,DpwBiFbmSimulator,4096,200,0.4,158,0.1346248914462721,2.9495728212594647,0.7,5,2
20260218_193414,DpwBiFbmSimulator,4096,200,0.4,159,0.1880564162615389,3.117526079183103,0.7,5,2
20260218_193414,DpwBiFbmSimulator,4096,200,0.4,160,0.3637386830606446,14.562360406916891,0.7,5,2
20260218_193414,DpwBiFbmSimulator,4096,200,0.4,161,0.2282224666540788,4.215650538176281,0.7,5,2
20260218_193414,DpwBiFbmSimulator,4096,200,0.4,162,0.3260793664808657,7.310118448057358,0.7,5,2
20260218_193414,DpwBiFbmSimulator,4096,200,0.4,163,0.2723152609620274,6.953239697281822,0.7,5,2
20260218_193414,DpwBiFbmSimulator,4096,200,0.4,164,0.1799809226905925,4.041265498883023,0.7,5,2
20260218_193414,DpwBiFbmSimulator,4096,200,0.4,165,0.306049803769448,9.554395444195643,0.7,5,2
20260218_193414,DpwBiFbmSimulator,4096,200,0.4,166,0.2884028291278828,10.977345134475131,0.7,5,2
20260218_193414,DpwBiFbmSimulator,4096,200,0.4,167,0.3077034707809142,12.815063148042066,0.7,5,2
20260218_193414,DpwBiFbmSimulator,4096,200,0.4,168,0.2638151349194307,5.438544147449648,0.7,5,2
20260218_193414,DpwBiFbmSimulator,4096,200,0.4,169,0.3394764516484791,14.646577194233233,0.7,5,2
20260218_193414,DpwBiFbmSimulator,4096,200,0.4,170,0.278661188754872,10.143579559973434,0.7,5,2
20260218_193414,DpwBiFbmSimulator,4096,200,0.4,171,0.3007415926256989,8.215538261013469,0.7,5,2
20260218_193414,DpwBiFbmSimulator,4096,200,0.4,172,0.1914186407648491,2.339398031346893,0.7,5,2
20260218_193414,DpwBiFbmSimulator,4096,200,0.4,173,0.3507836026305838,9.11998183676445,0.7,5,2
20260218_193414,DpwBiFbmSimulator,4096,200,0.4,174,0.18605727836509,5.015906602003858,0.7,5,2
20260218_193414,DpwBiFbmSimulator,4096,200,0.4,175,0.2507126275003496,3.068027189004284,0.7,5,2
20260218_193414,DpwBiFbmSimulator,4096,200,0.4,176,0.2573470724014461,13.449289401662604,0.7,5,2
20260218_193414,DpwBiFbmSimulator,4096,200,0.4,177,0.1703803923614641,2.517815461627769,0.7,5,2
20260218_193414,DpwBiFbmSimulator,4096,200,0.4,178,0.371650224724482,13.31400241443798,0.7,5,2
20260218_193414,DpwBiFbmSimulator,4096,200,0.4,179,0.3008132092261543,7.761298965599235,0.7,5,2
20260218_193414,DpwBiFbmSimulator,4096,200,0.4,180,0.6304344980392637,576.7656194787138,0.7,5,2
20260218_193414,DpwBiFbmSimulator,4096,200,0.4,181,0.2500278916722226,8.234082505385345,0.7,5,2
20260218_193414,DpwBiFbmSimulator,4096,200,0.4,182,0.3458910598730016,9.424756740615292,0.7,5,2
20260218_193414,DpwBiFbmSimulator,4096,200,0.4,183,0.3031582186998124,6.385655652757442,0.7,5,2
20260218_193414,DpwBiFbmSimulator,4096,200,0.4,184,0.2036213492751691,5.59509977739108,0.7,5,2
20260218_193414,DpwBiFbmSimulator,4096,200,0.4,185,0.2790583216077889,9.553123588678652,0.7,5,2
20260218_193414,DpwBiFbmSimulator,4096,200,0.4,186,0.1912783427244896,4.987552012022111,0.7,5,2
20260218_193414,DpwBiFbmSimulator,4096,200,0.4,187,0.2989255075467104,9.305904696587474,0.7,5,2
20260218_193414,DpwBiFbmSimulator,4096,200,0.4,188,0.1857237400734092,6.119306957008339,0.7,5,2
20260218_193414,DpwBiFbmSimulator,4096,200,0.4,189,0.2180794322532226,4.7457790496518175,0.7,5,2
20260218_193414,DpwBiFbmSimulator,4096,200,0.4,190,0.2754224444117977,10.787112432126415,0.7,5,2
20260218_193414,DpwBiFbmSimulator,4096,200,0.4,191,0.2717697769643519,6.212282129753573,0.7,5,2
20260218_193414,DpwBiFbmSimulator,4096,200,0.4,192,0.3901446087080348,16.603452182480254,0.7,5,2
20260218_193414,DpwBiFbmSimulator,4096,200,0.4,193,0.2704047531755045,6.108356929680247,0.7,5,2
20260218_193414,DpwBiFbmSimulator,4096,200,0.4,194,0.2387673005006481,10.650741407355596,0.7,5,2
20260218_193414,DpwBiFbmSimulator,4096,200,0.4,195,0.1688128587564052,3.1392006569194537,0.7,5,2
20260218_193414,DpwBiFbmSimulator,4096,200,0.4,196,0.3855922978144815,9.256076613016129,0.7,5,2
20260218_193414,DpwBiFbmSimulator,4096,200,0.4,197,0.1683852604487998,6.245307405099296,0.7,5,2
20260218_193414,DpwBiFbmSimulator,4096,200,0.4,198,0.2306747819344931,6.673988307571763,0.7,5,2
20260218_193414,DpwBiFbmSimulator,4096,200,0.4,199,0.3374521437879148,20.642342544062696,0.7,5,2
20260218_193414,DpwBiFbmSimulator,4096,200,0.4,200,0.5479984677001871,260.8199449895936,0.7,5,2
20260218_193414,DpwBiFbmSimulator,4096,200,0.7,1,0.4014511419373168,2.446251048360198,0.7,5,2
20260218_193414,DpwBiFbmSimulator,4096,200,0.7,2,0.5028254735168344,10.00000014666366,0.7,5,2
20260218_193414,DpwBiFbmSimulator,4096,200,0.7,3,0.4737659065184699,5.497312480682212,0.7,5,2
20260218_193414,DpwBiFbmSimulator,4096,200,0.7,4,0.5919290659781172,5.895940125155925,0.7,5,2
20260218_193414,DpwBiFbmSimulator,4096,200,0.7,5,0.4867111735580567,8.134870881467235,0.7,5,2
20260218_193414,DpwBiFbmSimulator,4096,200,0.7,6,0.3973488066044785,3.1330128828819,0.7,5,2
20260218_193414,DpwBiFbmSimulator,4096,200,0.7,7,0.5518303039672309,10.952624966198105,0.7,5,2
20260218_193414,DpwBiFbmSimulator,4096,200,0.7,8,0.792357573388947,37.472680770608456,0.7,5,2
20260218_193414,DpwBiFbmSimulator,4096,200,0.7,9,0.3706303646144154,2.5597281060604247,0.7,5,2
20260218_193414,DpwBiFbmSimulator,4096,200,0.7,10,0.5060609777485616,7.694352244288463,0.7,5,2
20260218_193414,DpwBiFbmSimulator,4096,200,0.7,11,0.5466086044922697,17.018135019605072,0.7,5,2
20260218_193414,DpwBiFbmSimulator,4096,200,0.7,12,0.405912207069188,3.745328245291863,0.7,5,2
20260218_193414,DpwBiFbmSimulator,4096,200,0.7,13,0.3839640310818381,2.0987152362311288,0.7,5,2
20260218_193414,DpwBiFbmSimulator,4096,200,0.7,14,0.5901685328962737,16.446548589041,0.7,5,2
20260218_193414,DpwBiFbmSimulator,4096,200,0.7,15,0.4036181658615579,4.098461592256633,0.7,5,2
20260218_193414,DpwBiFbmSimulator,4096,200,0.7,16,0.4906496490374447,11.368968088439544,0.7,5,2
20260218_193414,DpwBiFbmSimulator,4096,200,0.7,17,0.4248341376764044,5.669172617393228,0.7,5,2
20260218_193414,DpwBiFbmSimulator,4096,200,0.7,18,0.520006070976169,20.45305614400065,0.7,5,2
20260218_193414,DpwBiFbmSimulator,4096,200,0.7,19,0.8701495434807186,182.1392234669398,0.7,5,2
20260218_193414,DpwBiFbmSimulator,4096,200,0.7,20,0.5277849647692234,8.336273771939956,0.7,5,2
20260218_193414,DpwBiFbmSimulator,4096,200,0.7,21,0.5527604838654978,14.209428815033588,0.7,5,2
20260218_193414,DpwBiFbmSimulator,4096,200,0.7,22,0.3760950405661936,2.481622991125661,0.7,5,2
20260218_193414,DpwBiFbmSimulator,4096,200,0.7,23,0.5500508985580661,15.761844073832457,0.7,5,2
20260218_193414,DpwBiFbmSimulator,4096,200,0.7,24,0.5440954327119688,27.183306249251856,0.7,5,2
20260218_193414,DpwBiFbmSimulator,4096,200,0.7,25,0.518997020762392,17.526558180391355,0.7,5,2
20260218_193414,DpwBiFbmSimulator,4096,200,0.7,26,0.4932711977962249,7.853061852850144,0.7,5,2
20260218_193414,DpwBiFbmSimulator,4096,200,0.7,27,0.4446332974990349,5.93247805480343,0.7,5,2
20260218_193414,DpwBiFbmSimulator,4096,200,0.7,28,0.5258733302051901,7.892862687135033,0.7,5,2
20260218_193414,DpwBiFbmSimulator,4096,200,0.7,29,0.4938703319190473,6.725014729612774,0.7,5,2
20260218_193414,DpwBiFbmSimulator,4096,200,0.7,30,0.4576119202762527,4.502111095197011,0.7,5,2
20260218_193414,DpwBiFbmSimulator,4096,200,0.7,31,0.4936426682812228,12.090740811945,0.7,5,2
20260218_193414,DpwBiFbmSimulator,4096,200,0.7,32,0.5776010448538492,16.734479741665083,0.7,5,2
20260218_193414,DpwBiFbmSimulator,4096,200,0.7,33,0.3857926733947094,4.945482790219741,0.7,5,2
20260218_193414,DpwBiFbmSimulator,4096,200,0.7,34,0.4231046419910126,2.456812441159296,0.7,5,2
20260218_193414,DpwBiFbmSimulator,4096,200,0.7,35,0.4952476362656246,12.21757049071996,0.7,5,2
20260218_193414,DpwBiFbmSimulator,4096,200,0.7,36,0.4231425516377622,2.8432421373634518,0.7,5,2
20260218_193414,DpwBiFbmSimulator,4096,200,0.7,37,0.4652121614491201,8.957310354987337,0.7,5,2
20260218_193414,DpwBiFbmSimulator,4096,200,0.7,38,0.3951626434271117,8.203844279692126,0.7,5,2
20260218_193414,DpwBiFbmSimulator,4096,200,0.7,39,0.602717848903358,19.236594901347768,0.7,5,2
20260218_193414,DpwBiFbmSimulator,4096,200,0.7,40,0.7147657031750343,43.64590064963987,0.7,5,2
20260218_193414,DpwBiFbmSimulator,4096,200,0.7,41,0.7143076910922359,26.750785323267145,0.7,5,2
20260218_193414,DpwBiFbmSimulator,4096,200,0.7,42,0.5371794875687682,9.142705589525804,0.7,5,2
20260218_193414,DpwBiFbmSimulator,4096,200,0.7,43,0.7846385608317934,349.2700211447905,0.7,5,2
20260218_193414,DpwBiFbmSimulator,4096,200,0.7,44,0.3885900690453033,4.234479507297957,0.7,5,2
20260218_193414,DpwBiFbmSimulator,4096,200,0.7,45,0.4595460054274404,9.956868743858088,0.7,5,2
20260218_193414,DpwBiFbmSimulator,4096,200,0.7,46,0.5138383196666606,8.45742317916613,0.7,5,2
20260218_193414,DpwBiFbmSimulator,4096,200,0.7,47,0.5582661554992525,15.94748173640589,0.7,5,2
20260218_193414,DpwBiFbmSimulator,4096,200,0.7,48,0.5742018525368986,15.258446054990443,0.7,5,2
20260218_193414,DpwBiFbmSimulator,4096,200,0.7,49,0.5444287357082156,8.757076126507059,0.7,5,2
20260218_193414,DpwBiFbmSimulator,4096,200,0.7,50,0.480790146099456,10.155556483550214,0.7,5,2
20260218_193414,DpwBiFbmSimulator,4096,200,0.7,51,0.5875534926265658,17.147383767310068,0.7,5,2
20260218_193414,DpwBiFbmSimulator,4096,200,0.7,52,0.475002929020721,3.063666762758536,0.7,5,2
20260218_193414,DpwBiFbmSimulator,4096,200,0.7,53,0.6005074101271943,17.00907745141941,0.7,5,2
20260218_193414,DpwBiFbmSimulator,4096,200,0.7,54,0.4712016322630932,9.450542060666423,0.7,5,2
20260218_193414,DpwBiFbmSimulator,4096,200,0.7,55,0.7375438022898768,106.7709118086138,0.7,5,2
20260218_193414,DpwBiFbmSimulator,4096,200,0.7,56,0.435874733304051,4.15992644803058,0.7,5,2
20260218_193414,DpwBiFbmSimulator,4096,200,0.7,57,0.3892376955899223,4.644708490451483,0.7,5,2
20260218_193414,DpwBiFbmSimulator,4096,200,0.7,58,0.56415454315912,10.262513110579548,0.7,5,2
20260218_193414,DpwBiFbmSimulator,4096,200,0.7,59,0.5464045710969986,7.062832498929195,0.7,5,2
20260218_193414,DpwBiFbmSimulator,4096,200,0.7,60,0.4456108910291537,6.292352137538681,0.7,5,2
20260218_193414,DpwBiFbmSimulator,4096,200,0.7,61,0.3652997505759843,2.993161600633244,0.7,5,2
20260218_193414,DpwBiFbmSimulator,4096,200,0.7,62,0.4375868238824495,4.929904369030028,0.7,5,2
20260218_193414,DpwBiFbmSimulator,4096,200,0.7,63,0.5234651893092149,7.8073334736418465,0.7,5,2
20260218_193414,DpwBiFbmSimulator,4096,200,0.7,64,0.4632120563860692,10.10563514338856,0.7,5,2
20260218_193414,DpwBiFbmSimulator,4096,200,0.7,65,0.5119450543943866,4.082405891692416,0.7,5,2
20260218_193414,DpwBiFbmSimulator,4096,200,0.7,66,0.5595044382997173,13.89714261859545,0.7,5,2
20260218_193414,DpwBiFbmSimulator,4096,200,0.7,67,0.8228917069540532,84.51122129821164,0.7,5,2
20260218_193414,DpwBiFbmSimulator,4096,200,0.7,68,0.5552193006633506,23.881587133361545,0.7,5,2
20260218_193414,DpwBiFbmSimulator,4096,200,0.7,69,0.4826342831640348,7.826984507080095,0.7,5,2
20260218_193414,DpwBiFbmSimulator,4096,200,0.7,70,0.5667586110569206,9.2222807818543,0.7,5,2
20260218_193414,DpwBiFbmSimulator,4096,200,0.7,71,0.3934119743170363,4.94587295543364,0.7,5,2
20260218_193414,DpwBiFbmSimulator,4096,200,0.7,72,0.3691776824450626,8.008814287585098,0.7,5,2
20260218_193414,DpwBiFbmSimulator,4096,200,0.7,73,0.4329495787438352,3.515072819164493,0.7,5,2
20260218_193414,DpwBiFbmSimulator,4096,200,0.7,74,0.4604003141599398,2.746989389634336,0.7,5,2
20260218_193414,DpwBiFbmSimulator,4096,200,0.7,75,0.5863759799194309,9.321250634043125,0.7,5,2
20260218_193414,DpwBiFbmSimulator,4096,200,0.7,76,0.3998130520735048,8.397425783450094,0.7,5,2
20260218_193414,DpwBiFbmSimulator,4096,200,0.7,77,0.5196811634274764,18.976541028251408,0.7,5,2
20260218_193414,DpwBiFbmSimulator,4096,200,0.7,78,0.4353345505130823,3.799514970820157,0.7,5,2
20260218_193414,DpwBiFbmSimulator,4096,200,0.7,79,0.5891019119200699,11.390990398586164,0.7,5,2
20260218_193414,DpwBiFbmSimulator,4096,200,0.7,80,0.5425747257406683,22.24398693055305,0.7,5,2
20260218_193414,DpwBiFbmSimulator,4096,200,0.7,81,0.4687116268267364,2.199439242794285,0.7,5,2
20260218_193414,DpwBiFbmSimulator,4096,200,0.7,82,0.3361108534315434,2.259481552828136,0.7,5,2
20260218_193414,DpwBiFbmSimulator,4096,200,0.7,83,0.4581834202770421,7.311517915941671,0.7,5,2
20260218_193414,DpwBiFbmSimulator,4096,200,0.7,84,0.3989052422197305,4.38959319228075,0.7,5,2
20260218_193414,DpwBiFbmSimulator,4096,200,0.7,85,0.2416680059916792,1.933971947563552,0.7,5,2
20260218_193414,DpwBiFbmSimulator,4096,200,0.7,86,0.7187539700848027,22.151527545512675,0.7,5,2
20260218_193414,DpwBiFbmSimulator,4096,200,0.7,87,0.5077102868718261,16.507055055629717,0.7,5,2
20260218_193414,DpwBiFbmSimulator,4096,200,0.7,88,0.4480219973650327,5.788375098360689,0.7,5,2
20260218_193414,DpwBiFbmSimulator,4096,200,0.7,89,0.647482325712744,18.62399721142703,0.7,5,2
20260218_193414,DpwBiFbmSimulator,4096,200,0.7,90,0.4598744157679679,3.7865541677250185,0.7,5,2
20260218_193414,DpwBiFbmSimulator,4096,200,0.7,91,0.4754038037364103,7.61718770298004,0.7,5,2
20260218_193414,DpwBiFbmSimulator,4096,200,0.7,92,0.5043004280528696,7.601216803350087,0.7,5,2
20260218_193414,DpwBiFbmSimulator,4096,200,0.7,93,0.4962559205668728,5.10872044480246,0.7,5,2
20260218_193414,DpwBiFbmSimulator,4096,200,0.7,94,0.4763300108485867,4.3934527451186565,0.7,5,2
20260218_193414,DpwBiFbmSimulator,4096,200,0.7,95,0.513652421268541,8.293286676454818,0.7,5,2
20260218_193414,DpwBiFbmSimulator,4096,200,0.7,96,0.372565902925288,2.463298777023527,0.7,5,2
20260218_193414,DpwBiFbmSimulator,4096,200,0.7,97,0.4212669737304344,7.969731508563663,0.7,5,2
20260218_193414,DpwBiFbmSimulator,4096,200,0.7,98,0.5998074938979276,9.232952510725667,0.7,5,2
20260218_193414,DpwBiFbmSimulator,4096,200,0.7,99,0.3778902150373958,3.986966567417934,0.7,5,2
20260218_193414,DpwBiFbmSimulator,4096,200,0.7,100,0.3908494201178742,2.610389622488168,0.7,5,2
20260218_193414,DpwBiFbmSimulator,4096,200,0.7,101,0.5739252129374072,17.78772365830191,0.7,5,2
20260218_193414,DpwBiFbmSimulator,4096,200,0.7,102,0.5047382235434488,9.427328925321977,0.7,5,2
20260218_193414,DpwBiFbmSimulator,4096,200,0.7,103,0.4811990492604778,7.873615852734377,0.7,5,2
20260218_193414,DpwBiFbmSimulator,4096,200,0.7,104,0.710336990693372,70.55851791605626,0.7,5,2
20260218_193414,DpwBiFbmSimulator,4096,200,0.7,105,0.4434983335164104,4.538779853107706,0.7,5,2
20260218_193414,DpwBiFbmSimulator,4096,200,0.7,106,0.3882863860008709,2.861334357392803,0.7,5,2
20260218_193414,DpwBiFbmSimulator,4096,200,0.7,107,0.4967646968083454,9.888371800550496,0.7,5,2
20260218_193414,DpwBiFbmSimulator,4096,200,0.7,108,0.5333477629636758,20.632473177359667,0.7,5,2
20260218_193414,DpwBiFbmSimulator,4096,200,0.7,109,0.5853666346819324,26.841321612459694,0.7,5,2
20260218_193414,DpwBiFbmSimulator,4096,200,0.7,110,0.6146120671497685,25.500285651355583,0.7,5,2
20260218_193414,DpwBiFbmSimulator,4096,200,0.7,111,0.6174860695383998,34.93484385342009,0.7,5,2
20260218_193414,DpwBiFbmSimulator,4096,200,0.7,112,0.4832506282433571,7.784211663448781,0.7,5,2
20260218_193414,DpwBiFbmSimulator,4096,200,0.7,113,0.6246529599710179,27.22225390637838,0.7,5,2
20260218_193414,DpwBiFbmSimulator,4096,200,0.7,114,0.5134709841610784,4.646195663475568,0.7,5,2
20260218_193414,DpwBiFbmSimulator,4096,200,0.7,115,0.3876824111819044,3.905173933607839,0.7,5,2
20260218_193414,DpwBiFbmSimulator,4096,200,0.7,116,0.6926673065268548,46.69494792601216,0.7,5,2
20260218_193414,DpwBiFbmSimulator,4096,200,0.7,117,0.5488186259691403,6.420564800745646,0.7,5,2
20260218_193414,DpwBiFbmSimulator,4096,200,0.7,118,0.5522815350562524,20.021704247532448,0.7,5,2
20260218_193414,DpwBiFbmSimulator,4096,200,0.7,119,0.4954727614819128,9.575852771413087,0.7,5,2
20260218_193414,DpwBiFbmSimulator,4096,200,0.7,120,0.7620283778999948,46.76753876969218,0.7,5,2
20260218_193414,DpwBiFbmSimulator,4096,200,0.7,121,0.5469324612304185,11.740394238258792,0.7,5,2
20260218_193414,DpwBiFbmSimulator,4096,200,0.7,122,0.5042173409815943,5.369491575905133,0.7,5,2
20260218_193414,DpwBiFbmSimulator,4096,200,0.7,123,0.6425208434088057,28.766715620852725,0.7,5,2
20260218_193414,DpwBiFbmSimulator,4096,200,0.7,124,0.4945142243625134,11.59058398119544,0.7,5,2
20260218_193414,DpwBiFbmSimulator,4096,200,0.7,125,0.6565559940996576,21.99181959889189,0.7,5,2
20260218_193414,DpwBiFbmSimulator,4096,200,0.7,126,0.4451898858354878,4.175904061816645,0.7,5,2
20260218_193414,DpwBiFbmSimulator,4096,200,0.7,127,0.4871050904856969,8.479078443428827,0.7,5,2
20260218_193414,DpwBiFbmSimulator,4096,200,0.7,128,0.5698922771859761,7.016669883536766,0.7,5,2
20260218_193414,DpwBiFbmSimulator,4096,200,0.7,129,0.4975611996488689,10.21078607879069,0.7,5,2
20260218_193414,DpwBiFbmSimulator,4096,200,0.7,130,0.3160283943061354,1.3835711205195025,0.7,5,2
20260218_193414,DpwBiFbmSimulator,4096,200,0.7,131,0.5456547362185812,8.700272238672806,0.7,5,2
20260218_193414,DpwBiFbmSimulator,4096,200,0.7,132,0.5163756144573313,4.928352585646766,0.7,5,2
20260218_193414,DpwBiFbmSimulator,4096,200,0.7,133,0.6187205974228575,7.804559425588044,0.7,5,2
20260218_193414,DpwBiFbmSimulator,4096,200,0.7,134,0.5573913962865517,12.935515647855166,0.7,5,2
20260218_193414,DpwBiFbmSimulator,4096,200,0.7,135,0.5815385573659478,3.984791398405025,0.7,5,2
20260218_193414,DpwBiFbmSimulator,4096,200,0.7,136,0.2742173108298833,1.4712961368537951,0.7,5,2
20260218_193414,DpwBiFbmSimulator,4096,200,0.7,137,0.4457614230460698,3.28376621011426,0.7,5,2
20260218_193414,DpwBiFbmSimulator,4096,200,0.7,138,0.5670105814089171,27.964464374158275,0.7,5,2
20260218_193414,DpwBiFbmSimulator,4096,200,0.7,139,0.5084322123024914,4.654952103545654,0.7,5,2
20260218_193414,DpwBiFbmSimulator,4096,200,0.7,140,0.4969790009517884,3.4395653073891954,0.7,5,2
20260218_193414,DpwBiFbmSimulator,4096,200,0.7,141,0.575748091448476,42.80721293363776,0.7,5,2
20260218_193414,DpwBiFbmSimulator,4096,200,0.7,142,0.5963957447315061,23.783805861546373,0.7,5,2
20260218_193414,DpwBiFbmSimulator,4096,200,0.7,143,0.499229488982749,3.1079396096684357,0.7,5,2
20260218_193414,DpwBiFbmSimulator,4096,200,0.7,144,0.4734696329972253,11.87388397417083,0.7,5,2
20260218_193414,DpwBiFbmSimulator,4096,200,0.7,145,0.3176301435843381,0.9328452299562948,0.7,5,2
20260218_193414,DpwBiFbmSimulator,4096,200,0.7,146,0.4122273439555491,2.622043670742654,0.7,5,2
20260218_193414,DpwBiFbmSimulator,4096,200,0.7,147,0.572216366553228,12.796727969547188,0.7,5,2
20260218_193414,DpwBiFbmSimulator,4096,200,0.7,148,0.4693839150155512,9.708662902275584,0.7,5,2
20260218_193414,DpwBiFbmSimulator,4096,200,0.7,149,0.5220795736663054,6.5320008005943615,0.7,5,2
20260218_193414,DpwBiFbmSimulator,4096,200,0.7,150,0.4648539731124235,7.502383009830442,0.7,5,2
20260218_193414,DpwBiFbmSimulator,4096,200,0.7,151,0.3955280601031526,6.607645893768489,0.7,5,2
20260218_193414,DpwBiFbmSimulator,4096,200,0.7,152,0.4989430392032959,3.659649430901205,0.7,5,2
20260218_193414,DpwBiFbmSimulator,4096,200,0.7,153,0.4418960614499396,4.665498255251703,0.7,5,2
20260218_193414,DpwBiFbmSimulator,4096,200,0.7,154,0.5770804481694146,12.878004535361656,0.7,5,2
20260218_193414,DpwBiFbmSimulator,4096,200,0.7,155,0.4830503357746493,20.279698724679943,0.7,5,2
20260218_193414,DpwBiFbmSimulator,4096,200,0.7,156,0.4854314219554522,7.816082307105825,0.7,5,2
20260218_193414,DpwBiFbmSimulator,4096,200,0.7,157,0.4755510688739479,5.700842398740711,0.7,5,2
20260218_193414,DpwBiFbmSimulator,4096,200,0.7,158,0.4484927748082987,5.853783669026829,0.7,5,2
20260218_193414,DpwBiFbmSimulator,4096,200,0.7,159,0.5050933142494809,23.023648929980084,0.7,5,2
20260218_193414,DpwBiFbmSimulator,4096,200,0.7,160,0.4518256040377917,14.616927383314811,0.7,5,2
20260218_193414,DpwBiFbmSimulator,4096,200,0.7,161,0.5996900674834745,12.037970804137826,0.7,5,2
20260218_193414,DpwBiFbmSimulator,4096,200,0.7,162,0.4507652903570613,5.485346147122294,0.7,5,2
20260218_193414,DpwBiFbmSimulator,4096,200,0.7,163,0.4106743089052676,4.7812645978821005,0.7,5,2
20260218_193414,DpwBiFbmSimulator,4096,200,0.7,164,0.4298228572186483,5.178099951752154,0.7,5,2
20260218_193414,DpwBiFbmSimulator,4096,200,0.7,165,0.5294701384934061,2.811625068692531,0.7,5,2
20260218_193414,DpwBiFbmSimulator,4096,200,0.7,166,0.619545370329112,19.994051739519357,0.7,5,2
20260218_193414,DpwBiFbmSimulator,4096,200,0.7,167,0.5086682786773894,6.170780025692899,0.7,5,2
20260218_193414,DpwBiFbmSimulator,4096,200,0.7,168,0.5624558853875207,9.553042062807725,0.7,5,2
20260218_193414,DpwBiFbmSimulator,4096,200,0.7,169,0.4212163393940458,3.363735487998605,0.7,5,2
20260218_193414,DpwBiFbmSimulator,4096,200,0.7,170,0.4312687442118064,10.60292348860836,0.7,5,2
20260218_193414,DpwBiFbmSimulator,4096,200,0.7,171,0.4800227898521049,6.650646485947613,0.7,5,2
20260218_193414,DpwBiFbmSimulator,4096,200,0.7,172,0.5364624640759735,8.602833563918155,0.7,5,2
20260218_193414,DpwBiFbmSimulator,4096,200,0.7,173,0.5360768435466242,14.14287755056595,0.7,5,2
20260218_193414,DpwBiFbmSimulator,4096,200,0.7,174,0.4970076660152913,14.101264142194909,0.7,5,2
20260218_193414,DpwBiFbmSimulator,4096,200,0.7,175,0.5729721470807826,9.592603537422177,0.7,5,2
20260218_193414,DpwBiFbmSimulator,4096,200,0.7,176,0.4898796876089241,13.459414139638351,0.7,5,2
20260218_193414,DpwBiFbmSimulator,4096,200,0.7,177,0.5942638265437822,7.887945044579561,0.7,5,2
20260218_193414,DpwBiFbmSimulator,4096,200,0.7,178,0.4959349605686939,6.429532456079468,0.7,5,2
20260218_193414,DpwBiFbmSimulator,4096,200,0.7,179,0.5498720934230771,13.054259069253751,0.7,5,2
20260218_193414,DpwBiFbmSimulator,4096,200,0.7,180,0.5853905048199376,17.346370242795917,0.7,5,2
20260218_193414,DpwBiFbmSimulator,4096,200,0.7,181,0.7017324731629454,28.154751626344886,0.7,5,2
20260218_193414,DpwBiFbmSimulator,4096,200,0.7,182,0.5757610418725305,21.56834333976787,0.7,5,2
20260218_193414,DpwBiFbmSimulator,4096,200,0.7,183,0.3002339139938348,1.064430473201886,0.7,5,2
20260218_193414,DpwBiFbmSimulator,4096,200,0.7,184,0.5713507712694007,25.88648723912969,0.7,5,2
20260218_193414,DpwBiFbmSimulator,4096,200,0.7,185,0.4350666086405434,3.786389150930034,0.7,5,2
20260218_193414,DpwBiFbmSimulator,4096,200,0.7,186,0.6310866679564342,11.19024515458532,0.7,5,2
20260218_193414,DpwBiFbmSimulator,4096,200,0.7,187,0.4554561621982862,5.117244905202549,0.7,5,2
20260218_193414,DpwBiFbmSimulator,4096,200,0.7,188,0.5096325735071744,11.562874590038184,0.7,5,2
20260218_193414,DpwBiFbmSimulator,4096,200,0.7,189,0.46934820158724,7.056522859073,0.7,5,2
20260218_193414,DpwBiFbmSimulator,4096,200,0.7,190,0.373921120613792,2.536187169439563,0.7,5,2
20260218_193414,DpwBiFbmSimulator,4096,200,0.7,191,0.4012756894730738,5.942449329505826,0.7,5,2
20260218_193414,DpwBiFbmSimulator,4096,200,0.7,192,0.5061936350621752,6.259243966279025,0.7,5,2
20260218_193414,DpwBiFbmSimulator,4096,200,0.7,193,0.2718253304365141,3.0324374986164244,0.7,5,2
20260218_193414,DpwBiFbmSimulator,4096,200,0.7,194,0.4831079452128905,3.4165742283763034,0.7,5,2
20260218_193414,DpwBiFbmSimulator,4096,200,0.7,195,0.5022122995230758,7.869252815923206,0.7,5,2
20260218_193414,DpwBiFbmSimulator,4096,200,0.7,196,0.4224163649592499,4.167487342871191,0.7,5,2
20260218_193414,DpwBiFbmSimulator,4096,200,0.7,197,0.662701549488839,51.87173510002189,0.7,5,2
20260218_193414,DpwBiFbmSimulator,4096,200,0.7,198,0.3672784482431581,2.91104953966326,0.7,5,2
20260218_193414,DpwBiFbmSimulator,4096,200,0.7,199,0.488253124555659,6.328203919603295,0.7,5,2
20260218_193414,DpwBiFbmSimulator,4096,200,0.7,200,0.282655639461559,1.2449573385802053,0.7,5,2
20260218_193414,DpwBiFbmSimulator,4096,200,0.9,1,0.5523784071069527,1.725923548268684,0.7,5,2
20260218_193414,DpwBiFbmSimulator,4096,200,0.9,2,0.7318340337287027,20.94186716250302,0.7,5,2
20260218_193414,DpwBiFbmSimulator,4096,200,0.9,3,0.7244775822883222,12.321450700484498,0.7,5,2
20260218_193414,DpwBiFbmSimulator,4096,200,0.9,4,0.5781157164072254,4.313085381809951,0.7,5,2
20260218_193414,DpwBiFbmSimulator,4096,200,0.9,5,0.6844369943606453,23.76849080114169,0.7,5,2
20260218_193414,DpwBiFbmSimulator,4096,200,0.9,6,0.647468918301202,20.373597521821413,0.7,5,2
20260218_193414,DpwBiFbmSimulator,4096,200,0.9,7,0.5692694739666826,6.382125377022252,0.7,5,2
20260218_193414,DpwBiFbmSimulator,4096,200,0.9,8,0.585931361664603,15.281882768619456,0.7,5,2
20260218_193414,DpwBiFbmSimulator,4096,200,0.9,9,0.4043820665765158,4.488798299022969,0.7,5,2
20260218_193414,DpwBiFbmSimulator,4096,200,0.9,10,0.6273144020720295,5.761777175555534,0.7,5,2
20260218_193414,DpwBiFbmSimulator,4096,200,0.9,11,0.6775661274787598,14.229043945283644,0.7,5,2
20260218_193414,DpwBiFbmSimulator,4096,200,0.9,12,0.4748982724085425,4.719225264347464,0.7,5,2
20260218_193414,DpwBiFbmSimulator,4096,200,0.9,13,0.7698970724649605,16.45114873797662,0.7,5,2
20260218_193414,DpwBiFbmSimulator,4096,200,0.9,14,0.6711213057303465,8.723287056948779,0.7,5,2
20260218_193414,DpwBiFbmSimulator,4096,200,0.9,15,0.458350324703496,3.842214491676725,0.7,5,2
20260218_193414,DpwBiFbmSimulator,4096,200,0.9,16,0.651696438722895,4.105916160550689,0.7,5,2
20260218_193414,DpwBiFbmSimulator,4096,200,0.9,17,0.4853208225164134,0.8506167179762651,0.7,5,2
20260218_193414,DpwBiFbmSimulator,4096,200,0.9,18,0.8283643081574432,16.012688456911878,0.7,5,2
20260218_193414,DpwBiFbmSimulator,4096,200,0.9,19,0.6821653469107589,32.57836814790862,0.7,5,2
20260218_193414,DpwBiFbmSimulator,4096,200,0.9,20,0.6407896485623001,3.207822892575153,0.7,5,2
20260218_193414,DpwBiFbmSimulator,4096,200,0.9,21,0.7080896799821091,5.89628174457784,0.7,5,2
20260218_193414,DpwBiFbmSimulator,4096,200,0.9,22,0.6482868687990858,3.674652252519849,0.7,5,2
20260218_193414,DpwBiFbmSimulator,4096,200,0.9,23,0.6074559693074115,4.030512770653023,0.7,5,2
20260218_193414,DpwBiFbmSimulator,4096,200,0.9,24,0.5634470981248784,1.9063527343730329,0.7,5,2
20260218_193414,DpwBiFbmSimulator,4096,200,0.9,25,0.7406362536492627,23.37192966472779,0.7,5,2
20260218_193414,DpwBiFbmSimulator,4096,200,0.9,26,0.5199885852721807,1.9225032303871528,0.7,5,2
20260218_193414,DpwBiFbmSimulator,4096,200,0.9,27,0.7009990120202677,15.105488612740436,0.7,5,2
20260218_193414,DpwBiFbmSimulator,4096,200,0.9,28,0.6133935750241507,3.1039632412661438,0.7,5,2
20260218_193414,DpwBiFbmSimulator,4096,200,0.9,29,0.7709317976667761,16.059462960259804,0.7,5,2
20260218_193414,DpwBiFbmSimulator,4096,200,0.9,30,0.570935758105164,2.864157345693048,0.7,5,2
20260218_193414,DpwBiFbmSimulator,4096,200,0.9,31,0.5906974937360002,3.0532435741384965,0.7,5,2
20260218_193414,DpwBiFbmSimulator,4096,200,0.9,32,0.7960103042349113,12.171232943624377,0.7,5,2
20260218_193414,DpwBiFbmSimulator,4096,200,0.9,33,0.554104183948609,3.373848711066354,0.7,5,2
20260218_193414,DpwBiFbmSimulator,4096,200,0.9,34,0.7153194888440751,27.78481606911894,0.7,5,2
20260218_193414,DpwBiFbmSimulator,4096,200,0.9,35,0.5487955475067765,6.548685828479966,0.7,5,2
20260218_193414,DpwBiFbmSimulator,4096,200,0.9,36,0.4198230849584099,1.143549088405573,0.7,5,2
20260218_193414,DpwBiFbmSimulator,4096,200,0.9,37,0.6279956606124437,6.777795355695195,0.7,5,2
20260218_193414,DpwBiFbmSimulator,4096,200,0.9,38,0.6792978948937027,20.5174408434374,0.7,5,2
20260218_193414,DpwBiFbmSimulator,4096,200,0.9,39,0.572367773378948,4.165470608015425,0.7,5,2
20260218_193414,DpwBiFbmSimulator,4096,200,0.9,40,0.7140344018683903,11.545447650888704,0.7,5,2
20260218_193414,DpwBiFbmSimulator,4096,200,0.9,41,0.6033405207846684,5.066890051527317,0.7,5,2
20260218_193414,DpwBiFbmSimulator,4096,200,0.9,42,0.7282707743254118,18.347134337921805,0.7,5,2
20260218_193414,DpwBiFbmSimulator,4096,200,0.9,43,0.6235774886876138,5.820999582878363,0.7,5,2
20260218_193414,DpwBiFbmSimulator,4096,200,0.9,44,0.5787198607790816,8.089227218222701,0.7,5,2
20260218_193414,DpwBiFbmSimulator,4096,200,0.9,45,0.6821606996898506,9.871534520514338,0.7,5,2
20260218_193414,DpwBiFbmSimulator,4096,200,0.9,46,0.567399113240984,8.560355527563582,0.7,5,2
20260218_193414,DpwBiFbmSimulator,4096,200,0.9,47,0.4879895051184638,1.168090947335931,0.7,5,2
20260218_193414,DpwBiFbmSimulator,4096,200,0.9,48,0.6758536310359395,5.31317370760492,0.7,5,2
20260218_193414,DpwBiFbmSimulator,4096,200,0.9,49,0.6122800631458006,4.0043208520701885,0.7,5,2
20260218_193414,DpwBiFbmSimulator,4096,200,0.9,50,0.5223865845305276,1.1663859116738116,0.7,5,2
20260218_193414,DpwBiFbmSimulator,4096,200,0.9,51,0.7587615016831537,27.302337158189,0.7,5,2
20260218_193414,DpwBiFbmSimulator,4096,200,0.9,52,0.7298644089868952,21.00263235452281,0.7,5,2
20260218_193414,DpwBiFbmSimulator,4096,200,0.9,53,0.7079078002077785,19.303834697186318,0.7,5,2
20260218_193414,DpwBiFbmSimulator,4096,200,0.9,54,0.6395749824098197,3.204696441227047,0.7,5,2
20260218_193414,DpwBiFbmSimulator,4096,200,0.9,55,0.5004144831358007,1.893362947517168,0.7,5,2
20260218_193414,DpwBiFbmSimulator,4096,200,0.9,56,0.6452213427039079,7.960082541606148,0.7,5,2
20260218_193414,DpwBiFbmSimulator,4096,200,0.9,57,0.6086341275564395,3.084311877652916,0.7,5,2
20260218_193414,DpwBiFbmSimulator,4096,200,0.9,58,0.6511233605623306,2.5256078986419155,0.7,5,2
20260218_193414,DpwBiFbmSimulator,4096,200,0.9,59,0.7011079396617379,33.79644400798191,0.7,5,2
20260218_193414,DpwBiFbmSimulator,4096,200,0.9,60,0.6828750997905393,13.752949563563025,0.7,5,2
20260218_193414,DpwBiFbmSimulator,4096,200,0.9,61,0.552961506565187,3.693750699697627,0.7,5,2
20260218_193414,DpwBiFbmSimulator,4096,200,0.9,62,0.6539689556695581,8.914298781141483,0.7,5,2
20260218_193414,DpwBiFbmSimulator,4096,200,0.9,63,0.4963281621641509,5.229456292438173,0.7,5,2
20260218_193414,DpwBiFbmSimulator,4096,200,0.9,64,0.6004698247903909,3.404127869738822,0.7,5,2
20260218_193414,DpwBiFbmSimulator,4096,200,0.9,65,0.6403544363620151,3.242547198922386,0.7,5,2
20260218_193414,DpwBiFbmSimulator,4096,200,0.9,66,0.6451707412118014,5.847507304566168,0.7,5,2
20260218_193414,DpwBiFbmSimulator,4096,200,0.9,67,0.6580452088440291,32.14383435028515,0.7,5,2
20260218_193414,DpwBiFbmSimulator,4096,200,0.9,68,0.6464708913609085,7.9364372838812995,0.7,5,2
20260218_193414,DpwBiFbmSimulator,4096,200,0.9,69,0.4411938109602935,1.0750426291604576,0.7,5,2
20260218_193414,DpwBiFbmSimulator,4096,200,0.9,70,0.6313007621387008,4.912866750449077,0.7,5,2
20260218_193414,DpwBiFbmSimulator,4096,200,0.9,71,0.4244289451191734,0.4307998547699144,0.7,5,2
20260218_193414,DpwBiFbmSimulator,4096,200,0.9,72,0.522466680892381,2.2295982375529424,0.7,5,2
20260218_193414,DpwBiFbmSimulator,4096,200,0.9,73,0.6736274240338618,13.001528373243088,0.7,5,2
20260218_193414,DpwBiFbmSimulator,4096,200,0.9,74,0.5369600695448994,3.255379192854825,0.7,5,2
20260218_193414,DpwBiFbmSimulator,4096,200,0.9,75,0.4392819788820002,0.5387695585781638,0.7,5,2
20260218_193414,DpwBiFbmSimulator,4096,200,0.9,76,0.456658129704801,1.3087269386238605,0.7,5,2
20260218_193414,DpwBiFbmSimulator,4096,200,0.9,77,0.7123656691212631,12.067643153996126,0.7,5,2
20260218_193414,DpwBiFbmSimulator,4096,200,0.9,78,0.5444632213939539,2.483211970159213,0.7,5,2
20260218_193414,DpwBiFbmSimulator,4096,200,0.9,79,0.3946145823141799,1.6375488724487888,0.7,5,2
20260218_193414,DpwBiFbmSimulator,4096,200,0.9,80,0.525056585491311,1.8397670127477463,0.7,5,2
20260218_193414,DpwBiFbmSimulator,4096,200,0.9,81,0.4214432581141087,1.1102111591848334,0.7,5,2
20260218_193414,DpwBiFbmSimulator,4096,200,0.9,82,0.4626348955567606,1.8748741384091976,0.7,5,2
20260218_193414,DpwBiFbmSimulator,4096,200,0.9,83,0.6512628365901165,9.541114044865385,0.7,5,2
20260218_193414,DpwBiFbmSimulator,4096,200,0.9,84,0.5176787920819234,1.3216736271869112,0.7,5,2
20260218_193414,DpwBiFbmSimulator,4096,200,0.9,85,0.7363919033489913,26.415832435322024,0.7,5,2
20260218_193414,DpwBiFbmSimulator,4096,200,0.9,86,0.5397330847438365,4.956504020175914,0.7,5,2
20260218_193414,DpwBiFbmSimulator,4096,200,0.9,87,0.7088078673908537,9.48690508035402,0.7,5,2
20260218_193414,DpwBiFbmSimulator,4096,200,0.9,88,0.4997279540601093,4.353940334404846,0.7,5,2
20260218_193414,DpwBiFbmSimulator,4096,200,0.9,89,0.5793669803737664,3.2298009514320767,0.7,5,2
20260218_193414,DpwBiFbmSimulator,4096,200,0.9,90,0.5120596643339475,1.4299703132168144,0.7,5,2
20260218_193414,DpwBiFbmSimulator,4096,200,0.9,91,0.73745268091515,9.593385642932285,0.7,5,2
20260218_193414,DpwBiFbmSimulator,4096,200,0.9,92,0.5429499401356114,3.862460583361923,0.7,5,2
20260218_193414,DpwBiFbmSimulator,4096,200,0.9,93,0.5732662466827554,8.697999018827533,0.7,5,2
20260218_193414,DpwBiFbmSimulator,4096,200,0.9,94,0.8410990702324274,20.19362304778178,0.7,5,2
20260218_193414,DpwBiFbmSimulator,4096,200,0.9,95,0.7410598222973094,20.20023156399893,0.7,5,2
20260218_193414,DpwBiFbmSimulator,4096,200,0.9,96,0.7995135038076677,27.64624244727414,0.7,5,2
20260218_193414,DpwBiFbmSimulator,4096,200,0.9,97,0.7547667999595689,11.403778843923416,0.7,5,2
20260218_193414,DpwBiFbmSimulator,4096,200,0.9,98,0.4725422520362201,1.883935289883304,0.7,5,2
20260218_193414,DpwBiFbmSimulator,4096,200,0.9,99,0.6430586423398843,2.9695517433014453,0.7,5,2
20260218_193414,DpwBiFbmSimulator,4096,200,0.9,100,0.5772873771026853,2.072454137332782,0.7,5,2
20260218_193414,DpwBiFbmSimulator,4096,200,0.9,101,0.4789015500847477,2.5146876975626293,0.7,5,2
20260218_193414,DpwBiFbmSimulator,4096,200,0.9,102,0.5311774715700447,2.48870990130437,0.7,5,2
20260218_193414,DpwBiFbmSimulator,4096,200,0.9,103,0.8663473066254793,134.10831664561977,0.7,5,2
20260218_193414,DpwBiFbmSimulator,4096,200,0.9,104,0.5625262686605977,8.552761863585872,0.7,5,2
20260218_193414,DpwBiFbmSimulator,4096,200,0.9,105,0.4908366805756264,1.794648549758871,0.7,5,2
20260218_193414,DpwBiFbmSimulator,4096,200,0.9,106,0.5703381644690262,4.0544938309840814,0.7,5,2
20260218_193414,DpwBiFbmSimulator,4096,200,0.9,107,0.5006065116102765,1.5016736121610978,0.7,5,2
20260218_193414,DpwBiFbmSimulator,4096,200,0.9,108,0.5731229367577994,6.94042408995852,0.7,5,2
20260218_193414,DpwBiFbmSimulator,4096,200,0.9,109,0.8136065974196104,12.94513998076158,0.7,5,2
20260218_193414,DpwBiFbmSimulator,4096,200,0.9,110,0.5980976392314634,4.070794340492004,0.7,5,2
20260218_193414,DpwBiFbmSimulator,4096,200,0.9,111,0.4713830825298063,1.6067192220193398,0.7,5,2
20260218_193414,DpwBiFbmSimulator,4096,200,0.9,112,0.7208758617892792,16.80424572236426,0.7,5,2
20260218_193414,DpwBiFbmSimulator,4096,200,0.9,113,0.371151132726328,1.032522358573515,0.7,5,2
20260218_193414,DpwBiFbmSimulator,4096,200,0.9,114,0.4488718177649174,1.115572212359556,0.7,5,2
20260218_193414,DpwBiFbmSimulator,4096,200,0.9,115,0.6663549337515413,7.572522578965937,0.7,5,2
20260218_193414,DpwBiFbmSimulator,4096,200,0.9,116,0.6214295000860806,4.310406553001132,0.7,5,2
20260218_193414,DpwBiFbmSimulator,4096,200,0.9,117,0.6932804074521579,7.81182716888587,0.7,5,2
20260218_193414,DpwBiFbmSimulator,4096,200,0.9,118,0.651351362976208,10.395102788792064,0.7,5,2
20260218_193414,DpwBiFbmSimulator,4096,200,0.9,119,0.5078147746779227,3.925937992103565,0.7,5,2
20260218_193414,DpwBiFbmSimulator,4096,200,0.9,120,0.6480401138950258,3.473726026593313,0.7,5,2
20260218_193414,DpwBiFbmSimulator,4096,200,0.9,121,0.5097449085404375,1.191052891025444,0.7,5,2
20260218_193414,DpwBiFbmSimulator,4096,200,0.9,122,0.829346613199782,16.443995464629833,0.7,5,2
20260218_193414,DpwBiFbmSimulator,4096,200,0.9,123,0.443789492377717,1.357495953744921,0.7,5,2
20260218_193414,DpwBiFbmSimulator,4096,200,0.9,124,0.5665037712661841,4.269164674206696,0.7,5,2
20260218_193414,DpwBiFbmSimulator,4096,200,0.9,125,0.5841661152543118,1.6059453155336156,0.7,5,2
20260218_193414,DpwBiFbmSimulator,4096,200,0.9,126,0.769727014060427,33.01555604810675,0.7,5,2
20260218_193414,DpwBiFbmSimulator,4096,200,0.9,127,0.5217688404794051,2.667408102859937,0.7,5,2
20260218_193414,DpwBiFbmSimulator,4096,200,0.9,128,0.546142891427649,4.953474144911376,0.7,5,2
20260218_193414,DpwBiFbmSimulator,4096,200,0.9,129,0.6523146670560914,11.881542698233048,0.7,5,2
20260218_193414,DpwBiFbmSimulator,4096,200,0.9,130,0.6295784004699387,5.824154747775595,0.7,5,2
20260218_193414,DpwBiFbmSimulator,4096,200,0.9,131,0.5250229645965726,1.7733503347152797,0.7,5,2
20260218_193414,DpwBiFbmSimulator,4096,200,0.9,132,0.6923053119193932,19.78560679830275,0.7,5,2
20260218_193414,DpwBiFbmSimulator,4096,200,0.9,133,0.7030674287187854,15.688674959609004,0.7,5,2
20260218_193414,DpwBiFbmSimulator,4096,200,0.9,134,0.7401584625508018,28.06462175236009,0.7,5,2
20260218_193414,DpwBiFbmSimulator,4096,200,0.9,135,0.4170463781603702,1.4027105282288193,0.7,5,2
20260218_193414,DpwBiFbmSimulator,4096,200,0.9,136,0.7207571954009012,21.759259234462117,0.7,5,2
20260218_193414,DpwBiFbmSimulator,4096,200,0.9,137,0.6029497852065109,5.8052230598828585,0.7,5,2
20260218_193414,DpwBiFbmSimulator,4096,200,0.9,138,0.5747626149617934,4.060610727681597,0.7,5,2
20260218_193414,DpwBiFbmSimulator,4096,200,0.9,139,0.4629357799735615,2.690649505217257,0.7,5,2
20260218_193414,DpwBiFbmSimulator,4096,200,0.9,140,0.3356464023597882,0.8066346657260017,0.7,5,2
20260218_193414,DpwBiFbmSimulator,4096,200,0.9,141,0.7623213342676662,16.469308422996065,0.7,5,2
20260218_193414,DpwBiFbmSimulator,4096,200,0.9,142,0.4526611036840359,2.517349777908214,0.7,5,2
20260218_193414,DpwBiFbmSimulator,4096,200,0.9,143,0.3735003608304988,1.015954563490304,0.7,5,2
20260218_193414,DpwBiFbmSimulator,4096,200,0.9,144,0.6790737778402726,9.64010969843785,0.7,5,2
20260218_193414,DpwBiFbmSimulator,4096,200,0.9,145,0.9061209623283596,336.3757136912878,0.7,5,2
20260218_193414,DpwBiFbmSimulator,4096,200,0.9,146,0.6850837274795323,14.39388821466367,0.7,5,2
20260218_193414,DpwBiFbmSimulator,4096,200,0.9,147,0.4616504414546041,0.903815830125258,0.7,5,2
20260218_193414,DpwBiFbmSimulator,4096,200,0.9,148,0.5357190538233144,6.561015950968227,0.7,5,2
20260218_193414,DpwBiFbmSimulator,4096,200,0.9,149,0.6735592638999406,20.681379946025373,0.7,5,2
20260218_193414,DpwBiFbmSimulator,4096,200,0.9,150,0.5893806859483411,3.841055917984306,0.7,5,2
20260218_193414,DpwBiFbmSimulator,4096,200,0.9,151,0.6013803667637381,7.557166007702274,0.7,5,2
20260218_193414,DpwBiFbmSimulator,4096,200,0.9,152,0.5387625437299259,4.155336621880158,0.7,5,2
20260218_193414,DpwBiFbmSimulator,4096,200,0.9,153,0.4584459691192221,1.6202416375506346,0.7,5,2
20260218_193414,DpwBiFbmSimulator,4096,200,0.9,154,0.610666484876092,5.438426718822277,0.7,5,2
20260218_193414,DpwBiFbmSimulator,4096,200,0.9,155,0.4988688328865872,4.637738534138334,0.7,5,2
20260218_193414,DpwBiFbmSimulator,4096,200,0.9,156,0.6358923961229864,7.784534553641196,0.7,5,2
20260218_193414,DpwBiFbmSimulator,4096,200,0.9,157,0.5297765440659963,3.6584262131029153,0.7,5,2
20260218_193414,DpwBiFbmSimulator,4096,200,0.9,158,0.6162538655062828,12.49920284393622,0.7,5,2
20260218_193414,DpwBiFbmSimulator,4096,200,0.9,159,0.6554856771852495,11.710380410277969,0.7,5,2
20260218_193414,DpwBiFbmSimulator,4096,200,0.9,160,0.571287254053178,3.2746343002786147,0.7,5,2
20260218_193414,DpwBiFbmSimulator,4096,200,0.9,161,0.7449258018213347,10.953087122565355,0.7,5,2
20260218_193414,DpwBiFbmSimulator,4096,200,0.9,162,0.5809461568234225,6.990183448740889,0.7,5,2
20260218_193414,DpwBiFbmSimulator,4096,200,0.9,163,0.6909787854515862,19.969297579991625,0.7,5,2
20260218_193414,DpwBiFbmSimulator,4096,200,0.9,164,0.6267037058007691,24.151927928083307,0.7,5,2
20260218_193414,DpwBiFbmSimulator,4096,200,0.9,165,0.5899371145981779,9.676766888997346,0.7,5,2
20260218_193414,DpwBiFbmSimulator,4096,200,0.9,166,0.6575392638709741,6.285324475118208,0.7,5,2
20260218_193414,DpwBiFbmSimulator,4096,200,0.9,167,0.6868300492086102,12.449776864938393,0.7,5,2
20260218_193414,DpwBiFbmSimulator,4096,200,0.9,168,0.6053412472100297,6.662100891545101,0.7,5,2
20260218_193414,DpwBiFbmSimulator,4096,200,0.9,169,0.3507250142791974,2.21596728972592,0.7,5,2
20260218_193414,DpwBiFbmSimulator,4096,200,0.9,170,0.6015540468190013,5.493615323878645,0.7,5,2
20260218_193414,DpwBiFbmSimulator,4096,200,0.9,171,0.6236970987029171,5.542008044215851,0.7,5,2
20260218_193414,DpwBiFbmSimulator,4096,200,0.9,172,0.6013130413750359,4.30109699663548,0.7,5,2
20260218_193414,DpwBiFbmSimulator,4096,200,0.9,173,0.5155345639716,2.2024409290914964,0.7,5,2
20260218_193414,DpwBiFbmSimulator,4096,200,0.9,174,0.6621311548483761,27.68405269459172,0.7,5,2
20260218_193414,DpwBiFbmSimulator,4096,200,0.9,175,0.6788709792347041,11.463746386562702,0.7,5,2
20260218_193414,DpwBiFbmSimulator,4096,200,0.9,176,0.5928835870762743,7.2458899350772334,0.7,5,2
20260218_193414,DpwBiFbmSimulator,4096,200,0.9,177,0.3498041525648691,0.7560034025970364,0.7,5,2
20260218_193414,DpwBiFbmSimulator,4096,200,0.9,178,0.4171959415986427,1.3207174684664895,0.7,5,2
20260218_193414,DpwBiFbmSimulator,4096,200,0.9,179,0.5551723770708242,5.950333464572095,0.7,5,2
20260218_193414,DpwBiFbmSimulator,4096,200,0.9,180,0.6443495970701137,5.1843767207118985,0.7,5,2
20260218_193414,DpwBiFbmSimulator,4096,200,0.9,181,0.636570275260381,5.592149360156475,0.7,5,2
20260218_193414,DpwBiFbmSimulator,4096,200,0.9,182,0.6142933732934065,15.941787286763546,0.7,5,2
20260218_193414,DpwBiFbmSimulator,4096,200,0.9,183,0.8989293966357919,66.34623205683326,0.7,5,2
20260218_193414,DpwBiFbmSimulator,4096,200,0.9,184,0.836497962442402,32.065663895407695,0.7,5,2
20260218_193414,DpwBiFbmSimulator,4096,200,0.9,185,0.587685768072068,5.545868640908089,0.7,5,2
20260218_193414,DpwBiFbmSimulator,4096,200,0.9,186,0.6161601034233289,3.039180069382901,0.7,5,2
20260218_193414,DpwBiFbmSimulator,4096,200,0.9,187,0.5945862152806193,5.015714518107502,0.7,5,2
20260218_193414,DpwBiFbmSimulator,4096,200,0.9,188,0.5193951536747996,4.045491295733361,0.7,5,2
20260218_193414,DpwBiFbmSimulator,4096,200,0.9,189,0.5552120218679869,2.870084024274019,0.7,5,2
20260218_193414,DpwBiFbmSimulator,4096,200,0.9,190,0.4229514899296712,1.8377622623800784,0.7,5,2
20260218_193414,DpwBiFbmSimulator,4096,200,0.9,191,0.6313419579613511,3.3517351626651664,0.7,5,2
20260218_193414,DpwBiFbmSimulator,4096,200,0.9,192,0.6730729365252176,17.378565402440795,0.7,5,2
20260218_193414,DpwBiFbmSimulator,4096,200,0.9,193,0.5573991722488464,6.531404413243617,0.7,5,2
20260218_193414,DpwBiFbmSimulator,4096,200,0.9,194,0.6329515581744969,4.852450719000449,0.7,5,2
20260218_193414,DpwBiFbmSimulator,4096,200,0.9,195,0.8879321096558533,40.82034662550168,0.7,5,2
20260218_193414,DpwBiFbmSimulator,4096,200,0.9,196,0.668801756669636,7.580466676562072,0.7,5,2
20260218_193414,DpwBiFbmSimulator,4096,200,0.9,197,0.5654797470584606,6.687696966274261,0.7,5,2
20260218_193414,DpwBiFbmSimulator,4096,200,0.9,198,0.4818980428751611,0.8465859200759991,0.7,5,2
20260218_193414,DpwBiFbmSimulator,4096,200,0.9,199,0.5703425173185074,2.6662540182880075,0.7,5,2
20260218_193414,DpwBiFbmSimulator,4096,200,0.9,200,0.6728009608796574,7.070608364257049,0.7,5,2
20260218_194451,DpwBiFbmSimulator,4096,200,0.4,1,0.4091172635310757,8.930329958090436,0.9,5,2
20260218_194451,DpwBiFbmSimulator,4096,200,0.4,2,0.3384196654929137,6.569989847121623,0.9,5,2
20260218_194451,DpwBiFbmSimulator,4096,200,0.4,3,0.3555893652558594,15.117511137086565,0.9,5,2
20260218_194451,DpwBiFbmSimulator,4096,200,0.4,4,0.347623407984411,7.003619310853917,0.9,5,2
20260218_194451,DpwBiFbmSimulator,4096,200,0.4,5,0.4040411564013109,22.31098842757125,0.9,5,2
20260218_194451,DpwBiFbmSimulator,4096,200,0.4,6,0.3652734827109893,7.867074481430955,0.9,5,2
20260218_194451,DpwBiFbmSimulator,4096,200,0.4,7,0.2321558221224743,3.274867693410972,0.9,5,2
20260218_194451,DpwBiFbmSimulator,4096,200,0.4,8,0.3711309858065461,13.024644114705602,0.9,5,2
20260218_194451,DpwBiFbmSimulator,4096,200,0.4,9,0.428747527727948,16.40998091817459,0.9,5,2
20260218_194451,DpwBiFbmSimulator,4096,200,0.4,10,0.3418994924358012,6.756347362635554,0.9,5,2
20260218_194451,DpwBiFbmSimulator,4096,200,0.4,11,0.374455016713605,7.4328304521561614,0.9,5,2
20260218_194451,DpwBiFbmSimulator,4096,200,0.4,12,0.3633491086514851,10.088714623529135,0.9,5,2
20260218_194451,DpwBiFbmSimulator,4096,200,0.4,13,0.2639999980742787,5.1177037177752505,0.9,5,2
20260218_194451,DpwBiFbmSimulator,4096,200,0.4,14,0.4265026142728168,12.28355313494925,0.9,5,2
20260218_194451,DpwBiFbmSimulator,4096,200,0.4,15,0.3872136873596216,20.93208779101117,0.9,5,2
20260218_194451,DpwBiFbmSimulator,4096,200,0.4,16,0.3502250761331618,14.843305369563163,0.9,5,2
20260218_194451,DpwBiFbmSimulator,4096,200,0.4,17,0.2764224051189426,4.488414585987409,0.9,5,2
20260218_194451,DpwBiFbmSimulator,4096,200,0.4,18,0.4408396165045701,20.174612994974066,0.9,5,2
20260218_194451,DpwBiFbmSimulator,4096,200,0.4,19,0.2229377406409664,6.338460758729718,0.9,5,2
20260218_194451,DpwBiFbmSimulator,4096,200,0.4,20,0.3033728659170689,3.81175474651087,0.9,5,2
20260218_194451,DpwBiFbmSimulator,4096,200,0.4,21,0.2904342250355859,5.475715523356942,0.9,5,2
20260218_194451,DpwBiFbmSimulator,4096,200,0.4,22,0.4045967429767799,20.062322518713405,0.9,5,2
20260218_194451,DpwBiFbmSimulator,4096,200,0.4,23,0.7291161847695519,406.8004940326483,0.9,5,2
20260218_194451,DpwBiFbmSimulator,4096,200,0.4,24,0.2909841722990444,2.6897362755898384,0.9,5,2
20260218_194451,DpwBiFbmSimulator,4096,200,0.4,25,0.3844378196124966,11.557167332689044,0.9,5,2
20260218_194451,DpwBiFbmSimulator,4096,200,0.4,26,0.562530569515374,31.959763632815648,0.9,5,2
20260218_194451,DpwBiFbmSimulator,4096,200,0.4,27,0.4284208994180666,11.766499786796526,0.9,5,2
20260218_194451,DpwBiFbmSimulator,4096,200,0.4,28,0.2599498595124339,5.813980158316944,0.9,5,2
20260218_194451,DpwBiFbmSimulator,4096,200,0.4,29,0.3252869331040331,5.408121898995439,0.9,5,2
20260218_194451,DpwBiFbmSimulator,4096,200,0.4,30,0.3241515924826531,12.530030893246632,0.9,5,2
20260218_194451,DpwBiFbmSimulator,4096,200,0.4,31,0.3691794342343637,8.8433157769914,0.9,5,2
20260218_194451,DpwBiFbmSimulator,4096,200,0.4,32,0.3149480083568576,4.789742720231075,0.9,5,2
20260218_194451,DpwBiFbmSimulator,4096,200,0.4,33,0.2746485210426518,2.699526840593876,0.9,5,2
20260218_194451,DpwBiFbmSimulator,4096,200,0.4,34,0.4077365844149472,9.89687985768427,0.9,5,2
20260218_194451,DpwBiFbmSimulator,4096,200,0.4,35,0.4217122593233416,14.932329010529866,0.9,5,2
20260218_194451,DpwBiFbmSimulator,4096,200,0.4,36,0.4617389618898397,15.380708955251718,0.9,5,2
20260218_194451,DpwBiFbmSimulator,4096,200,0.4,37,0.3974702086836316,9.158835033067078,0.9,5,2
20260218_194451,DpwBiFbmSimulator,4096,200,0.4,38,0.4058112726326801,5.678983839636054,0.9,5,2
20260218_194451,DpwBiFbmSimulator,4096,200,0.4,39,0.2894898575112448,6.059252399384425,0.9,5,2
20260218_194451,DpwBiFbmSimulator,4096,200,0.4,40,0.4588087629991797,12.937282561932792,0.9,5,2
20260218_194451,DpwBiFbmSimulator,4096,200,0.4,41,0.225419930739824,1.2208684358985435,0.9,5,2
20260218_194451,DpwBiFbmSimulator,4096,200,0.4,42,0.442889680608741,7.178358407473506,0.9,5,2
20260218_194451,DpwBiFbmSimulator,4096,200,0.4,43,0.3434567109297913,11.954013358858584,0.9,5,2
20260218_194451,DpwBiFbmSimulator,4096,200,0.4,44,0.3169637800287443,8.217182858039768,0.9,5,2
20260218_194451,DpwBiFbmSimulator,4096,200,0.4,45,0.4563842876204226,12.763893108016836,0.9,5,2
20260218_194451,DpwBiFbmSimulator,4096,200,0.4,46,0.4489873464629737,15.94884382389754,0.9,5,2
20260218_194451,DpwBiFbmSimulator,4096,200,0.4,47,0.1962608712698156,1.505122639976455,0.9,5,2
20260218_194451,DpwBiFbmSimulator,4096,200,0.4,48,0.3808765250714951,13.563014870290475,0.9,5,2
20260218_194451,DpwBiFbmSimulator,4096,200,0.4,49,0.3672120175548247,6.692109475248208,0.9,5,2
20260218_194451,DpwBiFbmSimulator,4096,200,0.4,50,0.3188642730460151,6.227671812574305,0.9,5,2
20260218_194451,DpwBiFbmSimulator,4096,200,0.4,51,0.3258733107829971,3.496724618041016,0.9,5,2
20260218_194451,DpwBiFbmSimulator,4096,200,0.4,52,0.5636254516628486,34.26185646671228,0.9,5,2
20260218_194451,DpwBiFbmSimulator,4096,200,0.4,53,0.2698010977737095,2.700402698458361,0.9,5,2
20260218_194451,DpwBiFbmSimulator,4096,200,0.4,54,0.3847916612763375,3.8474848418286727,0.9,5,2
20260218_194451,DpwBiFbmSimulator,4096,200,0.4,55,0.4741707547743603,9.40951599821156,0.9,5,2
20260218_194451,DpwBiFbmSimulator,4096,200,0.4,56,0.4774730808535973,12.852525773079572,0.9,5,2
20260218_194451,DpwBiFbmSimulator,4096,200,0.4,57,0.3931504597347959,12.588082982135084,0.9,5,2
20260218_194451,DpwBiFbmSimulator,4096,200,0.4,58,0.3100198735149062,3.976830299090525,0.9,5,2
20260218_194451,DpwBiFbmSimulator,4096,200,0.4,59,0.4274139600031565,20.639330461388862,0.9,5,2
20260218_194451,DpwBiFbmSimulator,4096,200,0.4,60,0.4205055317238114,12.107870829486526,0.9,5,2
20260218_194451,DpwBiFbmSimulator,4096,200,0.4,61,0.25896325588742,3.572965770781264,0.9,5,2
20260218_194451,DpwBiFbmSimulator,4096,200,0.4,62,0.4615239317555884,12.234507987598487,0.9,5,2
20260218_194451,DpwBiFbmSimulator,4096,200,0.4,63,0.3227266270093396,5.179427486016429,0.9,5,2
20260218_194451,DpwBiFbmSimulator,4096,200,0.4,64,0.3990916162454149,18.79587257949104,0.9,5,2
20260218_194451,DpwBiFbmSimulator,4096,200,0.4,65,0.3472056220330669,10.24898720614778,0.9,5,2
20260218_194451,DpwBiFbmSimulator,4096,200,0.4,66,0.3397387496695584,16.27401692439495,0.9,5,2
20260218_194451,DpwBiFbmSimulator,4096,200,0.4,67,0.6223859410143834,36.0164321001707,0.9,5,2
20260218_194451,DpwBiFbmSimulator,4096,200,0.4,68,0.4183895508523543,6.267577630068343,0.9,5,2
20260218_194451,DpwBiFbmSimulator,4096,200,0.4,69,0.4719799658426759,26.65156235843787,0.9,5,2
20260218_194451,DpwBiFbmSimulator,4096,200,0.4,70,0.459265730658729,13.21954861369313,0.9,5,2
20260218_194451,DpwBiFbmSimulator,4096,200,0.4,71,0.3245263878613925,10.891470882959366,0.9,5,2
20260218_194451,DpwBiFbmSimulator,4096,200,0.4,72,0.4551885693666906,65.1654860321655,0.9,5,2
20260218_194451,DpwBiFbmSimulator,4096,200,0.4,73,0.3693314564814846,6.742848124791446,0.9,5,2
20260218_194451,DpwBiFbmSimulator,4096,200,0.4,74,0.5098304943175201,10.529574500358075,0.9,5,2
20260218_194451,DpwBiFbmSimulator,4096,200,0.4,75,0.2756038885359437,5.579450871085408,0.9,5,2
20260218_194451,DpwBiFbmSimulator,4096,200,0.4,76,0.3127135945370156,8.302522719160157,0.9,5,2
20260218_194451,DpwBiFbmSimulator,4096,200,0.4,77,0.4617385451448171,16.904262488341065,0.9,5,2
20260218_194451,DpwBiFbmSimulator,4096,200,0.4,78,0.3005174382971008,2.07336563940151,0.9,5,2
20260218_194451,DpwBiFbmSimulator,4096,200,0.4,79,0.3161694939485573,5.308274087676396,0.9,5,2
20260218_194451,DpwBiFbmSimulator,4096,200,0.4,80,0.2741717820876098,8.01446240690801,0.9,5,2
20260218_194451,DpwBiFbmSimulator,4096,200,0.4,81,0.3470868269844482,12.009853296912494,0.9,5,2
20260218_194451,DpwBiFbmSimulator,4096,200,0.4,82,0.3211364085912196,2.4252031808664904,0.9,5,2
20260218_194451,DpwBiFbmSimulator,4096,200,0.4,83,0.4237154202137735,20.986347055629825,0.9,5,2
20260218_194451,DpwBiFbmSimulator,4096,200,0.4,84,0.4333313895766038,9.588448856364437,0.9,5,2
20260218_194451,DpwBiFbmSimulator,4096,200,0.4,85,0.3530725308544153,8.847403627053675,0.9,5,2
20260218_194451,DpwBiFbmSimulator,4096,200,0.4,86,0.303052776349515,5.590268709021856,0.9,5,2
20260218_194451,DpwBiFbmSimulator,4096,200,0.4,87,0.7080201948969679,281.9364716133712,0.9,5,2
20260218_194451,DpwBiFbmSimulator,4096,200,0.4,88,0.3625546909286296,8.780483569442847,0.9,5,2
20260218_194451,DpwBiFbmSimulator,4096,200,0.4,89,0.3181664944208842,6.7562298224063655,0.9,5,2
20260218_194451,DpwBiFbmSimulator,4096,200,0.4,90,0.3752353830448345,12.347961689655024,0.9,5,2
20260218_194451,DpwBiFbmSimulator,4096,200,0.4,91,0.2152297445773714,1.797873388014596,0.9,5,2
20260218_194451,DpwBiFbmSimulator,4096,200,0.4,92,0.493162025167002,18.143088526034827,0.9,5,2
20260218_194451,DpwBiFbmSimulator,4096,200,0.4,93,0.3069096973923556,4.949881275211464,0.9,5,2
20260218_194451,DpwBiFbmSimulator,4096,200,0.4,94,0.4148380826402914,12.317552015947545,0.9,5,2
20260218_194451,DpwBiFbmSimulator,4096,200,0.4,95,0.3771755661763362,9.273578104498776,0.9,5,2
20260218_194451,DpwBiFbmSimulator,4096,200,0.4,96,0.4555947610955834,16.625614705190838,0.9,5,2
20260218_194451,DpwBiFbmSimulator,4096,200,0.4,97,0.3280930855081149,3.928857359769141,0.9,5,2
20260218_194451,DpwBiFbmSimulator,4096,200,0.4,98,0.4431915935019386,10.060186024438572,0.9,5,2
20260218_194451,DpwBiFbmSimulator,4096,200,0.4,99,0.4470381747702109,13.054292717080488,0.9,5,2
20260218_194451,DpwBiFbmSimulator,4096,200,0.4,100,0.3406050914696695,8.603788058469528,0.9,5,2
20260218_194451,DpwBiFbmSimulator,4096,200,0.4,101,0.2561679711958886,3.785000292772505,0.9,5,2
20260218_194451,DpwBiFbmSimulator,4096,200,0.4,102,0.3525793975133448,5.369039675711385,0.9,5,2
20260218_194451,DpwBiFbmSimulator,4096,200,0.4,103,0.2597980480045201,1.943339863843657,0.9,5,2
20260218_194451,DpwBiFbmSimulator,4096,200,0.4,104,0.3086652594229248,3.981652426084504,0.9,5,2
20260218_194451,DpwBiFbmSimulator,4096,200,0.4,105,0.3255183055116751,3.403701962676337,0.9,5,2
20260218_194451,DpwBiFbmSimulator,4096,200,0.4,106,0.4455342663583192,12.720260687784704,0.9,5,2
20260218_194451,DpwBiFbmSimulator,4096,200,0.4,107,0.322653936858573,7.1285062907399785,0.9,5,2
20260218_194451,DpwBiFbmSimulator,4096,200,0.4,108,0.3756543906160767,9.553019367807105,0.9,5,2
20260218_194451,DpwBiFbmSimulator,4096,200,0.4,109,0.4034803319719072,9.1850023976506,0.9,5,2
20260218_194451,DpwBiFbmSimulator,4096,200,0.4,110,0.4090427417009887,9.860345723951475,0.9,5,2
20260218_194451,DpwBiFbmSimulator,4096,200,0.4,111,0.44347785341072,26.451601557400167,0.9,5,2
20260218_194451,DpwBiFbmSimulator,4096,200,0.4,112,0.4812365963593206,29.424918745894683,0.9,5,2
20260218_194451,DpwBiFbmSimulator,4096,200,0.4,113,0.403606656837415,7.611881045794647,0.9,5,2
20260218_194451,DpwBiFbmSimulator,4096,200,0.4,114,0.3967221336411365,14.810058335346271,0.9,5,2
20260218_194451,DpwBiFbmSimulator,4096,200,0.4,115,0.6202834657526469,104.27074132532672,0.9,5,2
20260218_194451,DpwBiFbmSimulator,4096,200,0.4,116,0.3642337581656315,10.957204281480957,0.9,5,2
20260218_194451,DpwBiFbmSimulator,4096,200,0.4,117,0.3273802240851803,4.742477225494457,0.9,5,2
20260218_194451,DpwBiFbmSimulator,4096,200,0.4,118,0.4274032105803357,10.933558588682164,0.9,5,2
20260218_194451,DpwBiFbmSimulator,4096,200,0.4,119,0.3851570911695888,17.890429906771818,0.9,5,2
20260218_194451,DpwBiFbmSimulator,4096,200,0.4,120,0.347897729563111,7.855740322581771,0.9,5,2
20260218_194451,DpwBiFbmSimulator,4096,200,0.4,121,0.3875239204018713,11.480331600168482,0.9,5,2
20260218_194451,DpwBiFbmSimulator,4096,200,0.4,122,0.4215689254891858,11.893139444922088,0.9,5,2
20260218_194451,DpwBiFbmSimulator,4096,200,0.4,123,0.3401929427409511,8.22667002738698,0.9,5,2
20260218_194451,DpwBiFbmSimulator,4096,200,0.4,124,0.665892976940615,156.43495942509225,0.9,5,2
20260218_194451,DpwBiFbmSimulator,4096,200,0.4,125,0.6034577645349074,66.04188015681278,0.9,5,2
20260218_194451,DpwBiFbmSimulator,4096,200,0.4,126,0.2955903382163471,6.5906697550995785,0.9,5,2
20260218_194451,DpwBiFbmSimulator,4096,200,0.4,127,0.3135944262546525,4.369864170204264,0.9,5,2
20260218_194451,DpwBiFbmSimulator,4096,200,0.4,128,0.3285750945122031,4.6193895696075975,0.9,5,2
20260218_194451,DpwBiFbmSimulator,4096,200,0.4,129,0.3337366231904081,5.986678128011373,0.9,5,2
20260218_194451,DpwBiFbmSimulator,4096,200,0.4,130,0.3928488209293937,7.065199528736872,0.9,5,2
20260218_194451,DpwBiFbmSimulator,4096,200,0.4,131,0.2981620287740219,8.40882840614257,0.9,5,2
20260218_194451,DpwBiFbmSimulator,4096,200,0.4,132,0.2407674131365691,1.415544212506438,0.9,5,2
20260218_194451,DpwBiFbmSimulator,4096,200,0.4,133,0.7403884038569049,751.0948351515988,0.9,5,2
20260218_194451,DpwBiFbmSimulator,4096,200,0.4,134,0.2225138002765431,2.678106794955641,0.9,5,2
20260218_194451,DpwBiFbmSimulator,4096,200,0.4,135,0.3137174535737557,9.922285894456182,0.9,5,2
20260218_194451,DpwBiFbmSimulator,4096,200,0.4,136,0.3349696816059647,8.396496694530626,0.9,5,2
20260218_194451,DpwBiFbmSimulator,4096,200,0.4,137,0.3702092102631682,11.121979347679982,0.9,5,2
20260218_194451,DpwBiFbmSimulator,4096,200,0.4,138,0.3743077700529872,8.826162571256496,0.9,5,2
20260218_194451,DpwBiFbmSimulator,4096,200,0.4,139,0.4765668141242688,14.349164643244414,0.9,5,2
20260218_194451,DpwBiFbmSimulator,4096,200,0.4,140,0.2101705749343512,1.7963791668940703,0.9,5,2
20260218_194451,DpwBiFbmSimulator,4096,200,0.4,141,0.2845361467628212,3.2212706925700427,0.9,5,2
20260218_194451,DpwBiFbmSimulator,4096,200,0.4,142,0.3490176065695787,5.944739498662443,0.9,5,2
20260218_194451,DpwBiFbmSimulator,4096,200,0.4,143,0.2667907053564612,4.094724957276437,0.9,5,2
20260218_194451,DpwBiFbmSimulator,4096,200,0.4,144,0.4639591786678487,30.53288545284724,0.9,5,2
20260218_194451,DpwBiFbmSimulator,4096,200,0.4,145,0.3492604623970144,6.667572640338867,0.9,5,2
20260218_194451,DpwBiFbmSimulator,4096,200,0.4,146,0.2526424472258147,3.1633562985115518,0.9,5,2
20260218_194451,DpwBiFbmSimulator,4096,200,0.4,147,0.4195247474270079,10.66809983997562,0.9,5,2
20260218_194451,DpwBiFbmSimulator,4096,200,0.4,148,0.2966349154435984,7.040594238565409,0.9,5,2
20260218_194451,DpwBiFbmSimulator,4096,200,0.4,149,0.4326422575983793,10.8069026709829,0.9,5,2
20260218_194451,DpwBiFbmSimulator,4096,200,0.4,150,0.4980328653169786,10.488075798162331,0.9,5,2
20260218_194451,DpwBiFbmSimulator,4096,200,0.4,151,0.4013182176343732,9.285362800612782,0.9,5,2
20260218_194451,DpwBiFbmSimulator,4096,200,0.4,152,0.2602440422293754,3.967457405122365,0.9,5,2
20260218_194451,DpwBiFbmSimulator,4096,200,0.4,153,0.362442658022384,5.329130417696589,0.9,5,2
20260218_194451,DpwBiFbmSimulator,4096,200,0.4,154,0.2666319078224368,3.695721447217399,0.9,5,2
20260218_194451,DpwBiFbmSimulator,4096,200,0.4,155,0.3917847985338624,7.176201747676557,0.9,5,2
20260218_194451,DpwBiFbmSimulator,4096,200,0.4,156,0.5274385077259034,13.905286916230155,0.9,5,2
20260218_194451,DpwBiFbmSimulator,4096,200,0.4,157,0.3834578397424101,6.3080291233868415,0.9,5,2
20260218_194451,DpwBiFbmSimulator,4096,200,0.4,158,0.4954482378281042,32.253279543368784,0.9,5,2
20260218_194451,DpwBiFbmSimulator,4096,200,0.4,159,0.3347230283024979,6.671400974732077,0.9,5,2
20260218_194451,DpwBiFbmSimulator,4096,200,0.4,160,0.4822573438657643,20.858096654776418,0.9,5,2
20260218_194451,DpwBiFbmSimulator,4096,200,0.4,161,0.4564304494646449,13.950628310234825,0.9,5,2
20260218_194451,DpwBiFbmSimulator,4096,200,0.4,162,0.2765951144784408,3.493349035254496,0.9,5,2
20260218_194451,DpwBiFbmSimulator,4096,200,0.4,163,0.3679773189585201,9.020607783461534,0.9,5,2
20260218_194451,DpwBiFbmSimulator,4096,200,0.4,164,0.1903562159756533,3.751516394795495,0.9,5,2
20260218_194451,DpwBiFbmSimulator,4096,200,0.4,165,0.4295001492817626,12.375980733811309,0.9,5,2
20260218_194451,DpwBiFbmSimulator,4096,200,0.4,166,0.3672893263555118,26.673231170054358,0.9,5,2
20260218_194451,DpwBiFbmSimulator,4096,200,0.4,167,0.4012740708498511,22.72008157560654,0.9,5,2
20260218_194451,DpwBiFbmSimulator,4096,200,0.4,168,0.4606324576258542,20.67858253837621,0.9,5,2
20260218_194451,DpwBiFbmSimulator,4096,200,0.4,169,0.4599529451105273,31.59096796441796,0.9,5,2
20260218_194451,DpwBiFbmSimulator,4096,200,0.4,170,0.3530459621335089,4.805468675548754,0.9,5,2
20260218_194451,DpwBiFbmSimulator,4096,200,0.4,171,0.2277476928413397,5.102557902440316,0.9,5,2
20260218_194451,DpwBiFbmSimulator,4096,200,0.4,172,0.3549612146656,7.101273448694701,0.9,5,2
20260218_194451,DpwBiFbmSimulator,4096,200,0.4,173,0.268297043824088,3.517455351442006,0.9,5,2
20260218_194451,DpwBiFbmSimulator,4096,200,0.4,174,0.3348689934024562,7.087376837921828,0.9,5,2
20260218_194451,DpwBiFbmSimulator,4096,200,0.4,175,0.2752794306470267,2.570605597526152,0.9,5,2
20260218_194451,DpwBiFbmSimulator,4096,200,0.4,176,0.2982456922869097,6.164998440240626,0.9,5,2
20260218_194451,DpwBiFbmSimulator,4096,200,0.4,177,0.1886226069267897,1.9064000473305536,0.9,5,2
20260218_194451,DpwBiFbmSimulator,4096,200,0.4,178,0.2356838956118983,3.6482551997625774,0.9,5,2
20260218_194451,DpwBiFbmSimulator,4096,200,0.4,179,0.0708555713520436,1.6313627515571578,0.9,5,2
20260218_194451,DpwBiFbmSimulator,4096,200,0.4,180,0.5285898171238479,31.61039556431333,0.9,5,2
20260218_194451,DpwBiFbmSimulator,4096,200,0.4,181,0.3360005515997351,5.189060334427545,0.9,5,2
20260218_194451,DpwBiFbmSimulator,4096,200,0.4,182,0.3685845507287799,9.816867729738318,0.9,5,2
20260218_194451,DpwBiFbmSimulator,4096,200,0.4,183,0.2959438490962162,2.8069374782684955,0.9,5,2
20260218_194451,DpwBiFbmSimulator,4096,200,0.4,184,0.353693317527314,9.7677968647458,0.9,5,2
20260218_194451,DpwBiFbmSimulator,4096,200,0.4,185,0.2197686267612903,1.5217126343994054,0.9,5,2
20260218_194451,DpwBiFbmSimulator,4096,200,0.4,186,0.4489442987956427,13.565767457791818,0.9,5,2
20260218_194451,DpwBiFbmSimulator,4096,200,0.4,187,0.5440261068315398,29.594557968362125,0.9,5,2
20260218_194451,DpwBiFbmSimulator,4096,200,0.4,188,0.5776383534469721,40.117764714555385,0.9,5,2
20260218_194451,DpwBiFbmSimulator,4096,200,0.4,189,0.3695584221460385,8.468571592077,0.9,5,2
20260218_194451,DpwBiFbmSimulator,4096,200,0.4,190,0.2711810223307174,5.469162277639852,0.9,5,2
20260218_194451,DpwBiFbmSimulator,4096,200,0.4,191,0.4003432337308131,7.639345613255798,0.9,5,2
20260218_194451,DpwBiFbmSimulator,4096,200,0.4,192,0.5942907584473092,321.4171906821565,0.9,5,2
20260218_194451,DpwBiFbmSimulator,4096,200,0.4,193,0.4917369898536624,16.80828346587499,0.9,5,2
20260218_194451,DpwBiFbmSimulator,4096,200,0.4,194,0.402830798978373,5.721960931334722,0.9,5,2
20260218_194451,DpwBiFbmSimulator,4096,200,0.4,195,0.3718696138126899,5.974008675403996,0.9,5,2
20260218_194451,DpwBiFbmSimulator,4096,200,0.4,196,0.3327152517309799,10.423326976066337,0.9,5,2
20260218_194451,DpwBiFbmSimulator,4096,200,0.4,197,0.3154157893778807,4.839067056360656,0.9,5,2
20260218_194451,DpwBiFbmSimulator,4096,200,0.4,198,0.3400571410812162,5.016349194904088,0.9,5,2
20260218_194451,DpwBiFbmSimulator,4096,200,0.4,199,0.4225138927533494,24.26923112834243,0.9,5,2
20260218_194451,DpwBiFbmSimulator,4096,200,0.4,200,0.3532332218613906,7.913616348810626,0.9,5,2
20260218_194451,DpwBiFbmSimulator,4096,200,0.7,1,0.5465197664388001,3.571392906273008,0.9,5,2
20260218_194451,DpwBiFbmSimulator,4096,200,0.7,2,0.5784170195304313,6.0654637091898165,0.9,5,2
20260218_194451,DpwBiFbmSimulator,4096,200,0.7,3,0.4619502362565629,0.9479586412966472,0.9,5,2
20260218_194451,DpwBiFbmSimulator,4096,200,0.7,4,0.7700962185614137,22.293626480168747,0.9,5,2
20260218_194451,DpwBiFbmSimulator,4096,200,0.7,5,0.5635391452681445,10.370135325029976,0.9,5,2
20260218_194451,DpwBiFbmSimulator,4096,200,0.7,6,0.6588539707632451,2.8606232152999014,0.9,5,2
20260218_194451,DpwBiFbmSimulator,4096,200,0.7,7,0.5315692570119354,1.112946010702432,0.9,5,2
20260218_194451,DpwBiFbmSimulator,4096,200,0.7,8,0.9999930391509352,203.4808742934136,0.9,5,2
20260218_194451,DpwBiFbmSimulator,4096,200,0.7,9,0.4308226382862835,1.8129390920018813,0.9,5,2
20260218_194451,DpwBiFbmSimulator,4096,200,0.7,10,0.4336889426074692,0.6662597308041758,0.9,5,2
20260218_194451,DpwBiFbmSimulator,4096,200,0.7,11,0.3662300754586656,1.989724940372766,0.9,5,2
20260218_194451,DpwBiFbmSimulator,4096,200,0.7,12,0.6166596504270331,4.687241472276606,0.9,5,2
20260218_194451,DpwBiFbmSimulator,4096,200,0.7,13,0.6707764445672052,12.888190225000464,0.9,5,2
20260218_194451,DpwBiFbmSimulator,4096,200,0.7,14,0.7884158896792094,19.552472246672146,0.9,5,2
20260218_194451,DpwBiFbmSimulator,4096,200,0.7,15,0.648400733917832,7.408540161063184,0.9,5,2
20260218_194451,DpwBiFbmSimulator,4096,200,0.7,16,0.6634595647998396,8.812264958333685,0.9,5,2
20260218_194451,DpwBiFbmSimulator,4096,200,0.7,17,0.5556292644512341,3.3425836597009284,0.9,5,2
20260218_194451,DpwBiFbmSimulator,4096,200,0.7,18,0.6020892986648452,6.690329095305975,0.9,5,2
20260218_194451,DpwBiFbmSimulator,4096,200,0.7,19,0.6299077266135945,8.047231361270448,0.9,5,2
20260218_194451,DpwBiFbmSimulator,4096,200,0.7,20,0.8339596706683445,35.340091574394,0.9,5,2
20260218_194451,DpwBiFbmSimulator,4096,200,0.7,21,0.64060592384264,8.089134440530211,0.9,5,2
20260218_194451,DpwBiFbmSimulator,4096,200,0.7,22,0.8127369650115731,33.43183970163382,0.9,5,2
20260218_194451,DpwBiFbmSimulator,4096,200,0.7,23,0.5294869153145183,4.0776941357158325,0.9,5,2
20260218_194451,DpwBiFbmSimulator,4096,200,0.7,24,0.5367071653896546,3.904143437741062,0.9,5,2
20260218_194451,DpwBiFbmSimulator,4096,200,0.7,25,0.324362061043945,0.887014958495551,0.9,5,2
20260218_194451,DpwBiFbmSimulator,4096,200,0.7,26,0.4302023557806598,1.3872560707605266,0.9,5,2
20260218_194451,DpwBiFbmSimulator,4096,200,0.7,27,0.6894598609961216,9.126534249977526,0.9,5,2
20260218_194451,DpwBiFbmSimulator,4096,200,0.7,28,0.6570938569216095,6.163029704981114,0.9,5,2
20260218_194451,DpwBiFbmSimulator,4096,200,0.7,29,0.5582214539388137,1.4063866978575426,0.9,5,2
20260218_194451,DpwBiFbmSimulator,4096,200,0.7,30,0.6983605009128538,13.688238090770644,0.9,5,2
20260218_194451,DpwBiFbmSimulator,4096,200,0.7,31,0.7619735620958593,16.08607466803457,0.9,5,2
20260218_194451,DpwBiFbmSimulator,4096,200,0.7,32,0.4757702304540135,1.3992050062453585,0.9,5,2
20260218_194451,DpwBiFbmSimulator,4096,200,0.7,33,0.442266152634706,2.252319849026299,0.9,5,2
20260218_194451,DpwBiFbmSimulator,4096,200,0.7,34,0.7161515950575085,27.360550345692378,0.9,5,2
20260218_194451,DpwBiFbmSimulator,4096,200,0.7,35,0.5514050948968909,3.025751539890017,0.9,5,2
20260218_194451,DpwBiFbmSimulator,4096,200,0.7,36,0.6512040285825653,7.685132777223531,0.9,5,2
20260218_194451,DpwBiFbmSimulator,4096,200,0.7,37,0.6581221785485454,2.9117788004140874,0.9,5,2
20260218_194451,DpwBiFbmSimulator,4096,200,0.7,38,0.689107141371976,8.80419294872935,0.9,5,2
20260218_194451,DpwBiFbmSimulator,4096,200,0.7,39,0.6355709291661713,10.529533423605438,0.9,5,2
20260218_194451,DpwBiFbmSimulator,4096,200,0.7,40,0.5493288349683685,3.228097053555354,0.9,5,2
20260218_194451,DpwBiFbmSimulator,4096,200,0.7,41,0.6672399067136643,12.059160578722883,0.9,5,2
20260218_194451,DpwBiFbmSimulator,4096,200,0.7,42,0.8128479359281282,50.064413111678775,0.9,5,2
20260218_194451,DpwBiFbmSimulator,4096,200,0.7,43,0.4943837448717239,7.232432282402143,0.9,5,2
20260218_194451,DpwBiFbmSimulator,4096,200,0.7,44,0.7164355623309127,34.624479221755365,0.9,5,2
20260218_194451,DpwBiFbmSimulator,4096,200,0.7,45,0.6086632597680208,2.667566322900248,0.9,5,2
20260218_194451,DpwBiFbmSimulator,4096,200,0.7,46,0.6057736985350998,7.310876872728523,0.9,5,2
20260218_194451,DpwBiFbmSimulator,4096,200,0.7,47,0.3173787117287359,1.3420465088287703,0.9,5,2
20260218_194451,DpwBiFbmSimulator,4096,200,0.7,48,0.4447391821686813,1.3033474621865095,0.9,5,2
20260218_194451,DpwBiFbmSimulator,4096,200,0.7,49,0.6133801292457931,8.26301136656677,0.9,5,2
20260218_194451,DpwBiFbmSimulator,4096,200,0.7,50,0.5503030850451138,5.2977167278765815,0.9,5,2
20260218_194451,DpwBiFbmSimulator,4096,200,0.7,51,0.6828498395453619,15.97967823168814,0.9,5,2
20260218_194451,DpwBiFbmSimulator,4096,200,0.7,52,0.2944968366972292,1.527538566383584,0.9,5,2
20260218_194451,DpwBiFbmSimulator,4096,200,0.7,53,0.3667942903824412,0.9066525423974444,0.9,5,2
20260218_194451,DpwBiFbmSimulator,4096,200,0.7,54,0.4169950247467177,1.177888061709357,0.9,5,2
20260218_194451,DpwBiFbmSimulator,4096,200,0.7,55,0.5947920141810715,5.24001843442471,0.9,5,2
20260218_194451,DpwBiFbmSimulator,4096,200,0.7,56,0.8820818829012197,52.55188216994676,0.9,5,2
20260218_194451,DpwBiFbmSimulator,4096,200,0.7,57,0.910471935144746,179.89056161283125,0.9,5,2
20260218_194451,DpwBiFbmSimulator,4096,200,0.7,58,0.6423118011492857,22.2074056013653,0.9,5,2
20260218_194451,DpwBiFbmSimulator,4096,200,0.7,59,0.6186346019286151,2.95955800348486,0.9,5,2
20260218_194451,DpwBiFbmSimulator,4096,200,0.7,60,0.6045580409203558,9.03956116244748,0.9,5,2
20260218_194451,DpwBiFbmSimulator,4096,200,0.7,61,0.4575177844857165,4.1118631272563935,0.9,5,2
20260218_194451,DpwBiFbmSimulator,4096,200,0.7,62,0.5341680697786081,5.039101460969701,0.9,5,2
20260218_194451,DpwBiFbmSimulator,4096,200,0.7,63,0.700820330117588,10.61714982007248,0.9,5,2
20260218_194451,DpwBiFbmSimulator,4096,200,0.7,64,0.6662524606097388,9.082467109069016,0.9,5,2
20260218_194451,DpwBiFbmSimulator,4096,200,0.7,65,0.6105150825289317,6.169879876527112,0.9,5,2
20260218_194451,DpwBiFbmSimulator,4096,200,0.7,66,0.2217190193385922,0.4546146842571574,0.9,5,2
20260218_194451,DpwBiFbmSimulator,4096,200,0.7,67,0.5369614296927914,1.5181277932952273,0.9,5,2
20260218_194451,DpwBiFbmSimulator,4096,200,0.7,68,0.6378518126208027,5.626512133535772,0.9,5,2
20260218_194451,DpwBiFbmSimulator,4096,200,0.7,69,0.7521859259229907,9.672983880194256,0.9,5,2
20260218_194451,DpwBiFbmSimulator,4096,200,0.7,70,0.7932106281117418,22.175488150471665,0.9,5,2
20260218_194451,DpwBiFbmSimulator,4096,200,0.7,71,0.5764391474151317,3.32294234507351,0.9,5,2
20260218_194451,DpwBiFbmSimulator,4096,200,0.7,72,0.5166824636028847,2.1738790080976647,0.9,5,2
20260218_194451,DpwBiFbmSimulator,4096,200,0.7,73,0.4281444149351674,0.6810077480735661,0.9,5,2
20260218_194451,DpwBiFbmSimulator,4096,200,0.7,74,0.5558261459273711,1.657046966807303,0.9,5,2
20260218_194451,DpwBiFbmSimulator,4096,200,0.7,75,0.487480317098926,2.976516532689777,0.9,5,2
20260218_194451,DpwBiFbmSimulator,4096,200,0.7,76,0.4454706204497036,2.627903049485194,0.9,5,2
20260218_194451,DpwBiFbmSimulator,4096,200,0.7,77,0.6278272321486275,5.149365885060218,0.9,5,2
20260218_194451,DpwBiFbmSimulator,4096,200,0.7,78,0.5628218405723763,3.421662228596376,0.9,5,2
20260218_194451,DpwBiFbmSimulator,4096,200,0.7,79,0.9999928681059116,209.82578652760876,0.9,5,2
20260218_194451,DpwBiFbmSimulator,4096,200,0.7,80,0.5188936578885727,1.1904451493966266,0.9,5,2
20260218_194451,DpwBiFbmSimulator,4096,200,0.7,81,0.5132868455934455,2.422037443759646,0.9,5,2
20260218_194451,DpwBiFbmSimulator,4096,200,0.7,82,0.6939128895123591,25.573783248902785,0.9,5,2
20260218_194451,DpwBiFbmSimulator,4096,200,0.7,83,0.6727149321982873,8.342255713640219,0.9,5,2
20260218_194451,DpwBiFbmSimulator,4096,200,0.7,84,0.8922393905796013,121.5592180143067,0.9,5,2
20260218_194451,DpwBiFbmSimulator,4096,200,0.7,85,0.4939427057584922,3.6763247493173377,0.9,5,2
20260218_194451,DpwBiFbmSimulator,4096,200,0.7,86,0.5411058080738943,2.4282329326067518,0.9,5,2
20260218_194451,DpwBiFbmSimulator,4096,200,0.7,87,0.6332820031158304,8.983246191207751,0.9,5,2
20260218_194451,DpwBiFbmSimulator,4096,200,0.7,88,0.7040113448617917,33.82363661036011,0.9,5,2
20260218_194451,DpwBiFbmSimulator,4096,200,0.7,89,0.5727785582593117,4.908868532032483,0.9,5,2
20260218_194451,DpwBiFbmSimulator,4096,200,0.7,90,0.5446391517705251,5.398812239914501,0.9,5,2
20260218_194451,DpwBiFbmSimulator,4096,200,0.7,91,0.8256484359135573,72.594992351744,0.9,5,2
20260218_194451,DpwBiFbmSimulator,4096,200,0.7,92,0.665900421358398,20.414312276171596,0.9,5,2
20260218_194451,DpwBiFbmSimulator,4096,200,0.7,93,0.6637026108676009,7.614557375563091,0.9,5,2
20260218_194451,DpwBiFbmSimulator,4096,200,0.7,94,0.510469410212441,7.6830559537867344,0.9,5,2
20260218_194451,DpwBiFbmSimulator,4096,200,0.7,95,0.6457070936296232,16.615126964092173,0.9,5,2
20260218_194451,DpwBiFbmSimulator,4096,200,0.7,96,0.4384209653767095,0.6132309668570189,0.9,5,2
20260218_194451,DpwBiFbmSimulator,4096,200,0.7,97,0.7212899455356048,16.620239214051388,0.9,5,2
20260218_194451,DpwBiFbmSimulator,4096,200,0.7,98,0.5888905866276052,6.249969852919616,0.9,5,2
20260218_194451,DpwBiFbmSimulator,4096,200,0.7,99,0.7286204678039245,6.413957355121587,0.9,5,2
20260218_194451,DpwBiFbmSimulator,4096,200,0.7,100,0.5816644465646824,5.723526123814452,0.9,5,2
20260218_194451,DpwBiFbmSimulator,4096,200,0.7,101,0.7431729988230878,17.66920223863944,0.9,5,2
20260218_194451,DpwBiFbmSimulator,4096,200,0.7,102,0.5422906693509175,4.290956794912815,0.9,5,2
20260218_194451,DpwBiFbmSimulator,4096,200,0.7,103,0.5641056395076103,4.428326860893728,0.9,5,2
20260218_194451,DpwBiFbmSimulator,4096,200,0.7,104,0.49516544481879,3.5200749188764204,0.9,5,2
20260218_194451,DpwBiFbmSimulator,4096,200,0.7,105,0.5125802594611676,2.2368107140937417,0.9,5,2
20260218_194451,DpwBiFbmSimulator,4096,200,0.7,106,0.5536224169147673,1.761036849126264,0.9,5,2
20260218_194451,DpwBiFbmSimulator,4096,200,0.7,107,0.5705934081376981,7.637458671833093,0.9,5,2
20260218_194451,DpwBiFbmSimulator,4096,200,0.7,108,0.6118784605680361,9.192322439874667,0.9,5,2
20260218_194451,DpwBiFbmSimulator,4096,200,0.7,109,0.5390691979625857,3.200755153530659,0.9,5,2
20260218_194451,DpwBiFbmSimulator,4096,200,0.7,110,0.6896062533249894,9.022742937896195,0.9,5,2
20260218_194451,DpwBiFbmSimulator,4096,200,0.7,111,0.6165386062438245,4.747537241208102,0.9,5,2
20260218_194451,DpwBiFbmSimulator,4096,200,0.7,112,0.5012831823808926,2.147597423645929,0.9,5,2
20260218_194451,DpwBiFbmSimulator,4096,200,0.7,113,0.6305352235227197,7.47152279006651,0.9,5,2
20260218_194451,DpwBiFbmSimulator,4096,200,0.7,114,0.4669358036940191,1.2242476085721756,0.9,5,2
20260218_194451,DpwBiFbmSimulator,4096,200,0.7,115,0.5416931451218117,5.089989107156903,0.9,5,2
20260218_194451,DpwBiFbmSimulator,4096,200,0.7,116,0.6260698106645386,3.634377520412889,0.9,5,2
20260218_194451,DpwBiFbmSimulator,4096,200,0.7,117,0.7107790254179611,11.748838881619246,0.9,5,2
20260218_194451,DpwBiFbmSimulator,4096,200,0.7,118,0.5245371732904783,5.04311982852906,0.9,5,2
20260218_194451,DpwBiFbmSimulator,4096,200,0.7,119,0.6068786083677538,4.776594187907979,0.9,5,2
20260218_194451,DpwBiFbmSimulator,4096,200,0.7,120,0.8429619280562333,57.73035287638135,0.9,5,2
20260218_194451,DpwBiFbmSimulator,4096,200,0.7,121,0.3723313023965157,0.5722134322902093,0.9,5,2
20260218_194451,DpwBiFbmSimulator,4096,200,0.7,122,0.6163296859430513,5.278313501629783,0.9,5,2
20260218_194451,DpwBiFbmSimulator,4096,200,0.7,123,0.5322097952756627,2.603738137108812,0.9,5,2
20260218_194451,DpwBiFbmSimulator,4096,200,0.7,124,0.6321704746934574,3.4162365563792885,0.9,5,2
20260218_194451,DpwBiFbmSimulator,4096,200,0.7,125,0.7643701723566307,16.272798904345485,0.9,5,2
20260218_194451,DpwBiFbmSimulator,4096,200,0.7,126,0.6289878133396755,7.643415487960491,0.9,5,2
20260218_194451,DpwBiFbmSimulator,4096,200,0.7,127,0.517971221124856,3.024165976768608,0.9,5,2
20260218_194451,DpwBiFbmSimulator,4096,200,0.7,128,0.7018036854459953,13.81056493381777,0.9,5,2
20260218_194451,DpwBiFbmSimulator,4096,200,0.7,129,0.5464697438410139,2.9564373272423885,0.9,5,2
20260218_194451,DpwBiFbmSimulator,4096,200,0.7,130,0.5157704716351411,1.7224753804457071,0.9,5,2
20260218_194451,DpwBiFbmSimulator,4096,200,0.7,131,0.7352984784871921,9.310166830256463,0.9,5,2
20260218_194451,DpwBiFbmSimulator,4096,200,0.7,132,0.6400480646753504,9.785479989128698,0.9,5,2
20260218_194451,DpwBiFbmSimulator,4096,200,0.7,133,0.5078940051548356,2.4540897001841167,0.9,5,2
20260218_194451,DpwBiFbmSimulator,4096,200,0.7,134,0.4339303862915938,1.7216090283879248,0.9,5,2
20260218_194451,DpwBiFbmSimulator,4096,200,0.7,135,0.5877913100037484,7.741120565159585,0.9,5,2
20260218_194451,DpwBiFbmSimulator,4096,200,0.7,136,0.5471410315777966,2.282365110541878,0.9,5,2
20260218_194451,DpwBiFbmSimulator,4096,200,0.7,137,0.7219151344334629,11.361523673410977,0.9,5,2
20260218_194451,DpwBiFbmSimulator,4096,200,0.7,138,0.5612475161688836,3.954063008288214,0.9,5,2
20260218_194451,DpwBiFbmSimulator,4096,200,0.7,139,0.5815335537643889,5.790307696753732,0.9,5,2
20260218_194451,DpwBiFbmSimulator,4096,200,0.7,140,0.5861000252753803,6.6119824646783005,0.9,5,2
20260218_194451,DpwBiFbmSimulator,4096,200,0.7,141,0.4129152340805737,1.6902329116540993,0.9,5,2
20260218_194451,DpwBiFbmSimulator,4096,200,0.7,142,0.5514050799734141,3.699918535197627,0.9,5,2
20260218_194451,DpwBiFbmSimulator,4096,200,0.7,143,0.4847214043678906,2.5144375366274443,0.9,5,2
20260218_194451,DpwBiFbmSimulator,4096,200,0.7,144,0.5584493440126004,2.3534199936970133,0.9,5,2
20260218_194451,DpwBiFbmSimulator,4096,200,0.7,145,0.5179029500447361,6.224376332246169,0.9,5,2
20260218_194451,DpwBiFbmSimulator,4096,200,0.7,146,0.460203464589315,1.3001228880439188,0.9,5,2
20260218_194451,DpwBiFbmSimulator,4096,200,0.7,147,0.5703204106624332,7.570705530171536,0.9,5,2
20260218_194451,DpwBiFbmSimulator,4096,200,0.7,148,0.5313705982223255,9.343043874208888,0.9,5,2
20260218_194451,DpwBiFbmSimulator,4096,200,0.7,149,0.9030592279237424,21.041382163232814,0.9,5,2
20260218_194451,DpwBiFbmSimulator,4096,200,0.7,150,0.5844900238510995,5.031684829346376,0.9,5,2
20260218_194451,DpwBiFbmSimulator,4096,200,0.7,151,0.5991797912131875,3.823705543557832,0.9,5,2
20260218_194451,DpwBiFbmSimulator,4096,200,0.7,152,0.7008519495655131,9.496518299279884,0.9,5,2
20260218_194451,DpwBiFbmSimulator,4096,200,0.7,153,0.6462802608225853,7.588803447872281,0.9,5,2
20260218_194451,DpwBiFbmSimulator,4096,200,0.7,154,0.3974526208553746,0.3642990471061704,0.9,5,2
20260218_194451,DpwBiFbmSimulator,4096,200,0.7,155,0.6695552587582048,6.096290167648629,0.9,5,2
20260218_194451,DpwBiFbmSimulator,4096,200,0.7,156,0.4452995369917197,1.5169774934788494,0.9,5,2
20260218_194451,DpwBiFbmSimulator,4096,200,0.7,157,0.7524788484364084,10.661924120801272,0.9,5,2
20260218_194451,DpwBiFbmSimulator,4096,200,0.7,158,0.6492422063542376,17.5216588559852,0.9,5,2
20260218_194451,DpwBiFbmSimulator,4096,200,0.7,159,0.5467482302952753,8.651279849772074,0.9,5,2
20260218_194451,DpwBiFbmSimulator,4096,200,0.7,160,0.6559703102551268,7.277895590862142,0.9,5,2
20260218_194451,DpwBiFbmSimulator,4096,200,0.7,161,0.6482775380559896,10.114219068974542,0.9,5,2
20260218_194451,DpwBiFbmSimulator,4096,200,0.7,162,0.3259835315790998,0.6031836201397663,0.9,5,2
20260218_194451,DpwBiFbmSimulator,4096,200,0.7,163,0.528263014267049,6.447161154408743,0.9,5,2
20260218_194451,DpwBiFbmSimulator,4096,200,0.7,164,0.7499731660038913,7.022207933300998,0.9,5,2
20260218_194451,DpwBiFbmSimulator,4096,200,0.7,165,0.55417140164639,3.3143075095838603,0.9,5,2
20260218_194451,DpwBiFbmSimulator,4096,200,0.7,166,0.5720938915944982,9.492055041373751,0.9,5,2
20260218_194451,DpwBiFbmSimulator,4096,200,0.7,167,0.7092820107291986,9.716928857065588,0.9,5,2
20260218_194451,DpwBiFbmSimulator,4096,200,0.7,168,0.6119024129339592,4.874449767819942,0.9,5,2
20260218_194451,DpwBiFbmSimulator,4096,200,0.7,169,0.6171773122605063,9.846796535979212,0.9,5,2
20260218_194451,DpwBiFbmSimulator,4096,200,0.7,170,0.6110582466926493,7.10167424452754,0.9,5,2
20260218_194451,DpwBiFbmSimulator,4096,200,0.7,171,0.6380681952184586,8.860932024856927,0.9,5,2
20260218_194451,DpwBiFbmSimulator,4096,200,0.7,172,0.5417597838895646,8.101678647380446,0.9,5,2
20260218_194451,DpwBiFbmSimulator,4096,200,0.7,173,0.4775124639999697,1.7707807276693388,0.9,5,2
20260218_194451,DpwBiFbmSimulator,4096,200,0.7,174,0.5928797177243329,14.335329633541331,0.9,5,2
20260218_194451,DpwBiFbmSimulator,4096,200,0.7,175,0.4862644162336405,2.24630742811212,0.9,5,2
20260218_194451,DpwBiFbmSimulator,4096,200,0.7,176,0.4798019697896035,1.833070641695086,0.9,5,2
20260218_194451,DpwBiFbmSimulator,4096,200,0.7,177,0.5588854498636813,5.441011742325821,0.9,5,2
20260218_194451,DpwBiFbmSimulator,4096,200,0.7,178,0.2750707237047745,0.3509366794438167,0.9,5,2
20260218_194451,DpwBiFbmSimulator,4096,200,0.7,179,0.6829429650770625,7.815070455381559,0.9,5,2
20260218_194451,DpwBiFbmSimulator,4096,200,0.7,180,0.5455219922546104,3.9951244671056583,0.9,5,2
20260218_194451,DpwBiFbmSimulator,4096,200,0.7,181,0.584798310711541,13.852127421102455,0.9,5,2
20260218_194451,DpwBiFbmSimulator,4096,200,0.7,182,0.5288135870652662,1.1653667621367974,0.9,5,2
20260218_194451,DpwBiFbmSimulator,4096,200,0.7,183,0.67922986549304,17.865627546903106,0.9,5,2
20260218_194451,DpwBiFbmSimulator,4096,200,0.7,184,0.6000277772490481,2.220203116749502,0.9,5,2
20260218_194451,DpwBiFbmSimulator,4096,200,0.7,185,0.47355208212725,4.181214496318816,0.9,5,2
20260218_194451,DpwBiFbmSimulator,4096,200,0.7,186,0.5740148779034498,4.1278533062299445,0.9,5,2
20260218_194451,DpwBiFbmSimulator,4096,200,0.7,187,0.6345843267613666,6.875167015860762,0.9,5,2
20260218_194451,DpwBiFbmSimulator,4096,200,0.7,188,0.6006464982283162,3.428960629321406,0.9,5,2
20260218_194451,DpwBiFbmSimulator,4096,200,0.7,189,0.6879059854526419,26.73813833081192,0.9,5,2
20260218_194451,DpwBiFbmSimulator,4096,200,0.7,190,0.6386646898143943,9.5654405740619,0.9,5,2
20260218_194451,DpwBiFbmSimulator,4096,200,0.7,191,0.6568344371856215,18.08737334746545,0.9,5,2
20260218_194451,DpwBiFbmSimulator,4096,200,0.7,192,0.7136877757953957,25.186568137632413,0.9,5,2
20260218_194451,DpwBiFbmSimulator,4096,200,0.7,193,0.7925924794455275,16.142192414152785,0.9,5,2
20260218_194451,DpwBiFbmSimulator,4096,200,0.7,194,0.8033967527988523,13.209746945365255,0.9,5,2
20260218_194451,DpwBiFbmSimulator,4096,200,0.7,195,0.4712145638303467,1.329523158833798,0.9,5,2
20260218_194451,DpwBiFbmSimulator,4096,200,0.7,196,0.6437413084554247,3.835866874529704,0.9,5,2
20260218_194451,DpwBiFbmSimulator,4096,200,0.7,197,0.6969571244256426,18.24711449510089,0.9,5,2
20260218_194451,DpwBiFbmSimulator,4096,200,0.7,198,0.6264136401677113,7.670355372579932,0.9,5,2
20260218_194451,DpwBiFbmSimulator,4096,200,0.7,199,0.6315936398684382,10.743827588787209,0.9,5,2
20260218_194451,DpwBiFbmSimulator,4096,200,0.7,200,0.6695785457566272,12.717088873247237,0.9,5,2
20260218_194451,DpwBiFbmSimulator,4096,200,0.9,1,0.9067183579699464,10.76688595124299,0.9,5,2
20260218_194451,DpwBiFbmSimulator,4096,200,0.9,2,0.8072798416215321,3.937033484547563,0.9,5,2
20260218_194451,DpwBiFbmSimulator,4096,200,0.9,3,0.7814492859435338,2.85931175624791,0.9,5,2
20260218_194451,DpwBiFbmSimulator,4096,200,0.9,4,0.7772481645245506,3.1101508142623246,0.9,5,2
20260218_194451,DpwBiFbmSimulator,4096,200,0.9,5,0.8533418971032688,4.790462524828296,0.9,5,2
20260218_194451,DpwBiFbmSimulator,4096,200,0.9,6,0.6577081070107034,3.04057952754363,0.9,5,2
20260218_194451,DpwBiFbmSimulator,4096,200,0.9,7,0.7321984320039291,1.1358153709548882,0.9,5,2
20260218_194451,DpwBiFbmSimulator,4096,200,0.9,8,0.9514994393089014,10.786877428554458,0.9,5,2
20260218_194451,DpwBiFbmSimulator,4096,200,0.9,9,0.7294975064496086,12.756244969374182,0.9,5,2
20260218_194451,DpwBiFbmSimulator,4096,200,0.9,10,0.8269170984447491,12.136053138623382,0.9,5,2
20260218_194451,DpwBiFbmSimulator,4096,200,0.9,11,0.7754977054098597,3.489213026771288,0.9,5,2
20260218_194451,DpwBiFbmSimulator,4096,200,0.9,12,0.6539965079093127,0.9221872787642034,0.9,5,2
20260218_194451,DpwBiFbmSimulator,4096,200,0.9,13,0.8114617841001487,1.917423593232083,0.9,5,2
20260218_194451,DpwBiFbmSimulator,4096,200,0.9,14,0.8562914298361989,16.518072529664117,0.9,5,2
20260218_194451,DpwBiFbmSimulator,4096,200,0.9,15,0.58355111937109,0.7581674480700914,0.9,5,2
20260218_194451,DpwBiFbmSimulator,4096,200,0.9,16,0.7551088777066219,1.552424887802668,0.9,5,2
20260218_194451,DpwBiFbmSimulator,4096,200,0.9,17,0.9286467351097352,15.913800378199934,0.9,5,2
20260218_194451,DpwBiFbmSimulator,4096,200,0.9,18,0.7806789233501025,4.248045316931378,0.9,5,2
20260218_194451,DpwBiFbmSimulator,4096,200,0.9,19,0.6487380377605929,1.2787093378586702,0.9,5,2
20260218_194451,DpwBiFbmSimulator,4096,200,0.9,20,0.7089152969203795,1.2979416215435953,0.9,5,2
20260218_194451,DpwBiFbmSimulator,4096,200,0.9,21,0.7051384270028335,2.474838765962259,0.9,5,2
20260218_194451,DpwBiFbmSimulator,4096,200,0.9,22,0.7718366261885593,8.537441863678525,0.9,5,2
20260218_194451,DpwBiFbmSimulator,4096,200,0.9,23,0.8043146367015097,3.8221937548583886,0.9,5,2
20260218_194451,DpwBiFbmSimulator,4096,200,0.9,24,0.7007637264036809,1.2232276549436574,0.9,5,2
20260218_194451,DpwBiFbmSimulator,4096,200,0.9,25,0.944351201961634,51.39820045253385,0.9,5,2
20260218_194451,DpwBiFbmSimulator,4096,200,0.9,26,0.382864558829225,0.3550421698372603,0.9,5,2
20260218_194451,DpwBiFbmSimulator,4096,200,0.9,27,0.7236153120136106,1.4233507098301776,0.9,5,2
20260218_194451,DpwBiFbmSimulator,4096,200,0.9,28,0.672111534018413,1.5387218350612677,0.9,5,2
20260218_194451,DpwBiFbmSimulator,4096,200,0.9,29,0.7689701724462604,2.0386191713375434,0.9,5,2
20260218_194451,DpwBiFbmSimulator,4096,200,0.9,30,0.8186886823168571,3.491745664512861,0.9,5,2
20260218_194451,DpwBiFbmSimulator,4096,200,0.9,31,0.8014556538369859,16.106377402182265,0.9,5,2
20260218_194451,DpwBiFbmSimulator,4096,200,0.9,32,0.6969820601224339,1.4998325541389683,0.9,5,2
20260218_194451,DpwBiFbmSimulator,4096,200,0.9,33,0.9181206449599676,7.588111993742499,0.9,5,2
20260218_194451,DpwBiFbmSimulator,4096,200,0.9,34,0.8847291001013619,5.13836705419968,0.9,5,2
20260218_194451,DpwBiFbmSimulator,4096,200,0.9,35,0.7452403824181989,2.384165756112218,0.9,5,2
20260218_194451,DpwBiFbmSimulator,4096,200,0.9,36,0.7719824754920513,13.284884076507138,0.9,5,2
20260218_194451,DpwBiFbmSimulator,4096,200,0.9,37,0.6828025410725471,2.7004514684051584,0.9,5,2
20260218_194451,DpwBiFbmSimulator,4096,200,0.9,38,0.7443044422527757,1.2080484535013205,0.9,5,2
20260218_194451,DpwBiFbmSimulator,4096,200,0.9,39,0.7149400384118074,1.8001961174878398,0.9,5,2
20260218_194451,DpwBiFbmSimulator,4096,200,0.9,40,0.8043921803193823,5.731430451320566,0.9,5,2
20260218_194451,DpwBiFbmSimulator,4096,200,0.9,41,0.6520807466911971,1.1603875296000077,0.9,5,2
20260218_194451,DpwBiFbmSimulator,4096,200,0.9,42,0.7154714035878966,3.3680080616820227,0.9,5,2
20260218_194451,DpwBiFbmSimulator,4096,200,0.9,43,0.857726393275368,4.622002751219489,0.9,5,2
20260218_194451,DpwBiFbmSimulator,4096,200,0.9,44,0.9044852718507118,8.235846456541534,0.9,5,2
20260218_194451,DpwBiFbmSimulator,4096,200,0.9,45,0.6533860649552361,1.3836180855659266,0.9,5,2
20260218_194451,DpwBiFbmSimulator,4096,200,0.9,46,0.8784706405169098,10.041403411963175,0.9,5,2
20260218_194451,DpwBiFbmSimulator,4096,200,0.9,47,0.6329097788334263,0.4743588026183816,0.9,5,2
20260218_194451,DpwBiFbmSimulator,4096,200,0.9,48,0.6634056673727342,0.9097385649110696,0.9,5,2
20260218_194451,DpwBiFbmSimulator,4096,200,0.9,49,0.8110072714225587,4.976177013380786,0.9,5,2
20260218_194451,DpwBiFbmSimulator,4096,200,0.9,50,0.977871818778037,108.99417885964664,0.9,5,2
20260218_194451,DpwBiFbmSimulator,4096,200,0.9,51,0.737764345231946,1.703604673486312,0.9,5,2
20260218_194451,DpwBiFbmSimulator,4096,200,0.9,52,0.4081665938676673,0.307193842975403,0.9,5,2
20260218_194451,DpwBiFbmSimulator,4096,200,0.9,53,0.5987442150509908,0.6003474669552937,0.9,5,2
20260218_194451,DpwBiFbmSimulator,4096,200,0.9,54,0.8392807652106128,15.318636985676712,0.9,5,2
20260218_194451,DpwBiFbmSimulator,4096,200,0.9,55,0.8417793612181181,5.982071810496837,0.9,5,2
20260218_194451,DpwBiFbmSimulator,4096,200,0.9,56,0.9538600392841096,24.11227799619945,0.9,5,2
20260218_194451,DpwBiFbmSimulator,4096,200,0.9,57,0.6656673411784074,0.4060288539844786,0.9,5,2
20260218_194451,DpwBiFbmSimulator,4096,200,0.9,58,0.9999930391509352,41.34059712710262,0.9,5,2
20260218_194451,DpwBiFbmSimulator,4096,200,0.9,59,0.8690610294351808,4.759925899764787,0.9,5,2
20260218_194451,DpwBiFbmSimulator,4096,200,0.9,60,0.7393233463780038,4.856627867368257,0.9,5,2
20260218_194451,DpwBiFbmSimulator,4096,200,0.9,61,0.7513061800295984,6.088796463681011,0.9,5,2
20260218_194451,DpwBiFbmSimulator,4096,200,0.9,62,0.8636893971649652,10.528129880318344,0.9,5,2
20260218_194451,DpwBiFbmSimulator,4096,200,0.9,63,0.7918017476781825,3.0476082014345622,0.9,5,2
20260218_194451,DpwBiFbmSimulator,4096,200,0.9,64,0.7683519332324936,2.7165890910894714,0.9,5,2
20260218_194451,DpwBiFbmSimulator,4096,200,0.9,65,0.7404910198670579,3.603478655038662,0.9,5,2
20260218_194451,DpwBiFbmSimulator,4096,200,0.9,66,0.9614081759776708,6.999646336761624,0.9,5,2
20260218_194451,DpwBiFbmSimulator,4096,200,0.9,67,0.7944412531137648,9.755728034568788,0.9,5,2
20260218_194451,DpwBiFbmSimulator,4096,200,0.9,68,0.8504624565200243,8.23737470988439,0.9,5,2
20260218_194451,DpwBiFbmSimulator,4096,200,0.9,69,0.7594175116154019,9.821267785060234,0.9,5,2
20260218_194451,DpwBiFbmSimulator,4096,200,0.9,70,0.7295501134110898,2.4627099114457534,0.9,5,2
20260218_194451,DpwBiFbmSimulator,4096,200,0.9,71,0.9504353327186842,82.262176016179,0.9,5,2
20260218_194451,DpwBiFbmSimulator,4096,200,0.9,72,0.8333085477211518,9.442187849288109,0.9,5,2
20260218_194451,DpwBiFbmSimulator,4096,200,0.9,73,0.7850853935803846,4.858852772757951,0.9,5,2
20260218_194451,DpwBiFbmSimulator,4096,200,0.9,74,0.8223208678529434,9.336486628320497,0.9,5,2
20260218_194451,DpwBiFbmSimulator,4096,200,0.9,75,0.9372074078026708,11.129598440170303,0.9,5,2
20260218_194451,DpwBiFbmSimulator,4096,200,0.9,76,0.9225013702390824,13.015573639891231,0.9,5,2
20260218_194451,DpwBiFbmSimulator,4096,200,0.9,77,0.9716011035397424,31.303545827722324,0.9,5,2
20260218_194451,DpwBiFbmSimulator,4096,200,0.9,78,0.9494736880104075,12.973267814596124,0.9,5,2
20260218_194451,DpwBiFbmSimulator,4096,200,0.9,79,0.9101349999447308,34.144682357558445,0.9,5,2
20260218_194451,DpwBiFbmSimulator,4096,200,0.9,80,0.9209360634897672,15.124582203916994,0.9,5,2
20260218_194451,DpwBiFbmSimulator,4096,200,0.9,81,0.914728009722548,15.219620707290014,0.9,5,2
20260218_194451,DpwBiFbmSimulator,4096,200,0.9,82,0.8875703289123674,6.887981640453193,0.9,5,2
20260218_194451,DpwBiFbmSimulator,4096,200,0.9,83,0.93030658678692,18.95473992091912,0.9,5,2
20260218_194451,DpwBiFbmSimulator,4096,200,0.9,84,0.7113627660841787,1.091773123391981,0.9,5,2
20260218_194451,DpwBiFbmSimulator,4096,200,0.9,85,0.8845329749923753,11.575370270416514,0.9,5,2
20260218_194451,DpwBiFbmSimulator,4096,200,0.9,86,0.5317643157950439,0.3079968552441732,0.9,5,2
20260218_194451,DpwBiFbmSimulator,4096,200,0.9,87,0.8145969687839998,14.474449822444896,0.9,5,2
20260218_194451,DpwBiFbmSimulator,4096,200,0.9,88,0.7464879992570376,5.409425381221063,0.9,5,2
20260218_194451,DpwBiFbmSimulator,4096,200,0.9,89,0.973160752495656,24.99179200976622,0.9,5,2
20260218_194451,DpwBiFbmSimulator,4096,200,0.9,90,0.5868624871521961,0.4379486601691092,0.9,5,2
20260218_194451,DpwBiFbmSimulator,4096,200,0.9,91,0.7850068593065462,6.939249439374729,0.9,5,2
20260218_194451,DpwBiFbmSimulator,4096,200,0.9,92,0.776916377711808,0.8527815608476376,0.9,5,2
20260218_194451,DpwBiFbmSimulator,4096,200,0.9,93,0.705509769010473,0.9526062612899384,0.9,5,2
20260218_194451,DpwBiFbmSimulator,4096,200,0.9,94,0.6622124066684499,0.7003309547170804,0.9,5,2
20260218_194451,DpwBiFbmSimulator,4096,200,0.9,95,0.2211469417672849,0.2118989151838124,0.9,5,2
20260218_194451,DpwBiFbmSimulator,4096,200,0.9,96,0.5516234345530706,1.6036656976239256,0.9,5,2
20260218_194451,DpwBiFbmSimulator,4096,200,0.9,97,0.9809245140097717,15.453977001652042,0.9,5,2
20260218_194451,DpwBiFbmSimulator,4096,200,0.9,98,0.7551898280152788,1.3358303870765034,0.9,5,2
20260218_194451,DpwBiFbmSimulator,4096,200,0.9,99,0.6609469400979081,3.601425915399069,0.9,5,2
20260218_194451,DpwBiFbmSimulator,4096,200,0.9,100,0.7870828755650449,1.790973066450076,0.9,5,2
20260218_194451,DpwBiFbmSimulator,4096,200,0.9,101,0.9410730334928918,16.239417638385348,0.9,5,2
20260218_194451,DpwBiFbmSimulator,4096,200,0.9,102,0.9999930391509352,8.48249223541786,0.9,5,2
20260218_194451,DpwBiFbmSimulator,4096,200,0.9,103,0.7908717169326506,1.8815962678897329,0.9,5,2
20260218_194451,DpwBiFbmSimulator,4096,200,0.9,104,0.6756521261826269,1.3149179905780055,0.9,5,2
20260218_194451,DpwBiFbmSimulator,4096,200,0.9,105,0.6966378162254895,0.8630187272743899,0.9,5,2
20260218_194451,DpwBiFbmSimulator,4096,200,0.9,106,0.7577343333481559,10.05117706510304,0.9,5,2
20260218_194451,DpwBiFbmSimulator,4096,200,0.9,107,0.6726243577478733,2.787831724884085,0.9,5,2
20260218_194451,DpwBiFbmSimulator,4096,200,0.9,108,0.6887114557951841,1.4695379040072023,0.9,5,2
20260218_194451,DpwBiFbmSimulator,4096,200,0.9,109,0.7215513142091967,3.5402494325371827,0.9,5,2
20260218_194451,DpwBiFbmSimulator,4096,200,0.9,110,0.7239646941400897,3.061622050502712,0.9,5,2
20260218_194451,DpwBiFbmSimulator,4096,200,0.9,111,0.8542519732248183,2.6210621966146315,0.9,5,2
20260218_194451,DpwBiFbmSimulator,4096,200,0.9,112,0.8517319913175369,24.16438323217955,0.9,5,2
20260218_194451,DpwBiFbmSimulator,4096,200,0.9,113,0.9291026343185474,5.05216746513504,0.9,5,2
20260218_194451,DpwBiFbmSimulator,4096,200,0.9,114,0.8722016607366879,5.732364354971555,0.9,5,2
20260218_194451,DpwBiFbmSimulator,4096,200,0.9,115,0.7920916132568392,16.385054812810502,0.9,5,2
20260218_194451,DpwBiFbmSimulator,4096,200,0.9,116,0.8305693623839724,7.960317289177224,0.9,5,2
20260218_194451,DpwBiFbmSimulator,4096,200,0.9,117,0.931626668679048,18.68906972988607,0.9,5,2
20260218_194451,DpwBiFbmSimulator,4096,200,0.9,118,0.7695587290504865,1.402625746495716,0.9,5,2
20260218_194451,DpwBiFbmSimulator,4096,200,0.9,119,0.8525949412411543,11.561880445979844,0.9,5,2
20260218_194451,DpwBiFbmSimulator,4096,200,0.9,120,0.9537623540582234,5.303425885128238,0.9,5,2
20260218_194451,DpwBiFbmSimulator,4096,200,0.9,121,0.9154668631970226,15.12713120507957,0.9,5,2
20260218_194451,DpwBiFbmSimulator,4096,200,0.9,122,0.8215683316836543,4.468176573111877,0.9,5,2
20260218_194451,DpwBiFbmSimulator,4096,200,0.9,123,0.8086946868548008,5.690130477779052,0.9,5,2
20260218_194451,DpwBiFbmSimulator,4096,200,0.9,124,0.4647419648164617,0.4856203809269976,0.9,5,2
20260218_194451,DpwBiFbmSimulator,4096,200,0.9,125,0.7813685128519824,2.511586339308349,0.9,5,2
20260218_194451,DpwBiFbmSimulator,4096,200,0.9,126,0.7825398748439643,2.416862844842821,0.9,5,2
20260218_194451,DpwBiFbmSimulator,4096,200,0.9,127,0.8265199476650534,5.83526224638169,0.9,5,2
20260218_194451,DpwBiFbmSimulator,4096,200,0.9,128,0.8834030927918555,3.851045539627904,0.9,5,2
20260218_194451,DpwBiFbmSimulator,4096,200,0.9,129,0.6989914625533977,4.391774408180989,0.9,5,2
20260218_194451,DpwBiFbmSimulator,4096,200,0.9,130,0.9063689198925332,16.005531823612213,0.9,5,2
20260218_194451,DpwBiFbmSimulator,4096,200,0.9,131,0.8923644531580038,5.441226217007351,0.9,5,2
20260218_194451,DpwBiFbmSimulator,4096,200,0.9,132,0.8789835692887248,13.600050994612316,0.9,5,2
20260218_194451,DpwBiFbmSimulator,4096,200,0.9,133,0.6838118935541248,1.5386086890605302,0.9,5,2
20260218_194451,DpwBiFbmSimulator,4096,200,0.9,134,0.7442547231814849,3.7686653730360793,0.9,5,2
20260218_194451,DpwBiFbmSimulator,4096,200,0.9,135,0.7633403887551318,2.3301170378132783,0.9,5,2
20260218_194451,DpwBiFbmSimulator,4096,200,0.9,136,0.881595802848103,10.64423298376893,0.9,5,2
20260218_194451,DpwBiFbmSimulator,4096,200,0.9,137,0.6918861001415567,3.0723771198588734,0.9,5,2
20260218_194451,DpwBiFbmSimulator,4096,200,0.9,138,0.6404799332879363,3.856439395824056,0.9,5,2
20260218_194451,DpwBiFbmSimulator,4096,200,0.9,139,0.9054579689896248,4.426812857362389,0.9,5,2
20260218_194451,DpwBiFbmSimulator,4096,200,0.9,140,0.8149794937024095,4.7286305253562375,0.9,5,2
20260218_194451,DpwBiFbmSimulator,4096,200,0.9,141,0.7194477017861457,5.798534891920605,0.9,5,2
20260218_194451,DpwBiFbmSimulator,4096,200,0.9,142,0.9238896629405904,27.110424447426308,0.9,5,2
20260218_194451,DpwBiFbmSimulator,4096,200,0.9,143,0.768784519811339,5.58317279585829,0.9,5,2
20260218_194451,DpwBiFbmSimulator,4096,200,0.9,144,0.9999930391509352,11.5748347735886,0.9,5,2
20260218_194451,DpwBiFbmSimulator,4096,200,0.9,145,0.7959240498708475,1.9256496671184955,0.9,5,2
20260218_194451,DpwBiFbmSimulator,4096,200,0.9,146,0.8325646648272013,2.511055191057334,0.9,5,2
20260218_194451,DpwBiFbmSimulator,4096,200,0.9,147,0.824033942853817,14.335682643584295,0.9,5,2
20260218_194451,DpwBiFbmSimulator,4096,200,0.9,148,0.6380277747145839,0.901623983768159,0.9,5,2
20260218_194451,DpwBiFbmSimulator,4096,200,0.9,149,0.7706978606860666,6.2749908695067695,0.9,5,2
20260218_194451,DpwBiFbmSimulator,4096,200,0.9,150,0.7135010779628269,2.4645087506613224,0.9,5,2
20260218_194451,DpwBiFbmSimulator,4096,200,0.9,151,0.9593705987535682,24.46296368149052,0.9,5,2
20260218_194451,DpwBiFbmSimulator,4096,200,0.9,152,0.7259583381921149,10.35144579624865,0.9,5,2
20260218_194451,DpwBiFbmSimulator,4096,200,0.9,153,0.7651194019093692,6.898317006079783,0.9,5,2
20260218_194451,DpwBiFbmSimulator,4096,200,0.9,154,0.9125163596880878,17.90545903549449,0.9,5,2
20260218_194451,DpwBiFbmSimulator,4096,200,0.9,155,0.9290445718068894,3.725838178443487,0.9,5,2
20260218_194451,DpwBiFbmSimulator,4096,200,0.9,156,0.7677608922412001,4.373957566518997,0.9,5,2
20260218_194451,DpwBiFbmSimulator,4096,200,0.9,157,0.6681970517980816,0.7311485451692679,0.9,5,2
20260218_194451,DpwBiFbmSimulator,4096,200,0.9,158,0.791988912642422,8.515332741918314,0.9,5,2
20260218_194451,DpwBiFbmSimulator,4096,200,0.9,159,0.3421145880840062,1.265721416083121,0.9,5,2
20260218_194451,DpwBiFbmSimulator,4096,200,0.9,160,0.6238064112408285,0.614433254487379,0.9,5,2
20260218_194451,DpwBiFbmSimulator,4096,200,0.9,161,0.7427148284725267,1.8329191041776025,0.9,5,2
20260218_194451,DpwBiFbmSimulator,4096,200,0.9,162,0.6868085611627055,3.052915555457589,0.9,5,2
20260218_194451,DpwBiFbmSimulator,4096,200,0.9,163,0.6976027847195014,3.250422522163605,0.9,5,2
20260218_194451,DpwBiFbmSimulator,4096,200,0.9,164,0.994848211076218,5.845108226805379,0.9,5,2
20260218_194451,DpwBiFbmSimulator,4096,200,0.9,165,0.799563550941746,3.788009925529319,0.9,5,2
20260218_194451,DpwBiFbmSimulator,4096,200,0.9,166,0.687957829941415,1.680305334823657,0.9,5,2
20260218_194451,DpwBiFbmSimulator,4096,200,0.9,167,0.8184237758726226,1.945345157159687,0.9,5,2
20260218_194451,DpwBiFbmSimulator,4096,200,0.9,168,0.7540349897798957,2.1417072279660934,0.9,5,2
20260218_194451,DpwBiFbmSimulator,4096,200,0.9,169,0.928323348864293,13.861629871504146,0.9,5,2
20260218_194451,DpwBiFbmSimulator,4096,200,0.9,170,0.7270324696529518,3.696605345027325,0.9,5,2
20260218_194451,DpwBiFbmSimulator,4096,200,0.9,171,0.673605982685375,1.1385324082134245,0.9,5,2
20260218_194451,DpwBiFbmSimulator,4096,200,0.9,172,0.9066684909732826,1.874533763208607,0.9,5,2
20260218_194451,DpwBiFbmSimulator,4096,200,0.9,173,0.7506395648969101,0.6684750048687332,0.9,5,2
20260218_194451,DpwBiFbmSimulator,4096,200,0.9,174,0.9999930391509352,18.239791473566218,0.9,5,2
20260218_194451,DpwBiFbmSimulator,4096,200,0.9,175,0.8663051118751693,13.433255773655253,0.9,5,2
20260218_194451,DpwBiFbmSimulator,4096,200,0.9,176,0.7214541963898031,2.725591332752432,0.9,5,2
20260218_194451,DpwBiFbmSimulator,4096,200,0.9,177,0.7895282993350842,2.792983956949747,0.9,5,2
20260218_194451,DpwBiFbmSimulator,4096,200,0.9,178,0.8371624737904968,4.473118847858535,0.9,5,2
20260218_194451,DpwBiFbmSimulator,4096,200,0.9,179,0.6228474000045572,0.8910142552660979,0.9,5,2
20260218_194451,DpwBiFbmSimulator,4096,200,0.9,180,0.9376246862308746,5.187786790450318,0.9,5,2
20260218_194451,DpwBiFbmSimulator,4096,200,0.9,181,0.7099496479089606,1.6539567363953047,0.9,5,2
20260218_194451,DpwBiFbmSimulator,4096,200,0.9,182,0.6995402353713478,2.100112222925386,0.9,5,2
20260218_194451,DpwBiFbmSimulator,4096,200,0.9,183,0.900859244985946,32.15245102004302,0.9,5,2
20260218_194451,DpwBiFbmSimulator,4096,200,0.9,184,0.92074060526637,17.142877938074403,0.9,5,2
20260218_194451,DpwBiFbmSimulator,4096,200,0.9,185,0.7715477523037609,5.201845151435903,0.9,5,2
20260218_194451,DpwBiFbmSimulator,4096,200,0.9,186,0.8925676086683236,11.61499973753324,0.9,5,2
20260218_194451,DpwBiFbmSimulator,4096,200,0.9,187,0.6996626531622916,3.0941207582862247,0.9,5,2
20260218_194451,DpwBiFbmSimulator,4096,200,0.9,188,0.4716888623943938,1.7056916399985995,0.9,5,2
20260218_194451,DpwBiFbmSimulator,4096,200,0.9,189,0.6299088841690496,1.1235340454127491,0.9,5,2
20260218_194451,DpwBiFbmSimulator,4096,200,0.9,190,0.7384621038245833,1.089263571158716,0.9,5,2
20260218_194451,DpwBiFbmSimulator,4096,200,0.9,191,0.8757661643010596,2.740696595571251,0.9,5,2
20260218_194451,DpwBiFbmSimulator,4096,200,0.9,192,0.6718760328807998,2.631237500418376,0.9,5,2
20260218_194451,DpwBiFbmSimulator,4096,200,0.9,193,0.9290347083412352,5.562584954327297,0.9,5,2
20260218_194451,DpwBiFbmSimulator,4096,200,0.9,194,0.8401264312381422,7.488364831526762,0.9,5,2
20260218_194451,DpwBiFbmSimulator,4096,200,0.9,195,0.7141682184162584,2.256279453432087,0.9,5,2
20260218_194451,DpwBiFbmSimulator,4096,200,0.9,196,0.9241447521892244,29.47983301690256,0.9,5,2
20260218_194451,DpwBiFbmSimulator,4096,200,0.9,197,0.9432889245382556,10.57018628623241,0.9,5,2
20260218_194451,DpwBiFbmSimulator,4096,200,0.9,198,0.7486904320124097,5.572105948806677,0.9,5,2
20260218_194451,DpwBiFbmSimulator,4096,200,0.9,199,0.7879729997778656,3.187804953351692,0.9,5,2
20260218_194451,DpwBiFbmSimulator,4096,200,0.9,200,0.8914991091423399,7.543018274777026,0.9,5,2