run_id,process,N,trials,H0,trial,H_hat,sigma2_hat,K,L,sigma
20260218_195524,DpwFbmSimulator,4096,200,0.1,1,0.0712127145668993,10.511281240188923,1,5,2
20260218_195524,DpwFbmSimulator,4096,200,0.1,2,0.06367134783756538,5.079705690758895,1,5,2
20260218_195524,DpwFbmSimulator,4096,200,0.1,3,0.10820263560191908,4.898867400194014,1,5,2
20260218_195524,DpwFbmSimulator,4096,200,0.1,4,0.19641816180067034,11.378306948167577,1,5,2
20260218_195524,DpwFbmSimulator,4096,200,0.1,5,0.020568777598861623,3.5686687468829135,1,5,2
20260218_195524,DpwFbmSimulator,4096,200,0.1,6,6.63806907743693e-06,5.555338882583301,1,5,2
20260218_195524,DpwFbmSimulator,4096,200,0.1,7,0.143971365264685,11.397328398671485,1,5,2
20260218_195524,DpwFbmSimulator,4096,200,0.1,8,0.4164277367093675,215.65877175703042,1,5,2
20260218_195524,DpwFbmSimulator,4096,200,0.1,9,0.12043815372461139,5.456164920492346,1,5,2
20260218_195524,DpwFbmSimulator,4096,200,0.1,10,0.3139857228698904,31.554267298115583,1,5,2
20260218_195524,DpwFbmSimulator,4096,200,0.1,11,0.21581505714933788,20.738431351304506,1,5,2
20260218_195524,DpwFbmSimulator,4096,200,0.1,12,0.1902558169429685,8.484066256683697,1,5,2
20260218_195524,DpwFbmSimulator,4096,200,0.1,13,0.18540219181469045,11.751532968559436,1,5,2
20260218_195524,DpwFbmSimulator,4096,200,0.1,14,0.21103943556426186,16.98793696469502,1,5,2
20260218_195524,DpwFbmSimulator,4096,200,0.1,15,0.09670782628023415,10.374518525921005,1,5,2
20260218_195524,DpwFbmSimulator,4096,200,0.1,16,0.13208167282212116,18.145299018926682,1,5,2
20260218_195524,DpwFbmSimulator,4096,200,0.1,17,0.09553768952498813,9.598245513733913,1,5,2
20260218_195524,DpwFbmSimulator,4096,200,0.1,18,0.08626396951197765,7.4980380203763835,1,5,2
20260218_195524,DpwFbmSimulator,4096,200,0.1,19,0.23677379073041305,19.52986855194011,1,5,2
20260218_195524,DpwFbmSimulator,4096,200,0.1,20,0.1162743707667798,11.754430014024427,1,5,2
20260218_195524,DpwFbmSimulator,4096,200,0.1,21,0.07829535727769991,4.907487543449704,1,5,2
20260218_195524,DpwFbmSimulator,4096,200,0.1,22,0.2579149892814531,19.49342803298325,1,5,2
20260218_195524,DpwFbmSimulator,4096,200,0.1,23,0.1843837854637122,18.309749697152775,1,5,2
20260218_195524,DpwFbmSimulator,4096,200,0.1,24,0.05388412547369658,6.12164312264309,1,5,2
20260218_195524,DpwFbmSimulator,4096,200,0.1,25,0.17363563398700876,14.092047762506725,1,5,2
20260218_195524,DpwFbmSimulator,4096,200,0.1,26,0.18082390863811673,12.84599355155541,1,5,2
20260218_195524,DpwFbmSimulator,4096,200,0.1,27,0.1352625951824423,13.407919399400205,1,5,2
20260218_195524,DpwFbmSimulator,4096,200,0.1,28,0.17911643735806557,9.532602160535216,1,5,2
20260218_195524,DpwFbmSimulator,4096,200,0.1,29,0.1632387386697979,12.695327483446466,1,5,2
20260218_195524,DpwFbmSimulator,4096,200,0.1,30,0.04222913375754877,6.050840710653407,1,5,2
20260218_195524,DpwFbmSimulator,4096,200,0.1,31,0.09310803354335918,5.029680419887064,1,5,2
20260218_195524,DpwFbmSimulator,4096,200,0.1,32,0.12211792445892895,13.71100767546847,1,5,2
20260218_195524,DpwFbmSimulator,4096,200,0.1,33,0.10108324185852967,11.42653960278575,1,5,2
20260218_195524,DpwFbmSimulator,4096,200,0.1,34,0.012240736765467006,8.784473914479122,1,5,2
20260218_195524,DpwFbmSimulator,4096,200,0.1,35,0.1115305732401597,11.476172375810533,1,5,2
20260218_195524,DpwFbmSimulator,4096,200,0.1,36,0.091192899584774,8.596283855993393,1,5,2
20260218_195524,DpwFbmSimulator,4096,200,0.1,37,0.1417531687946668,13.166850165917806,1,5,2
20260218_195524,DpwFbmSimulator,4096,200,0.1,38,6.960849064827165e-06,7.191081251310942,1,5,2
20260218_195524,DpwFbmSimulator,4096,200,0.1,39,0.0853089796037886,6.041860255489028,1,5,2
20260218_195524,DpwFbmSimulator,4096,200,0.1,40,0.2249064823171618,26.459393545363046,1,5,2
20260218_195524,DpwFbmSimulator,4096,200,0.1,41,0.09887844005696818,5.680357830453447,1,5,2
20260218_195524,DpwFbmSimulator,4096,200,0.1,42,0.0867822257800349,10.336143055239733,1,5,2
20260218_195524,DpwFbmSimulator,4096,200,0.1,43,0.046074069132860884,4.066236757544454,1,5,2
20260218_195524,DpwFbmSimulator,4096,200,0.1,44,0.009591916085697033,4.608775702161597,1,5,2
20260218_195524,DpwFbmSimulator,4096,200,0.1,45,0.25763431156269284,37.586229264996824,1,5,2
20260218_195524,DpwFbmSimulator,4096,200,0.1,46,0.42487830635678625,125.23912546643679,1,5,2
20260218_195524,DpwFbmSimulator,4096,200,0.1,47,0.1564128024405118,15.406106032950944,1,5,2
20260218_195524,DpwFbmSimulator,4096,200,0.1,48,0.010470807255408523,3.443368514171376,1,5,2
20260218_195524,DpwFbmSimulator,4096,200,0.1,49,0.07848634842039756,8.432455125597638,1,5,2
20260218_195524,DpwFbmSimulator,4096,200,0.1,50,0.13984804275241614,15.957881802765993,1,5,2
20260218_195524,DpwFbmSimulator,4096,200,0.1,51,0.102474108316768,6.531597623097192,1,5,2
20260218_195524,DpwFbmSimulator,4096,200,0.1,52,0.024011538298701864,3.175625617460313,1,5,2
20260218_195524,DpwFbmSimulator,4096,200,0.1,53,0.04096927833630655,4.123372852101116,1,5,2
20260218_195524,DpwFbmSimulator,4096,200,0.1,54,0.24181903055368748,19.243760525521484,1,5,2
20260218_195524,DpwFbmSimulator,4096,200,0.1,55,0.018780279643327666,5.086614440114533,1,5,2
20260218_195524,DpwFbmSimulator,4096,200,0.1,56,0.1630410496381071,10.505592311968297,1,5,2
20260218_195524,DpwFbmSimulator,4096,200,0.1,57,0.07044944822155035,6.1772045149243135,1,5,2
20260218_195524,DpwFbmSimulator,4096,200,0.1,58,0.2238778311977641,42.41904357346073,1,5,2
20260218_195524,DpwFbmSimulator,4096,200,0.1,59,0.01218842683712493,4.420598719769409,1,5,2
20260218_195524,DpwFbmSimulator,4096,200,0.1,60,0.16451811411780012,11.411304339984829,1,5,2
20260218_195524,DpwFbmSimulator,4096,200,0.1,61,0.1417629480031771,8.805487927832381,1,5,2
20260218_195524,DpwFbmSimulator,4096,200,0.1,62,0.07278791091472413,5.977697809261606,1,5,2
20260218_195524,DpwFbmSimulator,4096,200,0.1,63,0.1558770265354198,8.773576023460052,1,5,2
20260218_195524,DpwFbmSimulator,4096,200,0.1,64,0.1549183232898264,13.550002414146741,1,5,2
20260218_195524,DpwFbmSimulator,4096,200,0.1,65,0.07085781538409675,5.074554180686583,1,5,2
20260218_195524,DpwFbmSimulator,4096,200,0.1,66,0.16180315954730667,20.294683374335747,1,5,2
20260218_195524,DpwFbmSimulator,4096,200,0.1,67,0.17907773608908867,8.193538058199211,1,5,2
20260218_195524,DpwFbmSimulator,4096,200,0.1,68,0.04104551985971729,4.579699208236979,1,5,2
20260218_195524,DpwFbmSimulator,4096,200,0.1,69,0.17607775065104042,14.922419248618896,1,5,2
20260218_195524,DpwFbmSimulator,4096,200,0.1,70,0.2847621127011019,32.55262605190858,1,5,2
20260218_195524,DpwFbmSimulator,4096,200,0.1,71,0.06666482107170026,5.03271440869303,1,5,2
20260218_195524,DpwFbmSimulator,4096,200,0.1,72,0.18865056643735942,14.711187563373391,1,5,2
20260218_195524,DpwFbmSimulator,4096,200,0.1,73,0.08000352319572902,4.5918724723927875,1,5,2
20260218_195524,DpwFbmSimulator,4096,200,0.1,74,0.179334722477235,10.418060915538893,1,5,2
20260218_195524,DpwFbmSimulator,4096,200,0.1,75,0.09120468639080836,7.625191787431885,1,5,2
20260218_195524,DpwFbmSimulator,4096,200,0.1,76,0.04641436454288978,5.524954995917825,1,5,2
20260218_195524,DpwFbmSimulator,4096,200,0.1,77,0.23901601933486938,21.00178816748794,1,5,2
20260218_195524,DpwFbmSimulator,4096,200,0.1,78,0.06921257140534522,7.233584329778381,1,5,2
20260218_195524,DpwFbmSimulator,4096,200,0.1,79,0.08245973305971861,4.765806150117295,1,5,2
20260218_195524,DpwFbmSimulator,4096,200,0.1,80,0.02006935730824077,3.7986762314507843,1,5,2
20260218_195524,DpwFbmSimulator,4096,200,0.1,81,0.11700670928563672,5.9828986762225,1,5,2
20260218_195524,DpwFbmSimulator,4096,200,0.1,82,0.0894894701831542,6.414787262667294,1,5,2
20260218_195524,DpwFbmSimulator,4096,200,0.1,83,0.04594212797212158,5.367469228244274,1,5,2
20260218_195524,DpwFbmSimulator,4096,200,0.1,84,0.12997073022148756,6.787573335017792,1,5,2
20260218_195524,DpwFbmSimulator,4096,200,0.1,85,0.03207359395769564,9.448394520413288,1,5,2
20260218_195524,DpwFbmSimulator,4096,200,0.1,86,0.19610339712654187,14.059590054864195,1,5,2
20260218_195524,DpwFbmSimulator,4096,200,0.1,87,0.023694982928227,4.29222852873496,1,5,2
20260218_195524,DpwFbmSimulator,4096,200,0.1,88,0.29384583786469304,22.37207694511141,1,5,2
20260218_195524,DpwFbmSimulator,4096,200,0.1,89,0.049734952141126824,9.804058845485951,1,5,2
20260218_195524,DpwFbmSimulator,4096,200,0.1,90,0.15163298883370385,12.693261379173238,1,5,2
20260218_195524,DpwFbmSimulator,4096,200,0.1,91,0.2097284159262662,12.996401215423669,1,5,2
20260218_195524,DpwFbmSimulator,4096,200,0.1,92,0.22105682507236943,17.791312212527803,1,5,2
20260218_195524,DpwFbmSimulator,4096,200,0.1,93,0.23798261894269068,26.31422502295479,1,5,2
20260218_195524,DpwFbmSimulator,4096,200,0.1,94,0.28694285504451966,43.734636235334285,1,5,2
20260218_195524,DpwFbmSimulator,4096,200,0.1,95,0.1395911315825087,6.2915183876650875,1,5,2
20260218_195524,DpwFbmSimulator,4096,200,0.1,96,0.10827824252197613,8.033065376532797,1,5,2
20260218_195524,DpwFbmSimulator,4096,200,0.1,97,0.0814168346091909,5.528319703426878,1,5,2
20260218_195524,DpwFbmSimulator,4096,200,0.1,98,0.17722843742445382,27.588634423439583,1,5,2
20260218_195524,DpwFbmSimulator,4096,200,0.1,99,0.06083248572787828,10.095973220398207,1,5,2
20260218_195524,DpwFbmSimulator,4096,200,0.1,100,0.024348923485817103,6.461701590132315,1,5,2
20260218_195524,DpwFbmSimulator,4096,200,0.1,101,0.15861557628699896,12.829596419589137,1,5,2
20260218_195524,DpwFbmSimulator,4096,200,0.1,102,0.015341313546428077,6.426053438031128,1,5,2
20260218_195524,DpwFbmSimulator,4096,200,0.1,103,0.049516273378830786,4.285100885418665,1,5,2
20260218_195524,DpwFbmSimulator,4096,200,0.1,104,0.13143052427807259,10.057678025416958,1,5,2
20260218_195524,DpwFbmSimulator,4096,200,0.1,105,0.16121293115715946,10.842856354193739,1,5,2
20260218_195524,DpwFbmSimulator,4096,200,0.1,106,0.033501142541332046,5.320833805438675,1,5,2
20260218_195524,DpwFbmSimulator,4096,200,0.1,107,0.12064268865194715,13.265413916417659,1,5,2
20260218_195524,DpwFbmSimulator,4096,200,0.1,108,0.1056934491479721,5.044137141304562,1,5,2
20260218_195524,DpwFbmSimulator,4096,200,0.1,109,0.16011065190391333,12.962475317512101,1,5,2
20260218_195524,DpwFbmSimulator,4096,200,0.1,110,0.11404978164557338,8.09376024942473,1,5,2
20260218_195524,DpwFbmSimulator,4096,200,0.1,111,0.1564579573096964,12.888391362608132,1,5,2
20260218_195524,DpwFbmSimulator,4096,200,0.1,112,0.07371566014124264,15.799606727064752,1,5,2
20260218_195524,DpwFbmSimulator,4096,200,0.1,113,0.1013726562577379,12.284725588754103,1,5,2
20260218_195524,DpwFbmSimulator,4096,200,0.1,114,0.19476108439996812,6.37087285387149,1,5,2
20260218_195524,DpwFbmSimulator,4096,200,0.1,115,0.0846654132556873,5.228808129576846,1,5,2
20260218_195524,DpwFbmSimulator,4096,200,0.1,116,0.16288728261218277,9.204818948341035,1,5,2
20260218_195524,DpwFbmSimulator,4096,200,0.1,117,0.11496649897523474,16.484679279538362,1,5,2
20260218_195524,DpwFbmSimulator,4096,200,0.1,118,0.16366503152974418,12.081887882739759,1,5,2
20260218_195524,DpwFbmSimulator,4096,200,0.1,119,0.0224063907585701,6.00605795529684,1,5,2
20260218_195524,DpwFbmSimulator,4096,200,0.1,120,0.1846648647289178,28.179035651883172,1,5,2
20260218_195524,DpwFbmSimulator,4096,200,0.1,121,0.09403967359231209,12.97894146072622,1,5,2
20260218_195524,DpwFbmSimulator,4096,200,0.1,122,0.1621965405723098,18.360759791498676,1,5,2
20260218_195524,DpwFbmSimulator,4096,200,0.1,123,0.6300401635784318,9625.52248182424,1,5,2
20260218_195524,DpwFbmSimulator,4096,200,0.1,124,0.10778600675118472,14.893459852177374,1,5,2
20260218_195524,DpwFbmSimulator,4096,200,0.1,125,0.07698413230316409,10.82365722038872,1,5,2
20260218_195524,DpwFbmSimulator,4096,200,0.1,126,0.6628280219610757,2101.87606627334,1,5,2
20260218_195524,DpwFbmSimulator,4096,200,0.1,127,0.12318939899275866,26.698122118008616,1,5,2
20260218_195524,DpwFbmSimulator,4096,200,0.1,128,0.06658004876540771,7.1898158078352195,1,5,2
20260218_195524,DpwFbmSimulator,4096,200,0.1,129,0.0672762183119833,6.462063178849825,1,5,2
20260218_195524,DpwFbmSimulator,4096,200,0.1,130,0.031352172729196486,4.504045689344327,1,5,2
20260218_195524,DpwFbmSimulator,4096,200,0.1,131,0.06136570467365228,3.9316666256109283,1,5,2
20260218_195524,DpwFbmSimulator,4096,200,0.1,132,0.06469322632056997,6.111908575519809,1,5,2
20260218_195524,DpwFbmSimulator,4096,200,0.1,133,0.1935918330465461,15.48628067755547,1,5,2
20260218_195524,DpwFbmSimulator,4096,200,0.1,134,0.1207242885620562,9.75430161900055,1,5,2
20260218_195524,DpwFbmSimulator,4096,200,0.1,135,0.04389033614979789,4.796291179912047,1,5,2
20260218_195524,DpwFbmSimulator,4096,200,0.1,136,0.10922390169167924,6.98244722463705,1,5,2
20260218_195524,DpwFbmSimulator,4096,200,0.1,137,0.10687139083137887,7.13997284197703,1,5,2
20260218_195524,DpwFbmSimulator,4096,200,0.1,138,0.1262372726109611,6.0546359830110275,1,5,2
20260218_195524,DpwFbmSimulator,4096,200,0.1,139,0.10541370256263029,6.280933136344558,1,5,2
20260218_195524,DpwFbmSimulator,4096,200,0.1,140,6.960849064827165e-06,6.783120167490493,1,5,2
20260218_195524,DpwFbmSimulator,4096,200,0.1,141,0.1467156772896468,6.487277044321283,1,5,2
20260218_195524,DpwFbmSimulator,4096,200,0.1,142,0.2140248402246934,17.540130832077427,1,5,2
20260218_195524,DpwFbmSimulator,4096,200,0.1,143,0.10429423101195404,11.066437286290098,1,5,2
20260218_195524,DpwFbmSimulator,4096,200,0.1,144,0.07661791674650725,6.655805598369181,1,5,2
20260218_195524,DpwFbmSimulator,4096,200,0.1,145,0.15155010753310372,8.512787842573267,1,5,2
20260218_195524,DpwFbmSimulator,4096,200,0.1,146,0.2784796153591282,84.08130289247877,1,5,2
20260218_195524,DpwFbmSimulator,4096,200,0.1,147,0.1928486748977819,8.978466144152176,1,5,2
20260218_195524,DpwFbmSimulator,4096,200,0.1,148,0.06821681742944094,6.770264230779,1,5,2
20260218_195524,DpwFbmSimulator,4096,200,0.1,149,0.14005730445068634,20.15198991331853,1,5,2
20260218_195524,DpwFbmSimulator,4096,200,0.1,150,0.134883166734972,12.121401813051804,1,5,2
20260218_195524,DpwFbmSimulator,4096,200,0.1,151,0.06083689592380524,5.360609629328169,1,5,2
20260218_195524,DpwFbmSimulator,4096,200,0.1,152,0.1502153687525937,6.602835637265681,1,5,2
20260218_195524,DpwFbmSimulator,4096,200,0.1,153,0.16493066038108226,7.224055047696583,1,5,2
20260218_195524,DpwFbmSimulator,4096,200,0.1,154,0.19513259412491596,13.48930036057467,1,5,2
20260218_195524,DpwFbmSimulator,4096,200,0.1,155,0.2123379482273322,13.546007188458791,1,5,2
20260218_195524,DpwFbmSimulator,4096,200,0.1,156,0.12140295315347008,5.78888005271813,1,5,2
20260218_195524,DpwFbmSimulator,4096,200,0.1,157,0.2613360001178451,27.626595312382978,1,5,2
20260218_195524,DpwFbmSimulator,4096,200,0.1,158,0.047572271381841905,4.893707404663808,1,5,2
20260218_195524,DpwFbmSimulator,4096,200,0.1,159,0.08521411438791329,12.19494830068617,1,5,2
20260218_195524,DpwFbmSimulator,4096,200,0.1,160,0.05090870406830319,5.466736040220943,1,5,2
20260218_195524,DpwFbmSimulator,4096,200,0.1,161,0.1397436613185076,13.354791004648481,1,5,2
20260218_195524,DpwFbmSimulator,4096,200,0.1,162,0.19904155688315103,22.889613114057983,1,5,2
20260218_195524,DpwFbmSimulator,4096,200,0.1,163,0.05046299703612551,7.612924490193541,1,5,2
20260218_195524,DpwFbmSimulator,4096,200,0.1,164,0.058532236886037765,6.096997793543592,1,5,2
20260218_195524,DpwFbmSimulator,4096,200,0.1,165,0.15981313917553855,19.471852907705987,1,5,2
20260218_195524,DpwFbmSimulator,4096,200,0.1,166,0.19389242519966474,22.453664188418873,1,5,2
20260218_195524,DpwFbmSimulator,4096,200,0.1,167,0.0909513840988034,13.862633611547324,1,5,2
20260218_195524,DpwFbmSimulator,4096,200,0.1,168,0.09312044083806204,7.521145899933871,1,5,2
20260218_195524,DpwFbmSimulator,4096,200,0.1,169,0.04840176516440485,6.778567321927597,1,5,2
20260218_195524,DpwFbmSimulator,4096,200,0.1,170,0.04770123689465291,4.177920140354094,1,5,2
20260218_195524,DpwFbmSimulator,4096,200,0.1,171,0.14286457505753516,8.235897203650087,1,5,2
20260218_195524,DpwFbmSimulator,4096,200,0.1,172,0.21897404678653934,15.58421597025615,1,5,2
20260218_195524,DpwFbmSimulator,4096,200,0.1,173,0.027599246144406904,8.796765552415405,1,5,2
20260218_195524,DpwFbmSimulator,4096,200,0.1,174,0.04213249143074898,5.345525645223566,1,5,2
20260218_195524,DpwFbmSimulator,4096,200,0.1,175,0.10756873188339117,6.943197835073505,1,5,2
20260218_195524,DpwFbmSimulator,4096,200,0.1,176,0.14693296755749718,7.126553483907145,1,5,2
20260218_195524,DpwFbmSimulator,4096,200,0.1,177,0.1609388848679571,11.294616994103135,1,5,2
20260218_195524,DpwFbmSimulator,4096,200,0.1,178,0.12346737411023037,5.341680723876315,1,5,2
20260218_195524,DpwFbmSimulator,4096,200,0.1,179,0.046808374063709045,3.1801145472145076,1,5,2
20260218_195524,DpwFbmSimulator,4096,200,0.1,180,0.2682670270141128,25.48771044762722,1,5,2
20260218_195524,DpwFbmSimulator,4096,200,0.1,181,0.3495324441996294,85.16354551271893,1,5,2
20260218_195524,DpwFbmSimulator,4096,200,0.1,182,0.11135995847773311,8.639245798750382,1,5,2
20260218_195524,DpwFbmSimulator,4096,200,0.1,183,0.055483438997753994,5.5171175821961915,1,5,2
20260218_195524,DpwFbmSimulator,4096,200,0.1,184,0.15911017693981824,10.427990409407878,1,5,2
20260218_195524,DpwFbmSimulator,4096,200,0.1,185,0.25631288072076014,40.96116793642951,1,5,2
20260218_195524,DpwFbmSimulator,4096,200,0.1,186,0.1218452327751758,6.974619298207641,1,5,2
20260218_195524,DpwFbmSimulator,4096,200,0.1,187,0.10081662054571057,6.567053941309227,1,5,2
20260218_195524,DpwFbmSimulator,4096,200,0.1,188,0.09810107953964274,6.803073154278037,1,5,2
20260218_195524,DpwFbmSimulator,4096,200,0.1,189,0.06680147283157685,8.684352844981161,1,5,2
20260218_195524,DpwFbmSimulator,4096,200,0.1,190,0.09831383250951989,13.594751758085248,1,5,2
20260218_195524,DpwFbmSimulator,4096,200,0.1,191,0.1058435243273305,7.2481186480348025,1,5,2
20260218_195524,DpwFbmSimulator,4096,200,0.1,192,0.20148678394767308,17.026613817153347,1,5,2
20260218_195524,DpwFbmSimulator,4096,200,0.1,193,0.135843519753375,12.95763952360549,1,5,2
20260218_195524,DpwFbmSimulator,4096,200,0.1,194,0.10523815765478609,5.77185383028342,1,5,2
20260218_195524,DpwFbmSimulator,4096,200,0.1,195,0.24640810504610083,18.94834514722784,1,5,2
20260218_195524,DpwFbmSimulator,4096,200,0.1,196,0.2112980745653299,51.21434708381249,1,5,2
20260218_195524,DpwFbmSimulator,4096,200,0.1,197,0.0757158234239341,7.7653262026411385,1,5,2
20260218_195524,DpwFbmSimulator,4096,200,0.1,198,0.06936125985621192,5.762589060088588,1,5,2
20260218_195524,DpwFbmSimulator,4096,200,0.1,199,0.14071021096980013,7.077961069312527,1,5,2
20260218_195524,DpwFbmSimulator,4096,200,0.1,200,0.13085058563859545,22.555618781555992,1,5,2
20260218_195524,DpwFbmSimulator,4096,200,0.2,1,0.2942072791543475,11.118190620731164,1,5,2
20260218_195524,DpwFbmSimulator,4096,200,0.2,2,0.17623711227809513,4.0328872454837885,1,5,2
20260218_195524,DpwFbmSimulator,4096,200,0.2,3,0.24346117250349134,14.279913494903447,1,5,2
20260218_195524,DpwFbmSimulator,4096,200,0.2,4,0.1632963155505457,4.402745299276666,1,5,2
20260218_195524,DpwFbmSimulator,4096,200,0.2,5,0.2607530754901611,13.626399165156714,1,5,2
20260218_195524,DpwFbmSimulator,4096,200,0.2,6,0.20127723416904314,8.105057380082917,1,5,2
20260218_195524,DpwFbmSimulator,4096,200,0.2,7,0.23049565537718233,16.418588099145488,1,5,2
20260218_195524,DpwFbmSimulator,4096,200,0.2,8,0.28468018547110857,7.228127108747453,1,5,2
20260218_195524,DpwFbmSimulator,4096,200,0.2,9,0.25199277433230055,14.41767136357434,1,5,2
20260218_195524,DpwFbmSimulator,4096,200,0.2,10,0.27574692102590553,12.93265095285893,1,5,2
20260218_195524,DpwFbmSimulator,4096,200,0.2,11,0.22790244519949743,12.04817342727967,1,5,2
20260218_195524,DpwFbmSimulator,4096,200,0.2,12,0.17031225350926482,4.7110658216220616,1,5,2
20260218_195524,DpwFbmSimulator,4096,200,0.2,13,0.273858235887,16.643215863019037,1,5,2
20260218_195524,DpwFbmSimulator,4096,200,0.2,14,0.2945608892912144,17.14756748911544,1,5,2
20260218_195524,DpwFbmSimulator,4096,200,0.2,15,0.31977484179961035,23.074897979602547,1,5,2
20260218_195524,DpwFbmSimulator,4096,200,0.2,16,0.30523074291477,15.677462783088377,1,5,2
20260218_195524,DpwFbmSimulator,4096,200,0.2,17,0.22590989517027776,9.456024494268998,1,5,2
20260218_195524,DpwFbmSimulator,4096,200,0.2,18,0.1021412665547023,5.143117491234099,1,5,2
20260218_195524,DpwFbmSimulator,4096,200,0.2,19,0.2064808955903012,10.621937895746939,1,5,2
20260218_195524,DpwFbmSimulator,4096,200,0.2,20,0.28387856980037846,20.9286032435214,1,5,2
20260218_195524,DpwFbmSimulator,4096,200,0.2,21,0.28203217205145775,7.207428669435394,1,5,2
20260218_195524,DpwFbmSimulator,4096,200,0.2,22,0.2935801825860784,13.55813368266013,1,5,2
20260218_195524,DpwFbmSimulator,4096,200,0.2,23,0.2582469017815713,10.097551625386213,1,5,2
20260218_195524,DpwFbmSimulator,4096,200,0.2,24,0.29360692851096676,23.805260003579082,1,5,2
20260218_195524,DpwFbmSimulator,4096,200,0.2,25,0.18923281932395455,6.687579443778191,1,5,2
20260218_195524,DpwFbmSimulator,4096,200,0.2,26,0.2601368486036833,11.673258077059863,1,5,2
20260218_195524,DpwFbmSimulator,4096,200,0.2,27,0.2746351158418126,10.551799801253113,1,5,2
20260218_195524,DpwFbmSimulator,4096,200,0.2,28,0.22883167213227293,6.166167046167607,1,5,2
20260218_195524,DpwFbmSimulator,4096,200,0.2,29,0.28845879180627376,7.620275187703723,1,5,2
20260218_195524,DpwFbmSimulator,4096,200,0.2,30,0.2065217926810176,13.25117832371706,1,5,2
20260218_195524,DpwFbmSimulator,4096,200,0.2,31,0.15953011926417637,4.614520044509527,1,5,2
20260218_195524,DpwFbmSimulator,4096,200,0.2,32,0.30509449846153686,11.186194136053905,1,5,2
20260218_195524,DpwFbmSimulator,4096,200,0.2,33,0.3037022168481129,14.711413984970504,1,5,2
20260218_195524,DpwFbmSimulator,4096,200,0.2,34,0.09506343726019491,4.337440314513665,1,5,2
20260218_195524,DpwFbmSimulator,4096,200,0.2,35,0.12690160782391455,5.617418767186455,1,5,2
20260218_195524,DpwFbmSimulator,4096,200,0.2,36,0.16747203441416791,2.480785366452245,1,5,2
20260218_195524,DpwFbmSimulator,4096,200,0.2,37,0.21123677277498212,7.305856806342621,1,5,2
20260218_195524,DpwFbmSimulator,4096,200,0.2,38,0.18029252006499025,10.061325693621209,1,5,2
20260218_195524,DpwFbmSimulator,4096,200,0.2,39,0.08098906205723258,3.0573107193503355,1,5,2
20260218_195524,DpwFbmSimulator,4096,200,0.2,40,0.16737373910496975,6.035046026697649,1,5,2
20260218_195524,DpwFbmSimulator,4096,200,0.2,41,0.25942437375485533,11.07319158423769,1,5,2
20260218_195524,DpwFbmSimulator,4096,200,0.2,42,0.23304644127517027,8.715703001766965,1,5,2
20260218_195524,DpwFbmSimulator,4096,200,0.2,43,0.18220925738233623,6.6089860697785445,1,5,2
20260218_195524,DpwFbmSimulator,4096,200,0.2,44,0.20536966774795767,9.31724904347632,1,5,2
20260218_195524,DpwFbmSimulator,4096,200,0.2,45,0.2354326680649195,6.76878445551025,1,5,2
20260218_195524,DpwFbmSimulator,4096,200,0.2,46,0.24037284327227967,6.332561933868076,1,5,2
20260218_195524,DpwFbmSimulator,4096,200,0.2,47,0.15343809776773365,4.458829517176665,1,5,2
20260218_195524,DpwFbmSimulator,4096,200,0.2,48,0.14640265592591764,7.101347875518388,1,5,2
20260218_195524,DpwFbmSimulator,4096,200,0.2,49,0.07767140408750266,3.495515625254122,1,5,2
20260218_195524,DpwFbmSimulator,4096,200,0.2,50,0.4572834010303543,78.40870140203916,1,5,2
20260218_195524,DpwFbmSimulator,4096,200,0.2,51,0.7836582724026141,7798.340695687904,1,5,2
20260218_195524,DpwFbmSimulator,4096,200,0.2,52,0.22842261402814817,16.25876337082079,1,5,2
20260218_195524,DpwFbmSimulator,4096,200,0.2,53,0.11230033091799844,2.9094557126693705,1,5,2
20260218_195524,DpwFbmSimulator,4096,200,0.2,54,0.18510593602521577,4.709758947132294,1,5,2
20260218_195524,DpwFbmSimulator,4096,200,0.2,55,0.3088470200847794,37.661610634289325,1,5,2
20260218_195524,DpwFbmSimulator,4096,200,0.2,56,0.33112946393513176,15.783547877024386,1,5,2
20260218_195524,DpwFbmSimulator,4096,200,0.2,57,0.16786320831494725,7.862023737971942,1,5,2
20260218_195524,DpwFbmSimulator,4096,200,0.2,58,0.2784792669557768,15.712460488152688,1,5,2
20260218_195524,DpwFbmSimulator,4096,200,0.2,59,0.2497273834134195,11.718841228382312,1,5,2
20260218_195524,DpwFbmSimulator,4096,200,0.2,60,0.3296055988308657,25.523306105763947,1,5,2
20260218_195524,DpwFbmSimulator,4096,200,0.2,61,0.38329883502239226,36.722519802429964,1,5,2
20260218_195524,DpwFbmSimulator,4096,200,0.2,62,0.3135649230766932,12.710177857392205,1,5,2
20260218_195524,DpwFbmSimulator,4096,200,0.2,63,0.25771373780136175,14.419779773605642,1,5,2
20260218_195524,DpwFbmSimulator,4096,200,0.2,64,0.3567588693719348,23.700852744272556,1,5,2
20260218_195524,DpwFbmSimulator,4096,200,0.2,65,0.2579339245680497,13.4763100758795,1,5,2
20260218_195524,DpwFbmSimulator,4096,200,0.2,66,0.23584591110378936,11.369052297233532,1,5,2
20260218_195524,DpwFbmSimulator,4096,200,0.2,67,0.25780700735160983,20.337629382684817,1,5,2
20260218_195524,DpwFbmSimulator,4096,200,0.2,68,0.31154387209761064,9.279492788616668,1,5,2
20260218_195524,DpwFbmSimulator,4096,200,0.2,69,0.2998245912202333,13.760831325153553,1,5,2
20260218_195524,DpwFbmSimulator,4096,200,0.2,70,0.17036509774380654,6.166938148677584,1,5,2
20260218_195524,DpwFbmSimulator,4096,200,0.2,71,0.12787916332542107,4.754419175649403,1,5,2
20260218_195524,DpwFbmSimulator,4096,200,0.2,72,0.23340032755598497,10.437622352164432,1,5,2
20260218_195524,DpwFbmSimulator,4096,200,0.2,73,0.28167745051242565,10.491273248260239,1,5,2
20260218_195524,DpwFbmSimulator,4096,200,0.2,74,0.08684006272403594,4.278755829659439,1,5,2
20260218_195524,DpwFbmSimulator,4096,200,0.2,75,0.2541738746117955,9.448409914712355,1,5,2
20260218_195524,DpwFbmSimulator,4096,200,0.2,76,0.2709726191363993,14.130539670958312,1,5,2
20260218_195524,DpwFbmSimulator,4096,200,0.2,77,0.20356504793921448,7.384752705502776,1,5,2
20260218_195524,DpwFbmSimulator,4096,200,0.2,78,0.0888625054932154,4.45451870290924,1,5,2
20260218_195524,DpwFbmSimulator,4096,200,0.2,79,0.13104403678227414,3.474926372190474,1,5,2
20260218_195524,DpwFbmSimulator,4096,200,0.2,80,0.266958940957562,14.9900075643313,1,5,2
20260218_195524,DpwFbmSimulator,4096,200,0.2,81,0.32737050308156324,10.84113825711489,1,5,2
20260218_195524,DpwFbmSimulator,4096,200,0.2,82,0.19695103824113158,5.396780466282076,1,5,2
20260218_195524,DpwFbmSimulator,4096,200,0.2,83,0.38227957649071437,68.17803135866262,1,5,2
20260218_195524,DpwFbmSimulator,4096,200,0.2,84,0.2066645738704392,5.563277962813893,1,5,2
20260218_195524,DpwFbmSimulator,4096,200,0.2,85,0.18654341004612432,10.328981251468829,1,5,2
20260218_195524,DpwFbmSimulator,4096,200,0.2,86,0.1773533773278036,3.783128506021842,1,5,2
20260218_195524,DpwFbmSimulator,4096,200,0.2,87,0.22635035034670883,12.116071520594328,1,5,2
20260218_195524,DpwFbmSimulator,4096,200,0.2,88,0.29630224238418706,31.11846609108479,1,5,2
20260218_195524,DpwFbmSimulator,4096,200,0.2,89,0.22257246862114707,12.268683964144378,1,5,2
20260218_195524,DpwFbmSimulator,4096,200,0.2,90,0.1516763595606142,2.5693986122830945,1,5,2
20260218_195524,DpwFbmSimulator,4096,200,0.2,91,0.32683988288979954,26.644744778880177,1,5,2
20260218_195524,DpwFbmSimulator,4096,200,0.2,92,0.24356522083991933,10.98479405429243,1,5,2
20260218_195524,DpwFbmSimulator,4096,200,0.2,93,0.21362097667348962,6.113953208801261,1,5,2
20260218_195524,DpwFbmSimulator,4096,200,0.2,94,0.2069467816004876,4.693754133911757,1,5,2
20260218_195524,DpwFbmSimulator,4096,200,0.2,95,0.1670072353737156,8.939380861208644,1,5,2
20260218_195524,DpwFbmSimulator,4096,200,0.2,96,0.18635069841237897,5.999641301246936,1,5,2
20260218_195524,DpwFbmSimulator,4096,200,0.2,97,0.2693916199184435,9.532391393026064,1,5,2
20260218_195524,DpwFbmSimulator,4096,200,0.2,98,0.13559937598844465,7.081988947238236,1,5,2
20260218_195524,DpwFbmSimulator,4096,200,0.2,99,0.2486809468140703,7.237200929851092,1,5,2
20260218_195524,DpwFbmSimulator,4096,200,0.2,100,0.1542317668548625,3.433683801169841,1,5,2
20260218_195524,DpwFbmSimulator,4096,200,0.2,101,0.14012493775523238,4.929231081123615,1,5,2
20260218_195524,DpwFbmSimulator,4096,200,0.2,102,0.2479848976676007,10.627888694505364,1,5,2
20260218_195524,DpwFbmSimulator,4096,200,0.2,103,0.4044794121391125,55.04507504280531,1,5,2
20260218_195524,DpwFbmSimulator,4096,200,0.2,104,0.26521618493782206,13.617320537461216,1,5,2
20260218_195524,DpwFbmSimulator,4096,200,0.2,105,0.3408106522278049,32.78179741912207,1,5,2
20260218_195524,DpwFbmSimulator,4096,200,0.2,106,0.20262358817590734,5.377372065331454,1,5,2
20260218_195524,DpwFbmSimulator,4096,200,0.2,107,0.24996892355589231,7.29787840185287,1,5,2
20260218_195524,DpwFbmSimulator,4096,200,0.2,108,0.2172734959511522,11.835473354607071,1,5,2
20260218_195524,DpwFbmSimulator,4096,200,0.2,109,0.17960148399777026,6.090751474288949,1,5,2
20260218_195524,DpwFbmSimulator,4096,200,0.2,110,0.2323430644251154,19.048823824993985,1,5,2
20260218_195524,DpwFbmSimulator,4096,200,0.2,111,0.23918247725391212,26.209552964651575,1,5,2
20260218_195524,DpwFbmSimulator,4096,200,0.2,112,0.19470851861460933,10.089282552489426,1,5,2
20260218_195524,DpwFbmSimulator,4096,200,0.2,113,0.20621812360854996,7.160566958897746,1,5,2
20260218_195524,DpwFbmSimulator,4096,200,0.2,114,0.060636356175549,2.1543774940636706,1,5,2
20260218_195524,DpwFbmSimulator,4096,200,0.2,115,0.3170048357024973,30.944485495403296,1,5,2
20260218_195524,DpwFbmSimulator,4096,200,0.2,116,0.16005203190939324,3.4585910972538185,1,5,2
20260218_195524,DpwFbmSimulator,4096,200,0.2,117,0.2232602420290371,8.696832624943141,1,5,2
20260218_195524,DpwFbmSimulator,4096,200,0.2,118,0.26867866224094367,9.356760450179435,1,5,2
20260218_195524,DpwFbmSimulator,4096,200,0.2,119,0.26953092285335556,19.421284843639032,1,5,2
20260218_195524,DpwFbmSimulator,4096,200,0.2,120,0.13525532135826113,4.539990291405561,1,5,2
20260218_195524,DpwFbmSimulator,4096,200,0.2,121,0.32796849114497173,21.113850366425012,1,5,2
20260218_195524,DpwFbmSimulator,4096,200,0.2,122,0.219772791385456,7.771026827805515,1,5,2
20260218_195524,DpwFbmSimulator,4096,200,0.2,123,0.18747065988655648,6.559817393605757,1,5,2
20260218_195524,DpwFbmSimulator,4096,200,0.2,124,0.21163209171213707,11.807674471193954,1,5,2
20260218_195524,DpwFbmSimulator,4096,200,0.2,125,0.1292064129397755,6.80473059460794,1,5,2
20260218_195524,DpwFbmSimulator,4096,200,0.2,126,0.916447001586887,29184.780335207666,1,5,2
20260218_195524,DpwFbmSimulator,4096,200,0.2,127,0.23597095793147632,7.22986482904525,1,5,2
20260218_195524,DpwFbmSimulator,4096,200,0.2,128,0.23102556502384541,11.472982042972927,1,5,2
20260218_195524,DpwFbmSimulator,4096,200,0.2,129,0.3410122255858714,62.564525810012995,1,5,2
20260218_195524,DpwFbmSimulator,4096,200,0.2,130,0.2471176302403207,16.19213789295862,1,5,2
20260218_195524,DpwFbmSimulator,4096,200,0.2,131,0.188544681608247,7.855188759128599,1,5,2
20260218_195524,DpwFbmSimulator,4096,200,0.2,132,0.1827691638542109,5.786810690150196,1,5,2
20260218_195524,DpwFbmSimulator,4096,200,0.2,133,0.08433957319034315,3.7500334773688313,1,5,2
20260218_195524,DpwFbmSimulator,4096,200,0.2,134,0.25914415386718775,23.88144458249211,1,5,2
20260218_195524,DpwFbmSimulator,4096,200,0.2,135,0.2423891913539642,10.901533012893854,1,5,2
20260218_195524,DpwFbmSimulator,4096,200,0.2,136,0.15519479633309793,4.219862804553761,1,5,2
20260218_195524,DpwFbmSimulator,4096,200,0.2,137,0.4044246263765378,99.32776311181557,1,5,2
20260218_195524,DpwFbmSimulator,4096,200,0.2,138,0.30755293239183634,13.914687924864548,1,5,2
20260218_195524,DpwFbmSimulator,4096,200,0.2,139,0.2025728266349992,5.803785313536773,1,5,2
20260218_195524,DpwFbmSimulator,4096,200,0.2,140,0.2376575062144141,6.932078564847054,1,5,2
20260218_195524,DpwFbmSimulator,4096,200,0.2,141,0.22593556291002093,11.934437516487638,1,5,2
20260218_195524,DpwFbmSimulator,4096,200,0.2,142,0.24381535017495684,8.792228205101575,1,5,2
20260218_195524,DpwFbmSimulator,4096,200,0.2,143,0.19097268910139167,7.618662229817738,1,5,2
20260218_195524,DpwFbmSimulator,4096,200,0.2,144,0.2072336967671639,7.00793422766421,1,5,2
20260218_195524,DpwFbmSimulator,4096,200,0.2,145,0.15632451025770314,6.01565498562505,1,5,2
20260218_195524,DpwFbmSimulator,4096,200,0.2,146,0.06766209026455493,2.925030411897465,1,5,2
20260218_195524,DpwFbmSimulator,4096,200,0.2,147,0.20171426705038287,10.413690889042266,1,5,2
20260218_195524,DpwFbmSimulator,4096,200,0.2,148,0.28157465744311366,12.027785411118916,1,5,2
20260218_195524,DpwFbmSimulator,4096,200,0.2,149,0.23152274955881608,9.110938488668621,1,5,2
20260218_195524,DpwFbmSimulator,4096,200,0.2,150,0.1127979852455999,4.1742325311834385,1,5,2
20260218_195524,DpwFbmSimulator,4096,200,0.2,151,0.09691466968506075,6.074011985554341,1,5,2
20260218_195524,DpwFbmSimulator,4096,200,0.2,152,0.19880751660021448,8.63799089755871,1,5,2
20260218_195524,DpwFbmSimulator,4096,200,0.2,153,0.22200204575557114,8.005540008185196,1,5,2
20260218_195524,DpwFbmSimulator,4096,200,0.2,154,0.21119944028529603,8.12706143433329,1,5,2
20260218_195524,DpwFbmSimulator,4096,200,0.2,155,0.24052794384473852,11.191231414322445,1,5,2
20260218_195524,DpwFbmSimulator,4096,200,0.2,156,0.23341756023072716,11.720663912770553,1,5,2
20260218_195524,DpwFbmSimulator,4096,200,0.2,157,0.31860095732968036,27.079327305603666,1,5,2
20260218_195524,DpwFbmSimulator,4096,200,0.2,158,0.20562017335637517,9.250540053243597,1,5,2
20260218_195524,DpwFbmSimulator,4096,200,0.2,159,0.24145567715216723,7.977950619468404,1,5,2
20260218_195524,DpwFbmSimulator,4096,200,0.2,160,0.17820815074929355,6.202703482345958,1,5,2
20260218_195524,DpwFbmSimulator,4096,200,0.2,161,0.3101242872751819,26.262215681544024,1,5,2
20260218_195524,DpwFbmSimulator,4096,200,0.2,162,0.141110632211375,4.7772762583061965,1,5,2
20260218_195524,DpwFbmSimulator,4096,200,0.2,163,0.2234715125254092,7.285086346070109,1,5,2
20260218_195524,DpwFbmSimulator,4096,200,0.2,164,0.19227459479914588,8.670407993309171,1,5,2
20260218_195524,DpwFbmSimulator,4096,200,0.2,165,0.23408653370590227,11.4160044236641,1,5,2
20260218_195524,DpwFbmSimulator,4096,200,0.2,166,0.14254994787068978,6.586831300792714,1,5,2
20260218_195524,DpwFbmSimulator,4096,200,0.2,167,0.19226331115063863,6.892411557463628,1,5,2
20260218_195524,DpwFbmSimulator,4096,200,0.2,168,0.4315744761445547,83.32438064059019,1,5,2
20260218_195524,DpwFbmSimulator,4096,200,0.2,169,0.2449484923999505,11.73326084877982,1,5,2
20260218_195524,DpwFbmSimulator,4096,200,0.2,170,0.2994021077477043,11.161600801066657,1,5,2
20260218_195524,DpwFbmSimulator,4096,200,0.2,171,0.1406702488653391,6.678656543215476,1,5,2
20260218_195524,DpwFbmSimulator,4096,200,0.2,172,0.2203861980780644,8.569875989483023,1,5,2
20260218_195524,DpwFbmSimulator,4096,200,0.2,173,0.19009333932028843,3.90843749278627,1,5,2
20260218_195524,DpwFbmSimulator,4096,200,0.2,174,0.004145899271691988,2.5769010981570872,1,5,2
20260218_195524,DpwFbmSimulator,4096,200,0.2,175,0.21938745656718733,5.8566270578121316,1,5,2
20260218_195524,DpwFbmSimulator,4096,200,0.2,176,0.16511883571090927,4.841426090242241,1,5,2
20260218_195524,DpwFbmSimulator,4096,200,0.2,177,0.5876124584654676,187.44851191961567,1,5,2
20260218_195524,DpwFbmSimulator,4096,200,0.2,178,0.12706294560506645,4.926670010613113,1,5,2
20260218_195524,DpwFbmSimulator,4096,200,0.2,179,0.30168648749221566,26.53419777910926,1,5,2
20260218_195524,DpwFbmSimulator,4096,200,0.2,180,0.21688587432645165,7.497737697106425,1,5,2
20260218_195524,DpwFbmSimulator,4096,200,0.2,181,0.09624552463586249,5.4631689039659035,1,5,2
20260218_195524,DpwFbmSimulator,4096,200,0.2,182,0.2705636904712711,16.33712133837659,1,5,2
20260218_195524,DpwFbmSimulator,4096,200,0.2,183,0.17107601919638202,3.0915953848922513,1,5,2
20260218_195524,DpwFbmSimulator,4096,200,0.2,184,0.25912983679573615,19.254654123390793,1,5,2
20260218_195524,DpwFbmSimulator,4096,200,0.2,185,0.19003419235499144,13.88336310031599,1,5,2
20260218_195524,DpwFbmSimulator,4096,200,0.2,186,0.25304523929178974,12.684940027326443,1,5,2
20260218_195524,DpwFbmSimulator,4096,200,0.2,187,0.17953945624247872,6.107467197524821,1,5,2
20260218_195524,DpwFbmSimulator,4096,200,0.2,188,0.190689329730274,6.88838823014058,1,5,2
20260218_195524,DpwFbmSimulator,4096,200,0.2,189,0.14544447347075312,3.7002936871119805,1,5,2
20260218_195524,DpwFbmSimulator,4096,200,0.2,190,0.36602652285050186,32.42491664342919,1,5,2
20260218_195524,DpwFbmSimulator,4096,200,0.2,191,0.5072773288898179,162.14659258225663,1,5,2
20260218_195524,DpwFbmSimulator,4096,200,0.2,192,0.22931486629839495,8.50754243463893,1,5,2
20260218_195524,DpwFbmSimulator,4096,200,0.2,193,0.20875921818565132,13.642816068680292,1,5,2
20260218_195524,DpwFbmSimulator,4096,200,0.2,194,0.3677401094895538,18.82930796438362,1,5,2
20260218_195524,DpwFbmSimulator,4096,200,0.2,195,0.3131666351046985,13.171897997384844,1,5,2
20260218_195524,DpwFbmSimulator,4096,200,0.2,196,0.11484799560160881,6.405659143003386,1,5,2
20260218_195524,DpwFbmSimulator,4096,200,0.2,197,0.3078855597223313,9.545166317191189,1,5,2
20260218_195524,DpwFbmSimulator,4096,200,0.2,198,0.1820947095301836,5.389923918134865,1,5,2
20260218_195524,DpwFbmSimulator,4096,200,0.2,199,0.30862025351708433,28.438870852585993,1,5,2
20260218_195524,DpwFbmSimulator,4096,200,0.2,200,0.20747347547957296,9.944334872568852,1,5,2
20260218_195524,DpwFbmSimulator,4096,200,0.3,1,0.3163494665795237,12.167380425930244,1,5,2
20260218_195524,DpwFbmSimulator,4096,200,0.3,2,0.22135271375778598,3.9026589816620523,1,5,2
20260218_195524,DpwFbmSimulator,4096,200,0.3,3,0.29952365487946897,6.300648649837049,1,5,2
20260218_195524,DpwFbmSimulator,4096,200,0.3,4,0.25950322871743337,4.827621010677497,1,5,2
20260218_195524,DpwFbmSimulator,4096,200,0.3,5,0.24770114595363357,9.494390691877772,1,5,2
20260218_195524,DpwFbmSimulator,4096,200,0.3,6,0.2954342795983437,3.0648506523685346,1,5,2
20260218_195524,DpwFbmSimulator,4096,200,0.3,7,0.30661203333328635,8.312961143535633,1,5,2
20260218_195524,DpwFbmSimulator,4096,200,0.3,8,0.4273441344514594,22.088306379192137,1,5,2
20260218_195524,DpwFbmSimulator,4096,200,0.3,9,0.2670922611362143,4.940807897365564,1,5,2
20260218_195524,DpwFbmSimulator,4096,200,0.3,10,0.2805832195017485,6.581657113124933,1,5,2
20260218_195524,DpwFbmSimulator,4096,200,0.3,11,0.3446814465535684,7.398331190684949,1,5,2
20260218_195524,DpwFbmSimulator,4096,200,0.3,12,0.30842470478252204,6.0063300861880355,1,5,2
20260218_195524,DpwFbmSimulator,4096,200,0.3,13,0.23972756430661155,8.647625331216345,1,5,2
20260218_195524,DpwFbmSimulator,4096,200,0.3,14,0.3969390596352924,16.458392516863448,1,5,2
20260218_195524,DpwFbmSimulator,4096,200,0.3,15,0.3344536222429593,9.957314920639222,1,5,2
20260218_195524,DpwFbmSimulator,4096,200,0.3,16,0.3506059177345355,9.32564184507018,1,5,2
20260218_195524,DpwFbmSimulator,4096,200,0.3,17,0.21478474484177418,4.09195514518428,1,5,2
20260218_195524,DpwFbmSimulator,4096,200,0.3,18,0.29155897448823154,4.547789503597231,1,5,2
20260218_195524,DpwFbmSimulator,4096,200,0.3,19,0.3097708457999205,20.902069288961528,1,5,2
20260218_195524,DpwFbmSimulator,4096,200,0.3,20,0.2532211626173117,3.293851642105032,1,5,2
20260218_195524,DpwFbmSimulator,4096,200,0.3,21,0.4369203166522632,25.556050161585382,1,5,2
20260218_195524,DpwFbmSimulator,4096,200,0.3,22,0.23601460256108917,4.949749233804978,1,5,2
20260218_195524,DpwFbmSimulator,4096,200,0.3,23,0.23338723207952045,7.055402267231567,1,5,2
20260218_195524,DpwFbmSimulator,4096,200,0.3,24,0.48847374008685446,25.292169340607252,1,5,2
20260218_195524,DpwFbmSimulator,4096,200,0.3,25,0.3021828114009768,8.748309748046205,1,5,2
20260218_195524,DpwFbmSimulator,4096,200,0.3,26,0.3831755201812271,17.22308732905838,1,5,2
20260218_195524,DpwFbmSimulator,4096,200,0.3,27,0.22447838117102498,3.95905512236482,1,5,2
20260218_195524,DpwFbmSimulator,4096,200,0.3,28,0.3324353949412222,8.429814267208032,1,5,2
20260218_195524,DpwFbmSimulator,4096,200,0.3,29,0.16600734069330245,1.7084244532525152,1,5,2
20260218_195524,DpwFbmSimulator,4096,200,0.3,30,0.8844920940771861,1808.719916988701,1,5,2
20260218_195524,DpwFbmSimulator,4096,200,0.3,31,0.3370472743708594,7.860954285339669,1,5,2
20260218_195524,DpwFbmSimulator,4096,200,0.3,32,0.3942281263310189,14.546870439485962,1,5,2
20260218_195524,DpwFbmSimulator,4096,200,0.3,33,0.1921776556212733,2.8113552057691504,1,5,2
20260218_195524,DpwFbmSimulator,4096,200,0.3,34,0.3055330746178997,18.15845770618707,1,5,2
20260218_195524,DpwFbmSimulator,4096,200,0.3,35,0.3306533518216106,4.307867872876391,1,5,2
20260218_195524,DpwFbmSimulator,4096,200,0.3,36,0.2504843236446057,6.660143873659228,1,5,2
20260218_195524,DpwFbmSimulator,4096,200,0.3,37,0.3095814084539594,5.135302800734061,1,5,2
20260218_195524,DpwFbmSimulator,4096,200,0.3,38,0.30831569585857177,6.859476411996625,1,5,2
20260218_195524,DpwFbmSimulator,4096,200,0.3,39,0.3344673927903713,8.606274583245575,1,5,2
20260218_195524,DpwFbmSimulator,4096,200,0.3,40,0.13831842996902521,2.2338145488707797,1,5,2
20260218_195524,DpwFbmSimulator,4096,200,0.3,41,0.23420266864773157,3.938245291112947,1,5,2
20260218_195524,DpwFbmSimulator,4096,200,0.3,42,0.30865145876867806,4.227047038258479,1,5,2
20260218_195524,DpwFbmSimulator,4096,200,0.3,43,0.3090924191556551,3.6403638910629765,1,5,2
20260218_195524,DpwFbmSimulator,4096,200,0.3,44,0.1992748041863238,1.597071274876114,1,5,2
20260218_195524,DpwFbmSimulator,4096,200,0.3,45,0.3639314230918682,17.78522033136183,1,5,2
20260218_195524,DpwFbmSimulator,4096,200,0.3,46,0.6793594918085888,211.7311732425472,1,5,2
20260218_195524,DpwFbmSimulator,4096,200,0.3,47,0.33982541663993754,12.56153765450417,1,5,2
20260218_195524,DpwFbmSimulator,4096,200,0.3,48,0.4742198945435035,41.76979441551021,1,5,2
20260218_195524,DpwFbmSimulator,4096,200,0.3,49,0.4176218828541162,22.944753035133548,1,5,2
20260218_195524,DpwFbmSimulator,4096,200,0.3,50,0.18268354475113097,3.9455692650142837,1,5,2
20260218_195524,DpwFbmSimulator,4096,200,0.3,51,0.30157496712531556,7.136432221111743,1,5,2
20260218_195524,DpwFbmSimulator,4096,200,0.3,52,0.26888605649157415,5.782762712336779,1,5,2
20260218_195524,DpwFbmSimulator,4096,200,0.3,53,0.27862334655889803,17.012634393992567,1,5,2
20260218_195524,DpwFbmSimulator,4096,200,0.3,54,0.24157481975399928,3.690621216013272,1,5,2
20260218_195524,DpwFbmSimulator,4096,200,0.3,55,0.25009342709820903,4.698687085623592,1,5,2
20260218_195524,DpwFbmSimulator,4096,200,0.3,56,0.4139742720205186,22.44581073623167,1,5,2
20260218_195524,DpwFbmSimulator,4096,200,0.3,57,0.3157795935837752,5.326112931458195,1,5,2
20260218_195524,DpwFbmSimulator,4096,200,0.3,58,0.2231428082581972,3.4995784193777983,1,5,2
20260218_195524,DpwFbmSimulator,4096,200,0.3,59,0.2985232426808505,5.143673720817847,1,5,2
20260218_195524,DpwFbmSimulator,4096,200,0.3,60,0.2618599566574574,9.770767332293591,1,5,2
20260218_195524,DpwFbmSimulator,4096,200,0.3,61,0.38799952604032023,12.336472163033182,1,5,2
20260218_195524,DpwFbmSimulator,4096,200,0.3,62,0.261585429736246,4.88086628796389,1,5,2
20260218_195524,DpwFbmSimulator,4096,200,0.3,63,0.3257522793953349,7.68290853840459,1,5,2
20260218_195524,DpwFbmSimulator,4096,200,0.3,64,0.27391285524615333,7.178730249887608,1,5,2
20260218_195524,DpwFbmSimulator,4096,200,0.3,65,0.27420445590966264,6.813793139945463,1,5,2
20260218_195524,DpwFbmSimulator,4096,200,0.3,66,0.29883454009067745,5.874754343747231,1,5,2
20260218_195524,DpwFbmSimulator,4096,200,0.3,67,0.28973067836599264,7.2212475769842035,1,5,2
20260218_195524,DpwFbmSimulator,4096,200,0.3,68,0.19498819117848445,5.135287188879558,1,5,2
20260218_195524,DpwFbmSimulator,4096,200,0.3,69,0.3857664224220743,7.839331020842603,1,5,2
20260218_195524,DpwFbmSimulator,4096,200,0.3,70,0.44336252797672476,53.100913320847596,1,5,2
20260218_195524,DpwFbmSimulator,4096,200,0.3,71,0.33972657061747963,6.311708624249433,1,5,2
20260218_195524,DpwFbmSimulator,4096,200,0.3,72,0.1869555653368915,6.420248107755723,1,5,2
20260218_195524,DpwFbmSimulator,4096,200,0.3,73,0.4380757053574225,21.342385762802877,1,5,2
20260218_195524,DpwFbmSimulator,4096,200,0.3,74,0.29783983427365834,5.085404697158084,1,5,2
20260218_195524,DpwFbmSimulator,4096,200,0.3,75,0.4202413855273741,15.411160126320798,1,5,2
20260218_195524,DpwFbmSimulator,4096,200,0.3,76,0.5022043903447263,38.4206312805478,1,5,2
20260218_195524,DpwFbmSimulator,4096,200,0.3,77,0.28414972989136594,10.38241752743397,1,5,2
20260218_195524,DpwFbmSimulator,4096,200,0.3,78,0.3309387544806772,6.820377082619899,1,5,2
20260218_195524,DpwFbmSimulator,4096,200,0.3,79,0.325131011437837,8.22373267981606,1,5,2
20260218_195524,DpwFbmSimulator,4096,200,0.3,80,0.6904658314331358,415.517085468831,1,5,2
20260218_195524,DpwFbmSimulator,4096,200,0.3,81,0.46518446627314575,25.824722840762004,1,5,2
20260218_195524,DpwFbmSimulator,4096,200,0.3,82,0.271395690600303,5.148109776063292,1,5,2
20260218_195524,DpwFbmSimulator,4096,200,0.3,83,0.2976467552973278,6.089367398780884,1,5,2
20260218_195524,DpwFbmSimulator,4096,200,0.3,84,0.24340419752902673,4.976325095002508,1,5,2
20260218_195524,DpwFbmSimulator,4096,200,0.3,85,0.18785672085104377,1.5788903191775945,1,5,2
20260218_195524,DpwFbmSimulator,4096,200,0.3,86,0.2562794854127297,4.198370720224159,1,5,2
20260218_195524,DpwFbmSimulator,4096,200,0.3,87,0.25763144803883153,7.637650016626236,1,5,2
20260218_195524,DpwFbmSimulator,4096,200,0.3,88,0.20811712930552329,4.070265855185221,1,5,2
20260218_195524,DpwFbmSimulator,4096,200,0.3,89,0.30676230648041075,6.952061624265094,1,5,2
20260218_195524,DpwFbmSimulator,4096,200,0.3,90,0.3690518544385516,9.23162728291919,1,5,2
20260218_195524,DpwFbmSimulator,4096,200,0.3,91,0.35919800888379894,9.10693247282849,1,5,2
20260218_195524,DpwFbmSimulator,4096,200,0.3,92,0.455925604877166,32.01628940605565,1,5,2
20260218_195524,DpwFbmSimulator,4096,200,0.3,93,0.23519281240757423,3.8588231895822775,1,5,2
20260218_195524,DpwFbmSimulator,4096,200,0.3,94,0.3917889916075122,17.91501376371603,1,5,2
20260218_195524,DpwFbmSimulator,4096,200,0.3,95,0.45036058261390816,10.937604201335953,1,5,2
20260218_195524,DpwFbmSimulator,4096,200,0.3,96,0.3050345103757552,9.032331149279841,1,5,2
20260218_195524,DpwFbmSimulator,4096,200,0.3,97,0.4670391114453097,48.58087632690073,1,5,2
20260218_195524,DpwFbmSimulator,4096,200,0.3,98,0.5593918440811191,28.412740442781416,1,5,2
20260218_195524,DpwFbmSimulator,4096,200,0.3,99,0.4819264267402153,34.492446457874166,1,5,2
20260218_195524,DpwFbmSimulator,4096,200,0.3,100,0.16012692169113785,1.4867094223987067,1,5,2
20260218_195524,DpwFbmSimulator,4096,200,0.3,101,0.2988674965474738,5.744125110088599,1,5,2
20260218_195524,DpwFbmSimulator,4096,200,0.3,102,0.32715061931715966,10.2008781553518,1,5,2
20260218_195524,DpwFbmSimulator,4096,200,0.3,103,0.2347669733977213,4.183833727983099,1,5,2
20260218_195524,DpwFbmSimulator,4096,200,0.3,104,0.38070875847046387,12.363584232214837,1,5,2
20260218_195524,DpwFbmSimulator,4096,200,0.3,105,0.264248616433976,9.114790867265356,1,5,2
20260218_195524,DpwFbmSimulator,4096,200,0.3,106,0.30249251988088005,9.79820799078545,1,5,2
20260218_195524,DpwFbmSimulator,4096,200,0.3,107,0.1314190544528678,2.495329430192948,1,5,2
20260218_195524,DpwFbmSimulator,4096,200,0.3,108,0.25808144864733173,3.70877147159838,1,5,2
20260218_195524,DpwFbmSimulator,4096,200,0.3,109,0.35224378174200505,4.183583889739384,1,5,2
20260218_195524,DpwFbmSimulator,4096,200,0.3,110,0.24748217616903226,4.424343974434295,1,5,2
20260218_195524,DpwFbmSimulator,4096,200,0.3,111,0.3759486629158432,17.57123102142571,1,5,2
20260218_195524,DpwFbmSimulator,4096,200,0.3,112,0.43879837537188066,40.909837481033996,1,5,2
20260218_195524,DpwFbmSimulator,4096,200,0.3,113,0.2959976854221354,9.408283129202745,1,5,2
20260218_195524,DpwFbmSimulator,4096,200,0.3,114,0.38777609979374844,17.788148593426353,1,5,2
20260218_195524,DpwFbmSimulator,4096,200,0.3,115,0.1715513600092836,1.7903073158780585,1,5,2
20260218_195524,DpwFbmSimulator,4096,200,0.3,116,0.465536532979778,23.80587800887785,1,5,2
20260218_195524,DpwFbmSimulator,4096,200,0.3,117,0.4687618376593427,57.68052963209454,1,5,2
20260218_195524,DpwFbmSimulator,4096,200,0.3,118,0.36504510401944945,14.216182670466454,1,5,2
20260218_195524,DpwFbmSimulator,4096,200,0.3,119,0.22049723246507621,7.196270414388995,1,5,2
20260218_195524,DpwFbmSimulator,4096,200,0.3,120,0.38949874262661094,34.73988630631507,1,5,2
20260218_195524,DpwFbmSimulator,4096,200,0.3,121,0.3769817441655809,15.69857707238081,1,5,2
20260218_195524,DpwFbmSimulator,4096,200,0.3,122,0.29069730245534725,7.882263958181299,1,5,2
20260218_195524,DpwFbmSimulator,4096,200,0.3,123,0.18979783234527137,3.2417383029507425,1,5,2
20260218_195524,DpwFbmSimulator,4096,200,0.3,124,0.4414853694445083,22.134906273367015,1,5,2
20260218_195524,DpwFbmSimulator,4096,200,0.3,125,0.3341137178107804,5.331054747605146,1,5,2
20260218_195524,DpwFbmSimulator,4096,200,0.3,126,0.3736778670735171,19.33232684359851,1,5,2
20260218_195524,DpwFbmSimulator,4096,200,0.3,127,0.3205629633590221,4.374855050405361,1,5,2
20260218_195524,DpwFbmSimulator,4096,200,0.3,128,0.2587619171515119,5.236352012591309,1,5,2
20260218_195524,DpwFbmSimulator,4096,200,0.3,129,0.20187077558199076,1.7918650501719384,1,5,2
20260218_195524,DpwFbmSimulator,4096,200,0.3,130,0.26330465491697824,3.3967819581223995,1,5,2
20260218_195524,DpwFbmSimulator,4096,200,0.3,131,0.2857766132130867,7.166058779645345,1,5,2
20260218_195524,DpwFbmSimulator,4096,200,0.3,132,0.43511184761416366,14.508802812585996,1,5,2
20260218_195524,DpwFbmSimulator,4096,200,0.3,133,0.21253433481477474,1.9688362589935062,1,5,2
20260218_195524,DpwFbmSimulator,4096,200,0.3,134,0.3298462295522364,4.876928804826043,1,5,2
20260218_195524,DpwFbmSimulator,4096,200,0.3,135,0.21660437705861676,6.887401276935112,1,5,2
20260218_195524,DpwFbmSimulator,4096,200,0.3,136,0.2557682173409571,4.231157806779015,1,5,2
20260218_195524,DpwFbmSimulator,4096,200,0.3,137,0.42080884234729926,16.541522239873412,1,5,2
20260218_195524,DpwFbmSimulator,4096,200,0.3,138,0.31478298978096764,5.715820930373782,1,5,2
20260218_195524,DpwFbmSimulator,4096,200,0.3,139,0.3020553428946056,20.67583359124851,1,5,2
20260218_195524,DpwFbmSimulator,4096,200,0.3,140,0.27967091086367996,3.66534682036982,1,5,2
20260218_195524,DpwFbmSimulator,4096,200,0.3,141,0.23977568974947636,2.6478733747015335,1,5,2
20260218_195524,DpwFbmSimulator,4096,200,0.3,142,0.4665382415062619,21.477617739758628,1,5,2
20260218_195524,DpwFbmSimulator,4096,200,0.3,143,0.19597417528057176,2.664121527257646,1,5,2
20260218_195524,DpwFbmSimulator,4096,200,0.3,144,0.37664104712342705,12.274864021136542,1,5,2
20260218_195524,DpwFbmSimulator,4096,200,0.3,145,0.25891052479766713,4.75940013645865,1,5,2
20260218_195524,DpwFbmSimulator,4096,200,0.3,146,0.26226090697198634,6.424821481229731,1,5,2
20260218_195524,DpwFbmSimulator,4096,200,0.3,147,0.30135371343555456,18.309382630704487,1,5,2
20260218_195524,DpwFbmSimulator,4096,200,0.3,148,0.31244898655448977,19.790105388691195,1,5,2
20260218_195524,DpwFbmSimulator,4096,200,0.3,149,0.23920908814392,4.418177662904114,1,5,2
20260218_195524,DpwFbmSimulator,4096,200,0.3,150,0.3631171966118643,18.53226292513892,1,5,2
20260218_195524,DpwFbmSimulator,4096,200,0.3,151,0.32265540060069425,7.329530424592593,1,5,2
20260218_195524,DpwFbmSimulator,4096,200,0.3,152,0.41752257813276716,17.801791463361475,1,5,2
20260218_195524,DpwFbmSimulator,4096,200,0.3,153,0.2390825288700303,5.0104694281636695,1,5,2
20260218_195524,DpwFbmSimulator,4096,200,0.3,154,0.294362647934607,9.844868143307616,1,5,2
20260218_195524,DpwFbmSimulator,4096,200,0.3,155,0.24756893874631442,14.079566919967872,1,5,2
20260218_195524,DpwFbmSimulator,4096,200,0.3,156,0.3274523001575178,23.645414930391777,1,5,2
20260218_195524,DpwFbmSimulator,4096,200,0.3,157,0.2801075037870193,14.144012278257348,1,5,2
20260218_195524,DpwFbmSimulator,4096,200,0.3,158,0.3960875081728766,21.463129154636718,1,5,2
20260218_195524,DpwFbmSimulator,4096,200,0.3,159,0.24156022038057132,4.583801801639366,1,5,2
20260218_195524,DpwFbmSimulator,4096,200,0.3,160,0.323289843860737,10.350282775881816,1,5,2
20260218_195524,DpwFbmSimulator,4096,200,0.3,161,0.2758047211504273,9.008462858838643,1,5,2
20260218_195524,DpwFbmSimulator,4096,200,0.3,162,0.19431067926205653,3.5427120617190644,1,5,2
20260218_195524,DpwFbmSimulator,4096,200,0.3,163,0.3496516733366655,10.752002013211758,1,5,2
20260218_195524,DpwFbmSimulator,4096,200,0.3,164,0.2420522857722292,6.734445968311774,1,5,2
20260218_195524,DpwFbmSimulator,4096,200,0.3,165,0.33459536665642503,6.4613324877168585,1,5,2
20260218_195524,DpwFbmSimulator,4096,200,0.3,166,0.2243992101844709,4.333479200451831,1,5,2
20260218_195524,DpwFbmSimulator,4096,200,0.3,167,0.2813761327118616,7.111193783134452,1,5,2
20260218_195524,DpwFbmSimulator,4096,200,0.3,168,0.4540306704127128,37.86570770949812,1,5,2
20260218_195524,DpwFbmSimulator,4096,200,0.3,169,0.33254294384318944,10.998913930130191,1,5,2
20260218_195524,DpwFbmSimulator,4096,200,0.3,170,0.2064482068073474,2.203833696951165,1,5,2
20260218_195524,DpwFbmSimulator,4096,200,0.3,171,0.3580032791402623,9.877288681895633,1,5,2
20260218_195524,DpwFbmSimulator,4096,200,0.3,172,0.4030988398098117,4.187787688805536,1,5,2
20260218_195524,DpwFbmSimulator,4096,200,0.3,173,0.37900808827480315,6.856742507536266,1,5,2
20260218_195524,DpwFbmSimulator,4096,200,0.3,174,0.27908962369279083,7.067111425123762,1,5,2
20260218_195524,DpwFbmSimulator,4096,200,0.3,175,0.3866725153607955,15.00135984904499,1,5,2
20260218_195524,DpwFbmSimulator,4096,200,0.3,176,0.37249802063342463,16.110955740684762,1,5,2
20260218_195524,DpwFbmSimulator,4096,200,0.3,177,0.43176447941412044,19.050660492630513,1,5,2
20260218_195524,DpwFbmSimulator,4096,200,0.3,178,0.4070052618408616,11.63063502137732,1,5,2
20260218_195524,DpwFbmSimulator,4096,200,0.3,179,0.29964701831971297,16.516509680278247,1,5,2
20260218_195524,DpwFbmSimulator,4096,200,0.3,180,0.2247880146087692,4.19015656883509,1,5,2
20260218_195524,DpwFbmSimulator,4096,200,0.3,181,0.3715269594133479,33.0621914722948,1,5,2
20260218_195524,DpwFbmSimulator,4096,200,0.3,182,0.3545604761983859,11.676792094237697,1,5,2
20260218_195524,DpwFbmSimulator,4096,200,0.3,183,0.4415224667404683,19.58789551306969,1,5,2
20260218_195524,DpwFbmSimulator,4096,200,0.3,184,0.28413771577102237,6.059177044338445,1,5,2
20260218_195524,DpwFbmSimulator,4096,200,0.3,185,0.2581105726313824,2.863172540366644,1,5,2
20260218_195524,DpwFbmSimulator,4096,200,0.3,186,0.572277072316244,93.41837681308553,1,5,2
20260218_195524,DpwFbmSimulator,4096,200,0.3,187,0.29034853954514706,7.176227034911836,1,5,2
20260218_195524,DpwFbmSimulator,4096,200,0.3,188,0.3424414383154963,17.284831974139472,1,5,2
20260218_195524,DpwFbmSimulator,4096,200,0.3,189,0.3173263118585813,9.434233472877292,1,5,2
20260218_195524,DpwFbmSimulator,4096,200,0.3,190,0.33265282665447843,13.84784550407265,1,5,2
20260218_195524,DpwFbmSimulator,4096,200,0.3,191,0.2896581580400621,8.999879826213444,1,5,2
20260218_195524,DpwFbmSimulator,4096,200,0.3,192,0.26503620555095664,7.152180828185117,1,5,2
20260218_195524,DpwFbmSimulator,4096,200,0.3,193,0.3198904947574918,9.506588203983423,1,5,2
20260218_195524,DpwFbmSimulator,4096,200,0.3,194,0.30286955900813417,6.827627460084609,1,5,2
20260218_195524,DpwFbmSimulator,4096,200,0.3,195,0.4084156211098657,10.686889060698658,1,5,2
20260218_195524,DpwFbmSimulator,4096,200,0.3,196,0.16208912162010866,1.8901550291577338,1,5,2
20260218_195524,DpwFbmSimulator,4096,200,0.3,197,0.3191065724702067,7.513925060528516,1,5,2
20260218_195524,DpwFbmSimulator,4096,200,0.3,198,0.5215103186942265,41.79581130829506,1,5,2
20260218_195524,DpwFbmSimulator,4096,200,0.3,199,0.34452206018812004,11.217289081518942,1,5,2
20260218_195524,DpwFbmSimulator,4096,200,0.3,200,0.31390294318858963,3.009689506541749,1,5,2
20260218_195524,DpwFbmSimulator,4096,200,0.4,1,0.2651209279084291,2.6988191857968715,1,5,2
20260218_195524,DpwFbmSimulator,4096,200,0.4,2,0.40773724821082113,6.902693424583532,1,5,2
20260218_195524,DpwFbmSimulator,4096,200,0.4,3,0.4348974339972267,8.495800839143051,1,5,2
20260218_195524,DpwFbmSimulator,4096,200,0.4,4,0.4798981243016067,12.859837867347323,1,5,2
20260218_195524,DpwFbmSimulator,4096,200,0.4,5,0.4113709974919628,5.47999630696461,1,5,2
20260218_195524,DpwFbmSimulator,4096,200,0.4,6,0.37647409486794947,3.5711378212681124,1,5,2
20260218_195524,DpwFbmSimulator,4096,200,0.4,7,0.4593014366201863,6.2502836793255945,1,5,2
20260218_195524,DpwFbmSimulator,4096,200,0.4,8,0.42485959550172764,3.2976103977438185,1,5,2
20260218_195524,DpwFbmSimulator,4096,200,0.4,9,0.42221689333254264,7.108741174446537,1,5,2
20260218_195524,DpwFbmSimulator,4096,200,0.4,10,0.4437509710982176,14.420349660215825,1,5,2
20260218_195524,DpwFbmSimulator,4096,200,0.4,11,0.4098004774072064,7.630944731875328,1,5,2
20260218_195524,DpwFbmSimulator,4096,200,0.4,12,0.3332203441688841,2.6094520517061937,1,5,2
20260218_195524,DpwFbmSimulator,4096,200,0.4,13,0.4788783402914264,10.732727399059684,1,5,2
20260218_195524,DpwFbmSimulator,4096,200,0.4,14,0.4663757067688673,11.610141047498399,1,5,2
20260218_195524,DpwFbmSimulator,4096,200,0.4,15,0.49908181573473215,17.564919697824536,1,5,2
20260218_195524,DpwFbmSimulator,4096,200,0.4,16,0.3836363083968363,3.989053388865208,1,5,2
20260218_195524,DpwFbmSimulator,4096,200,0.4,17,0.38799679929991093,7.762642769273585,1,5,2
20260218_195524,DpwFbmSimulator,4096,200,0.4,18,0.3735794120942012,2.9645364081619543,1,5,2
20260218_195524,DpwFbmSimulator,4096,200,0.4,19,0.5428900529962828,16.326904257693172,1,5,2
20260218_195524,DpwFbmSimulator,4096,200,0.4,20,0.26871653558680836,3.8020562229382953,1,5,2
20260218_195524,DpwFbmSimulator,4096,200,0.4,21,0.4236335372611315,5.499532536899482,1,5,2
20260218_195524,DpwFbmSimulator,4096,200,0.4,22,0.4088627160256143,3.631428369573807,1,5,2
20260218_195524,DpwFbmSimulator,4096,200,0.4,23,0.4197214272107343,8.752568940070173,1,5,2
20260218_195524,DpwFbmSimulator,4096,200,0.4,24,0.22449759742271583,2.224219607979371,1,5,2
20260218_195524,DpwFbmSimulator,4096,200,0.4,25,0.2545896338210055,2.54609009204305,1,5,2
20260218_195524,DpwFbmSimulator,4096,200,0.4,26,0.4579711210520558,11.544794091785425,1,5,2
20260218_195524,DpwFbmSimulator,4096,200,0.4,27,0.41034706302453605,15.790805832082498,1,5,2
20260218_195524,DpwFbmSimulator,4096,200,0.4,28,0.44162347366490706,10.014566573500526,1,5,2
20260218_195524,DpwFbmSimulator,4096,200,0.4,29,0.4472325200793111,12.886455261840009,1,5,2
20260218_195524,DpwFbmSimulator,4096,200,0.4,30,0.5127426926648855,12.65901671740297,1,5,2
20260218_195524,DpwFbmSimulator,4096,200,0.4,31,0.472905438620995,5.58519645408779,1,5,2
20260218_195524,DpwFbmSimulator,4096,200,0.4,32,0.3681061137478611,2.6375327001205267,1,5,2
20260218_195524,DpwFbmSimulator,4096,200,0.4,33,0.4499596478841039,6.616667424008016,1,5,2
20260218_195524,DpwFbmSimulator,4096,200,0.4,34,0.41909098291674046,4.471175490653072,1,5,2
20260218_195524,DpwFbmSimulator,4096,200,0.4,35,0.3710397913719903,2.2473468445619136,1,5,2
20260218_195524,DpwFbmSimulator,4096,200,0.4,36,0.3606743066229533,4.440994942970686,1,5,2
20260218_195524,DpwFbmSimulator,4096,200,0.4,37,0.43206419393289475,9.79783776012543,1,5,2
20260218_195524,DpwFbmSimulator,4096,200,0.4,38,0.35501608780171995,2.349269448107918,1,5,2
20260218_195524,DpwFbmSimulator,4096,200,0.4,39,0.40350112681339456,17.86939742815377,1,5,2
20260218_195524,DpwFbmSimulator,4096,200,0.4,40,0.3678796365553576,6.547691110325033,1,5,2
20260218_195524,DpwFbmSimulator,4096,200,0.4,41,0.4219912216944051,4.78858995312416,1,5,2
20260218_195524,DpwFbmSimulator,4096,200,0.4,42,0.3094873741593059,2.045596859885048,1,5,2
20260218_195524,DpwFbmSimulator,4096,200,0.4,43,0.45465934026129234,11.168449427113757,1,5,2
20260218_195524,DpwFbmSimulator,4096,200,0.4,44,0.3886949581276236,3.7263290635510757,1,5,2
20260218_195524,DpwFbmSimulator,4096,200,0.4,45,0.3118904923246045,3.5686027918059913,1,5,2
20260218_195524,DpwFbmSimulator,4096,200,0.4,46,0.6958805201360202,88.38107151897847,1,5,2
20260218_195524,DpwFbmSimulator,4096,200,0.4,47,0.4102726879186193,7.421884855467058,1,5,2
20260218_195524,DpwFbmSimulator,4096,200,0.4,48,0.25022686457707216,1.5000578289023618,1,5,2
20260218_195524,DpwFbmSimulator,4096,200,0.4,49,0.42959816386814387,17.93305529325546,1,5,2
20260218_195524,DpwFbmSimulator,4096,200,0.4,50,0.3713584660524075,3.2351593092235396,1,5,2
20260218_195524,DpwFbmSimulator,4096,200,0.4,51,0.36446172754578193,3.968537706744684,1,5,2
20260218_195524,DpwFbmSimulator,4096,200,0.4,52,0.4731033166160553,21.8947332372216,1,5,2
20260218_195524,DpwFbmSimulator,4096,200,0.4,53,0.6098402973502445,50.86212909871532,1,5,2
20260218_195524,DpwFbmSimulator,4096,200,0.4,54,0.25562530978957937,2.938601999494432,1,5,2
20260218_195524,DpwFbmSimulator,4096,200,0.4,55,0.5233360056155822,22.049421201400857,1,5,2
20260218_195524,DpwFbmSimulator,4096,200,0.4,56,0.3079895460812212,2.7948950665474714,1,5,2
20260218_195524,DpwFbmSimulator,4096,200,0.4,57,0.37915793556710303,2.021882770043993,1,5,2
20260218_195524,DpwFbmSimulator,4096,200,0.4,58,0.4789970549612708,16.440587280225937,1,5,2
20260218_195524,DpwFbmSimulator,4096,200,0.4,59,0.3791020985593881,7.809315850222213,1,5,2
20260218_195524,DpwFbmSimulator,4096,200,0.4,60,0.3168376040432527,1.9182001507789121,1,5,2
20260218_195524,DpwFbmSimulator,4096,200,0.4,61,0.3657959099555963,6.581871679348414,1,5,2
20260218_195524,DpwFbmSimulator,4096,200,0.4,62,0.17812666919557182,1.3558937594399723,1,5,2
20260218_195524,DpwFbmSimulator,4096,200,0.4,63,0.2625246057991989,2.9461281865102626,1,5,2
20260218_195524,DpwFbmSimulator,4096,200,0.4,64,0.33831642254910305,8.104765189685565,1,5,2
20260218_195524,DpwFbmSimulator,4096,200,0.4,65,0.2504633980757597,2.068448830355121,1,5,2
20260218_195524,DpwFbmSimulator,4096,200,0.4,66,0.4329138129368829,6.580123644223986,1,5,2
20260218_195524,DpwFbmSimulator,4096,200,0.4,67,0.38529667322750716,5.1738132939388475,1,5,2
20260218_195524,DpwFbmSimulator,4096,200,0.4,68,0.4955770400031583,6.461068838360978,1,5,2
20260218_195524,DpwFbmSimulator,4096,200,0.4,69,0.44485614991980715,6.929996624593669,1,5,2
20260218_195524,DpwFbmSimulator,4096,200,0.4,70,0.3736407421414278,6.812970497600825,1,5,2
20260218_195524,DpwFbmSimulator,4096,200,0.4,71,0.2446861189662171,1.4228018299754177,1,5,2
20260218_195524,DpwFbmSimulator,4096,200,0.4,72,0.3347636625879128,3.1574714558790236,1,5,2
20260218_195524,DpwFbmSimulator,4096,200,0.4,73,0.34067622347312326,5.371444007607668,1,5,2
20260218_195524,DpwFbmSimulator,4096,200,0.4,74,0.3754279954467428,7.244439992420429,1,5,2
20260218_195524,DpwFbmSimulator,4096,200,0.4,75,0.566617959365683,31.370911085575738,1,5,2
20260218_195524,DpwFbmSimulator,4096,200,0.4,76,0.30640109418508543,4.04560583906164,1,5,2
20260218_195524,DpwFbmSimulator,4096,200,0.4,77,0.4138563883562156,5.592460834629488,1,5,2
20260218_195524,DpwFbmSimulator,4096,200,0.4,78,0.2751903390627868,2.3320212485853165,1,5,2
20260218_195524,DpwFbmSimulator,4096,200,0.4,79,0.46826908452557575,8.020318146253363,1,5,2
20260218_195524,DpwFbmSimulator,4096,200,0.4,80,0.3201971010969708,2.9379876231242363,1,5,2
20260218_195524,DpwFbmSimulator,4096,200,0.4,81,0.3865112551981242,5.67884082444761,1,5,2
20260218_195524,DpwFbmSimulator,4096,200,0.4,82,0.34271175798318937,2.294728521326946,1,5,2
20260218_195524,DpwFbmSimulator,4096,200,0.4,83,0.36923654616965473,11.001011181482498,1,5,2
20260218_195524,DpwFbmSimulator,4096,200,0.4,84,0.46440512667214295,15.365340013731709,1,5,2
20260218_195524,DpwFbmSimulator,4096,200,0.4,85,0.427548731126272,7.1597680319459025,1,5,2
20260218_195524,DpwFbmSimulator,4096,200,0.4,86,0.8476541061181823,363.9265239222122,1,5,2
20260218_195524,DpwFbmSimulator,4096,200,0.4,87,0.3491137195420298,3.852434640627736,1,5,2
20260218_195524,DpwFbmSimulator,4096,200,0.4,88,0.3889729203871142,6.066612063117306,1,5,2
20260218_195524,DpwFbmSimulator,4096,200,0.4,89,0.30645490749973614,3.0477198226500737,1,5,2
20260218_195524,DpwFbmSimulator,4096,200,0.4,90,0.4662283659557364,14.949291061449367,1,5,2
20260218_195524,DpwFbmSimulator,4096,200,0.4,91,0.3817600115770486,7.417186654256006,1,5,2
20260218_195524,DpwFbmSimulator,4096,200,0.4,92,0.4689550030759405,9.886394415368335,1,5,2
20260218_195524,DpwFbmSimulator,4096,200,0.4,93,0.44234399128006213,14.0763468278449,1,5,2
20260218_195524,DpwFbmSimulator,4096,200,0.4,94,0.2535149687314042,2.8386330667605217,1,5,2
20260218_195524,DpwFbmSimulator,4096,200,0.4,95,0.43214309120636785,9.796795308702533,1,5,2
20260218_195524,DpwFbmSimulator,4096,200,0.4,96,0.4872133298460402,11.840624089192112,1,5,2
20260218_195524,DpwFbmSimulator,4096,200,0.4,97,0.4721309498671848,16.548917369955582,1,5,2
20260218_195524,DpwFbmSimulator,4096,200,0.4,98,0.35985991431050823,6.3721655885006205,1,5,2
20260218_195524,DpwFbmSimulator,4096,200,0.4,99,0.39060072254568706,5.721144093165821,1,5,2
20260218_195524,DpwFbmSimulator,4096,200,0.4,100,0.3356084096959351,6.27438066057807,1,5,2
20260218_195524,DpwFbmSimulator,4096,200,0.4,101,0.39631796226008187,10.555138690194074,1,5,2
20260218_195524,DpwFbmSimulator,4096,200,0.4,102,0.6820515634401336,26.480360163295543,1,5,2
20260218_195524,DpwFbmSimulator,4096,200,0.4,103,0.5107496677583564,14.283292561749818,1,5,2
20260218_195524,DpwFbmSimulator,4096,200,0.4,104,0.29990957901479,3.3627044303964024,1,5,2
20260218_195524,DpwFbmSimulator,4096,200,0.4,105,0.394321693784938,4.40519991590836,1,5,2
20260218_195524,DpwFbmSimulator,4096,200,0.4,106,0.6170338968997877,37.10631969655063,1,5,2
20260218_195524,DpwFbmSimulator,4096,200,0.4,107,0.3702695333250212,2.4245378809987073,1,5,2
20260218_195524,DpwFbmSimulator,4096,200,0.4,108,0.33657856748266773,3.7274499838690724,1,5,2
20260218_195524,DpwFbmSimulator,4096,200,0.4,109,0.23782310006994462,2.2516959025557064,1,5,2
20260218_195524,DpwFbmSimulator,4096,200,0.4,110,0.3409734482484163,2.7826939881119515,1,5,2
20260218_195524,DpwFbmSimulator,4096,200,0.4,111,0.6236457842435655,37.473494419849516,1,5,2
20260218_195524,DpwFbmSimulator,4096,200,0.4,112,0.47677526322143693,8.32814992577857,1,5,2
20260218_195524,DpwFbmSimulator,4096,200,0.4,113,0.4057512075016998,5.729806235327014,1,5,2
20260218_195524,DpwFbmSimulator,4096,200,0.4,114,0.42372679503941085,18.876556046329434,1,5,2
20260218_195524,DpwFbmSimulator,4096,200,0.4,115,0.3539445023652192,5.173339487203349,1,5,2
20260218_195524,DpwFbmSimulator,4096,200,0.4,116,0.4665009932341829,18.571987467957648,1,5,2
20260218_195524,DpwFbmSimulator,4096,200,0.4,117,0.42590450008688907,11.059999345662355,1,5,2
20260218_195524,DpwFbmSimulator,4096,200,0.4,118,0.5678519942488098,38.3969985591652,1,5,2
20260218_195524,DpwFbmSimulator,4096,200,0.4,119,0.36408724801987247,3.461288981079778,1,5,2
20260218_195524,DpwFbmSimulator,4096,200,0.4,120,0.31479502257195957,3.8163886280270924,1,5,2
20260218_195524,DpwFbmSimulator,4096,200,0.4,121,0.2359707329714309,1.5500365275219643,1,5,2
20260218_195524,DpwFbmSimulator,4096,200,0.4,122,0.4550632860889551,16.068629154904542,1,5,2
20260218_195524,DpwFbmSimulator,4096,200,0.4,123,0.41428263546181515,16.986853813291685,1,5,2
20260218_195524,DpwFbmSimulator,4096,200,0.4,124,0.42701195862218083,6.146696521713002,1,5,2
20260218_195524,DpwFbmSimulator,4096,200,0.4,125,0.5662789114493499,22.40575874038751,1,5,2
20260218_195524,DpwFbmSimulator,4096,200,0.4,126,0.4487480576815011,7.306712524415412,1,5,2
20260218_195524,DpwFbmSimulator,4096,200,0.4,127,0.37477159782802644,4.199258656958396,1,5,2
20260218_195524,DpwFbmSimulator,4096,200,0.4,128,0.4320442581816327,15.718592440940267,1,5,2
20260218_195524,DpwFbmSimulator,4096,200,0.4,129,0.1842061619467361,1.6084885476435116,1,5,2
20260218_195524,DpwFbmSimulator,4096,200,0.4,130,0.3940143680773117,4.239834349366997,1,5,2
20260218_195524,DpwFbmSimulator,4096,200,0.4,131,0.3181831424522925,2.0799696515962993,1,5,2
20260218_195524,DpwFbmSimulator,4096,200,0.4,132,0.47998581288469727,13.950927729792431,1,5,2
20260218_195524,DpwFbmSimulator,4096,200,0.4,133,0.4014456277729063,3.747529575717596,1,5,2
20260218_195524,DpwFbmSimulator,4096,200,0.4,134,0.25546081338659093,1.7169651302313254,1,5,2
20260218_195524,DpwFbmSimulator,4096,200,0.4,135,0.5897153889620551,33.76487528503959,1,5,2
20260218_195524,DpwFbmSimulator,4096,200,0.4,136,0.2603299193258575,2.0520515139624425,1,5,2
20260218_195524,DpwFbmSimulator,4096,200,0.4,137,0.4414645327867495,13.217189697242972,1,5,2
20260218_195524,DpwFbmSimulator,4096,200,0.4,138,0.4739086114183601,10.593556903329217,1,5,2
20260218_195524,DpwFbmSimulator,4096,200,0.4,139,0.41760203378731253,4.198363344422971,1,5,2
20260218_195524,DpwFbmSimulator,4096,200,0.4,140,0.30705320721180956,1.6721727362250347,1,5,2
20260218_195524,DpwFbmSimulator,4096,200,0.4,141,0.41585426526329,5.278423243260784,1,5,2
20260218_195524,DpwFbmSimulator,4096,200,0.4,142,0.5223626016654143,16.414566084879155,1,5,2
20260218_195524,DpwFbmSimulator,4096,200,0.4,143,0.5265062796711889,14.24952360802478,1,5,2
20260218_195524,DpwFbmSimulator,4096,200,0.4,144,0.46356067354400254,5.809151459724251,1,5,2
20260218_195524,DpwFbmSimulator,4096,200,0.4,145,0.38075618842715825,11.11755936211654,1,5,2
20260218_195524,DpwFbmSimulator,4096,200,0.4,146,0.3256845376031488,4.065722843944641,1,5,2
20260218_195524,DpwFbmSimulator,4096,200,0.4,147,0.26940828471377665,1.485259776285905,1,5,2
20260218_195524,DpwFbmSimulator,4096,200,0.4,148,0.3669123652875091,7.638871338039865,1,5,2
20260218_195524,DpwFbmSimulator,4096,200,0.4,149,0.5110311254388316,23.81302826475997,1,5,2
20260218_195524,DpwFbmSimulator,4096,200,0.4,150,0.3481498562294041,3.6078849709509284,1,5,2
20260218_195524,DpwFbmSimulator,4096,200,0.4,151,0.4410179854761075,7.737022414693115,1,5,2
20260218_195524,DpwFbmSimulator,4096,200,0.4,152,0.3931212356525265,7.078180533759252,1,5,2
20260218_195524,DpwFbmSimulator,4096,200,0.4,153,0.40453213087315343,7.355723682005582,1,5,2
20260218_195524,DpwFbmSimulator,4096,200,0.4,154,0.2933687900744573,2.4594663618839534,1,5,2
20260218_195524,DpwFbmSimulator,4096,200,0.4,155,0.3914674684755866,5.436485393545453,1,5,2
20260218_195524,DpwFbmSimulator,4096,200,0.4,156,0.2759960863610742,7.524555179760472,1,5,2
20260218_195524,DpwFbmSimulator,4096,200,0.4,157,0.4143112207360108,6.490665314414895,1,5,2
20260218_195524,DpwFbmSimulator,4096,200,0.4,158,0.5492940424480401,24.425263053342125,1,5,2
20260218_195524,DpwFbmSimulator,4096,200,0.4,159,0.4446849650631304,18.41320152387177,1,5,2
20260218_195524,DpwFbmSimulator,4096,200,0.4,160,0.3372088386543022,2.230321416155706,1,5,2
20260218_195524,DpwFbmSimulator,4096,200,0.4,161,0.3106572405465626,3.7896249201628596,1,5,2
20260218_195524,DpwFbmSimulator,4096,200,0.4,162,0.4315292320004672,5.633739461439464,1,5,2
20260218_195524,DpwFbmSimulator,4096,200,0.4,163,0.4710999678062256,25.173913436659525,1,5,2
20260218_195524,DpwFbmSimulator,4096,200,0.4,164,0.3661942130023642,9.564085064241032,1,5,2
20260218_195524,DpwFbmSimulator,4096,200,0.4,165,0.41719928816804147,11.954198794512346,1,5,2
20260218_195524,DpwFbmSimulator,4096,200,0.4,166,0.319932659907512,2.3854942837431,1,5,2
20260218_195524,DpwFbmSimulator,4096,200,0.4,167,0.6016045828801032,80.91587353109416,1,5,2
20260218_195524,DpwFbmSimulator,4096,200,0.4,168,0.42055816743567875,7.247127130729942,1,5,2
20260218_195524,DpwFbmSimulator,4096,200,0.4,169,0.39931370156825724,5.393328034552166,1,5,2
20260218_195524,DpwFbmSimulator,4096,200,0.4,170,0.3208414701526188,5.124064021217487,1,5,2
20260218_195524,DpwFbmSimulator,4096,200,0.4,171,0.3538709590724526,4.99862729877687,1,5,2
20260218_195524,DpwFbmSimulator,4096,200,0.4,172,0.45441326909240154,14.661752717555744,1,5,2
20260218_195524,DpwFbmSimulator,4096,200,0.4,173,0.5398280881356909,19.890002089183326,1,5,2
20260218_195524,DpwFbmSimulator,4096,200,0.4,174,0.3448692618828782,6.37713254297264,1,5,2
20260218_195524,DpwFbmSimulator,4096,200,0.4,175,0.38493408256306905,13.588759868410603,1,5,2
20260218_195524,DpwFbmSimulator,4096,200,0.4,176,0.3778648470991072,15.153081289164575,1,5,2
20260218_195524,DpwFbmSimulator,4096,200,0.4,177,0.2940100331483345,2.700892462971783,1,5,2
20260218_195524,DpwFbmSimulator,4096,200,0.4,178,0.3813960900532489,7.315019675525907,1,5,2
20260218_195524,DpwFbmSimulator,4096,200,0.4,179,0.4996159923269256,11.216315976539596,1,5,2
20260218_195524,DpwFbmSimulator,4096,200,0.4,180,0.46074386681246426,7.565211374046129,1,5,2
20260218_195524,DpwFbmSimulator,4096,200,0.4,181,0.2778083423718435,4.711862765778295,1,5,2
20260218_195524,DpwFbmSimulator,4096,200,0.4,182,0.30191133151972477,2.9682463085247517,1,5,2
20260218_195524,DpwFbmSimulator,4096,200,0.4,183,0.43578163161282457,10.194481509006485,1,5,2
20260218_195524,DpwFbmSimulator,4096,200,0.4,184,0.14827274028603366,1.1242935638577523,1,5,2
20260218_195524,DpwFbmSimulator,4096,200,0.4,185,0.4786023598970922,12.9482999427576,1,5,2
20260218_195524,DpwFbmSimulator,4096,200,0.4,186,0.4156587553817798,5.537599006153304,1,5,2
20260218_195524,DpwFbmSimulator,4096,200,0.4,187,0.37685538176975214,4.438282543806414,1,5,2
20260218_195524,DpwFbmSimulator,4096,200,0.4,188,0.5069975719779583,34.56835510396184,1,5,2
20260218_195524,DpwFbmSimulator,4096,200,0.4,189,0.5067123472166793,20.100805478737048,1,5,2
20260218_195524,DpwFbmSimulator,4096,200,0.4,190,0.32596822586539526,4.044077637838804,1,5,2
20260218_195524,DpwFbmSimulator,4096,200,0.4,191,0.3544902139458249,10.43266261049392,1,5,2
20260218_195524,DpwFbmSimulator,4096,200,0.4,192,0.2991569765520785,2.6715235879039967,1,5,2
20260218_195524,DpwFbmSimulator,4096,200,0.4,193,0.27791556769825526,3.0334648523309067,1,5,2
20260218_195524,DpwFbmSimulator,4096,200,0.4,194,0.31999113763716536,2.9678498549886845,1,5,2
20260218_195524,DpwFbmSimulator,4096,200,0.4,195,0.4737203199622047,11.677047707368315,1,5,2
20260218_195524,DpwFbmSimulator,4096,200,0.4,196,0.3366582424304493,5.590357855619346,1,5,2
20260218_195524,DpwFbmSimulator,4096,200,0.4,197,0.4208262050599543,6.6506819356349425,1,5,2
20260218_195524,DpwFbmSimulator,4096,200,0.4,198,0.3597244824299776,4.523932481699705,1,5,2
20260218_195524,DpwFbmSimulator,4096,200,0.4,199,0.4298676544046667,11.543751166689722,1,5,2
20260218_195524,DpwFbmSimulator,4096,200,0.4,200,0.3864874227561537,6.661125712378157,1,5,2
20260218_195524,DpwFbmSimulator,4096,200,0.5,1,0.4570755826333433,5.549654946269105,1,5,2
20260218_195524,DpwFbmSimulator,4096,200,0.5,2,0.6471020085195237,24.322862502227537,1,5,2
20260218_195524,DpwFbmSimulator,4096,200,0.5,3,0.7101218978456376,50.4099760616561,1,5,2
20260218_195524,DpwFbmSimulator,4096,200,0.5,4,0.41490886572051616,3.4029029921141256,1,5,2
20260218_195524,DpwFbmSimulator,4096,200,0.5,5,0.47697596437403017,6.066659441194954,1,5,2
20260218_195524,DpwFbmSimulator,4096,200,0.5,6,0.494735460198912,10.09103907284114,1,5,2
20260218_195524,DpwFbmSimulator,4096,200,0.5,7,0.5902814829414906,13.098353171714693,1,5,2
20260218_195524,DpwFbmSimulator,4096,200,0.5,8,0.5747670239698796,13.719326569481508,1,5,2
20260218_195524,DpwFbmSimulator,4096,200,0.5,9,0.4700436352220033,4.982017877017849,1,5,2
20260218_195524,DpwFbmSimulator,4096,200,0.5,10,0.382347727462245,1.4317605333370695,1,5,2
20260218_195524,DpwFbmSimulator,4096,200,0.5,11,0.4842051608894583,12.078255269012184,1,5,2
20260218_195524,DpwFbmSimulator,4096,200,0.5,12,0.5925045294914154,11.423564017093979,1,5,2
20260218_195524,DpwFbmSimulator,4096,200,0.5,13,0.42879109391097137,2.8658118610029444,1,5,2
20260218_195524,DpwFbmSimulator,4096,200,0.5,14,0.2943553847773986,0.8828640523476534,1,5,2
20260218_195524,DpwFbmSimulator,4096,200,0.5,15,0.5911951706383155,12.834985401375778,1,5,2
20260218_195524,DpwFbmSimulator,4096,200,0.5,16,0.4224811094055497,5.9657943086937335,1,5,2
20260218_195524,DpwFbmSimulator,4096,200,0.5,17,0.8058655696370495,316.1128036418885,1,5,2
20260218_195524,DpwFbmSimulator,4096,200,0.5,18,0.5384079527049619,4.821794142791399,1,5,2
20260218_195524,DpwFbmSimulator,4096,200,0.5,19,0.37605267588289737,4.492604014772198,1,5,2
20260218_195524,DpwFbmSimulator,4096,200,0.5,20,0.31804592827967526,0.8212887632362708,1,5,2
20260218_195524,DpwFbmSimulator,4096,200,0.5,21,0.9006188465583088,809.9724811929918,1,5,2
20260218_195524,DpwFbmSimulator,4096,200,0.5,22,0.46188865886488817,4.467842898152411,1,5,2
20260218_195524,DpwFbmSimulator,4096,200,0.5,23,0.5643278512014374,15.355138172645564,1,5,2
20260218_195524,DpwFbmSimulator,4096,200,0.5,24,0.3296158841974902,2.7123523240235454,1,5,2
20260218_195524,DpwFbmSimulator,4096,200,0.5,25,0.45725434520116104,4.74648782488156,1,5,2
20260218_195524,DpwFbmSimulator,4096,200,0.5,26,0.44034943654386954,3.9805411803189146,1,5,2
20260218_195524,DpwFbmSimulator,4096,200,0.5,27,0.39740728508108786,6.509124242091526,1,5,2
20260218_195524,DpwFbmSimulator,4096,200,0.5,28,0.5457637484049513,4.684124572582035,1,5,2
20260218_195524,DpwFbmSimulator,4096,200,0.5,29,0.5093157203188732,8.181619763796272,1,5,2
20260218_195524,DpwFbmSimulator,4096,200,0.5,30,0.5416146371647942,12.600988785068877,1,5,2
20260218_195524,DpwFbmSimulator,4096,200,0.5,31,0.4248307289894487,2.4163518424776402,1,5,2
20260218_195524,DpwFbmSimulator,4096,200,0.5,32,0.4826142131788724,9.563064173920532,1,5,2
20260218_195524,DpwFbmSimulator,4096,200,0.5,33,0.5702885382986538,21.061286052816804,1,5,2
20260218_195524,DpwFbmSimulator,4096,200,0.5,34,0.4113923267580122,5.396322154784833,1,5,2
20260218_195524,DpwFbmSimulator,4096,200,0.5,35,0.3822497845191758,1.6462790213823097,1,5,2
20260218_195524,DpwFbmSimulator,4096,200,0.5,36,0.521403712675841,19.8274591476342,1,5,2
20260218_195524,DpwFbmSimulator,4096,200,0.5,37,0.5104350531210484,14.61824049036111,1,5,2
20260218_195524,DpwFbmSimulator,4096,200,0.5,38,0.47380002468101584,8.05972715448103,1,5,2
20260218_195524,DpwFbmSimulator,4096,200,0.5,39,0.49603484544917037,5.78243730012365,1,5,2
20260218_195524,DpwFbmSimulator,4096,200,0.5,40,0.5377919720217417,12.5299721105972,1,5,2
20260218_195524,DpwFbmSimulator,4096,200,0.5,41,0.35168151968888567,4.849677747871644,1,5,2
20260218_195524,DpwFbmSimulator,4096,200,0.5,42,0.533407960418166,9.245590960142774,1,5,2
20260218_195524,DpwFbmSimulator,4096,200,0.5,43,0.4830526171248208,5.084741189687553,1,5,2
20260218_195524,DpwFbmSimulator,4096,200,0.5,44,0.5089258017289204,9.672258584862616,1,5,2
20260218_195524,DpwFbmSimulator,4096,200,0.5,45,0.6655900616331313,33.42310187116769,1,5,2
20260218_195524,DpwFbmSimulator,4096,200,0.5,46,0.6384378987914834,52.109350167947355,1,5,2
20260218_195524,DpwFbmSimulator,4096,200,0.5,47,0.514285965734701,12.553015671151865,1,5,2
20260218_195524,DpwFbmSimulator,4096,200,0.5,48,0.5002100904481976,12.089923720095301,1,5,2
20260218_195524,DpwFbmSimulator,4096,200,0.5,49,0.584537916128232,9.06162629570981,1,5,2
20260218_195524,DpwFbmSimulator,4096,200,0.5,50,0.8089949552937116,80.31064748319928,1,5,2
20260218_195524,DpwFbmSimulator,4096,200,0.5,51,0.5696151716232308,7.900942497455546,1,5,2
20260218_195524,DpwFbmSimulator,4096,200,0.5,52,0.3111147496886143,1.7312934447510395,1,5,2
20260218_195524,DpwFbmSimulator,4096,200,0.5,53,0.3752189933105489,1.8442934633172092,1,5,2
20260218_195524,DpwFbmSimulator,4096,200,0.5,54,0.46981573605949495,7.907517663924321,1,5,2
20260218_195524,DpwFbmSimulator,4096,200,0.5,55,0.6741824093567873,26.63426496759768,1,5,2
20260218_195524,DpwFbmSimulator,4096,200,0.5,56,0.4881439191908769,6.371666955232734,1,5,2
20260218_195524,DpwFbmSimulator,4096,200,0.5,57,0.6067554138188029,16.079564966097493,1,5,2
20260218_195524,DpwFbmSimulator,4096,200,0.5,58,0.6624665634411621,48.28734969948951,1,5,2
20260218_195524,DpwFbmSimulator,4096,200,0.5,59,0.46306583937807844,6.646138064810274,1,5,2
20260218_195524,DpwFbmSimulator,4096,200,0.5,60,0.4173247331535417,4.742471085523094,1,5,2
20260218_195524,DpwFbmSimulator,4096,200,0.5,61,0.4802412921627247,5.1358117519935504,1,5,2
20260218_195524,DpwFbmSimulator,4096,200,0.5,62,0.4302031429244165,7.207059453886285,1,5,2
20260218_195524,DpwFbmSimulator,4096,200,0.5,63,0.5645843806389742,20.304242543990057,1,5,2
20260218_195524,DpwFbmSimulator,4096,200,0.5,64,0.24952521225418417,1.2788600333125764,1,5,2
20260218_195524,DpwFbmSimulator,4096,200,0.5,65,0.5597094775719782,15.407104277219782,1,5,2
20260218_195524,DpwFbmSimulator,4096,200,0.5,66,0.4799640970023341,6.071817499549567,1,5,2
20260218_195524,DpwFbmSimulator,4096,200,0.5,67,0.6178127640425434,37.94864969735469,1,5,2
20260218_195524,DpwFbmSimulator,4096,200,0.5,68,0.7012408687100973,96.74125271899794,1,5,2
20260218_195524,DpwFbmSimulator,4096,200,0.5,69,0.5287874507776629,12.605503511337528,1,5,2
20260218_195524,DpwFbmSimulator,4096,200,0.5,70,0.5398264937564146,7.945729453995312,1,5,2
20260218_195524,DpwFbmSimulator,4096,200,0.5,71,0.6544685215627191,15.6795788984924,1,5,2
20260218_195524,DpwFbmSimulator,4096,200,0.5,72,0.6647244083192194,54.97472931831256,1,5,2
20260218_195524,DpwFbmSimulator,4096,200,0.5,73,0.45259608557967324,4.376139120857753,1,5,2
20260218_195524,DpwFbmSimulator,4096,200,0.5,74,0.568833241410122,8.7471990967244,1,5,2
20260218_195524,DpwFbmSimulator,4096,200,0.5,75,0.6497076306622596,18.186336775082932,1,5,2
20260218_195524,DpwFbmSimulator,4096,200,0.5,76,0.5999312097250028,18.368625118643156,1,5,2
20260218_195524,DpwFbmSimulator,4096,200,0.5,77,0.42425838165694724,4.5577574103244,1,5,2
20260218_195524,DpwFbmSimulator,4096,200,0.5,78,0.5858625973012773,19.757556632441254,1,5,2
20260218_195524,DpwFbmSimulator,4096,200,0.5,79,0.45141592865683655,3.1625704125930336,1,5,2
20260218_195524,DpwFbmSimulator,4096,200,0.5,80,0.4746566520569936,15.605937932502771,1,5,2
20260218_195524,DpwFbmSimulator,4096,200,0.5,81,0.5312725726074674,9.203657511075257,1,5,2
20260218_195524,DpwFbmSimulator,4096,200,0.5,82,0.4527356003111333,2.3627023539586314,1,5,2
20260218_195524,DpwFbmSimulator,4096,200,0.5,83,0.5007059627793523,4.815399458193749,1,5,2
20260218_195524,DpwFbmSimulator,4096,200,0.5,84,0.2907459627618223,0.7222460508045926,1,5,2
20260218_195524,DpwFbmSimulator,4096,200,0.5,85,0.41732618877865824,3.4111702018992633,1,5,2
20260218_195524,DpwFbmSimulator,4096,200,0.5,86,0.466084693013465,10.195390751384508,1,5,2
20260218_195524,DpwFbmSimulator,4096,200,0.5,87,0.33009644187566595,2.8960771327646118,1,5,2
20260218_195524,DpwFbmSimulator,4096,200,0.5,88,0.47610828180242754,2.913606496718001,1,5,2
20260218_195524,DpwFbmSimulator,4096,200,0.5,89,0.39463876195586983,4.782337463208901,1,5,2
20260218_195524,DpwFbmSimulator,4096,200,0.5,90,0.4983916547463445,4.220431007685883,1,5,2
20260218_195524,DpwFbmSimulator,4096,200,0.5,91,0.4386938567858592,1.9694305495027324,1,5,2
20260218_195524,DpwFbmSimulator,4096,200,0.5,92,0.5339535395286186,5.775310775951377,1,5,2
20260218_195524,DpwFbmSimulator,4096,200,0.5,93,0.5277517955746711,15.601473307279884,1,5,2
20260218_195524,DpwFbmSimulator,4096,200,0.5,94,0.43058686725407574,2.7110062489875144,1,5,2
20260218_195524,DpwFbmSimulator,4096,200,0.5,95,0.41242945888321825,2.594537356064411,1,5,2
20260218_195524,DpwFbmSimulator,4096,200,0.5,96,0.5748343506042645,6.057464394154574,1,5,2
20260218_195524,DpwFbmSimulator,4096,200,0.5,97,0.457639437168289,9.28812254737713,1,5,2
20260218_195524,DpwFbmSimulator,4096,200,0.5,98,0.4547397739650607,6.212280283320833,1,5,2
20260218_195524,DpwFbmSimulator,4096,200,0.5,99,0.42132673932113923,4.0637885393048885,1,5,2
20260218_195524,DpwFbmSimulator,4096,200,0.5,100,0.5897138565078466,11.51738781061966,1,5,2
20260218_195524,DpwFbmSimulator,4096,200,0.5,101,0.3655430644838398,1.3225364596952476,1,5,2
20260218_195524,DpwFbmSimulator,4096,200,0.5,102,0.5165214025309959,13.818664216936089,1,5,2
20260218_195524,DpwFbmSimulator,4096,200,0.5,103,0.5131504405606021,14.621180444850758,1,5,2
20260218_195524,DpwFbmSimulator,4096,200,0.5,104,0.6056468034418916,26.236562466801274,1,5,2
20260218_195524,DpwFbmSimulator,4096,200,0.5,105,0.5061519899961842,4.8759764168319135,1,5,2
20260218_195524,DpwFbmSimulator,4096,200,0.5,106,0.6198915680876828,19.548112320352317,1,5,2
20260218_195524,DpwFbmSimulator,4096,200,0.5,107,0.6197598385822175,45.62126424501488,1,5,2
20260218_195524,DpwFbmSimulator,4096,200,0.5,108,0.5402561051848129,16.212445905328195,1,5,2
20260218_195524,DpwFbmSimulator,4096,200,0.5,109,0.640662412188642,14.075791287423739,1,5,2
20260218_195524,DpwFbmSimulator,4096,200,0.5,110,0.4335866567986263,2.469460742931444,1,5,2
20260218_195524,DpwFbmSimulator,4096,200,0.5,111,0.592258376036051,18.645189684449488,1,5,2
20260218_195524,DpwFbmSimulator,4096,200,0.5,112,0.5142972124663916,4.355512718071244,1,5,2
20260218_195524,DpwFbmSimulator,4096,200,0.5,113,0.5494554214068903,13.967596530938788,1,5,2
20260218_195524,DpwFbmSimulator,4096,200,0.5,114,0.5759476195721531,6.833141423171067,1,5,2
20260218_195524,DpwFbmSimulator,4096,200,0.5,115,0.6973647633729285,26.985146005218027,1,5,2
20260218_195524,DpwFbmSimulator,4096,200,0.5,116,0.522906876930717,7.2547514925686105,1,5,2
20260218_195524,DpwFbmSimulator,4096,200,0.5,117,0.5150704627727236,11.035917645009016,1,5,2
20260218_195524,DpwFbmSimulator,4096,200,0.5,118,0.5444521035900288,9.807547389055715,1,5,2
20260218_195524,DpwFbmSimulator,4096,200,0.5,119,0.36736894760338196,3.4940472090459327,1,5,2
20260218_195524,DpwFbmSimulator,4096,200,0.5,120,0.571477085022283,14.885697529371402,1,5,2
20260218_195524,DpwFbmSimulator,4096,200,0.5,121,0.43765634254966373,3.515856390146197,1,5,2
20260218_195524,DpwFbmSimulator,4096,200,0.5,122,0.5062209406498449,5.815167537770925,1,5,2
20260218_195524,DpwFbmSimulator,4096,200,0.5,123,0.7229027530086286,58.30347231767712,1,5,2
20260218_195524,DpwFbmSimulator,4096,200,0.5,124,0.5295678151165097,7.899611560582344,1,5,2
20260218_195524,DpwFbmSimulator,4096,200,0.5,125,0.38616970416393437,5.380169884699608,1,5,2
20260218_195524,DpwFbmSimulator,4096,200,0.5,126,0.38594338916642545,3.319051933108722,1,5,2
20260218_195524,DpwFbmSimulator,4096,200,0.5,127,0.48278043171342455,6.0967255614832965,1,5,2
20260218_195524,DpwFbmSimulator,4096,200,0.5,128,0.6171007158330093,10.924028593595814,1,5,2
20260218_195524,DpwFbmSimulator,4096,200,0.5,129,0.5078444775484228,7.451713867350153,1,5,2
20260218_195524,DpwFbmSimulator,4096,200,0.5,130,0.4321585680524494,3.9894728404653996,1,5,2
20260218_195524,DpwFbmSimulator,4096,200,0.5,131,0.815636984618154,97.03644487456008,1,5,2
20260218_195524,DpwFbmSimulator,4096,200,0.5,132,0.3823802907634718,1.8180027081890893,1,5,2
20260218_195524,DpwFbmSimulator,4096,200,0.5,133,0.540037648036942,3.8737880786965504,1,5,2
20260218_195524,DpwFbmSimulator,4096,200,0.5,134,0.51197692938495,7.516676834573926,1,5,2
20260218_195524,DpwFbmSimulator,4096,200,0.5,135,0.5202446369213978,15.705447167131519,1,5,2
20260218_195524,DpwFbmSimulator,4096,200,0.5,136,0.4957328250963204,7.867499450587944,1,5,2
20260218_195524,DpwFbmSimulator,4096,200,0.5,137,0.3873996077395549,1.6396304226206393,1,5,2
20260218_195524,DpwFbmSimulator,4096,200,0.5,138,0.5355429329505925,11.129836258541888,1,5,2
20260218_195524,DpwFbmSimulator,4096,200,0.5,139,0.42693598028865937,4.029716026185998,1,5,2
20260218_195524,DpwFbmSimulator,4096,200,0.5,140,0.4047065348344091,5.97640634029281,1,5,2
20260218_195524,DpwFbmSimulator,4096,200,0.5,141,0.5202554256877252,12.376134557087601,1,5,2
20260218_195524,DpwFbmSimulator,4096,200,0.5,142,0.40893625063011924,1.5356172919041395,1,5,2
20260218_195524,DpwFbmSimulator,4096,200,0.5,143,0.4937511035486689,5.494106612224529,1,5,2
20260218_195524,DpwFbmSimulator,4096,200,0.5,144,0.6339614598177453,60.28291767376076,1,5,2
20260218_195524,DpwFbmSimulator,4096,200,0.5,145,0.575658420490067,5.673948656815413,1,5,2
20260218_195524,DpwFbmSimulator,4096,200,0.5,146,0.7402675934152071,64.40771953921357,1,5,2
20260218_195524,DpwFbmSimulator,4096,200,0.5,147,0.16106537675398083,1.4740024744551685,1,5,2
20260218_195524,DpwFbmSimulator,4096,200,0.5,148,0.5344028658736633,10.186509214683845,1,5,2
20260218_195524,DpwFbmSimulator,4096,200,0.5,149,0.39507419532520865,3.116017569122481,1,5,2
20260218_195524,DpwFbmSimulator,4096,200,0.5,150,0.49541398610235415,9.489838836312197,1,5,2
20260218_195524,DpwFbmSimulator,4096,200,0.5,151,0.5505346416542499,6.530008746717558,1,5,2
20260218_195524,DpwFbmSimulator,4096,200,0.5,152,0.5509590588475902,13.466541433788414,1,5,2
20260218_195524,DpwFbmSimulator,4096,200,0.5,153,0.6521964117416827,38.21766681136478,1,5,2
20260218_195524,DpwFbmSimulator,4096,200,0.5,154,0.47480334538020574,2.916552681954024,1,5,2
20260218_195524,DpwFbmSimulator,4096,200,0.5,155,0.5174537871562788,12.520431308060052,1,5,2
20260218_195524,DpwFbmSimulator,4096,200,0.5,156,0.439421711014404,3.147497594408652,1,5,2
20260218_195524,DpwFbmSimulator,4096,200,0.5,157,0.5657514217114719,12.739054523989088,1,5,2
20260218_195524,DpwFbmSimulator,4096,200,0.5,158,0.575486136842991,19.64002967365687,1,5,2
20260218_195524,DpwFbmSimulator,4096,200,0.5,159,0.5029599038358129,10.120583268755997,1,5,2
20260218_195524,DpwFbmSimulator,4096,200,0.5,160,0.4729443723722113,5.387645406675562,1,5,2
20260218_195524,DpwFbmSimulator,4096,200,0.5,161,0.5395914080110034,5.921237384288374,1,5,2
20260218_195524,DpwFbmSimulator,4096,200,0.5,162,0.5118815069053656,11.776321557701033,1,5,2
20260218_195524,DpwFbmSimulator,4096,200,0.5,163,0.4566950164075928,8.60179304925409,1,5,2
20260218_195524,DpwFbmSimulator,4096,200,0.5,164,0.5351026056446346,19.738245735579024,1,5,2
20260218_195524,DpwFbmSimulator,4096,200,0.5,165,0.32889049668074655,4.355339374100256,1,5,2
20260218_195524,DpwFbmSimulator,4096,200,0.5,166,0.7160723280563235,84.72011581217185,1,5,2
20260218_195524,DpwFbmSimulator,4096,200,0.5,167,0.5510537858514231,10.894999563245335,1,5,2
20260218_195524,DpwFbmSimulator,4096,200,0.5,168,0.4763232970402812,4.460524740823028,1,5,2
20260218_195524,DpwFbmSimulator,4096,200,0.5,169,0.6384131456838171,17.69944045748192,1,5,2
20260218_195524,DpwFbmSimulator,4096,200,0.5,170,0.5410396554248558,8.505793371234999,1,5,2
20260218_195524,DpwFbmSimulator,4096,200,0.5,171,0.3626728925529478,4.820115058889845,1,5,2
20260218_195524,DpwFbmSimulator,4096,200,0.5,172,0.5185497486504765,5.542372848629324,1,5,2
20260218_195524,DpwFbmSimulator,4096,200,0.5,173,0.31373670628822753,1.6842904293680165,1,5,2
20260218_195524,DpwFbmSimulator,4096,200,0.5,174,0.4190143145082022,4.257057194776126,1,5,2
20260218_195524,DpwFbmSimulator,4096,200,0.5,175,0.46264944346651893,6.103328421796071,1,5,2
20260218_195524,DpwFbmSimulator,4096,200,0.5,176,0.47954200948709275,9.99906937129091,1,5,2
20260218_195524,DpwFbmSimulator,4096,200,0.5,177,0.4690709454547556,3.9341062809992198,1,5,2
20260218_195524,DpwFbmSimulator,4096,200,0.5,178,0.33804931033960245,1.035676031424736,1,5,2
20260218_195524,DpwFbmSimulator,4096,200,0.5,179,0.5648905148170354,8.151860818767659,1,5,2
20260218_195524,DpwFbmSimulator,4096,200,0.5,180,0.5305171539451614,5.628845921473815,1,5,2
20260218_195524,DpwFbmSimulator,4096,200,0.5,181,0.4321605401712271,3.161364786962146,1,5,2
20260218_195524,DpwFbmSimulator,4096,200,0.5,182,0.4567957293182717,1.6332918841630997,1,5,2
20260218_195524,DpwFbmSimulator,4096,200,0.5,183,0.44106596543440774,2.4180495406350824,1,5,2
20260218_195524,DpwFbmSimulator,4096,200,0.5,184,0.5086397721874204,13.875369545845519,1,5,2
20260218_195524,DpwFbmSimulator,4096,200,0.5,185,0.32244369993628735,4.668139985826525,1,5,2
20260218_195524,DpwFbmSimulator,4096,200,0.5,186,0.41591533385283885,10.05203049872185,1,5,2
20260218_195524,DpwFbmSimulator,4096,200,0.5,187,0.428727787216227,6.182378701641636,1,5,2
20260218_195524,DpwFbmSimulator,4096,200,0.5,188,0.6745895543202334,41.70602249336431,1,5,2
20260218_195524,DpwFbmSimulator,4096,200,0.5,189,0.3559184322473343,3.2509516631553286,1,5,2
20260218_195524,DpwFbmSimulator,4096,200,0.5,190,0.36416650721004573,2.013728584041648,1,5,2
20260218_195524,DpwFbmSimulator,4096,200,0.5,191,0.3473074102686472,1.4408202077496637,1,5,2
20260218_195524,DpwFbmSimulator,4096,200,0.5,192,0.5956392793815946,10.636034560685475,1,5,2
20260218_195524,DpwFbmSimulator,4096,200,0.5,193,0.49260584326802814,9.425106742414888,1,5,2
20260218_195524,DpwFbmSimulator,4096,200,0.5,194,0.524261991037587,11.220293796666686,1,5,2
20260218_195524,DpwFbmSimulator,4096,200,0.5,195,0.5497059589413573,13.426268296860211,1,5,2
20260218_195524,DpwFbmSimulator,4096,200,0.5,196,0.30147494176043177,0.8881754679995644,1,5,2
20260218_195524,DpwFbmSimulator,4096,200,0.5,197,0.4226919307829408,2.793101679087262,1,5,2
20260218_195524,DpwFbmSimulator,4096,200,0.5,198,0.6000536077534725,12.916528939667774,1,5,2
20260218_195524,DpwFbmSimulator,4096,200,0.5,199,0.5220549332147684,9.544491392418772,1,5,2
20260218_195524,DpwFbmSimulator,4096,200,0.5,200,0.526547103474866,16.244303202992217,1,5,2
20260218_195524,DpwFbmSimulator,4096,200,0.6,1,0.7097178735363434,27.74347228399982,1,5,2
20260218_195524,DpwFbmSimulator,4096,200,0.6,2,0.7024796888975706,7.707406485601038,1,5,2
20260218_195524,DpwFbmSimulator,4096,200,0.6,3,0.4107336624646773,2.693515284512293,1,5,2
20260218_195524,DpwFbmSimulator,4096,200,0.6,4,0.4652563255928127,0.747811719020216,1,5,2
20260218_195524,DpwFbmSimulator,4096,200,0.6,5,0.5430730732586833,10.883641881646533,1,5,2
20260218_195524,DpwFbmSimulator,4096,200,0.6,6,0.49144495456567927,2.230034372131147,1,5,2
20260218_195524,DpwFbmSimulator,4096,200,0.6,7,0.6490223513120543,25.38276585860206,1,5,2
20260218_195524,DpwFbmSimulator,4096,200,0.6,8,0.47391550459960935,1.7848479060926121,1,5,2
20260218_195524,DpwFbmSimulator,4096,200,0.6,9,0.540708225048862,4.0570751158778275,1,5,2
20260218_195524,DpwFbmSimulator,4096,200,0.6,10,0.4531336539483436,1.58934360526317,1,5,2
20260218_195524,DpwFbmSimulator,4096,200,0.6,11,0.5182635857750053,6.533699504779843,1,5,2
20260218_195524,DpwFbmSimulator,4096,200,0.6,12,0.5792094749731361,4.340451626963989,1,5,2
20260218_195524,DpwFbmSimulator,4096,200,0.6,13,0.511402345489389,1.6024474423961597,1,5,2
20260218_195524,DpwFbmSimulator,4096,200,0.6,14,0.548228712758352,4.933547617405055,1,5,2
20260218_195524,DpwFbmSimulator,4096,200,0.6,15,0.4704821399632309,1.9481319136604773,1,5,2
20260218_195524,DpwFbmSimulator,4096,200,0.6,16,0.5932636622445187,4.019826537273357,1,5,2
20260218_195524,DpwFbmSimulator,4096,200,0.6,17,0.5388950189347016,1.5052435033462475,1,5,2
20260218_195524,DpwFbmSimulator,4096,200,0.6,18,0.467108397507393,1.869687681957967,1,5,2
20260218_195524,DpwFbmSimulator,4096,200,0.6,19,0.46267643595205155,1.201667297620209,1,5,2
20260218_195524,DpwFbmSimulator,4096,200,0.6,20,0.5161481006390484,1.738251621756674,1,5,2
20260218_195524,DpwFbmSimulator,4096,200,0.6,21,0.500936783368484,4.518686537174644,1,5,2
20260218_195524,DpwFbmSimulator,4096,200,0.6,22,0.6513868098615003,10.030878390503016,1,5,2
20260218_195524,DpwFbmSimulator,4096,200,0.6,23,0.5851766895581234,8.726767799590162,1,5,2
20260218_195524,DpwFbmSimulator,4096,200,0.6,24,0.4111768313742706,1.0361051318141195,1,5,2
20260218_195524,DpwFbmSimulator,4096,200,0.6,25,0.6487926322541889,7.745984672423304,1,5,2
20260218_195524,DpwFbmSimulator,4096,200,0.6,26,0.5651788059434353,3.923465957544169,1,5,2
20260218_195524,DpwFbmSimulator,4096,200,0.6,27,0.5511105410377737,2.7838081130259997,1,5,2
20260218_195524,DpwFbmSimulator,4096,200,0.6,28,0.5991945165273319,7.34150667190558,1,5,2
20260218_195524,DpwFbmSimulator,4096,200,0.6,29,0.5965387683496004,8.499273807386327,1,5,2
20260218_195524,DpwFbmSimulator,4096,200,0.6,30,0.5847003430239879,3.3834766304047017,1,5,2
20260218_195524,DpwFbmSimulator,4096,200,0.6,31,0.6512970181267352,15.532755391642528,1,5,2
20260218_195524,DpwFbmSimulator,4096,200,0.6,32,0.6650750058315342,16.112419176084096,1,5,2
20260218_195524,DpwFbmSimulator,4096,200,0.6,33,0.619530034992402,14.264321302133768,1,5,2
20260218_195524,DpwFbmSimulator,4096,200,0.6,34,0.6418858742113027,3.558601139548989,1,5,2
20260218_195524,DpwFbmSimulator,4096,200,0.6,35,0.8228353718470581,83.95616418998311,1,5,2
20260218_195524,DpwFbmSimulator,4096,200,0.6,36,0.7277381049250848,21.02247814826065,1,5,2
20260218_195524,DpwFbmSimulator,4096,200,0.6,37,0.4894956923135241,2.0071716419853245,1,5,2
20260218_195524,DpwFbmSimulator,4096,200,0.6,38,0.5964902274434355,6.420870660029443,1,5,2
20260218_195524,DpwFbmSimulator,4096,200,0.6,39,0.5969550836339753,11.50446116831434,1,5,2
20260218_195524,DpwFbmSimulator,4096,200,0.6,40,0.6737638755150928,12.039513617151371,1,5,2
20260218_195524,DpwFbmSimulator,4096,200,0.6,41,0.3682043543535608,2.769410756599468,1,5,2
20260218_195524,DpwFbmSimulator,4096,200,0.6,42,0.5125170866177896,1.8467655125122873,1,5,2
20260218_195524,DpwFbmSimulator,4096,200,0.6,43,0.5362130091347185,3.1341191989607475,1,5,2
20260218_195524,DpwFbmSimulator,4096,200,0.6,44,0.5627749515827182,10.778348028515886,1,5,2
20260218_195524,DpwFbmSimulator,4096,200,0.6,45,0.6740428186676836,11.844909626057673,1,5,2
20260218_195524,DpwFbmSimulator,4096,200,0.6,46,0.5948612568784429,3.9436775031903304,1,5,2
20260218_195524,DpwFbmSimulator,4096,200,0.6,47,0.6116940085398956,11.205950955780633,1,5,2
20260218_195524,DpwFbmSimulator,4096,200,0.6,48,0.5152877893270758,5.168461067246328,1,5,2
20260218_195524,DpwFbmSimulator,4096,200,0.6,49,0.6831238167141046,7.257589670055191,1,5,2
20260218_195524,DpwFbmSimulator,4096,200,0.6,50,0.4106417925563092,0.9118198445186204,1,5,2
20260218_195524,DpwFbmSimulator,4096,200,0.6,51,0.6891821011444484,14.128056639020762,1,5,2
20260218_195524,DpwFbmSimulator,4096,200,0.6,52,0.4708218261377573,1.1169463570860376,1,5,2
20260218_195524,DpwFbmSimulator,4096,200,0.6,53,0.5331701671882668,5.08433930220244,1,5,2
20260218_195524,DpwFbmSimulator,4096,200,0.6,54,0.6292962044602793,16.134952661133312,1,5,2
20260218_195524,DpwFbmSimulator,4096,200,0.6,55,0.7122554964120321,4.318870257631965,1,5,2
20260218_195524,DpwFbmSimulator,4096,200,0.6,56,0.6263837016096362,1.9733938442477168,1,5,2
20260218_195524,DpwFbmSimulator,4096,200,0.6,57,0.57983390568958,5.035998220064253,1,5,2
20260218_195524,DpwFbmSimulator,4096,200,0.6,58,0.7011498329304132,11.958289556694389,1,5,2
20260218_195524,DpwFbmSimulator,4096,200,0.6,59,0.4035430280700628,1.5405540740686359,1,5,2
20260218_195524,DpwFbmSimulator,4096,200,0.6,60,0.7589686167530288,33.573424097981466,1,5,2
20260218_195524,DpwFbmSimulator,4096,200,0.6,61,0.5612142411226184,3.081248735083494,1,5,2
20260218_195524,DpwFbmSimulator,4096,200,0.6,62,0.6403344431335941,11.707173154896156,1,5,2
20260218_195524,DpwFbmSimulator,4096,200,0.6,63,0.21965960691410072,1.073573371830416,1,5,2
20260218_195524,DpwFbmSimulator,4096,200,0.6,64,0.7034940652362888,5.511349964059263,1,5,2
20260218_195524,DpwFbmSimulator,4096,200,0.6,65,0.576063848110516,2.421047011095603,1,5,2
20260218_195524,DpwFbmSimulator,4096,200,0.6,66,0.5505333487314403,4.4211063281534635,1,5,2
20260218_195524,DpwFbmSimulator,4096,200,0.6,67,0.46484280005116163,1.3897216376478365,1,5,2
20260218_195524,DpwFbmSimulator,4096,200,0.6,68,0.8224623591768565,25.01992910975791,1,5,2
20260218_195524,DpwFbmSimulator,4096,200,0.6,69,0.5696296866428824,4.028751275702052,1,5,2
20260218_195524,DpwFbmSimulator,4096,200,0.6,70,0.5521243701639227,4.226327557098105,1,5,2
20260218_195524,DpwFbmSimulator,4096,200,0.6,71,0.5074996757558805,2.1671137745673628,1,5,2
20260218_195524,DpwFbmSimulator,4096,200,0.6,72,0.6553581673566712,10.762655582363857,1,5,2
20260218_195524,DpwFbmSimulator,4096,200,0.6,73,0.6524392105428579,20.683925392295524,1,5,2
20260218_195524,DpwFbmSimulator,4096,200,0.6,74,0.44632355449118477,1.6622956724708582,1,5,2
20260218_195524,DpwFbmSimulator,4096,200,0.6,75,0.5760876240194949,4.833767958447294,1,5,2
20260218_195524,DpwFbmSimulator,4096,200,0.6,76,0.6720747909372198,27.01430565574199,1,5,2
20260218_195524,DpwFbmSimulator,4096,200,0.6,77,0.5895187184509234,9.06906300158586,1,5,2
20260218_195524,DpwFbmSimulator,4096,200,0.6,78,0.2915982487307992,0.9973571037909439,1,5,2
20260218_195524,DpwFbmSimulator,4096,200,0.6,79,0.6734828934338125,16.021618987820517,1,5,2
20260218_195524,DpwFbmSimulator,4096,200,0.6,80,0.36075144930826475,0.5890619987111014,1,5,2
20260218_195524,DpwFbmSimulator,4096,200,0.6,81,0.6475342640631369,32.387534441367215,1,5,2
20260218_195524,DpwFbmSimulator,4096,200,0.6,82,0.6561576603129807,23.48778737394411,1,5,2
20260218_195524,DpwFbmSimulator,4096,200,0.6,83,0.8089209231933175,17.817359150751717,1,5,2
20260218_195524,DpwFbmSimulator,4096,200,0.6,84,0.5849475874152416,4.123880215821346,1,5,2
20260218_195524,DpwFbmSimulator,4096,200,0.6,85,0.6499574827431682,7.614301794623386,1,5,2
20260218_195524,DpwFbmSimulator,4096,200,0.6,86,0.6220332558462177,4.095118417582816,1,5,2
20260218_195524,DpwFbmSimulator,4096,200,0.6,87,0.676990125293261,20.593932758764744,1,5,2
20260218_195524,DpwFbmSimulator,4096,200,0.6,88,0.6302105343502215,18.353890997836398,1,5,2
20260218_195524,DpwFbmSimulator,4096,200,0.6,89,0.8487896213268612,165.42235316502874,1,5,2
20260218_195524,DpwFbmSimulator,4096,200,0.6,90,0.5743202486585509,4.425211039146522,1,5,2
20260218_195524,DpwFbmSimulator,4096,200,0.6,91,0.5518063675350902,6.472732033791081,1,5,2
20260218_195524,DpwFbmSimulator,4096,200,0.6,92,0.5338655373629476,4.410521630084546,1,5,2
20260218_195524,DpwFbmSimulator,4096,200,0.6,93,0.326897335024024,2.767191457085036,1,5,2
20260218_195524,DpwFbmSimulator,4096,200,0.6,94,0.6349968708905311,16.076884404361305,1,5,2
20260218_195524,DpwFbmSimulator,4096,200,0.6,95,0.6405695892781703,9.022797677871813,1,5,2
20260218_195524,DpwFbmSimulator,4096,200,0.6,96,0.647193261462045,8.818452584122015,1,5,2
20260218_195524,DpwFbmSimulator,4096,200,0.6,97,0.5822435731766861,2.7334814146919135,1,5,2
20260218_195524,DpwFbmSimulator,4096,200,0.6,98,0.5887180413249457,3.3831962004232223,1,5,2
20260218_195524,DpwFbmSimulator,4096,200,0.6,99,0.5915711680517384,11.44507790921337,1,5,2
20260218_195524,DpwFbmSimulator,4096,200,0.6,100,0.4693405629669578,3.3431674314667874,1,5,2
20260218_195524,DpwFbmSimulator,4096,200,0.6,101,0.39445523000128047,1.1441807698118023,1,5,2
20260218_195524,DpwFbmSimulator,4096,200,0.6,102,0.7382838272664828,38.62243006484547,1,5,2
20260218_195524,DpwFbmSimulator,4096,200,0.6,103,0.4492568163717196,0.7317289342042489,1,5,2
20260218_195524,DpwFbmSimulator,4096,200,0.6,104,0.5104117758727797,3.222032178791797,1,5,2
20260218_195524,DpwFbmSimulator,4096,200,0.6,105,0.6590925349368955,33.00047005418261,1,5,2
20260218_195524,DpwFbmSimulator,4096,200,0.6,106,0.6627542281773433,4.3614893859225345,1,5,2
20260218_195524,DpwFbmSimulator,4096,200,0.6,107,0.7318053555746076,26.591584964765907,1,5,2
20260218_195524,DpwFbmSimulator,4096,200,0.6,108,0.7904009215012117,19.32008139743213,1,5,2
20260218_195524,DpwFbmSimulator,4096,200,0.6,109,0.575628768547576,6.2549699089466975,1,5,2
20260218_195524,DpwFbmSimulator,4096,200,0.6,110,0.6938842591536405,3.846752991851922,1,5,2
20260218_195524,DpwFbmSimulator,4096,200,0.6,111,0.8401651475775767,43.68822083619132,1,5,2
20260218_195524,DpwFbmSimulator,4096,200,0.6,112,0.39393125354458614,2.0830556977185415,1,5,2
20260218_195524,DpwFbmSimulator,4096,200,0.6,113,0.5630735674260929,9.225878752379366,1,5,2
20260218_195524,DpwFbmSimulator,4096,200,0.6,114,0.6976263230309857,34.77257593859118,1,5,2
20260218_195524,DpwFbmSimulator,4096,200,0.6,115,0.17989649419986073,0.3672189400214585,1,5,2
20260218_195524,DpwFbmSimulator,4096,200,0.6,116,0.5963718145490025,9.001769073594465,1,5,2
20260218_195524,DpwFbmSimulator,4096,200,0.6,117,0.48385266633002944,7.884767744341217,1,5,2
20260218_195524,DpwFbmSimulator,4096,200,0.6,118,0.512298224553408,2.0391128793052946,1,5,2
20260218_195524,DpwFbmSimulator,4096,200,0.6,119,0.628866123038466,6.196430168863389,1,5,2
20260218_195524,DpwFbmSimulator,4096,200,0.6,120,0.6191541554723127,12.044185662162752,1,5,2
20260218_195524,DpwFbmSimulator,4096,200,0.6,121,0.46282903312048634,3.3812473831686782,1,5,2
20260218_195524,DpwFbmSimulator,4096,200,0.6,122,0.7768083109639988,36.918583546562644,1,5,2
20260218_195524,DpwFbmSimulator,4096,200,0.6,123,0.49145114928402933,9.237346067941761,1,5,2
20260218_195524,DpwFbmSimulator,4096,200,0.6,124,0.5773137994100292,3.7297714994999653,1,5,2
20260218_195524,DpwFbmSimulator,4096,200,0.6,125,0.6668401005030484,4.3138527482753055,1,5,2
20260218_195524,DpwFbmSimulator,4096,200,0.6,126,0.6863811400484284,28.807893266768286,1,5,2
20260218_195524,DpwFbmSimulator,4096,200,0.6,127,0.516501293769692,2.807059963540266,1,5,2
20260218_195524,DpwFbmSimulator,4096,200,0.6,128,0.695792840041081,10.975392632461844,1,5,2
20260218_195524,DpwFbmSimulator,4096,200,0.6,129,0.6348653282422507,7.94433135134454,1,5,2
20260218_195524,DpwFbmSimulator,4096,200,0.6,130,0.7265286561739022,20.119185505758214,1,5,2
20260218_195524,DpwFbmSimulator,4096,200,0.6,131,0.5275781634615443,2.0082110139795852,1,5,2
20260218_195524,DpwFbmSimulator,4096,200,0.6,132,0.6524511295610194,12.96968000804534,1,5,2
20260218_195524,DpwFbmSimulator,4096,200,0.6,133,0.5686752848767637,4.297157290108126,1,5,2
20260218_195524,DpwFbmSimulator,4096,200,0.6,134,0.7013799950707744,26.92993180770092,1,5,2
20260218_195524,DpwFbmSimulator,4096,200,0.6,135,0.5247153809832515,2.1687790497777426,1,5,2
20260218_195524,DpwFbmSimulator,4096,200,0.6,136,0.6683709709265512,8.412802706355862,1,5,2
20260218_195524,DpwFbmSimulator,4096,200,0.6,137,0.5875631725754658,7.055279599491128,1,5,2
20260218_195524,DpwFbmSimulator,4096,200,0.6,138,0.5558862087327939,3.585903267706897,1,5,2
20260218_195524,DpwFbmSimulator,4096,200,0.6,139,0.7447590569849455,17.869164032902063,1,5,2
20260218_195524,DpwFbmSimulator,4096,200,0.6,140,0.4473179885985839,0.9108088678339594,1,5,2
20260218_195524,DpwFbmSimulator,4096,200,0.6,141,0.5000206337455687,3.6078756809853303,1,5,2
20260218_195524,DpwFbmSimulator,4096,200,0.6,142,0.5119086513261558,3.288483050101482,1,5,2
20260218_195524,DpwFbmSimulator,4096,200,0.6,143,0.6049166658254035,7.539256320170216,1,5,2
20260218_195524,DpwFbmSimulator,4096,200,0.6,144,0.5813659507543472,2.0146539077495684,1,5,2
20260218_195524,DpwFbmSimulator,4096,200,0.6,145,0.5115787882233467,6.121497873198056,1,5,2
20260218_195524,DpwFbmSimulator,4096,200,0.6,146,0.6167506864650563,8.090348011457586,1,5,2
20260218_195524,DpwFbmSimulator,4096,200,0.6,147,0.6958376492637972,22.334198209417682,1,5,2
20260218_195524,DpwFbmSimulator,4096,200,0.6,148,0.5397932772687606,3.992801965648337,1,5,2
20260218_195524,DpwFbmSimulator,4096,200,0.6,149,0.6702105652146596,10.489017564097171,1,5,2
20260218_195524,DpwFbmSimulator,4096,200,0.6,150,0.6105108959874848,6.7089997241494075,1,5,2
20260218_195524,DpwFbmSimulator,4096,200,0.6,151,0.5447165789458387,1.5512053480839032,1,5,2
20260218_195524,DpwFbmSimulator,4096,200,0.6,152,0.46398881947776655,0.8427433469600574,1,5,2
20260218_195524,DpwFbmSimulator,4096,200,0.6,153,0.48063495976691795,2.092755099835189,1,5,2
20260218_195524,DpwFbmSimulator,4096,200,0.6,154,0.47409555875511894,0.8381773507030494,1,5,2
20260218_195524,DpwFbmSimulator,4096,200,0.6,155,0.6320749042041648,3.76244428719618,1,5,2
20260218_195524,DpwFbmSimulator,4096,200,0.6,156,0.6437909017730189,4.209863012128641,1,5,2
20260218_195524,DpwFbmSimulator,4096,200,0.6,157,0.6909716799425439,15.453053084117114,1,5,2
20260218_195524,DpwFbmSimulator,4096,200,0.6,158,0.6840385701234304,24.39695513850842,1,5,2
20260218_195524,DpwFbmSimulator,4096,200,0.6,159,0.6213525511309141,6.214173401360337,1,5,2
20260218_195524,DpwFbmSimulator,4096,200,0.6,160,0.6592433999664324,12.892226858587366,1,5,2
20260218_195524,DpwFbmSimulator,4096,200,0.6,161,0.6569805798600752,5.392901677911799,1,5,2
20260218_195524,DpwFbmSimulator,4096,200,0.6,162,0.8697215088126886,62.35418681386655,1,5,2
20260218_195524,DpwFbmSimulator,4096,200,0.6,163,0.5333031856367599,3.0364073184724516,1,5,2
20260218_195524,DpwFbmSimulator,4096,200,0.6,164,0.6762051104980227,19.06941958989061,1,5,2
20260218_195524,DpwFbmSimulator,4096,200,0.6,165,0.5770720330751407,3.2517467922317316,1,5,2
20260218_195524,DpwFbmSimulator,4096,200,0.6,166,0.6771893987031089,16.70982116495585,1,5,2
20260218_195524,DpwFbmSimulator,4096,200,0.6,167,0.6310189804624872,9.396953519055378,1,5,2
20260218_195524,DpwFbmSimulator,4096,200,0.6,168,0.6091434755807729,3.6084213282140523,1,5,2
20260218_195524,DpwFbmSimulator,4096,200,0.6,169,0.394848848800462,3.1152617593837086,1,5,2
20260218_195524,DpwFbmSimulator,4096,200,0.6,170,0.5508456983736277,5.193052911535483,1,5,2
20260218_195524,DpwFbmSimulator,4096,200,0.6,171,0.5911444777422658,5.6871025625959035,1,5,2
20260218_195524,DpwFbmSimulator,4096,200,0.6,172,0.5486286370176682,3.471379205829342,1,5,2
20260218_195524,DpwFbmSimulator,4096,200,0.6,173,0.5696336230657417,2.4998346126623665,1,5,2
20260218_195524,DpwFbmSimulator,4096,200,0.6,174,0.554483790809468,5.0424192861035335,1,5,2
20260218_195524,DpwFbmSimulator,4096,200,0.6,175,0.6703630113946776,10.823376177449932,1,5,2
20260218_195524,DpwFbmSimulator,4096,200,0.6,176,0.5881434683329462,4.66755076513802,1,5,2
20260218_195524,DpwFbmSimulator,4096,200,0.6,177,0.4666319258603347,2.9866357222752704,1,5,2
20260218_195524,DpwFbmSimulator,4096,200,0.6,178,0.6452859489069251,5.824314903341131,1,5,2
20260218_195524,DpwFbmSimulator,4096,200,0.6,179,0.6144798348010836,12.00272745288748,1,5,2
20260218_195524,DpwFbmSimulator,4096,200,0.6,180,0.4406271933470202,7.811341829111671,1,5,2
20260218_195524,DpwFbmSimulator,4096,200,0.6,181,0.5279885173042015,5.080090691916155,1,5,2
20260218_195524,DpwFbmSimulator,4096,200,0.6,182,0.7395376175797475,6.251393544064472,1,5,2
20260218_195524,DpwFbmSimulator,4096,200,0.6,183,0.6134452561285478,8.68397819202485,1,5,2
20260218_195524,DpwFbmSimulator,4096,200,0.6,184,0.6422290868725007,7.162206291431557,1,5,2
20260218_195524,DpwFbmSimulator,4096,200,0.6,185,0.7924293914173804,27.641397983225477,1,5,2
20260218_195524,DpwFbmSimulator,4096,200,0.6,186,0.5260506297777818,3.3690935035532563,1,5,2
20260218_195524,DpwFbmSimulator,4096,200,0.6,187,0.6056801238792994,7.339176564928431,1,5,2
20260218_195524,DpwFbmSimulator,4096,200,0.6,188,0.4928267049776992,2.1921445301815257,1,5,2
20260218_195524,DpwFbmSimulator,4096,200,0.6,189,0.5984128723494497,2.3154399519844553,1,5,2
20260218_195524,DpwFbmSimulator,4096,200,0.6,190,0.581490961056415,8.971245925559407,1,5,2
20260218_195524,DpwFbmSimulator,4096,200,0.6,191,0.6558873465681911,21.487912920381895,1,5,2
20260218_195524,DpwFbmSimulator,4096,200,0.6,192,0.6996220247824021,21.629000024931802,1,5,2
20260218_195524,DpwFbmSimulator,4096,200,0.6,193,0.3389921729376849,1.3172104716087323,1,5,2
20260218_195524,DpwFbmSimulator,4096,200,0.6,194,0.6573525331426755,22.520118127105977,1,5,2
20260218_195524,DpwFbmSimulator,4096,200,0.6,195,0.687719628554067,13.583586379006432,1,5,2
20260218_195524,DpwFbmSimulator,4096,200,0.6,196,0.6083141380547313,13.380245249273605,1,5,2
20260218_195524,DpwFbmSimulator,4096,200,0.6,197,0.5737637780200893,8.128890013530096,1,5,2
20260218_195524,DpwFbmSimulator,4096,200,0.6,198,0.5681209121686879,6.099751971794065,1,5,2
20260218_195524,DpwFbmSimulator,4096,200,0.6,199,0.5549339843002367,6.169749026695751,1,5,2
20260218_195524,DpwFbmSimulator,4096,200,0.6,200,0.6816976144748935,7.969986464958345,1,5,2
20260218_195524,DpwFbmSimulator,4096,200,0.7,1,0.5773386704742856,2.8377006237296114,1,5,2
20260218_195524,DpwFbmSimulator,4096,200,0.7,2,0.8291567370984607,10.647919312375887,1,5,2
20260218_195524,DpwFbmSimulator,4096,200,0.7,3,0.7518099690448821,9.047855293894179,1,5,2
20260218_195524,DpwFbmSimulator,4096,200,0.7,4,0.613171570150114,4.312114747707007,1,5,2
20260218_195524,DpwFbmSimulator,4096,200,0.7,5,0.5318891997808602,2.4410775523402606,1,5,2
20260218_195524,DpwFbmSimulator,4096,200,0.7,6,0.5518118558789235,2.87523878196156,1,5,2
20260218_195524,DpwFbmSimulator,4096,200,0.7,7,0.5886268621410181,1.6225020622195292,1,5,2
20260218_195524,DpwFbmSimulator,4096,200,0.7,8,0.9118239236676611,63.595720843220036,1,5,2
20260218_195524,DpwFbmSimulator,4096,200,0.7,9,0.762434301239318,9.517795051486488,1,5,2
20260218_195524,DpwFbmSimulator,4096,200,0.7,10,0.670434410936802,4.796246741731751,1,5,2
20260218_195524,DpwFbmSimulator,4096,200,0.7,11,0.6103795186318404,3.133447136855324,1,5,2
20260218_195524,DpwFbmSimulator,4096,200,0.7,12,0.7438946510782675,12.407511636799804,1,5,2
20260218_195524,DpwFbmSimulator,4096,200,0.7,13,0.639902367024864,2.9333042790235173,1,5,2
20260218_195524,DpwFbmSimulator,4096,200,0.7,14,0.6621063048687774,4.973409500634648,1,5,2
20260218_195524,DpwFbmSimulator,4096,200,0.7,15,0.6425499867721984,2.573261892658167,1,5,2
20260218_195524,DpwFbmSimulator,4096,200,0.7,16,0.6768877698166625,5.695330031874045,1,5,2
20260218_195524,DpwFbmSimulator,4096,200,0.7,17,0.7914371175717443,12.93497521621326,1,5,2
20260218_195524,DpwFbmSimulator,4096,200,0.7,18,0.6591184902395157,2.1313582526159722,1,5,2
20260218_195524,DpwFbmSimulator,4096,200,0.7,19,0.6171821127743857,7.795238199944556,1,5,2
20260218_195524,DpwFbmSimulator,4096,200,0.7,20,0.7040327369526865,8.661436838471788,1,5,2
20260218_195524,DpwFbmSimulator,4096,200,0.7,21,0.7330428380136137,7.018683564869603,1,5,2
20260218_195524,DpwFbmSimulator,4096,200,0.7,22,0.6977966595519073,7.887163099698877,1,5,2
20260218_195524,DpwFbmSimulator,4096,200,0.7,23,0.5864672422916184,3.7228640552365992,1,5,2
20260218_195524,DpwFbmSimulator,4096,200,0.7,24,0.5702014775259195,2.430958753540571,1,5,2
20260218_195524,DpwFbmSimulator,4096,200,0.7,25,0.5391283798497305,2.884802703985285,1,5,2
20260218_195524,DpwFbmSimulator,4096,200,0.7,26,0.5418033679560262,2.8480217142523228,1,5,2
20260218_195524,DpwFbmSimulator,4096,200,0.7,27,0.7798993274118862,28.285733739040644,1,5,2
20260218_195524,DpwFbmSimulator,4096,200,0.7,28,0.6793651105179761,10.820118653113827,1,5,2
20260218_195524,DpwFbmSimulator,4096,200,0.7,29,0.5454928036229376,1.5364573586627817,1,5,2
20260218_195524,DpwFbmSimulator,4096,200,0.7,30,0.42752531253199205,1.8649358456170513,1,5,2
20260218_195524,DpwFbmSimulator,4096,200,0.7,31,0.6535400498293473,4.127549849119773,1,5,2
20260218_195524,DpwFbmSimulator,4096,200,0.7,32,0.5448724273120216,1.9470226126072945,1,5,2
20260218_195524,DpwFbmSimulator,4096,200,0.7,33,0.829872129546907,18.959282047795412,1,5,2
20260218_195524,DpwFbmSimulator,4096,200,0.7,34,0.36147738199756996,3.1738375074431198,1,5,2
20260218_195524,DpwFbmSimulator,4096,200,0.7,35,0.8072295963241323,29.569408841158424,1,5,2
20260218_195524,DpwFbmSimulator,4096,200,0.7,36,0.8248339691002743,16.601426328908403,1,5,2
20260218_195524,DpwFbmSimulator,4096,200,0.7,37,0.6706243479967642,5.920869547308312,1,5,2
20260218_195524,DpwFbmSimulator,4096,200,0.7,38,0.650495522345644,2.0116610314888814,1,5,2
20260218_195524,DpwFbmSimulator,4096,200,0.7,39,0.6998915594341896,14.344101463160928,1,5,2
20260218_195524,DpwFbmSimulator,4096,200,0.7,40,0.6129818708965236,3.843516810642482,1,5,2
20260218_195524,DpwFbmSimulator,4096,200,0.7,41,0.5253171919195514,3.0927849289484737,1,5,2
20260218_195524,DpwFbmSimulator,4096,200,0.7,42,0.7836094260984442,40.780790534496354,1,5,2
20260218_195524,DpwFbmSimulator,4096,200,0.7,43,0.7653045981927499,15.652832796710605,1,5,2
20260218_195524,DpwFbmSimulator,4096,200,0.7,44,0.4953734795025582,2.6316326369639462,1,5,2
20260218_195524,DpwFbmSimulator,4096,200,0.7,45,0.8804128963329935,14.744935379768474,1,5,2
20260218_195524,DpwFbmSimulator,4096,200,0.7,46,0.5876712968004272,3.93902764724925,1,5,2
20260218_195524,DpwFbmSimulator,4096,200,0.7,47,0.8221015322767005,6.406671210974451,1,5,2
20260218_195524,DpwFbmSimulator,4096,200,0.7,48,0.6953089118461707,3.6204821367531617,1,5,2
20260218_195524,DpwFbmSimulator,4096,200,0.7,49,0.7444543502533336,6.2083403129840615,1,5,2
20260218_195524,DpwFbmSimulator,4096,200,0.7,50,0.5937634268071283,7.451399481605608,1,5,2
20260218_195524,DpwFbmSimulator,4096,200,0.7,51,0.7789287481019801,19.85223302968522,1,5,2
20260218_195524,DpwFbmSimulator,4096,200,0.7,52,0.5542557255345687,1.9633114856950091,1,5,2
20260218_195524,DpwFbmSimulator,4096,200,0.7,53,0.6657510610103468,5.41052711568692,1,5,2
20260218_195524,DpwFbmSimulator,4096,200,0.7,54,0.5904651577371738,0.8769262064522692,1,5,2
20260218_195524,DpwFbmSimulator,4096,200,0.7,55,0.5309736198874052,1.3124595115980273,1,5,2
20260218_195524,DpwFbmSimulator,4096,200,0.7,56,0.4961297613109409,1.2248266046184109,1,5,2
20260218_195524,DpwFbmSimulator,4096,200,0.7,57,0.7555530754404668,8.44781940782838,1,5,2
20260218_195524,DpwFbmSimulator,4096,200,0.7,58,0.6031854132332756,3.4416069294716256,1,5,2
20260218_195524,DpwFbmSimulator,4096,200,0.7,59,0.7861487098811094,20.718890415396448,1,5,2
20260218_195524,DpwFbmSimulator,4096,200,0.7,60,0.6992014801296982,7.453881694791873,1,5,2
20260218_195524,DpwFbmSimulator,4096,200,0.7,61,0.593725161982152,7.611756610053086,1,5,2
20260218_195524,DpwFbmSimulator,4096,200,0.7,62,0.8332580912569983,11.525944056114662,1,5,2
20260218_195524,DpwFbmSimulator,4096,200,0.7,63,0.7906366099546103,7.016299232413352,1,5,2
20260218_195524,DpwFbmSimulator,4096,200,0.7,64,0.7947816025306584,10.897034997061066,1,5,2
20260218_195524,DpwFbmSimulator,4096,200,0.7,65,0.7426831180104443,9.753912333609208,1,5,2
20260218_195524,DpwFbmSimulator,4096,200,0.7,66,0.679718692767187,7.346735942406163,1,5,2
20260218_195524,DpwFbmSimulator,4096,200,0.7,67,0.5936499912266952,1.6617717567642831,1,5,2
20260218_195524,DpwFbmSimulator,4096,200,0.7,68,0.6719763166292327,3.785428304712439,1,5,2
20260218_195524,DpwFbmSimulator,4096,200,0.7,69,0.6526636021215947,6.831481465549983,1,5,2
20260218_195524,DpwFbmSimulator,4096,200,0.7,70,0.8179023323892199,12.692555539927312,1,5,2
20260218_195524,DpwFbmSimulator,4096,200,0.7,71,0.7708280424330499,29.774663843890536,1,5,2
20260218_195524,DpwFbmSimulator,4096,200,0.7,72,0.7127764763558087,8.41673172403177,1,5,2
20260218_195524,DpwFbmSimulator,4096,200,0.7,73,0.5962205118318298,5.177393824358272,1,5,2
20260218_195524,DpwFbmSimulator,4096,200,0.7,74,0.7337272795730165,16.256401445178728,1,5,2
20260218_195524,DpwFbmSimulator,4096,200,0.7,75,0.6276306771250716,6.015172071288948,1,5,2
20260218_195524,DpwFbmSimulator,4096,200,0.7,76,0.6829647575362175,4.3256762180279935,1,5,2
20260218_195524,DpwFbmSimulator,4096,200,0.7,77,0.6493725029088154,10.892607785437871,1,5,2
20260218_195524,DpwFbmSimulator,4096,200,0.7,78,0.59950123419763,2.1131669564096143,1,5,2
20260218_195524,DpwFbmSimulator,4096,200,0.7,79,0.599045849448638,4.703424462276333,1,5,2
20260218_195524,DpwFbmSimulator,4096,200,0.7,80,0.6129839198081025,3.260998391229187,1,5,2
20260218_195524,DpwFbmSimulator,4096,200,0.7,81,0.7309123379575448,6.519282123936559,1,5,2
20260218_195524,DpwFbmSimulator,4096,200,0.7,82,0.6163153945376729,3.1795233257253095,1,5,2
20260218_195524,DpwFbmSimulator,4096,200,0.7,83,0.5446414315447218,1.2645056956440426,1,5,2
20260218_195524,DpwFbmSimulator,4096,200,0.7,84,0.6363129722306144,1.119406694071402,1,5,2
20260218_195524,DpwFbmSimulator,4096,200,0.7,85,0.6770132171430884,7.37223809026277,1,5,2
20260218_195524,DpwFbmSimulator,4096,200,0.7,86,0.8089927110030234,10.553283819984298,1,5,2
20260218_195524,DpwFbmSimulator,4096,200,0.7,87,0.8119331953676375,10.011383280739347,1,5,2
20260218_195524,DpwFbmSimulator,4096,200,0.7,88,0.8280618531666483,52.363044032285295,1,5,2
20260218_195524,DpwFbmSimulator,4096,200,0.7,89,0.5925617508875419,2.68218553919907,1,5,2
20260218_195524,DpwFbmSimulator,4096,200,0.7,90,0.6224445549334353,2.3902792260779564,1,5,2
20260218_195524,DpwFbmSimulator,4096,200,0.7,91,0.664490612910459,7.442047771021005,1,5,2
20260218_195524,DpwFbmSimulator,4096,200,0.7,92,0.9574432102302898,78.60444046554629,1,5,2
20260218_195524,DpwFbmSimulator,4096,200,0.7,93,0.7787380392693041,20.189846293022974,1,5,2
20260218_195524,DpwFbmSimulator,4096,200,0.7,94,0.7915092103407789,10.200989130926043,1,5,2
20260218_195524,DpwFbmSimulator,4096,200,0.7,95,0.592650203636935,3.1791414488649683,1,5,2
20260218_195524,DpwFbmSimulator,4096,200,0.7,96,0.5582052192237912,1.741174457093362,1,5,2
20260218_195524,DpwFbmSimulator,4096,200,0.7,97,0.7374687394189009,7.84760268105979,1,5,2
20260218_195524,DpwFbmSimulator,4096,200,0.7,98,0.7513746238051087,5.473292017755251,1,5,2
20260218_195524,DpwFbmSimulator,4096,200,0.7,99,0.6247836347320721,4.7146032059478635,1,5,2
20260218_195524,DpwFbmSimulator,4096,200,0.7,100,0.7435796315455003,12.296292270794305,1,5,2
20260218_195524,DpwFbmSimulator,4096,200,0.7,101,0.505914815073513,0.8008226286192881,1,5,2
20260218_195524,DpwFbmSimulator,4096,200,0.7,102,0.9083223999252668,13.251121918094519,1,5,2
20260218_195524,DpwFbmSimulator,4096,200,0.7,103,0.6254369288612538,7.733730396304433,1,5,2
20260218_195524,DpwFbmSimulator,4096,200,0.7,104,0.632375983892982,1.6898569389889047,1,5,2
20260218_195524,DpwFbmSimulator,4096,200,0.7,105,0.9528990119244665,39.22755012798893,1,5,2
20260218_195524,DpwFbmSimulator,4096,200,0.7,106,0.7279751431064239,11.246329856571263,1,5,2
20260218_195524,DpwFbmSimulator,4096,200,0.7,107,0.4933154982785858,1.8760949704802652,1,5,2
20260218_195524,DpwFbmSimulator,4096,200,0.7,108,0.6952498607915708,5.390586636913273,1,5,2
20260218_195524,DpwFbmSimulator,4096,200,0.7,109,0.813963542473704,19.718588827023066,1,5,2
20260218_195524,DpwFbmSimulator,4096,200,0.7,110,0.6671286752302893,3.636142126611241,1,5,2
20260218_195524,DpwFbmSimulator,4096,200,0.7,111,0.7253180850024676,7.095817665781268,1,5,2
20260218_195524,DpwFbmSimulator,4096,200,0.7,112,0.5834208843714382,6.8147190730185665,1,5,2
20260218_195524,DpwFbmSimulator,4096,200,0.7,113,0.6966880517369011,4.809003782095912,1,5,2
20260218_195524,DpwFbmSimulator,4096,200,0.7,114,0.6683678273866304,1.8362059939681987,1,5,2
20260218_195524,DpwFbmSimulator,4096,200,0.7,115,0.7184686778622249,3.6099888460976928,1,5,2
20260218_195524,DpwFbmSimulator,4096,200,0.7,116,0.8717443644334602,8.027301573359079,1,5,2
20260218_195524,DpwFbmSimulator,4096,200,0.7,117,0.6535086305915828,3.507465376311686,1,5,2
20260218_195524,DpwFbmSimulator,4096,200,0.7,118,0.659808856339795,8.735103187233584,1,5,2
20260218_195524,DpwFbmSimulator,4096,200,0.7,119,0.6299383220665923,1.4556587448583183,1,5,2
20260218_195524,DpwFbmSimulator,4096,200,0.7,120,0.7160038904842844,14.303550255570078,1,5,2
20260218_195524,DpwFbmSimulator,4096,200,0.7,121,0.6735895179040019,3.181463542300818,1,5,2
20260218_195524,DpwFbmSimulator,4096,200,0.7,122,0.6537865965890886,3.316127698876007,1,5,2
20260218_195524,DpwFbmSimulator,4096,200,0.7,123,0.8973017990169142,25.2919900168217,1,5,2
20260218_195524,DpwFbmSimulator,4096,200,0.7,124,0.3928644576378659,0.30497807674503363,1,5,2
20260218_195524,DpwFbmSimulator,4096,200,0.7,125,0.7151897860044989,2.9409845692508014,1,5,2
20260218_195524,DpwFbmSimulator,4096,200,0.7,126,0.7383038656498352,3.178848826360605,1,5,2
20260218_195524,DpwFbmSimulator,4096,200,0.7,127,0.598842164587954,7.303759906587791,1,5,2
20260218_195524,DpwFbmSimulator,4096,200,0.7,128,0.6714263104924235,5.251765796528492,1,5,2
20260218_195524,DpwFbmSimulator,4096,200,0.7,129,0.7699083178583428,9.249360814413103,1,5,2
20260218_195524,DpwFbmSimulator,4096,200,0.7,130,0.685694131563476,11.388837836477594,1,5,2
20260218_195524,DpwFbmSimulator,4096,200,0.7,131,0.6035005477933626,4.6036814094913625,1,5,2
20260218_195524,DpwFbmSimulator,4096,200,0.7,132,0.5088570147732061,1.0698552024522456,1,5,2
20260218_195524,DpwFbmSimulator,4096,200,0.7,133,0.6394096164403991,3.210730952293832,1,5,2
20260218_195524,DpwFbmSimulator,4096,200,0.7,134,0.6947820422449604,1.9663994764735386,1,5,2
20260218_195524,DpwFbmSimulator,4096,200,0.7,135,0.5207105558694508,2.8624550381750122,1,5,2
20260218_195524,DpwFbmSimulator,4096,200,0.7,136,0.6068597882673652,2.181769343898468,1,5,2
20260218_195524,DpwFbmSimulator,4096,200,0.7,137,0.44797937377257935,0.43535522130742893,1,5,2
20260218_195524,DpwFbmSimulator,4096,200,0.7,138,0.767545020563454,8.084557263605575,1,5,2
20260218_195524,DpwFbmSimulator,4096,200,0.7,139,0.6767479950147787,4.448466384186551,1,5,2
20260218_195524,DpwFbmSimulator,4096,200,0.7,140,0.7711402709217282,11.818485535547229,1,5,2
20260218_195524,DpwFbmSimulator,4096,200,0.7,141,0.7887706762256691,9.667157186803774,1,5,2
20260218_195524,DpwFbmSimulator,4096,200,0.7,142,0.6503350655379228,2.7010300614283933,1,5,2
20260218_195524,DpwFbmSimulator,4096,200,0.7,143,0.6434203561609849,5.845858792505155,1,5,2
20260218_195524,DpwFbmSimulator,4096,200,0.7,144,0.6321556360484705,4.984588912102962,1,5,2
20260218_195524,DpwFbmSimulator,4096,200,0.7,145,0.5760705080624723,2.9140170362601174,1,5,2
20260218_195524,DpwFbmSimulator,4096,200,0.7,146,0.7723658273864589,17.6029512745101,1,5,2
20260218_195524,DpwFbmSimulator,4096,200,0.7,147,0.8530523995380848,14.380922232481195,1,5,2
20260218_195524,DpwFbmSimulator,4096,200,0.7,148,0.6528244147067916,2.542805108610077,1,5,2
20260218_195524,DpwFbmSimulator,4096,200,0.7,149,0.7132589349284438,11.574875187370045,1,5,2
20260218_195524,DpwFbmSimulator,4096,200,0.7,150,0.8691317905052787,30.10520950239154,1,5,2
20260218_195524,DpwFbmSimulator,4096,200,0.7,151,0.7006876539032595,4.08299340089115,1,5,2
20260218_195524,DpwFbmSimulator,4096,200,0.7,152,0.8150201474204747,3.4434952409841912,1,5,2
20260218_195524,DpwFbmSimulator,4096,200,0.7,153,0.6472171130413586,3.020788807771633,1,5,2
20260218_195524,DpwFbmSimulator,4096,200,0.7,154,0.7195508943521544,5.556344859916941,1,5,2
20260218_195524,DpwFbmSimulator,4096,200,0.7,155,0.4952153847419362,0.4299999392968848,1,5,2
20260218_195524,DpwFbmSimulator,4096,200,0.7,156,0.2375642767307721,0.4839502936940979,1,5,2
20260218_195524,DpwFbmSimulator,4096,200,0.7,157,0.6839399774442859,5.641643998202256,1,5,2
20260218_195524,DpwFbmSimulator,4096,200,0.7,158,0.697303020778921,4.121233122710544,1,5,2
20260218_195524,DpwFbmSimulator,4096,200,0.7,159,0.5811856295460273,2.763202854437298,1,5,2
20260218_195524,DpwFbmSimulator,4096,200,0.7,160,0.4166592872358237,1.7201079462627455,1,5,2
20260218_195524,DpwFbmSimulator,4096,200,0.7,161,0.7022735643965775,3.867023805787607,1,5,2
20260218_195524,DpwFbmSimulator,4096,200,0.7,162,0.4998660460482072,1.5204635933872592,1,5,2
20260218_195524,DpwFbmSimulator,4096,200,0.7,163,0.9346888255325405,75.37932747813599,1,5,2
20260218_195524,DpwFbmSimulator,4096,200,0.7,164,0.6663665375493761,7.498360698621356,1,5,2
20260218_195524,DpwFbmSimulator,4096,200,0.7,165,0.6888100189408662,7.135698414906468,1,5,2
20260218_195524,DpwFbmSimulator,4096,200,0.7,166,0.6210615930758246,8.355393376798707,1,5,2
20260218_195524,DpwFbmSimulator,4096,200,0.7,167,0.5947853146112814,5.167781512347765,1,5,2
20260218_195524,DpwFbmSimulator,4096,200,0.7,168,0.7286041128022929,5.473122136350252,1,5,2
20260218_195524,DpwFbmSimulator,4096,200,0.7,169,0.7668158453625472,6.065111976336509,1,5,2
20260218_195524,DpwFbmSimulator,4096,200,0.7,170,0.5533362462008171,1.075062955078502,1,5,2
20260218_195524,DpwFbmSimulator,4096,200,0.7,171,0.3338298507811391,0.9150700857574462,1,5,2
20260218_195524,DpwFbmSimulator,4096,200,0.7,172,0.6265319715479455,3.7310484184255404,1,5,2
20260218_195524,DpwFbmSimulator,4096,200,0.7,173,0.4884956582348757,0.8916549344617283,1,5,2
20260218_195524,DpwFbmSimulator,4096,200,0.7,174,0.7874471756029142,12.829109662531533,1,5,2
20260218_195524,DpwFbmSimulator,4096,200,0.7,175,0.6429365372437056,5.550055192123351,1,5,2
20260218_195524,DpwFbmSimulator,4096,200,0.7,176,0.5494686567649469,2.3299636297375645,1,5,2
20260218_195524,DpwFbmSimulator,4096,200,0.7,177,0.5750523261552292,2.2323469779458596,1,5,2
20260218_195524,DpwFbmSimulator,4096,200,0.7,178,0.688719317797141,6.715382776481754,1,5,2
20260218_195524,DpwFbmSimulator,4096,200,0.7,179,0.7172704265112064,4.698363229161972,1,5,2
20260218_195524,DpwFbmSimulator,4096,200,0.7,180,0.7574700367779021,8.67770438551423,1,5,2
20260218_195524,DpwFbmSimulator,4096,200,0.7,181,0.6204072888566547,2.1551282926242616,1,5,2
20260218_195524,DpwFbmSimulator,4096,200,0.7,182,0.810339215957412,17.17709994161929,1,5,2
20260218_195524,DpwFbmSimulator,4096,200,0.7,183,0.7162332027950872,2.2219874151850654,1,5,2
20260218_195524,DpwFbmSimulator,4096,200,0.7,184,0.6809466291138272,8.77733516597732,1,5,2
20260218_195524,DpwFbmSimulator,4096,200,0.7,185,0.7287621840406495,6.625575518012362,1,5,2
20260218_195524,DpwFbmSimulator,4096,200,0.7,186,0.6983194087489303,5.172256027163418,1,5,2
20260218_195524,DpwFbmSimulator,4096,200,0.7,187,0.9388325722121721,93.7850948277959,1,5,2
20260218_195524,DpwFbmSimulator,4096,200,0.7,188,0.669692495283114,5.9894571467383715,1,5,2
20260218_195524,DpwFbmSimulator,4096,200,0.7,189,0.7477697918306365,17.377540155369687,1,5,2
20260218_195524,DpwFbmSimulator,4096,200,0.7,190,0.6164125026447471,2.914093583951591,1,5,2
20260218_195524,DpwFbmSimulator,4096,200,0.7,191,0.4903435604091421,0.5965467310981782,1,5,2
20260218_195524,DpwFbmSimulator,4096,200,0.7,192,0.6841889690786017,5.226720105687982,1,5,2
20260218_195524,DpwFbmSimulator,4096,200,0.7,193,0.779620445176938,4.102214085909106,1,5,2
20260218_195524,DpwFbmSimulator,4096,200,0.7,194,0.6771813448060076,9.174942816375797,1,5,2
20260218_195524,DpwFbmSimulator,4096,200,0.7,195,0.4640113624567003,0.2902432738465618,1,5,2
20260218_195524,DpwFbmSimulator,4096,200,0.7,196,0.5386104877014168,3.258469420851433,1,5,2
20260218_195524,DpwFbmSimulator,4096,200,0.7,197,0.7341862868835529,1.1503122107526886,1,5,2
20260218_195524,DpwFbmSimulator,4096,200,0.7,198,0.8254784911646323,6.258043121874346,1,5,2
20260218_195524,DpwFbmSimulator,4096,200,0.7,199,0.77034636191995,18.161755619832217,1,5,2
20260218_195524,DpwFbmSimulator,4096,200,0.7,200,0.7144544414136436,5.95494766850112,1,5,2
20260218_195524,DpwFbmSimulator,4096,200,0.8,1,0.692767422942628,4.096121144801115,1,5,2
20260218_195524,DpwFbmSimulator,4096,200,0.8,2,0.842607921564545,14.63056064772463,1,5,2
20260218_195524,DpwFbmSimulator,4096,200,0.8,3,0.7740859025780192,9.881141175475353,1,5,2
20260218_195524,DpwFbmSimulator,4096,200,0.8,4,0.7524227538433609,2.7822448839411327,1,5,2
20260218_195524,DpwFbmSimulator,4096,200,0.8,5,0.7074614804699866,1.574606557902583,1,5,2
20260218_195524,DpwFbmSimulator,4096,200,0.8,6,0.7175925572264247,2.2342621632385167,1,5,2
20260218_195524,DpwFbmSimulator,4096,200,0.8,7,0.78282402278898,6.515325876522656,1,5,2
20260218_195524,DpwFbmSimulator,4096,200,0.8,8,0.7146830230852355,3.377323162717976,1,5,2
20260218_195524,DpwFbmSimulator,4096,200,0.8,9,0.621188909079058,1.6254211373542944,1,5,2
20260218_195524,DpwFbmSimulator,4096,200,0.8,10,0.8715877093197006,10.640318371788824,1,5,2
20260218_195524,DpwFbmSimulator,4096,200,0.8,11,0.7812714195893022,4.005209021350467,1,5,2
20260218_195524,DpwFbmSimulator,4096,200,0.8,12,0.6463313986598822,1.3176417517456556,1,5,2
20260218_195524,DpwFbmSimulator,4096,200,0.8,13,0.7023784424980373,2.6851163210920292,1,5,2
20260218_195524,DpwFbmSimulator,4096,200,0.8,14,0.9999930391509351,41.037178741406144,1,5,2
20260218_195524,DpwFbmSimulator,4096,200,0.8,15,0.8135977677642725,7.097192717112909,1,5,2
20260218_195524,DpwFbmSimulator,4096,200,0.8,16,0.7027357708573344,3.0128240345614934,1,5,2
20260218_195524,DpwFbmSimulator,4096,200,0.8,17,0.5882717438492815,1.0525447509460386,1,5,2
20260218_195524,DpwFbmSimulator,4096,200,0.8,18,0.775789236496617,3.6855095523482553,1,5,2
20260218_195524,DpwFbmSimulator,4096,200,0.8,19,0.7935223770399024,5.983843946958106,1,5,2
20260218_195524,DpwFbmSimulator,4096,200,0.8,20,0.8114393007453137,4.896633232538107,1,5,2
20260218_195524,DpwFbmSimulator,4096,200,0.8,21,0.7197142224532315,1.2128407225576912,1,5,2
20260218_195524,DpwFbmSimulator,4096,200,0.8,22,0.7990261456717024,11.205842866325906,1,5,2
20260218_195524,DpwFbmSimulator,4096,200,0.8,23,0.9446036832529495,8.243017151610742,1,5,2
20260218_195524,DpwFbmSimulator,4096,200,0.8,24,0.9593108055823317,52.021874738137484,1,5,2
20260218_195524,DpwFbmSimulator,4096,200,0.8,25,0.8755372790225502,9.240409083465787,1,5,2
20260218_195524,DpwFbmSimulator,4096,200,0.8,26,0.7815444063273699,2.6874946575906753,1,5,2
20260218_195524,DpwFbmSimulator,4096,200,0.8,27,0.8420800716646485,6.764309055496722,1,5,2
20260218_195524,DpwFbmSimulator,4096,200,0.8,28,0.9368026545758391,25.844171572387687,1,5,2
20260218_195524,DpwFbmSimulator,4096,200,0.8,29,0.8399939086948731,16.176813491307023,1,5,2
20260218_195524,DpwFbmSimulator,4096,200,0.8,30,0.7555544388388933,4.960703002196297,1,5,2
20260218_195524,DpwFbmSimulator,4096,200,0.8,31,0.774149306008384,3.9562489393650346,1,5,2
20260218_195524,DpwFbmSimulator,4096,200,0.8,32,0.7720272056800352,2.393284023912682,1,5,2
20260218_195524,DpwFbmSimulator,4096,200,0.8,33,0.7971461322214487,2.057962520107389,1,5,2
20260218_195524,DpwFbmSimulator,4096,200,0.8,34,0.4441977861925905,0.6548412807204504,1,5,2
20260218_195524,DpwFbmSimulator,4096,200,0.8,35,0.7232401460614105,0.4568574719409995,1,5,2
20260218_195524,DpwFbmSimulator,4096,200,0.8,36,0.9999930391509351,78.3110830886686,1,5,2
20260218_195524,DpwFbmSimulator,4096,200,0.8,37,0.5300223399786566,0.2143326745622843,1,5,2
20260218_195524,DpwFbmSimulator,4096,200,0.8,38,0.7758771382604411,6.922928826497751,1,5,2
20260218_195524,DpwFbmSimulator,4096,200,0.8,39,0.706506761259334,2.3500418211732317,1,5,2
20260218_195524,DpwFbmSimulator,4096,200,0.8,40,0.7795503588112283,6.092425369894175,1,5,2
20260218_195524,DpwFbmSimulator,4096,200,0.8,41,0.11281326385232195,0.2565988484425098,1,5,2
20260218_195524,DpwFbmSimulator,4096,200,0.8,42,0.7598799534607874,8.262425158141285,1,5,2
20260218_195524,DpwFbmSimulator,4096,200,0.8,43,0.907654590669328,9.924111728945386,1,5,2
20260218_195524,DpwFbmSimulator,4096,200,0.8,44,0.8638029486816943,3.234402539668544,1,5,2
20260218_195524,DpwFbmSimulator,4096,200,0.8,45,0.8621673675022226,5.9970481590354865,1,5,2
20260218_195524,DpwFbmSimulator,4096,200,0.8,46,0.677926900685511,3.764180416089637,1,5,2
20260218_195524,DpwFbmSimulator,4096,200,0.8,47,0.6080355682885575,0.5227843919980534,1,5,2
20260218_195524,DpwFbmSimulator,4096,200,0.8,48,0.8512111433218954,4.77808347943451,1,5,2
20260218_195524,DpwFbmSimulator,4096,200,0.8,49,0.6599879333782027,1.2896899034466858,1,5,2
20260218_195524,DpwFbmSimulator,4096,200,0.8,50,0.7945938210615764,6.449453521466849,1,5,2
20260218_195524,DpwFbmSimulator,4096,200,0.8,51,0.6799285448772763,1.8126962305026628,1,5,2
20260218_195524,DpwFbmSimulator,4096,200,0.8,52,0.6830395960715109,2.1682271271933864,1,5,2
20260218_195524,DpwFbmSimulator,4096,200,0.8,53,0.6543201586832451,1.4962890031270277,1,5,2
20260218_195524,DpwFbmSimulator,4096,200,0.8,54,0.8131937178322972,3.6442390925597343,1,5,2
20260218_195524,DpwFbmSimulator,4096,200,0.8,55,0.8316884088808525,6.2896727570843955,1,5,2
20260218_195524,DpwFbmSimulator,4096,200,0.8,56,0.7327956069370163,1.121258339984108,1,5,2
20260218_195524,DpwFbmSimulator,4096,200,0.8,57,0.77095470696413,0.6950516458522576,1,5,2
20260218_195524,DpwFbmSimulator,4096,200,0.8,58,0.7091370908913234,1.3103532612435256,1,5,2
20260218_195524,DpwFbmSimulator,4096,200,0.8,59,0.7095614508317656,0.7249556636705342,1,5,2
20260218_195524,DpwFbmSimulator,4096,200,0.8,60,0.6112701845013154,2.0612076237617103,1,5,2
20260218_195524,DpwFbmSimulator,4096,200,0.8,61,0.7852997583120017,7.189226304313658,1,5,2
20260218_195524,DpwFbmSimulator,4096,200,0.8,62,0.7753115150492841,1.7621632011866144,1,5,2
20260218_195524,DpwFbmSimulator,4096,200,0.8,63,0.7714375786761242,8.427322618774207,1,5,2
20260218_195524,DpwFbmSimulator,4096,200,0.8,64,0.5824687874455428,0.9123380430824778,1,5,2
20260218_195524,DpwFbmSimulator,4096,200,0.8,65,0.8139142011197741,15.636898182420971,1,5,2
20260218_195524,DpwFbmSimulator,4096,200,0.8,66,0.7051751407895879,2.014318935235706,1,5,2
20260218_195524,DpwFbmSimulator,4096,200,0.8,67,0.6881145081933241,3.5391201715533804,1,5,2
20260218_195524,DpwFbmSimulator,4096,200,0.8,68,0.7590610111971168,3.444876972548208,1,5,2
20260218_195524,DpwFbmSimulator,4096,200,0.8,69,0.762748036496249,10.850941239450565,1,5,2
20260218_195524,DpwFbmSimulator,4096,200,0.8,70,0.7694448988018948,4.707025156579564,1,5,2
20260218_195524,DpwFbmSimulator,4096,200,0.8,71,0.7487398599779801,6.317348619976892,1,5,2
20260218_195524,DpwFbmSimulator,4096,200,0.8,72,0.7921520714585465,5.540685140617619,1,5,2
20260218_195524,DpwFbmSimulator,4096,200,0.8,73,0.8436331847941679,22.819455494727936,1,5,2
20260218_195524,DpwFbmSimulator,4096,200,0.8,74,0.8338136134269465,5.761680234130453,1,5,2
20260218_195524,DpwFbmSimulator,4096,200,0.8,75,0.9284412191697506,20.477115033903015,1,5,2
20260218_195524,DpwFbmSimulator,4096,200,0.8,76,0.778168331771467,0.7814516862024484,1,5,2
20260218_195524,DpwFbmSimulator,4096,200,0.8,77,0.8656041154693558,9.343017962382941,1,5,2
20260218_195524,DpwFbmSimulator,4096,200,0.8,78,0.415543350114121,1.7861801503704775,1,5,2
20260218_195524,DpwFbmSimulator,4096,200,0.8,79,0.7739228900813366,8.496280758076777,1,5,2
20260218_195524,DpwFbmSimulator,4096,200,0.8,80,0.8749497553159291,8.3461402434159,1,5,2
20260218_195524,DpwFbmSimulator,4096,200,0.8,81,0.8263730234529717,6.38835192464011,1,5,2
20260218_195524,DpwFbmSimulator,4096,200,0.8,82,0.7381535283289135,2.792679154177794,1,5,2
20260218_195524,DpwFbmSimulator,4096,200,0.8,83,0.8305421093189437,6.203210443304997,1,5,2
20260218_195524,DpwFbmSimulator,4096,200,0.8,84,0.7972593351514382,3.1708266943243513,1,5,2
20260218_195524,DpwFbmSimulator,4096,200,0.8,85,0.6946640155773682,3.8320903035087834,1,5,2
20260218_195524,DpwFbmSimulator,4096,200,0.8,86,0.6757277848376823,3.543360010144157,1,5,2
20260218_195524,DpwFbmSimulator,4096,200,0.8,87,0.8042784548357781,20.194557480426212,1,5,2
20260218_195524,DpwFbmSimulator,4096,200,0.8,88,0.7565076717857367,1.8671174309942362,1,5,2
20260218_195524,DpwFbmSimulator,4096,200,0.8,89,0.9286840624081419,49.6187834734975,1,5,2
20260218_195524,DpwFbmSimulator,4096,200,0.8,90,0.7883729617802812,8.769314727137122,1,5,2
20260218_195524,DpwFbmSimulator,4096,200,0.8,91,0.688058982699332,3.022344084919587,1,5,2
20260218_195524,DpwFbmSimulator,4096,200,0.8,92,0.7435530217266854,4.327847560873844,1,5,2
20260218_195524,DpwFbmSimulator,4096,200,0.8,93,0.7730724550609782,9.348633319978338,1,5,2
20260218_195524,DpwFbmSimulator,4096,200,0.8,94,0.6952169657114815,1.2637479049745353,1,5,2
20260218_195524,DpwFbmSimulator,4096,200,0.8,95,0.8256645718193735,20.032130382218913,1,5,2
20260218_195524,DpwFbmSimulator,4096,200,0.8,96,0.6343565774157858,0.7235655990320015,1,5,2
20260218_195524,DpwFbmSimulator,4096,200,0.8,97,0.8615918872282448,10.384912675810206,1,5,2
20260218_195524,DpwFbmSimulator,4096,200,0.8,98,0.7544279124825781,7.781381172290219,1,5,2
20260218_195524,DpwFbmSimulator,4096,200,0.8,99,0.5702810114128476,1.043595368839134,1,5,2
20260218_195524,DpwFbmSimulator,4096,200,0.8,100,0.7863420809308183,7.46655611420546,1,5,2
20260218_195524,DpwFbmSimulator,4096,200,0.8,101,0.7584066724312998,7.163595336633583,1,5,2
20260218_195524,DpwFbmSimulator,4096,200,0.8,102,0.7422425274206323,1.0816665531277554,1,5,2
20260218_195524,DpwFbmSimulator,4096,200,0.8,103,0.9999930391509351,16.96347878315041,1,5,2
20260218_195524,DpwFbmSimulator,4096,200,0.8,104,0.5905410976083516,1.5416810989017162,1,5,2
20260218_195524,DpwFbmSimulator,4096,200,0.8,105,0.6738697550063255,1.8184811200965214,1,5,2
20260218_195524,DpwFbmSimulator,4096,200,0.8,106,0.7605414446964105,1.713729037614744,1,5,2
20260218_195524,DpwFbmSimulator,4096,200,0.8,107,0.8211249520315286,2.3136472537714,1,5,2
20260218_195524,DpwFbmSimulator,4096,200,0.8,108,0.9923104469554868,25.04513280669217,1,5,2
20260218_195524,DpwFbmSimulator,4096,200,0.8,109,0.6918224301312212,2.875363905209619,1,5,2
20260218_195524,DpwFbmSimulator,4096,200,0.8,110,0.9521023250600872,59.90471508608518,1,5,2
20260218_195524,DpwFbmSimulator,4096,200,0.8,111,0.7832012065221127,5.550564444270664,1,5,2
20260218_195524,DpwFbmSimulator,4096,200,0.8,112,0.7778493343915888,26.585839670175496,1,5,2
20260218_195524,DpwFbmSimulator,4096,200,0.8,113,0.8774877157086641,20.80159184992959,1,5,2
20260218_195524,DpwFbmSimulator,4096,200,0.8,114,0.7477564341815128,4.761926646993964,1,5,2
20260218_195524,DpwFbmSimulator,4096,200,0.8,115,0.547827000769005,0.8895572006898999,1,5,2
20260218_195524,DpwFbmSimulator,4096,200,0.8,116,0.6682315811090874,2.2069970553557496,1,5,2
20260218_195524,DpwFbmSimulator,4096,200,0.8,117,0.7143013634709359,3.8041953922166725,1,5,2
20260218_195524,DpwFbmSimulator,4096,200,0.8,118,0.9512918419222078,11.203886666912688,1,5,2
20260218_195524,DpwFbmSimulator,4096,200,0.8,119,0.8461088447746525,19.3033823683805,1,5,2
20260218_195524,DpwFbmSimulator,4096,200,0.8,120,0.7174836921222573,2.8037718327972945,1,5,2
20260218_195524,DpwFbmSimulator,4096,200,0.8,121,0.6491673851984485,1.244239226217318,1,5,2
20260218_195524,DpwFbmSimulator,4096,200,0.8,122,0.7710876182244246,13.632457313256692,1,5,2
20260218_195524,DpwFbmSimulator,4096,200,0.8,123,0.41793131149796303,0.8979951393421157,1,5,2
20260218_195524,DpwFbmSimulator,4096,200,0.8,124,0.7084035854990486,1.6115948664265816,1,5,2
20260218_195524,DpwFbmSimulator,4096,200,0.8,125,0.8248984597277923,6.204194856805463,1,5,2
20260218_195524,DpwFbmSimulator,4096,200,0.8,126,0.5991050541505317,0.9304149887873261,1,5,2
20260218_195524,DpwFbmSimulator,4096,200,0.8,127,0.7127747435554563,0.9464852169061427,1,5,2
20260218_195524,DpwFbmSimulator,4096,200,0.8,128,0.7818842750622568,11.341274358120215,1,5,2
20260218_195524,DpwFbmSimulator,4096,200,0.8,129,0.9351109201837638,9.488169038359596,1,5,2
20260218_195524,DpwFbmSimulator,4096,200,0.8,130,0.6308295948566749,1.0970950534862973,1,5,2
20260218_195524,DpwFbmSimulator,4096,200,0.8,131,0.7403811917869902,4.508853688690161,1,5,2
20260218_195524,DpwFbmSimulator,4096,200,0.8,132,0.8029314409283804,2.726269884387736,1,5,2
20260218_195524,DpwFbmSimulator,4096,200,0.8,133,0.6221932687377885,1.7776905131663134,1,5,2
20260218_195524,DpwFbmSimulator,4096,200,0.8,134,0.7711630481640024,3.40305700725181,1,5,2
20260218_195524,DpwFbmSimulator,4096,200,0.8,135,0.8254742363520104,10.062746643781294,1,5,2
20260218_195524,DpwFbmSimulator,4096,200,0.8,136,0.7125619292476557,2.413393020382519,1,5,2
20260218_195524,DpwFbmSimulator,4096,200,0.8,137,0.8483197313056552,2.6015931892589412,1,5,2
20260218_195524,DpwFbmSimulator,4096,200,0.8,138,0.6787085116282459,2.187821205020669,1,5,2
20260218_195524,DpwFbmSimulator,4096,200,0.8,139,0.7986025127494879,16.93896396044596,1,5,2
20260218_195524,DpwFbmSimulator,4096,200,0.8,140,0.7165256257010455,6.7934894087744055,1,5,2
20260218_195524,DpwFbmSimulator,4096,200,0.8,141,0.799579189501653,4.133864259992022,1,5,2
20260218_195524,DpwFbmSimulator,4096,200,0.8,142,0.6272895546805944,1.7823613441745205,1,5,2
20260218_195524,DpwFbmSimulator,4096,200,0.8,143,0.9428152353576357,9.75500053282958,1,5,2
20260218_195524,DpwFbmSimulator,4096,200,0.8,144,0.8749035635393804,11.65284933781927,1,5,2
20260218_195524,DpwFbmSimulator,4096,200,0.8,145,0.8402507221969487,8.616413362426993,1,5,2
20260218_195524,DpwFbmSimulator,4096,200,0.8,146,0.7123843732219443,2.7065182461147983,1,5,2
20260218_195524,DpwFbmSimulator,4096,200,0.8,147,0.9043890072861032,11.862876156176526,1,5,2
20260218_195524,DpwFbmSimulator,4096,200,0.8,148,0.8219655044807113,4.412793300949898,1,5,2
20260218_195524,DpwFbmSimulator,4096,200,0.8,149,0.7583343412271827,9.84095452552992,1,5,2
20260218_195524,DpwFbmSimulator,4096,200,0.8,150,0.6695209025274593,2.819771076265312,1,5,2
20260218_195524,DpwFbmSimulator,4096,200,0.8,151,0.751998035782488,2.973097929278259,1,5,2
20260218_195524,DpwFbmSimulator,4096,200,0.8,152,0.6517933851050677,2.683616185897234,1,5,2
20260218_195524,DpwFbmSimulator,4096,200,0.8,153,0.6352678493534053,2.972308688811578,1,5,2
20260218_195524,DpwFbmSimulator,4096,200,0.8,154,0.7760431112581123,11.271466121767915,1,5,2
20260218_195524,DpwFbmSimulator,4096,200,0.8,155,0.6726464023466813,1.263879962860096,1,5,2
20260218_195524,DpwFbmSimulator,4096,200,0.8,156,0.6957723809175581,4.850795191161667,1,5,2
20260218_195524,DpwFbmSimulator,4096,200,0.8,157,0.7823709065885774,3.3477998341768442,1,5,2
20260218_195524,DpwFbmSimulator,4096,200,0.8,158,0.7782829859631554,0.8787350066065832,1,5,2
20260218_195524,DpwFbmSimulator,4096,200,0.8,159,0.7859019727581373,3.558418208744166,1,5,2
20260218_195524,DpwFbmSimulator,4096,200,0.8,160,0.2837378071283061,0.08185313396765136,1,5,2
20260218_195524,DpwFbmSimulator,4096,200,0.8,161,0.7334191804177863,2.044689980581535,1,5,2
20260218_195524,DpwFbmSimulator,4096,200,0.8,162,0.9999941659602378,29.867908286448834,1,5,2
20260218_195524,DpwFbmSimulator,4096,200,0.8,163,0.6019143667321781,0.5052090195641852,1,5,2
20260218_195524,DpwFbmSimulator,4096,200,0.8,164,0.660974555531179,3.6349041374523674,1,5,2
20260218_195524,DpwFbmSimulator,4096,200,0.8,165,0.7000091166776675,2.117639927273443,1,5,2
20260218_195524,DpwFbmSimulator,4096,200,0.8,166,0.6715152786504833,3.572800076675599,1,5,2
20260218_195524,DpwFbmSimulator,4096,200,0.8,167,0.6266367445641213,2.9129589077895823,1,5,2
20260218_195524,DpwFbmSimulator,4096,200,0.8,168,0.7013972215654318,5.552109209337199,1,5,2
20260218_195524,DpwFbmSimulator,4096,200,0.8,169,0.5057859977986093,0.24830850853446945,1,5,2
20260218_195524,DpwFbmSimulator,4096,200,0.8,170,0.8136649268644899,16.767527700820153,1,5,2
20260218_195524,DpwFbmSimulator,4096,200,0.8,171,0.7377095579568526,3.528012215869694,1,5,2
20260218_195524,DpwFbmSimulator,4096,200,0.8,172,0.7880354926222938,2.812289099799743,1,5,2
20260218_195524,DpwFbmSimulator,4096,200,0.8,173,0.7317037841612017,2.9917588038887946,1,5,2
20260218_195524,DpwFbmSimulator,4096,200,0.8,174,0.9498760549077917,7.587306772375897,1,5,2
20260218_195524,DpwFbmSimulator,4096,200,0.8,175,0.8555362783560714,8.816202592020714,1,5,2
20260218_195524,DpwFbmSimulator,4096,200,0.8,176,0.9220022647284721,20.51835235158338,1,5,2
20260218_195524,DpwFbmSimulator,4096,200,0.8,177,0.7916699256444855,9.09769417893946,1,5,2
20260218_195524,DpwFbmSimulator,4096,200,0.8,178,0.8392345634494396,4.886223910786408,1,5,2
20260218_195524,DpwFbmSimulator,4096,200,0.8,179,0.6919745903777295,5.393832569615987,1,5,2
20260218_195524,DpwFbmSimulator,4096,200,0.8,180,0.8446015336903251,6.138035782277217,1,5,2
20260218_195524,DpwFbmSimulator,4096,200,0.8,181,0.8315489557418003,3.9933981837043464,1,5,2
20260218_195524,DpwFbmSimulator,4096,200,0.8,182,0.8513901383384738,11.288766926553013,1,5,2
20260218_195524,DpwFbmSimulator,4096,200,0.8,183,0.7378337603513695,2.8676760485085127,1,5,2
20260218_195524,DpwFbmSimulator,4096,200,0.8,184,0.7828740765015341,1.29454575967089,1,5,2
20260218_195524,DpwFbmSimulator,4096,200,0.8,185,0.6380438702107417,1.3869091498519959,1,5,2
20260218_195524,DpwFbmSimulator,4096,200,0.8,186,0.7766309578504714,4.332769359309513,1,5,2
20260218_195524,DpwFbmSimulator,4096,200,0.8,187,0.7117621305435394,3.5143607915959696,1,5,2
20260218_195524,DpwFbmSimulator,4096,200,0.8,188,0.6463404209008949,2.2670260612463156,1,5,2
20260218_195524,DpwFbmSimulator,4096,200,0.8,189,0.4398010228297999,0.6577077028668271,1,5,2
20260218_195524,DpwFbmSimulator,4096,200,0.8,190,0.8709709428719004,6.992065283048619,1,5,2
20260218_195524,DpwFbmSimulator,4096,200,0.8,191,0.23043471511858607,0.23609421988357232,1,5,2
20260218_195524,DpwFbmSimulator,4096,200,0.8,192,0.8402297932133452,33.9723338480073,1,5,2
20260218_195524,DpwFbmSimulator,4096,200,0.8,193,0.7478523376970877,3.3183089242678925,1,5,2
20260218_195524,DpwFbmSimulator,4096,200,0.8,194,0.9129524417148782,17.09634896501676,1,5,2
20260218_195524,DpwFbmSimulator,4096,200,0.8,195,0.8883234305709203,9.095519699528905,1,5,2
20260218_195524,DpwFbmSimulator,4096,200,0.8,196,0.830965693032047,9.848738146767554,1,5,2
20260218_195524,DpwFbmSimulator,4096,200,0.8,197,0.8365560511384418,12.684805780277374,1,5,2
20260218_195524,DpwFbmSimulator,4096,200,0.8,198,0.9346198685580286,19.482160744568986,1,5,2
20260218_195524,DpwFbmSimulator,4096,200,0.8,199,0.7093009458966384,3.039011010940063,1,5,2
20260218_195524,DpwFbmSimulator,4096,200,0.8,200,0.664365803814356,3.095708761785663,1,5,2
20260218_195524,DpwFbmSimulator,4096,200,0.9,1,0.8169912278916976,1.2306409901439377,1,5,2
20260218_195524,DpwFbmSimulator,4096,200,0.9,2,0.8557158281920239,0.7393041132776634,1,5,2
20260218_195524,DpwFbmSimulator,4096,200,0.9,3,0.8626314115842173,1.6348844230305601,1,5,2
20260218_195524,DpwFbmSimulator,4096,200,0.9,4,0.8038859509287465,0.7162027631105654,1,5,2
20260218_195524,DpwFbmSimulator,4096,200,0.9,5,0.9095578227305479,5.119920343383865,1,5,2
20260218_195524,DpwFbmSimulator,4096,200,0.9,6,0.8306824934649321,9.103166456105422,1,5,2
20260218_195524,DpwFbmSimulator,4096,200,0.9,7,0.9681958910041427,13.391724742092094,1,5,2
20260218_195524,DpwFbmSimulator,4096,200,0.9,8,0.8982431476134416,3.171092967358973,1,5,2
20260218_195524,DpwFbmSimulator,4096,200,0.9,9,0.9185357649901176,3.282820101311879,1,5,2
20260218_195524,DpwFbmSimulator,4096,200,0.9,10,0.9042911251156394,0.14047809552618615,1,5,2
20260218_195524,DpwFbmSimulator,4096,200,0.9,11,0.9449971211459943,3.558819561710889,1,5,2
20260218_195524,DpwFbmSimulator,4096,200,0.9,12,0.7597493203978217,2.3576772496992002,1,5,2
20260218_195524,DpwFbmSimulator,4096,200,0.9,13,0.7356717415280208,0.9642532094006346,1,5,2
20260218_195524,DpwFbmSimulator,4096,200,0.9,14,0.8332601348483222,3.98229620145909,1,5,2
20260218_195524,DpwFbmSimulator,4096,200,0.9,15,0.8294148487490319,4.539666713730556,1,5,2
20260218_195524,DpwFbmSimulator,4096,200,0.9,16,0.9017625967180145,6.636258489570868,1,5,2
20260218_195524,DpwFbmSimulator,4096,200,0.9,17,0.7119919471698932,2.105998231267611,1,5,2
20260218_195524,DpwFbmSimulator,4096,200,0.9,18,0.3998143489790699,0.29222211365705963,1,5,2
20260218_195524,DpwFbmSimulator,4096,200,0.9,19,0.9999930391509351,7.942877030251365,1,5,2
20260218_195524,DpwFbmSimulator,4096,200,0.9,20,0.8596342066228322,8.92925986199976,1,5,2
20260218_195524,DpwFbmSimulator,4096,200,0.9,21,0.7597003032105922,1.1155123122880652,1,5,2
20260218_195524,DpwFbmSimulator,4096,200,0.9,22,0.7486749480648434,2.0644359731972046,1,5,2
20260218_195524,DpwFbmSimulator,4096,200,0.9,23,0.8426477659306908,1.1683432754549155,1,5,2
20260218_195524,DpwFbmSimulator,4096,200,0.9,24,0.8819735167351964,2.9903277726457933,1,5,2
20260218_195524,DpwFbmSimulator,4096,200,0.9,25,0.8660426982557878,8.809305680591384,1,5,2
20260218_195524,DpwFbmSimulator,4096,200,0.9,26,0.9999930391509351,9.197880565359714,1,5,2
20260218_195524,DpwFbmSimulator,4096,200,0.9,27,0.8795946324594813,4.504360832944195,1,5,2
20260218_195524,DpwFbmSimulator,4096,200,0.9,28,0.8009191488296852,3.389789758001412,1,5,2
20260218_195524,DpwFbmSimulator,4096,200,0.9,29,0.9999930391509351,3.1626196013967016,1,5,2
20260218_195524,DpwFbmSimulator,4096,200,0.9,30,0.9334949382346165,4.710627410204093,1,5,2
20260218_195524,DpwFbmSimulator,4096,200,0.9,31,0.9999951844380921,17.23251237416117,1,5,2
20260218_195524,DpwFbmSimulator,4096,200,0.9,32,0.8493318465868654,2.7458742696452916,1,5,2
20260218_195524,DpwFbmSimulator,4096,200,0.9,33,0.8338259400942701,8.624905551734972,1,5,2
20260218_195524,DpwFbmSimulator,4096,200,0.9,34,0.7947946530163227,0.8160895414356906,1,5,2
20260218_195524,DpwFbmSimulator,4096,200,0.9,35,0.9361481612046378,12.550684149921358,1,5,2
20260218_195524,DpwFbmSimulator,4096,200,0.9,36,0.9963241526754465,15.470864598719665,1,5,2
20260218_195524,DpwFbmSimulator,4096,200,0.9,37,0.9999930391509351,8.420109897104123,1,5,2
20260218_195524,DpwFbmSimulator,4096,200,0.9,38,0.8928569996364945,1.2781063010316491,1,5,2
20260218_195524,DpwFbmSimulator,4096,200,0.9,39,0.8343224574622801,4.091613596706974,1,5,2
20260218_195524,DpwFbmSimulator,4096,200,0.9,40,0.9999930391509351,14.796366997349894,1,5,2
20260218_195524,DpwFbmSimulator,4096,200,0.9,41,0.9832576005065538,7.868126307578984,1,5,2
20260218_195524,DpwFbmSimulator,4096,200,0.9,42,0.8517968292669652,0.9071821553249755,1,5,2
20260218_195524,DpwFbmSimulator,4096,200,0.9,43,0.922661873456652,2.476829299714642,1,5,2
20260218_195524,DpwFbmSimulator,4096,200,0.9,44,0.9659169820880938,4.8036551405350085,1,5,2
20260218_195524,DpwFbmSimulator,4096,200,0.9,45,0.9048582916968699,7.563100437213553,1,5,2
20260218_195524,DpwFbmSimulator,4096,200,0.9,46,0.6959203152165871,0.5941929934507552,1,5,2
20260218_195524,DpwFbmSimulator,4096,200,0.9,47,0.8689853326104597,10.889827807041174,1,5,2
20260218_195524,DpwFbmSimulator,4096,200,0.9,48,0.8784700644812207,3.360917396628902,1,5,2
20260218_195524,DpwFbmSimulator,4096,200,0.9,49,0.9120949254467327,3.3451562069536496,1,5,2
20260218_195524,DpwFbmSimulator,4096,200,0.9,50,0.8563861122911003,7.77072877044213,1,5,2
20260218_195524,DpwFbmSimulator,4096,200,0.9,51,0.9790369855541102,6.064034605992727,1,5,2
20260218_195524,DpwFbmSimulator,4096,200,0.9,52,0.8497527137170103,2.9360240490893856,1,5,2
20260218_195524,DpwFbmSimulator,4096,200,0.9,53,0.8672356460052891,8.323319964656486,1,5,2
20260218_195524,DpwFbmSimulator,4096,200,0.9,54,0.7586804125430745,2.813838947351134,1,5,2
20260218_195524,DpwFbmSimulator,4096,200,0.9,55,0.8235293087876426,4.233583577385141,1,5,2
20260218_195524,DpwFbmSimulator,4096,200,0.9,56,0.8176372343035859,4.113468976236933,1,5,2
20260218_195524,DpwFbmSimulator,4096,200,0.9,57,0.8274901133407528,3.1477187680279344,1,5,2
20260218_195524,DpwFbmSimulator,4096,200,0.9,58,0.9051889405648318,0.8219686770171579,1,5,2
20260218_195524,DpwFbmSimulator,4096,200,0.9,59,0.9397392284070426,11.771679876498297,1,5,2
20260218_195524,DpwFbmSimulator,4096,200,0.9,60,0.803415876508609,0.7286393595447539,1,5,2
20260218_195524,DpwFbmSimulator,4096,200,0.9,61,0.9506994383344536,28.149939819986244,1,5,2
20260218_195524,DpwFbmSimulator,4096,200,0.9,62,0.8491168441512877,1.3347667156695568,1,5,2
20260218_195524,DpwFbmSimulator,4096,200,0.9,63,0.9999930391509351,1.3445187798004625,1,5,2
20260218_195524,DpwFbmSimulator,4096,200,0.9,64,0.7578049576506648,3.5944946883052125,1,5,2
20260218_195524,DpwFbmSimulator,4096,200,0.9,65,0.8209359341529449,1.369310197717098,1,5,2
20260218_195524,DpwFbmSimulator,4096,200,0.9,66,0.9044706048153114,7.776824147750354,1,5,2
20260218_195524,DpwFbmSimulator,4096,200,0.9,67,0.8876929369779967,17.387219005328365,1,5,2
20260218_195524,DpwFbmSimulator,4096,200,0.9,68,0.9035975831061146,1.365530530361002,1,5,2
20260218_195524,DpwFbmSimulator,4096,200,0.9,69,0.9747072530136243,21.566862038328473,1,5,2
20260218_195524,DpwFbmSimulator,4096,200,0.9,70,0.8925030167874228,4.6522252844578516,1,5,2
20260218_195524,DpwFbmSimulator,4096,200,0.9,71,0.7729391763052247,1.429237093643401,1,5,2
20260218_195524,DpwFbmSimulator,4096,200,0.9,72,0.7673340044206559,1.2343356572988116,1,5,2
20260218_195524,DpwFbmSimulator,4096,200,0.9,73,0.7089716790209724,0.9977415600310172,1,5,2
20260218_195524,DpwFbmSimulator,4096,200,0.9,74,0.8789934675086685,1.7635333945182867,1,5,2
20260218_195524,DpwFbmSimulator,4096,200,0.9,75,0.6562676628892866,0.8434494500715055,1,5,2
20260218_195524,DpwFbmSimulator,4096,200,0.9,76,0.8481712949726313,4.166219601210217,1,5,2
20260218_195524,DpwFbmSimulator,4096,200,0.9,77,0.9923777173368891,30.503713618572696,1,5,2
20260218_195524,DpwFbmSimulator,4096,200,0.9,78,0.8404738090022513,1.7442186041987084,1,5,2
20260218_195524,DpwFbmSimulator,4096,200,0.9,79,0.9999930391509351,18.568313523092378,1,5,2
20260218_195524,DpwFbmSimulator,4096,200,0.9,80,0.9058406560685562,5.57685607051171,1,5,2
20260218_195524,DpwFbmSimulator,4096,200,0.9,81,0.5793829467585587,1.0669562624143893,1,5,2
20260218_195524,DpwFbmSimulator,4096,200,0.9,82,0.8746783943670957,8.440906350175158,1,5,2
20260218_195524,DpwFbmSimulator,4096,200,0.9,83,0.9356583568156821,13.722690936637802,1,5,2
20260218_195524,DpwFbmSimulator,4096,200,0.9,84,0.8707097029176615,1.2663675501430702,1,5,2
20260218_195524,DpwFbmSimulator,4096,200,0.9,85,0.9999930391509351,53.36698070158485,1,5,2
20260218_195524,DpwFbmSimulator,4096,200,0.9,86,0.850497751639745,1.6914397861575907,1,5,2
20260218_195524,DpwFbmSimulator,4096,200,0.9,87,0.8611200589398151,2.048286787203753,1,5,2
20260218_195524,DpwFbmSimulator,4096,200,0.9,88,0.9999930391509351,8.873496776350452,1,5,2
20260218_195524,DpwFbmSimulator,4096,200,0.9,89,0.7647781405493531,0.3241651589278291,1,5,2
20260218_195524,DpwFbmSimulator,4096,200,0.9,90,0.8749616344188668,4.0498940432712685,1,5,2
20260218_195524,DpwFbmSimulator,4096,200,0.9,91,0.8395271758881528,1.7586553527871858,1,5,2
20260218_195524,DpwFbmSimulator,4096,200,0.9,92,0.877586894527432,5.3919758335652626,1,5,2
20260218_195524,DpwFbmSimulator,4096,200,0.9,93,0.7780435602969477,4.642134462754005,1,5,2
20260218_195524,DpwFbmSimulator,4096,200,0.9,94,0.8265297873544528,0.5509900530394729,1,5,2
20260218_195524,DpwFbmSimulator,4096,200,0.9,95,0.9999930391509351,9.65286775469654,1,5,2
20260218_195524,DpwFbmSimulator,4096,200,0.9,96,0.8670819869316787,9.900654542267773,1,5,2
20260218_195524,DpwFbmSimulator,4096,200,0.9,97,0.9785290803147071,22.050981493931207,1,5,2
20260218_195524,DpwFbmSimulator,4096,200,0.9,98,0.7939667144266898,1.302633612949771,1,5,2
20260218_195524,DpwFbmSimulator,4096,200,0.9,99,0.6932619911409296,1.514508531880438,1,5,2
20260218_195524,DpwFbmSimulator,4096,200,0.9,100,0.7953028556395134,1.2707083308089442,1,5,2
20260218_195524,DpwFbmSimulator,4096,200,0.9,101,0.7522850876983528,0.7581353899040469,1,5,2
20260218_195524,DpwFbmSimulator,4096,200,0.9,102,0.8329628057874445,2.361682338610091,1,5,2
20260218_195524,DpwFbmSimulator,4096,200,0.9,103,0.9517741167563275,11.262861309352674,1,5,2
20260218_195524,DpwFbmSimulator,4096,200,0.9,104,0.9999930391509351,5.787347821212734,1,5,2
20260218_195524,DpwFbmSimulator,4096,200,0.9,105,0.8456040230380275,2.202976929208396,1,5,2
20260218_195524,DpwFbmSimulator,4096,200,0.9,106,0.9703755818870659,20.000303602488348,1,5,2
20260218_195524,DpwFbmSimulator,4096,200,0.9,107,0.8098765163917994,0.9163064972832249,1,5,2
20260218_195524,DpwFbmSimulator,4096,200,0.9,108,0.9999930391509351,21.940540056908237,1,5,2
20260218_195524,DpwFbmSimulator,4096,200,0.9,109,0.6395704999389731,0.79264370368699,1,5,2
20260218_195524,DpwFbmSimulator,4096,200,0.9,110,0.7438479366044495,1.118796156678788,1,5,2
20260218_195524,DpwFbmSimulator,4096,200,0.9,111,0.7931237343721804,1.8344750651478685,1,5,2
20260218_195524,DpwFbmSimulator,4096,200,0.9,112,0.8202433171849828,2.292916200306693,1,5,2
20260218_195524,DpwFbmSimulator,4096,200,0.9,113,0.7472468933022359,0.8503390509086383,1,5,2
20260218_195524,DpwFbmSimulator,4096,200,0.9,114,0.8949855562158141,6.885578315119581,1,5,2
20260218_195524,DpwFbmSimulator,4096,200,0.9,115,0.721907758619656,1.3481261761984793,1,5,2
20260218_195524,DpwFbmSimulator,4096,200,0.9,116,0.9003940332507039,7.749134684311024,1,5,2
20260218_195524,DpwFbmSimulator,4096,200,0.9,117,0.8663174944394306,5.927622400189862,1,5,2
20260218_195524,DpwFbmSimulator,4096,200,0.9,118,0.9971792046890595,1.5712222620338476,1,5,2
20260218_195524,DpwFbmSimulator,4096,200,0.9,119,0.9355782816503156,6.9859886615367195,1,5,2
20260218_195524,DpwFbmSimulator,4096,200,0.9,120,0.7474872319043508,0.525145152717687,1,5,2
20260218_195524,DpwFbmSimulator,4096,200,0.9,121,0.8903481773630993,9.719494950973774,1,5,2
20260218_195524,DpwFbmSimulator,4096,200,0.9,122,0.8384959096553386,6.704506076307964,1,5,2
20260218_195524,DpwFbmSimulator,4096,200,0.9,123,0.8993822348499108,7.477054875474817,1,5,2
20260218_195524,DpwFbmSimulator,4096,200,0.9,124,0.8889979231525759,1.121820894599517,1,5,2
20260218_195524,DpwFbmSimulator,4096,200,0.9,125,0.8328046813523743,7.028531400866979,1,5,2
20260218_195524,DpwFbmSimulator,4096,200,0.9,126,0.9999930391509351,6.693993828718241,1,5,2
20260218_195524,DpwFbmSimulator,4096,200,0.9,127,0.9999930391509351,10.223841213428862,1,5,2
20260218_195524,DpwFbmSimulator,4096,200,0.9,128,0.7487175682910548,0.8969240566155173,1,5,2
20260218_195524,DpwFbmSimulator,4096,200,0.9,129,0.9415095385279273,4.465479459734526,1,5,2
20260218_195524,DpwFbmSimulator,4096,200,0.9,130,0.9071284893368362,4.562256101341008,1,5,2
20260218_195524,DpwFbmSimulator,4096,200,0.9,131,0.9399466093203643,11.582635100368337,1,5,2
20260218_195524,DpwFbmSimulator,4096,200,0.9,132,0.7310983975393097,0.5060239728825705,1,5,2
20260218_195524,DpwFbmSimulator,4096,200,0.9,133,0.780894861059109,1.1588303029213478,1,5,2
20260218_195524,DpwFbmSimulator,4096,200,0.9,134,0.8225614717119478,2.1627347694973427,1,5,2
20260218_195524,DpwFbmSimulator,4096,200,0.9,135,0.6459103385021184,0.2382795417157066,1,5,2
20260218_195524,DpwFbmSimulator,4096,200,0.9,136,0.843328889193283,2.163610516020994,1,5,2
20260218_195524,DpwFbmSimulator,4096,200,0.9,137,0.9019560549769216,1.0292965567818124,1,5,2
20260218_195524,DpwFbmSimulator,4096,200,0.9,138,0.9610857501692553,1.6213106917219724,1,5,2
20260218_195524,DpwFbmSimulator,4096,200,0.9,139,0.9999930391509351,5.827028679692322,1,5,2
20260218_195524,DpwFbmSimulator,4096,200,0.9,140,0.8935776320025457,31.26340248804532,1,5,2
20260218_195524,DpwFbmSimulator,4096,200,0.9,141,0.9128373593727442,12.298498309378278,1,5,2
20260218_195524,DpwFbmSimulator,4096,200,0.9,142,0.8843905736514516,2.9103051802248414,1,5,2
20260218_195524,DpwFbmSimulator,4096,200,0.9,143,0.8605051738014443,0.4916084666571029,1,5,2
20260218_195524,DpwFbmSimulator,4096,200,0.9,144,0.7927035901553755,1.95324021935588,1,5,2
20260218_195524,DpwFbmSimulator,4096,200,0.9,145,0.8360033106997881,5.907308894289529,1,5,2
20260218_195524,DpwFbmSimulator,4096,200,0.9,146,0.8329254679183357,3.665233475790198,1,5,2
20260218_195524,DpwFbmSimulator,4096,200,0.9,147,0.9681516907657645,2.8279594176050975,1,5,2
20260218_195524,DpwFbmSimulator,4096,200,0.9,148,0.8663955947277654,5.981155893404542,1,5,2
20260218_195524,DpwFbmSimulator,4096,200,0.9,149,0.7639466629523607,1.6806640503161414,1,5,2
20260218_195524,DpwFbmSimulator,4096,200,0.9,150,0.789574564570542,0.5874916357513594,1,5,2
20260218_195524,DpwFbmSimulator,4096,200,0.9,151,0.8782678846909006,13.686061984467312,1,5,2
20260218_195524,DpwFbmSimulator,4096,200,0.9,152,0.7023268809707867,0.6367814037268594,1,5,2
20260218_195524,DpwFbmSimulator,4096,200,0.9,153,0.9999930391509351,6.952003618916812,1,5,2
20260218_195524,DpwFbmSimulator,4096,200,0.9,154,0.6474156674951167,0.12615328570811388,1,5,2
20260218_195524,DpwFbmSimulator,4096,200,0.9,155,0.883823806349897,3.655533125407191,1,5,2
20260218_195524,DpwFbmSimulator,4096,200,0.9,156,0.9220162133423216,4.39893591690037,1,5,2
20260218_195524,DpwFbmSimulator,4096,200,0.9,157,0.3860914022468194,0.07852257940339043,1,5,2
20260218_195524,DpwFbmSimulator,4096,200,0.9,158,0.9914042511496058,9.084005008097703,1,5,2
20260218_195524,DpwFbmSimulator,4096,200,0.9,159,0.7599491390968309,0.7602761480265511,1,5,2
20260218_195524,DpwFbmSimulator,4096,200,0.9,160,0.9786713043602915,7.154618520222494,1,5,2
20260218_195524,DpwFbmSimulator,4096,200,0.9,161,0.8931650079287143,1.0700202695126442,1,5,2
20260218_195524,DpwFbmSimulator,4096,200,0.9,162,0.8879418009962622,0.6300928485911234,1,5,2
20260218_195524,DpwFbmSimulator,4096,200,0.9,163,0.9999930391509351,10.041550237095915,1,5,2
20260218_195524,DpwFbmSimulator,4096,200,0.9,164,0.7917425939625015,0.7691869735263185,1,5,2
20260218_195524,DpwFbmSimulator,4096,200,0.9,165,0.6752236092767663,1.284633938285819,1,5,2
20260218_195524,DpwFbmSimulator,4096,200,0.9,166,0.8787032173948305,12.024795181521338,1,5,2
20260218_195524,DpwFbmSimulator,4096,200,0.9,167,0.669632058514351,1.2097995351317115,1,5,2
20260218_195524,DpwFbmSimulator,4096,200,0.9,168,0.8084837341946922,1.042848832899482,1,5,2
20260218_195524,DpwFbmSimulator,4096,200,0.9,169,0.8599369548115747,0.8362311398568643,1,5,2
20260218_195524,DpwFbmSimulator,4096,200,0.9,170,0.9999935333918629,11.287723355617453,1,5,2
20260218_195524,DpwFbmSimulator,4096,200,0.9,171,0.9999930391509351,10.622094627242753,1,5,2
20260218_195524,DpwFbmSimulator,4096,200,0.9,172,0.9664755916078506,11.18293963403426,1,5,2
20260218_195524,DpwFbmSimulator,4096,200,0.9,173,0.8666488561450805,0.42672109511268946,1,5,2
20260218_195524,DpwFbmSimulator,4096,200,0.9,174,0.8607445302647562,9.017976782391825,1,5,2
20260218_195524,DpwFbmSimulator,4096,200,0.9,175,0.916987990983077,14.207099099502763,1,5,2
20260218_195524,DpwFbmSimulator,4096,200,0.9,176,0.7991183023451914,1.7046488154219284,1,5,2
20260218_195524,DpwFbmSimulator,4096,200,0.9,177,0.9999930391509351,26.914794430083823,1,5,2
20260218_195524,DpwFbmSimulator,4096,200,0.9,178,0.7804776229754962,6.327727564776011,1,5,2
20260218_195524,DpwFbmSimulator,4096,200,0.9,179,0.7370459106343804,1.277276574457934,1,5,2
20260218_195524,DpwFbmSimulator,4096,200,0.9,180,0.736797583731205,1.6858528581509449,1,5,2
20260218_195524,DpwFbmSimulator,4096,200,0.9,181,0.7698816820836231,1.0137503369638938,1,5,2
20260218_195524,DpwFbmSimulator,4096,200,0.9,182,0.781942699942824,0.9500702286133732,1,5,2
20260218_195524,DpwFbmSimulator,4096,200,0.9,183,0.8719634434875424,5.454279193061743,1,5,2
20260218_195524,DpwFbmSimulator,4096,200,0.9,184,0.8813484617805916,7.432873415070779,1,5,2
20260218_195524,DpwFbmSimulator,4096,200,0.9,185,0.745902280831704,0.6257964467642925,1,5,2
20260218_195524,DpwFbmSimulator,4096,200,0.9,186,0.980810563271283,17.268137250183877,1,5,2
20260218_195524,DpwFbmSimulator,4096,200,0.9,187,0.9999956421368607,11.150831568672077,1,5,2
20260218_195524,DpwFbmSimulator,4096,200,0.9,188,0.9958738665090149,5.942704234619274,1,5,2
20260218_195524,DpwFbmSimulator,4096,200,0.9,189,0.8754202522687987,6.337684043529262,1,5,2
20260218_195524,DpwFbmSimulator,4096,200,0.9,190,0.7910316933366619,2.052851328461944,1,5,2
20260218_195524,DpwFbmSimulator,4096,200,0.9,191,0.7336553905960098,2.7121371247513912,1,5,2
20260218_195524,DpwFbmSimulator,4096,200,0.9,192,0.8840852739433173,3.9493317311350453,1,5,2
20260218_195524,DpwFbmSimulator,4096,200,0.9,193,0.8869143272556824,6.55367292153478,1,5,2
20260218_195524,DpwFbmSimulator,4096,200,0.9,194,0.9999930391509351,4.958479442358809,1,5,2
20260218_195524,DpwFbmSimulator,4096,200,0.9,195,0.8791244959487426,5.801913699979943,1,5,2
20260218_195524,DpwFbmSimulator,4096,200,0.9,196,0.9999930391509351,4.21133015158674,1,5,2
20260218_195524,DpwFbmSimulator,4096,200,0.9,197,0.6964281121702889,1.2392955220312825,1,5,2
20260218_195524,DpwFbmSimulator,4096,200,0.9,198,0.941394636789688,4.743509711707091,1,5,2
20260218_195524,DpwFbmSimulator,4096,200,0.9,199,0.9999930391509351,1.7015749432745986,1,5,2
20260218_195524,DpwFbmSimulator,4096,200,0.9,200,0.8607633031350704,0.7804937063425089,1,5,2