run_id,process,N,trials,H0,trial,H_hat,sigma2_hat,K,L,sigma
20260212_190530,DpwSubFbmSimulator,4096,200,0.1,1,0.12466367498419913,,0.1,5,1
20260212_190530,DpwSubFbmSimulator,4096,200,0.1,2,0.02058441957441541,,0.1,5,1
20260212_190530,DpwSubFbmSimulator,4096,200,0.1,3,0.09301790269700919,,0.1,5,1
20260212_190530,DpwSubFbmSimulator,4096,200,0.1,4,0.08975748154681971,,0.1,5,1
20260212_190530,DpwSubFbmSimulator,4096,200,0.1,5,0.15771683125779765,,0.1,5,1
20260212_190530,DpwSubFbmSimulator,4096,200,0.1,6,0.09579473816079964,,0.1,5,1
20260212_190530,DpwSubFbmSimulator,4096,200,0.1,7,0.14507057691489442,,0.1,5,1
20260212_190530,DpwSubFbmSimulator,4096,200,0.1,8,0.0681368870528043,,0.1,5,1
20260212_190530,DpwSubFbmSimulator,4096,200,0.1,9,0.2111697199834261,,0.1,5,1
20260212_190530,DpwSubFbmSimulator,4096,200,0.1,10,0.1532530108428075,,0.1,5,1
20260212_190530,DpwSubFbmSimulator,4096,200,0.1,11,0.14663955777902202,,0.1,5,1
20260212_190530,DpwSubFbmSimulator,4096,200,0.1,12,0.19239639554366092,,0.1,5,1
20260212_190530,DpwSubFbmSimulator,4096,200,0.1,13,0.09723229329910825,,0.1,5,1
20260212_190530,DpwSubFbmSimulator,4096,200,0.1,14,0.01937688964766649,,0.1,5,1
20260212_190530,DpwSubFbmSimulator,4096,200,0.1,15,0.08695099347901687,,0.1,5,1
20260212_190530,DpwSubFbmSimulator,4096,200,0.1,16,0.21008218100317738,,0.1,5,1
20260212_190530,DpwSubFbmSimulator,4096,200,0.1,17,0.14711498476659568,,0.1,5,1
20260212_190530,DpwSubFbmSimulator,4096,200,0.1,18,-0.13982835078917794,,0.1,5,1
20260212_190530,DpwSubFbmSimulator,4096,200,0.1,19,0.141313252922351,,0.1,5,1
20260212_190530,DpwSubFbmSimulator,4096,200,0.1,20,0.17148037948591066,,0.1,5,1
20260212_190530,DpwSubFbmSimulator,4096,200,0.1,21,0.13189340525146037,,0.1,5,1
20260212_190530,DpwSubFbmSimulator,4096,200,0.1,22,0.07613007635449656,,0.1,5,1
20260212_190530,DpwSubFbmSimulator,4096,200,0.1,23,0.024259205758002365,,0.1,5,1
20260212_190530,DpwSubFbmSimulator,4096,200,0.1,24,0.05293977770074443,,0.1,5,1
20260212_190530,DpwSubFbmSimulator,4096,200,0.1,25,0.11461744685353398,,0.1,5,1
20260212_190530,DpwSubFbmSimulator,4096,200,0.1,26,0.16593193096902198,,0.1,5,1
20260212_190530,DpwSubFbmSimulator,4096,200,0.1,27,0.007968525258323134,,0.1,5,1
20260212_190530,DpwSubFbmSimulator,4096,200,0.1,28,0.12154034195110289,,0.1,5,1
20260212_190530,DpwSubFbmSimulator,4096,200,0.1,29,0.0471534757381514,,0.1,5,1
20260212_190530,DpwSubFbmSimulator,4096,200,0.1,30,0.044813219291082125,,0.1,5,1
20260212_190530,DpwSubFbmSimulator,4096,200,0.1,31,0.17357379582174454,,0.1,5,1
20260212_190530,DpwSubFbmSimulator,4096,200,0.1,32,0.036442739671461125,,0.1,5,1
20260212_190530,DpwSubFbmSimulator,4096,200,0.1,33,0.1684160397035553,,0.1,5,1
20260212_190530,DpwSubFbmSimulator,4096,200,0.1,34,0.18604297957954122,,0.1,5,1
20260212_190530,DpwSubFbmSimulator,4096,200,0.1,35,0.06978618498163643,,0.1,5,1
20260212_190530,DpwSubFbmSimulator,4096,200,0.1,36,0.05453285172971498,,0.1,5,1
20260212_190530,DpwSubFbmSimulator,4096,200,0.1,37,0.1305914958065622,,0.1,5,1
20260212_190530,DpwSubFbmSimulator,4096,200,0.1,38,0.17406178829738417,,0.1,5,1
20260212_190530,DpwSubFbmSimulator,4096,200,0.1,39,0.14225951704340448,,0.1,5,1
20260212_190530,DpwSubFbmSimulator,4096,200,0.1,40,0.05113258261982014,,0.1,5,1
20260212_190530,DpwSubFbmSimulator,4096,200,0.1,41,0.079305852467894,,0.1,5,1
20260212_190530,DpwSubFbmSimulator,4096,200,0.1,42,0.08645570444869266,,0.1,5,1
20260212_190530,DpwSubFbmSimulator,4096,200,0.1,43,0.03492359690065125,,0.1,5,1
20260212_190530,DpwSubFbmSimulator,4096,200,0.1,44,0.10661803846537367,,0.1,5,1
20260212_190530,DpwSubFbmSimulator,4096,200,0.1,45,0.21802422659974574,,0.1,5,1
20260212_190530,DpwSubFbmSimulator,4096,200,0.1,46,0.135138936268266,,0.1,5,1
20260212_190530,DpwSubFbmSimulator,4096,200,0.1,47,0.0660980886111524,,0.1,5,1
20260212_190530,DpwSubFbmSimulator,4096,200,0.1,48,0.15935704212214302,,0.1,5,1
20260212_190530,DpwSubFbmSimulator,4096,200,0.1,49,0.07976593192829251,,0.1,5,1
20260212_190530,DpwSubFbmSimulator,4096,200,0.1,50,0.08282638867414818,,0.1,5,1
20260212_190530,DpwSubFbmSimulator,4096,200,0.1,51,0.10285454549358009,,0.1,5,1
20260212_190530,DpwSubFbmSimulator,4096,200,0.1,52,0.08087086963447024,,0.1,5,1
20260212_190530,DpwSubFbmSimulator,4096,200,0.1,53,-0.11557191781513194,,0.1,5,1
20260212_190530,DpwSubFbmSimulator,4096,200,0.1,54,0.12227666980817432,,0.1,5,1
20260212_190530,DpwSubFbmSimulator,4096,200,0.1,55,0.14663921793581827,,0.1,5,1
20260212_190530,DpwSubFbmSimulator,4096,200,0.1,56,0.19069427742522432,,0.1,5,1
20260212_190530,DpwSubFbmSimulator,4096,200,0.1,57,0.2715937945796411,,0.1,5,1
20260212_190530,DpwSubFbmSimulator,4096,200,0.1,58,-0.005026528223362179,,0.1,5,1
20260212_190530,DpwSubFbmSimulator,4096,200,0.1,59,0.1387073128470367,,0.1,5,1
20260212_190530,DpwSubFbmSimulator,4096,200,0.1,60,0.09281494445038813,,0.1,5,1
20260212_190530,DpwSubFbmSimulator,4096,200,0.1,61,-0.01876658855042357,,0.1,5,1
20260212_190530,DpwSubFbmSimulator,4096,200,0.1,62,0.16751411021344256,,0.1,5,1
20260212_190530,DpwSubFbmSimulator,4096,200,0.1,63,0.07543486523012538,,0.1,5,1
20260212_190530,DpwSubFbmSimulator,4096,200,0.1,64,0.12930442937928313,,0.1,5,1
20260212_190530,DpwSubFbmSimulator,4096,200,0.1,65,-0.08619233277396074,,0.1,5,1
20260212_190530,DpwSubFbmSimulator,4096,200,0.1,66,0.11741894957851177,,0.1,5,1
20260212_190530,DpwSubFbmSimulator,4096,200,0.1,67,0.1463352187742518,,0.1,5,1
20260212_190530,DpwSubFbmSimulator,4096,200,0.1,68,0.0462143573084901,,0.1,5,1
20260212_190530,DpwSubFbmSimulator,4096,200,0.1,69,0.15822304707636728,,0.1,5,1
20260212_190530,DpwSubFbmSimulator,4096,200,0.1,70,0.07995537043367346,,0.1,5,1
20260212_190530,DpwSubFbmSimulator,4096,200,0.1,71,0.0911240064259742,,0.1,5,1
20260212_190530,DpwSubFbmSimulator,4096,200,0.1,72,0.22245039898318772,,0.1,5,1
20260212_190530,DpwSubFbmSimulator,4096,200,0.1,73,-0.015353943903959591,,0.1,5,1
20260212_190530,DpwSubFbmSimulator,4096,200,0.1,74,0.15951211188672726,,0.1,5,1
20260212_190530,DpwSubFbmSimulator,4096,200,0.1,75,0.17984027824873827,,0.1,5,1
20260212_190530,DpwSubFbmSimulator,4096,200,0.1,76,0.16572587281904175,,0.1,5,1
20260212_190530,DpwSubFbmSimulator,4096,200,0.1,77,0.19181158458330644,,0.1,5,1
20260212_190530,DpwSubFbmSimulator,4096,200,0.1,78,0.15681383153302864,,0.1,5,1
20260212_190530,DpwSubFbmSimulator,4096,200,0.1,79,0.04471248031647752,,0.1,5,1
20260212_190530,DpwSubFbmSimulator,4096,200,0.1,80,0.18637769596295972,,0.1,5,1
20260212_190530,DpwSubFbmSimulator,4096,200,0.1,81,0.18912585048778408,,0.1,5,1
20260212_190530,DpwSubFbmSimulator,4096,200,0.1,82,0.08645748098689193,,0.1,5,1
20260212_190530,DpwSubFbmSimulator,4096,200,0.1,83,0.1396516749352526,,0.1,5,1
20260212_190530,DpwSubFbmSimulator,4096,200,0.1,84,0.0946146287748971,,0.1,5,1
20260212_190530,DpwSubFbmSimulator,4096,200,0.1,85,0.193621499789421,,0.1,5,1
20260212_190530,DpwSubFbmSimulator,4096,200,0.1,86,0.12097009078763854,,0.1,5,1
20260212_190530,DpwSubFbmSimulator,4096,200,0.1,87,0.22378816575346414,,0.1,5,1
20260212_190530,DpwSubFbmSimulator,4096,200,0.1,88,0.12871491474389132,,0.1,5,1
20260212_190530,DpwSubFbmSimulator,4096,200,0.1,89,0.15736695653311428,,0.1,5,1
20260212_190530,DpwSubFbmSimulator,4096,200,0.1,90,0.011443357666123883,,0.1,5,1
20260212_190530,DpwSubFbmSimulator,4096,200,0.1,91,0.18194610050611304,,0.1,5,1
20260212_190530,DpwSubFbmSimulator,4096,200,0.1,92,0.17126762676638443,,0.1,5,1
20260212_190530,DpwSubFbmSimulator,4096,200,0.1,93,0.15217059702295185,,0.1,5,1
20260212_190530,DpwSubFbmSimulator,4096,200,0.1,94,0.1546306710911237,,0.1,5,1
20260212_190530,DpwSubFbmSimulator,4096,200,0.1,95,0.1206040510692727,,0.1,5,1
20260212_190530,DpwSubFbmSimulator,4096,200,0.1,96,0.11921102256130355,,0.1,5,1
20260212_190530,DpwSubFbmSimulator,4096,200,0.1,97,0.18162651595779308,,0.1,5,1
20260212_190530,DpwSubFbmSimulator,4096,200,0.1,98,-0.05594316002711428,,0.1,5,1
20260212_190530,DpwSubFbmSimulator,4096,200,0.1,99,-0.12490599757965244,,0.1,5,1
20260212_190530,DpwSubFbmSimulator,4096,200,0.1,100,0.15282940644240497,,0.1,5,1
20260212_190530,DpwSubFbmSimulator,4096,200,0.1,101,0.15543890475471753,,0.1,5,1
20260212_190530,DpwSubFbmSimulator,4096,200,0.1,102,0.179763436690787,,0.1,5,1
20260212_190530,DpwSubFbmSimulator,4096,200,0.1,103,0.06270462132043302,,0.1,5,1
20260212_190530,DpwSubFbmSimulator,4096,200,0.1,104,0.15306468354456548,,0.1,5,1
20260212_190530,DpwSubFbmSimulator,4096,200,0.1,105,0.18208923258132823,,0.1,5,1
20260212_190530,DpwSubFbmSimulator,4096,200,0.1,106,0.20036801822889555,,0.1,5,1
20260212_190530,DpwSubFbmSimulator,4096,200,0.1,107,0.12991039057085782,,0.1,5,1
20260212_190530,DpwSubFbmSimulator,4096,200,0.1,108,0.1271404635641538,,0.1,5,1
20260212_190530,DpwSubFbmSimulator,4096,200,0.1,109,0.04749405260848276,,0.1,5,1
20260212_190530,DpwSubFbmSimulator,4096,200,0.1,110,-0.0729583125058979,,0.1,5,1
20260212_190530,DpwSubFbmSimulator,4096,200,0.1,111,0.003880230807247707,,0.1,5,1
20260212_190530,DpwSubFbmSimulator,4096,200,0.1,112,0.0865358020033392,,0.1,5,1
20260212_190530,DpwSubFbmSimulator,4096,200,0.1,113,0.19678894232464014,,0.1,5,1
20260212_190530,DpwSubFbmSimulator,4096,200,0.1,114,0.23163500022371805,,0.1,5,1
20260212_190530,DpwSubFbmSimulator,4096,200,0.1,115,0.1508782963889864,,0.1,5,1
20260212_190530,DpwSubFbmSimulator,4096,200,0.1,116,0.18428303168909563,,0.1,5,1
20260212_190530,DpwSubFbmSimulator,4096,200,0.1,117,-0.001964399016272236,,0.1,5,1
20260212_190530,DpwSubFbmSimulator,4096,200,0.1,118,0.17477624422710913,,0.1,5,1
20260212_190530,DpwSubFbmSimulator,4096,200,0.1,119,0.15480030004654377,,0.1,5,1
20260212_190530,DpwSubFbmSimulator,4096,200,0.1,120,0.04558095948243101,,0.1,5,1
20260212_190530,DpwSubFbmSimulator,4096,200,0.1,121,0.22713060504207536,,0.1,5,1
20260212_190530,DpwSubFbmSimulator,4096,200,0.1,122,0.16996002718129122,,0.1,5,1
20260212_190530,DpwSubFbmSimulator,4096,200,0.1,123,0.0026929241332643897,,0.1,5,1
20260212_190530,DpwSubFbmSimulator,4096,200,0.1,124,0.06581865474037474,,0.1,5,1
20260212_190530,DpwSubFbmSimulator,4096,200,0.1,125,0.17298587928988493,,0.1,5,1
20260212_190530,DpwSubFbmSimulator,4096,200,0.1,126,0.21463311383719044,,0.1,5,1
20260212_190530,DpwSubFbmSimulator,4096,200,0.1,127,-0.09268883089720033,,0.1,5,1
20260212_190530,DpwSubFbmSimulator,4096,200,0.1,128,-0.011635134747519807,,0.1,5,1
20260212_190530,DpwSubFbmSimulator,4096,200,0.1,129,0.1675630051129848,,0.1,5,1
20260212_190530,DpwSubFbmSimulator,4096,200,0.1,130,0.1056660185274699,,0.1,5,1
20260212_190530,DpwSubFbmSimulator,4096,200,0.1,131,0.14792411663572955,,0.1,5,1
20260212_190530,DpwSubFbmSimulator,4096,200,0.1,132,0.18518075485390934,,0.1,5,1
20260212_190530,DpwSubFbmSimulator,4096,200,0.1,133,0.09110815381959078,,0.1,5,1
20260212_190530,DpwSubFbmSimulator,4096,200,0.1,134,-0.15889347640508444,,0.1,5,1
20260212_190530,DpwSubFbmSimulator,4096,200,0.1,135,0.012445142069080832,,0.1,5,1
20260212_190530,DpwSubFbmSimulator,4096,200,0.1,136,0.07033838676126548,,0.1,5,1
20260212_190530,DpwSubFbmSimulator,4096,200,0.1,137,0.11902879623775178,,0.1,5,1
20260212_190530,DpwSubFbmSimulator,4096,200,0.1,138,0.10407026215456532,,0.1,5,1
20260212_190530,DpwSubFbmSimulator,4096,200,0.1,139,0.15967683894748583,,0.1,5,1
20260212_190530,DpwSubFbmSimulator,4096,200,0.1,140,0.05278136272048311,,0.1,5,1
20260212_190530,DpwSubFbmSimulator,4096,200,0.1,141,0.15631057335994542,,0.1,5,1
20260212_190530,DpwSubFbmSimulator,4096,200,0.1,142,0.12057074419933561,,0.1,5,1
20260212_190530,DpwSubFbmSimulator,4096,200,0.1,143,0.07012177110851975,,0.1,5,1
20260212_190530,DpwSubFbmSimulator,4096,200,0.1,144,0.1516303742245435,,0.1,5,1
20260212_190530,DpwSubFbmSimulator,4096,200,0.1,145,0.18988590986000894,,0.1,5,1
20260212_190530,DpwSubFbmSimulator,4096,200,0.1,146,0.09933081516569121,,0.1,5,1
20260212_190530,DpwSubFbmSimulator,4096,200,0.1,147,0.13473689404562583,,0.1,5,1
20260212_190530,DpwSubFbmSimulator,4096,200,0.1,148,-0.011876560518830943,,0.1,5,1
20260212_190530,DpwSubFbmSimulator,4096,200,0.1,149,0.16375860684436278,,0.1,5,1
20260212_190530,DpwSubFbmSimulator,4096,200,0.1,150,0.24420312530078742,,0.1,5,1
20260212_190530,DpwSubFbmSimulator,4096,200,0.1,151,0.19601572632706718,,0.1,5,1
20260212_190530,DpwSubFbmSimulator,4096,200,0.1,152,0.19274805404858553,,0.1,5,1
20260212_190530,DpwSubFbmSimulator,4096,200,0.1,153,0.13094253521565663,,0.1,5,1
20260212_190530,DpwSubFbmSimulator,4096,200,0.1,154,0.07342501014283458,,0.1,5,1
20260212_190530,DpwSubFbmSimulator,4096,200,0.1,155,-0.0054765338836660175,,0.1,5,1
20260212_190530,DpwSubFbmSimulator,4096,200,0.1,156,0.05936386075404146,,0.1,5,1
20260212_190530,DpwSubFbmSimulator,4096,200,0.1,157,0.21918939250872596,,0.1,5,1
20260212_190530,DpwSubFbmSimulator,4096,200,0.1,158,0.08386159751819715,,0.1,5,1
20260212_190530,DpwSubFbmSimulator,4096,200,0.1,159,0.1627427794977897,,0.1,5,1
20260212_190530,DpwSubFbmSimulator,4096,200,0.1,160,0.03543345590623614,,0.1,5,1
20260212_190530,DpwSubFbmSimulator,4096,200,0.1,161,-0.12486819797682851,,0.1,5,1
20260212_190530,DpwSubFbmSimulator,4096,200,0.1,162,-0.07410271846324586,,0.1,5,1
20260212_190530,DpwSubFbmSimulator,4096,200,0.1,163,0.19600457361675527,,0.1,5,1
20260212_190530,DpwSubFbmSimulator,4096,200,0.1,164,0.17914332836568805,,0.1,5,1
20260212_190530,DpwSubFbmSimulator,4096,200,0.1,165,0.1311925802338846,,0.1,5,1
20260212_190530,DpwSubFbmSimulator,4096,200,0.1,166,0.14414204472041575,,0.1,5,1
20260212_190530,DpwSubFbmSimulator,4096,200,0.1,167,0.14631214930686434,,0.1,5,1
20260212_190530,DpwSubFbmSimulator,4096,200,0.1,168,0.1544858711465772,,0.1,5,1
20260212_190530,DpwSubFbmSimulator,4096,200,0.1,169,0.18777367698574335,,0.1,5,1
20260212_190530,DpwSubFbmSimulator,4096,200,0.1,170,0.14350032990092412,,0.1,5,1
20260212_190530,DpwSubFbmSimulator,4096,200,0.1,171,-0.11815509170210547,,0.1,5,1
20260212_190530,DpwSubFbmSimulator,4096,200,0.1,172,0.19974495949952908,,0.1,5,1
20260212_190530,DpwSubFbmSimulator,4096,200,0.1,173,0.011786231770981901,,0.1,5,1
20260212_190530,DpwSubFbmSimulator,4096,200,0.1,174,0.21250423958079684,,0.1,5,1
20260212_190530,DpwSubFbmSimulator,4096,200,0.1,175,0.09592792999176857,,0.1,5,1
20260212_190530,DpwSubFbmSimulator,4096,200,0.1,176,0.17092773829167168,,0.1,5,1
20260212_190530,DpwSubFbmSimulator,4096,200,0.1,177,0.18927077766417658,,0.1,5,1
20260212_190530,DpwSubFbmSimulator,4096,200,0.1,178,0.1102665095173696,,0.1,5,1
20260212_190530,DpwSubFbmSimulator,4096,200,0.1,179,0.16479485787312995,,0.1,5,1
20260212_190530,DpwSubFbmSimulator,4096,200,0.1,180,0.08231200948747154,,0.1,5,1
20260212_190530,DpwSubFbmSimulator,4096,200,0.1,181,0.15421031796893978,,0.1,5,1
20260212_190530,DpwSubFbmSimulator,4096,200,0.1,182,0.16229347798326116,,0.1,5,1
20260212_190530,DpwSubFbmSimulator,4096,200,0.1,183,0.11619846555998176,,0.1,5,1
20260212_190530,DpwSubFbmSimulator,4096,200,0.1,184,0.14047578032397978,,0.1,5,1
20260212_190530,DpwSubFbmSimulator,4096,200,0.1,185,0.03550928973070989,,0.1,5,1
20260212_190530,DpwSubFbmSimulator,4096,200,0.1,186,0.14909981985326323,,0.1,5,1
20260212_190530,DpwSubFbmSimulator,4096,200,0.1,187,0.041966891811378026,,0.1,5,1
20260212_190530,DpwSubFbmSimulator,4096,200,0.1,188,0.1301547933005089,,0.1,5,1
20260212_190530,DpwSubFbmSimulator,4096,200,0.1,189,0.07978442793324626,,0.1,5,1
20260212_190530,DpwSubFbmSimulator,4096,200,0.1,190,0.10436466930517846,,0.1,5,1
20260212_190530,DpwSubFbmSimulator,4096,200,0.1,191,0.10488981140332748,,0.1,5,1
20260212_190530,DpwSubFbmSimulator,4096,200,0.1,192,0.14522382271889253,,0.1,5,1
20260212_190530,DpwSubFbmSimulator,4096,200,0.1,193,0.13106213582641515,,0.1,5,1
20260212_190530,DpwSubFbmSimulator,4096,200,0.1,194,0.1909392521917911,,0.1,5,1
20260212_190530,DpwSubFbmSimulator,4096,200,0.1,195,0.07845621398513777,,0.1,5,1
20260212_190530,DpwSubFbmSimulator,4096,200,0.1,196,0.19613858079329463,,0.1,5,1
20260212_190530,DpwSubFbmSimulator,4096,200,0.1,197,-0.04240976092797341,,0.1,5,1
20260212_190530,DpwSubFbmSimulator,4096,200,0.1,198,0.19180816328855158,,0.1,5,1
20260212_190530,DpwSubFbmSimulator,4096,200,0.1,199,0.06349169789700272,,0.1,5,1
20260212_190530,DpwSubFbmSimulator,4096,200,0.1,200,0.15739631323637168,,0.1,5,1
20260212_190530,DpwSubFbmSimulator,4096,200,0.2,1,0.27570518533830723,,0.1,5,1
20260212_190530,DpwSubFbmSimulator,4096,200,0.2,2,0.2556707683738525,,0.1,5,1
20260212_190530,DpwSubFbmSimulator,4096,200,0.2,3,0.2504434032220262,,0.1,5,1
20260212_190530,DpwSubFbmSimulator,4096,200,0.2,4,0.20447953319718154,,0.1,5,1
20260212_190530,DpwSubFbmSimulator,4096,200,0.2,5,0.2528797080851665,,0.1,5,1
20260212_190530,DpwSubFbmSimulator,4096,200,0.2,6,0.2535374312265116,,0.1,5,1
20260212_190530,DpwSubFbmSimulator,4096,200,0.2,7,0.2538033783647412,,0.1,5,1
20260212_190530,DpwSubFbmSimulator,4096,200,0.2,8,0.26351349530429413,,0.1,5,1
20260212_190530,DpwSubFbmSimulator,4096,200,0.2,9,0.3088373291741805,,0.1,5,1
20260212_190530,DpwSubFbmSimulator,4096,200,0.2,10,0.2538006230228741,,0.1,5,1
20260212_190530,DpwSubFbmSimulator,4096,200,0.2,11,0.18092740662810516,,0.1,5,1
20260212_190530,DpwSubFbmSimulator,4096,200,0.2,12,0.20376967029816598,,0.1,5,1
20260212_190530,DpwSubFbmSimulator,4096,200,0.2,13,0.19550179880124194,,0.1,5,1
20260212_190530,DpwSubFbmSimulator,4096,200,0.2,14,0.14868960279245833,,0.1,5,1
20260212_190530,DpwSubFbmSimulator,4096,200,0.2,15,0.26710418669920827,,0.1,5,1
20260212_190530,DpwSubFbmSimulator,4096,200,0.2,16,0.15313856879015222,,0.1,5,1
20260212_190530,DpwSubFbmSimulator,4096,200,0.2,17,0.2552472395168892,,0.1,5,1
20260212_190530,DpwSubFbmSimulator,4096,200,0.2,18,0.25762562688951385,,0.1,5,1
20260212_190530,DpwSubFbmSimulator,4096,200,0.2,19,0.2626979730566092,,0.1,5,1
20260212_190530,DpwSubFbmSimulator,4096,200,0.2,20,0.2636578211407896,,0.1,5,1
20260212_190530,DpwSubFbmSimulator,4096,200,0.2,21,0.050456922590728044,,0.1,5,1
20260212_190530,DpwSubFbmSimulator,4096,200,0.2,22,0.23332573403702905,,0.1,5,1
20260212_190530,DpwSubFbmSimulator,4096,200,0.2,23,0.23023506014854553,,0.1,5,1
20260212_190530,DpwSubFbmSimulator,4096,200,0.2,24,0.21685677766025288,,0.1,5,1
20260212_190530,DpwSubFbmSimulator,4096,200,0.2,25,0.2411301812687412,,0.1,5,1
20260212_190530,DpwSubFbmSimulator,4096,200,0.2,26,0.21468156369629748,,0.1,5,1
20260212_190530,DpwSubFbmSimulator,4096,200,0.2,27,0.20965494245210606,,0.1,5,1
20260212_190530,DpwSubFbmSimulator,4096,200,0.2,28,0.20266736059402865,,0.1,5,1
20260212_190530,DpwSubFbmSimulator,4096,200,0.2,29,0.21911503331695678,,0.1,5,1
20260212_190530,DpwSubFbmSimulator,4096,200,0.2,30,0.23542669320207021,,0.1,5,1
20260212_190530,DpwSubFbmSimulator,4096,200,0.2,31,0.1896187302289805,,0.1,5,1
20260212_190530,DpwSubFbmSimulator,4096,200,0.2,32,0.18736580090339738,,0.1,5,1
20260212_190530,DpwSubFbmSimulator,4096,200,0.2,33,0.2767750563150302,,0.1,5,1
20260212_190530,DpwSubFbmSimulator,4096,200,0.2,34,0.23688040817003364,,0.1,5,1
20260212_190530,DpwSubFbmSimulator,4096,200,0.2,35,0.2539790595148473,,0.1,5,1
20260212_190530,DpwSubFbmSimulator,4096,200,0.2,36,0.2745541444810241,,0.1,5,1
20260212_190530,DpwSubFbmSimulator,4096,200,0.2,37,0.1911732160559347,,0.1,5,1
20260212_190530,DpwSubFbmSimulator,4096,200,0.2,38,0.16020559607757429,,0.1,5,1
20260212_190530,DpwSubFbmSimulator,4096,200,0.2,39,0.19414970975549217,,0.1,5,1
20260212_190530,DpwSubFbmSimulator,4096,200,0.2,40,0.17432481005374734,,0.1,5,1
20260212_190530,DpwSubFbmSimulator,4096,200,0.2,41,0.31701457663702937,,0.1,5,1
20260212_190530,DpwSubFbmSimulator,4096,200,0.2,42,0.14602554258319417,,0.1,5,1
20260212_190530,DpwSubFbmSimulator,4096,200,0.2,43,0.2805904155334263,,0.1,5,1
20260212_190530,DpwSubFbmSimulator,4096,200,0.2,44,0.2848355656373721,,0.1,5,1
20260212_190530,DpwSubFbmSimulator,4096,200,0.2,45,0.17508212078365876,,0.1,5,1
20260212_190530,DpwSubFbmSimulator,4096,200,0.2,46,0.18124339572787637,,0.1,5,1
20260212_190530,DpwSubFbmSimulator,4096,200,0.2,47,0.23852837097096938,,0.1,5,1
20260212_190530,DpwSubFbmSimulator,4096,200,0.2,48,0.269905141721977,,0.1,5,1
20260212_190530,DpwSubFbmSimulator,4096,200,0.2,49,0.1751494683181586,,0.1,5,1
20260212_190530,DpwSubFbmSimulator,4096,200,0.2,50,0.08449808631678506,,0.1,5,1
20260212_190530,DpwSubFbmSimulator,4096,200,0.2,51,0.2240686782293168,,0.1,5,1
20260212_190530,DpwSubFbmSimulator,4096,200,0.2,52,0.2696222874909927,,0.1,5,1
20260212_190530,DpwSubFbmSimulator,4096,200,0.2,53,0.24336511164239216,,0.1,5,1
20260212_190530,DpwSubFbmSimulator,4096,200,0.2,54,0.20975308765013795,,0.1,5,1
20260212_190530,DpwSubFbmSimulator,4096,200,0.2,55,0.28549372285642416,,0.1,5,1
20260212_190530,DpwSubFbmSimulator,4096,200,0.2,56,0.25880613676241915,,0.1,5,1
20260212_190530,DpwSubFbmSimulator,4096,200,0.2,57,0.23114107110567758,,0.1,5,1
20260212_190530,DpwSubFbmSimulator,4096,200,0.2,58,0.20792615645048612,,0.1,5,1
20260212_190530,DpwSubFbmSimulator,4096,200,0.2,59,0.23106147905773167,,0.1,5,1
20260212_190530,DpwSubFbmSimulator,4096,200,0.2,60,0.23282610051644292,,0.1,5,1
20260212_190530,DpwSubFbmSimulator,4096,200,0.2,61,0.27894459738054744,,0.1,5,1
20260212_190530,DpwSubFbmSimulator,4096,200,0.2,62,0.18631517610770526,,0.1,5,1
20260212_190530,DpwSubFbmSimulator,4096,200,0.2,63,0.3109119542248862,,0.1,5,1
20260212_190530,DpwSubFbmSimulator,4096,200,0.2,64,0.12243923534336301,,0.1,5,1
20260212_190530,DpwSubFbmSimulator,4096,200,0.2,65,0.04690744374692918,,0.1,5,1
20260212_190530,DpwSubFbmSimulator,4096,200,0.2,66,0.30224179139062807,,0.1,5,1
20260212_190530,DpwSubFbmSimulator,4096,200,0.2,67,0.1771226512194445,,0.1,5,1
20260212_190530,DpwSubFbmSimulator,4096,200,0.2,68,0.2622130596467436,,0.1,5,1
20260212_190530,DpwSubFbmSimulator,4096,200,0.2,69,0.19413820204767707,,0.1,5,1
20260212_190530,DpwSubFbmSimulator,4096,200,0.2,70,0.24034999207503638,,0.1,5,1
20260212_190530,DpwSubFbmSimulator,4096,200,0.2,71,0.1238485109454795,,0.1,5,1
20260212_190530,DpwSubFbmSimulator,4096,200,0.2,72,0.26305177379120764,,0.1,5,1
20260212_190530,DpwSubFbmSimulator,4096,200,0.2,73,0.3124623931524147,,0.1,5,1
20260212_190530,DpwSubFbmSimulator,4096,200,0.2,74,0.20458708967368508,,0.1,5,1
20260212_190530,DpwSubFbmSimulator,4096,200,0.2,75,0.15120716872750878,,0.1,5,1
20260212_190530,DpwSubFbmSimulator,4096,200,0.2,76,0.19805090395893443,,0.1,5,1
20260212_190530,DpwSubFbmSimulator,4096,200,0.2,77,0.25368166583506313,,0.1,5,1
20260212_190530,DpwSubFbmSimulator,4096,200,0.2,78,0.13675769355066114,,0.1,5,1
20260212_190530,DpwSubFbmSimulator,4096,200,0.2,79,0.1058485737110941,,0.1,5,1
20260212_190530,DpwSubFbmSimulator,4096,200,0.2,80,0.2554051192240561,,0.1,5,1
20260212_190530,DpwSubFbmSimulator,4096,200,0.2,81,0.20414368402620026,,0.1,5,1
20260212_190530,DpwSubFbmSimulator,4096,200,0.2,82,0.21175329748870952,,0.1,5,1
20260212_190530,DpwSubFbmSimulator,4096,200,0.2,83,0.24972545198115909,,0.1,5,1
20260212_190530,DpwSubFbmSimulator,4096,200,0.2,84,0.21087558108071508,,0.1,5,1
20260212_190530,DpwSubFbmSimulator,4096,200,0.2,85,0.2610274848296054,,0.1,5,1
20260212_190530,DpwSubFbmSimulator,4096,200,0.2,86,0.3397054253004642,,0.1,5,1
20260212_190530,DpwSubFbmSimulator,4096,200,0.2,87,0.2644256920034468,,0.1,5,1
20260212_190530,DpwSubFbmSimulator,4096,200,0.2,88,0.27056292459725295,,0.1,5,1
20260212_190530,DpwSubFbmSimulator,4096,200,0.2,89,-0.016947828717494503,,0.1,5,1
20260212_190530,DpwSubFbmSimulator,4096,200,0.2,90,0.13891350566859362,,0.1,5,1
20260212_190530,DpwSubFbmSimulator,4096,200,0.2,91,0.17931828111797424,,0.1,5,1
20260212_190530,DpwSubFbmSimulator,4096,200,0.2,92,0.1155134025361566,,0.1,5,1
20260212_190530,DpwSubFbmSimulator,4096,200,0.2,93,0.3579182575771672,,0.1,5,1
20260212_190530,DpwSubFbmSimulator,4096,200,0.2,94,0.228260569607977,,0.1,5,1
20260212_190530,DpwSubFbmSimulator,4096,200,0.2,95,0.2891902289284725,,0.1,5,1
20260212_190530,DpwSubFbmSimulator,4096,200,0.2,96,0.16988870035743783,,0.1,5,1
20260212_190530,DpwSubFbmSimulator,4096,200,0.2,97,0.2581757055560943,,0.1,5,1
20260212_190530,DpwSubFbmSimulator,4096,200,0.2,98,0.18864275506123068,,0.1,5,1
20260212_190530,DpwSubFbmSimulator,4096,200,0.2,99,0.18921025513338785,,0.1,5,1
20260212_190530,DpwSubFbmSimulator,4096,200,0.2,100,0.30256917065918604,,0.1,5,1
20260212_190530,DpwSubFbmSimulator,4096,200,0.2,101,0.15809508749613263,,0.1,5,1
20260212_190530,DpwSubFbmSimulator,4096,200,0.2,102,0.2974908286562779,,0.1,5,1
20260212_190530,DpwSubFbmSimulator,4096,200,0.2,103,0.0886824213951126,,0.1,5,1
20260212_190530,DpwSubFbmSimulator,4096,200,0.2,104,0.26536032276644883,,0.1,5,1
20260212_190530,DpwSubFbmSimulator,4096,200,0.2,105,0.29536311354733735,,0.1,5,1
20260212_190530,DpwSubFbmSimulator,4096,200,0.2,106,0.2788337688918682,,0.1,5,1
20260212_190530,DpwSubFbmSimulator,4096,200,0.2,107,0.30308155146170007,,0.1,5,1
20260212_190530,DpwSubFbmSimulator,4096,200,0.2,108,0.2504886347429906,,0.1,5,1
20260212_190530,DpwSubFbmSimulator,4096,200,0.2,109,0.2426817898902282,,0.1,5,1
20260212_190530,DpwSubFbmSimulator,4096,200,0.2,110,0.031464666281486614,,0.1,5,1
20260212_190530,DpwSubFbmSimulator,4096,200,0.2,111,0.11549680567359792,,0.1,5,1
20260212_190530,DpwSubFbmSimulator,4096,200,0.2,112,0.18584835932136531,,0.1,5,1
20260212_190530,DpwSubFbmSimulator,4096,200,0.2,113,0.23335029376619718,,0.1,5,1
20260212_190530,DpwSubFbmSimulator,4096,200,0.2,114,0.24500129346870383,,0.1,5,1
20260212_190530,DpwSubFbmSimulator,4096,200,0.2,115,0.1696755850711964,,0.1,5,1
20260212_190530,DpwSubFbmSimulator,4096,200,0.2,116,0.2240206580807623,,0.1,5,1
20260212_190530,DpwSubFbmSimulator,4096,200,0.2,117,0.26650279978917335,,0.1,5,1
20260212_190530,DpwSubFbmSimulator,4096,200,0.2,118,0.19091335319545572,,0.1,5,1
20260212_190530,DpwSubFbmSimulator,4096,200,0.2,119,0.2040094724591627,,0.1,5,1
20260212_190530,DpwSubFbmSimulator,4096,200,0.2,120,0.13405088228052933,,0.1,5,1
20260212_190530,DpwSubFbmSimulator,4096,200,0.2,121,0.22667122280194044,,0.1,5,1
20260212_190530,DpwSubFbmSimulator,4096,200,0.2,122,0.20361234534432796,,0.1,5,1
20260212_190530,DpwSubFbmSimulator,4096,200,0.2,123,0.3139719977871955,,0.1,5,1
20260212_190530,DpwSubFbmSimulator,4096,200,0.2,124,0.2597345413187956,,0.1,5,1
20260212_190530,DpwSubFbmSimulator,4096,200,0.2,125,-0.07410615306807518,,0.1,5,1
20260212_190530,DpwSubFbmSimulator,4096,200,0.2,126,0.26626743134277076,,0.1,5,1
20260212_190530,DpwSubFbmSimulator,4096,200,0.2,127,0.2192098359786007,,0.1,5,1
20260212_190530,DpwSubFbmSimulator,4096,200,0.2,128,0.09887932308363027,,0.1,5,1
20260212_190530,DpwSubFbmSimulator,4096,200,0.2,129,0.24003847587478697,,0.1,5,1
20260212_190530,DpwSubFbmSimulator,4096,200,0.2,130,0.2087814398373052,,0.1,5,1
20260212_190530,DpwSubFbmSimulator,4096,200,0.2,131,0.24679819708076817,,0.1,5,1
20260212_190530,DpwSubFbmSimulator,4096,200,0.2,132,0.30472240992730737,,0.1,5,1
20260212_190530,DpwSubFbmSimulator,4096,200,0.2,133,0.18385428509184826,,0.1,5,1
20260212_190530,DpwSubFbmSimulator,4096,200,0.2,134,0.09932129111797731,,0.1,5,1
20260212_190530,DpwSubFbmSimulator,4096,200,0.2,135,0.16341515697618103,,0.1,5,1
20260212_190530,DpwSubFbmSimulator,4096,200,0.2,136,0.18667955850384976,,0.1,5,1
20260212_190530,DpwSubFbmSimulator,4096,200,0.2,137,0.21821581439278362,,0.1,5,1
20260212_190530,DpwSubFbmSimulator,4096,200,0.2,138,0.11274730678981457,,0.1,5,1
20260212_190530,DpwSubFbmSimulator,4096,200,0.2,139,0.2843089224464351,,0.1,5,1
20260212_190530,DpwSubFbmSimulator,4096,200,0.2,140,0.24694997685490788,,0.1,5,1
20260212_190530,DpwSubFbmSimulator,4096,200,0.2,141,0.11997748911872333,,0.1,5,1
20260212_190530,DpwSubFbmSimulator,4096,200,0.2,142,0.24141448705332608,,0.1,5,1
20260212_190530,DpwSubFbmSimulator,4096,200,0.2,143,0.23703809642963677,,0.1,5,1
20260212_190530,DpwSubFbmSimulator,4096,200,0.2,144,0.261705822181926,,0.1,5,1
20260212_190530,DpwSubFbmSimulator,4096,200,0.2,145,0.17639096878529767,,0.1,5,1
20260212_190530,DpwSubFbmSimulator,4096,200,0.2,146,0.0973832223517862,,0.1,5,1
20260212_190530,DpwSubFbmSimulator,4096,200,0.2,147,0.25101637381025754,,0.1,5,1
20260212_190530,DpwSubFbmSimulator,4096,200,0.2,148,0.25759538259646686,,0.1,5,1
20260212_190530,DpwSubFbmSimulator,4096,200,0.2,149,0.23394619678987535,,0.1,5,1
20260212_190530,DpwSubFbmSimulator,4096,200,0.2,150,0.20002533180616355,,0.1,5,1
20260212_190530,DpwSubFbmSimulator,4096,200,0.2,151,0.23726399716855978,,0.1,5,1
20260212_190530,DpwSubFbmSimulator,4096,200,0.2,152,0.2545022305155285,,0.1,5,1
20260212_190530,DpwSubFbmSimulator,4096,200,0.2,153,0.21741797307461583,,0.1,5,1
20260212_190530,DpwSubFbmSimulator,4096,200,0.2,154,0.15835733662303578,,0.1,5,1
20260212_190530,DpwSubFbmSimulator,4096,200,0.2,155,0.2952900129139406,,0.1,5,1
20260212_190530,DpwSubFbmSimulator,4096,200,0.2,156,0.24015851095536545,,0.1,5,1
20260212_190530,DpwSubFbmSimulator,4096,200,0.2,157,0.27706706440064893,,0.1,5,1
20260212_190530,DpwSubFbmSimulator,4096,200,0.2,158,0.2756102066955696,,0.1,5,1
20260212_190530,DpwSubFbmSimulator,4096,200,0.2,159,0.231605745552823,,0.1,5,1
20260212_190530,DpwSubFbmSimulator,4096,200,0.2,160,0.2105268833101457,,0.1,5,1
20260212_190530,DpwSubFbmSimulator,4096,200,0.2,161,0.3263829548826933,,0.1,5,1
20260212_190530,DpwSubFbmSimulator,4096,200,0.2,162,0.22549615630608758,,0.1,5,1
20260212_190530,DpwSubFbmSimulator,4096,200,0.2,163,0.20793886839893283,,0.1,5,1
20260212_190530,DpwSubFbmSimulator,4096,200,0.2,164,0.08270944199119183,,0.1,5,1
20260212_190530,DpwSubFbmSimulator,4096,200,0.2,165,0.2156546465618844,,0.1,5,1
20260212_190530,DpwSubFbmSimulator,4096,200,0.2,166,0.19020520088163537,,0.1,5,1
20260212_190530,DpwSubFbmSimulator,4096,200,0.2,167,0.19806381879245502,,0.1,5,1
20260212_190530,DpwSubFbmSimulator,4096,200,0.2,168,0.19721706985607748,,0.1,5,1
20260212_190530,DpwSubFbmSimulator,4096,200,0.2,169,0.23617796743535477,,0.1,5,1
20260212_190530,DpwSubFbmSimulator,4096,200,0.2,170,0.2208218866434762,,0.1,5,1
20260212_190530,DpwSubFbmSimulator,4096,200,0.2,171,0.24420250536515714,,0.1,5,1
20260212_190530,DpwSubFbmSimulator,4096,200,0.2,172,0.2778737539356453,,0.1,5,1
20260212_190530,DpwSubFbmSimulator,4096,200,0.2,173,0.31296759501418303,,0.1,5,1
20260212_190530,DpwSubFbmSimulator,4096,200,0.2,174,0.23331648905810984,,0.1,5,1
20260212_190530,DpwSubFbmSimulator,4096,200,0.2,175,0.1437305876991186,,0.1,5,1
20260212_190530,DpwSubFbmSimulator,4096,200,0.2,176,0.2407776989815528,,0.1,5,1
20260212_190530,DpwSubFbmSimulator,4096,200,0.2,177,0.194169917385914,,0.1,5,1
20260212_190530,DpwSubFbmSimulator,4096,200,0.2,178,0.15883532337720488,,0.1,5,1
20260212_190530,DpwSubFbmSimulator,4096,200,0.2,179,0.16357207797877188,,0.1,5,1
20260212_190530,DpwSubFbmSimulator,4096,200,0.2,180,0.2881282973898803,,0.1,5,1
20260212_190530,DpwSubFbmSimulator,4096,200,0.2,181,0.14059140405856,,0.1,5,1
20260212_190530,DpwSubFbmSimulator,4096,200,0.2,182,-0.03935067343826425,,0.1,5,1
20260212_190530,DpwSubFbmSimulator,4096,200,0.2,183,0.1527145611464749,,0.1,5,1
20260212_190530,DpwSubFbmSimulator,4096,200,0.2,184,0.12549089780220984,,0.1,5,1
20260212_190530,DpwSubFbmSimulator,4096,200,0.2,185,0.2835218225450681,,0.1,5,1
20260212_190530,DpwSubFbmSimulator,4096,200,0.2,186,0.2661633073956013,,0.1,5,1
20260212_190530,DpwSubFbmSimulator,4096,200,0.2,187,0.16559065031546147,,0.1,5,1
20260212_190530,DpwSubFbmSimulator,4096,200,0.2,188,-0.018473108368885695,,0.1,5,1
20260212_190530,DpwSubFbmSimulator,4096,200,0.2,189,0.18119914350033314,,0.1,5,1
20260212_190530,DpwSubFbmSimulator,4096,200,0.2,190,0.2025530555205927,,0.1,5,1
20260212_190530,DpwSubFbmSimulator,4096,200,0.2,191,0.16808369432156284,,0.1,5,1
20260212_190530,DpwSubFbmSimulator,4096,200,0.2,192,0.25498177846342807,,0.1,5,1
20260212_190530,DpwSubFbmSimulator,4096,200,0.2,193,0.08593207930771318,,0.1,5,1
20260212_190530,DpwSubFbmSimulator,4096,200,0.2,194,0.2298363018873881,,0.1,5,1
20260212_190530,DpwSubFbmSimulator,4096,200,0.2,195,0.1957713135845412,,0.1,5,1
20260212_190530,DpwSubFbmSimulator,4096,200,0.2,196,0.10144617722285233,,0.1,5,1
20260212_190530,DpwSubFbmSimulator,4096,200,0.2,197,0.13828664228420254,,0.1,5,1
20260212_190530,DpwSubFbmSimulator,4096,200,0.2,198,0.26043393938530196,,0.1,5,1
20260212_190530,DpwSubFbmSimulator,4096,200,0.2,199,0.16590270717962308,,0.1,5,1
20260212_190530,DpwSubFbmSimulator,4096,200,0.2,200,0.2351032168671952,,0.1,5,1
20260212_190530,DpwSubFbmSimulator,4096,200,0.3,1,0.35795815972371353,,0.1,5,1
20260212_190530,DpwSubFbmSimulator,4096,200,0.3,2,0.30746174863511905,,0.1,5,1
20260212_190530,DpwSubFbmSimulator,4096,200,0.3,3,0.21996711578245223,,0.1,5,1
20260212_190530,DpwSubFbmSimulator,4096,200,0.3,4,0.2781092481195766,,0.1,5,1
20260212_190530,DpwSubFbmSimulator,4096,200,0.3,5,0.22784847682019213,,0.1,5,1
20260212_190530,DpwSubFbmSimulator,4096,200,0.3,6,0.3263243104481631,,0.1,5,1
20260212_190530,DpwSubFbmSimulator,4096,200,0.3,7,0.2942963881479513,,0.1,5,1
20260212_190530,DpwSubFbmSimulator,4096,200,0.3,8,0.24519814902265474,,0.1,5,1
20260212_190530,DpwSubFbmSimulator,4096,200,0.3,9,0.36685822668431584,,0.1,5,1
20260212_190530,DpwSubFbmSimulator,4096,200,0.3,10,0.2942623429432273,,0.1,5,1
20260212_190530,DpwSubFbmSimulator,4096,200,0.3,11,0.2225638327786053,,0.1,5,1
20260212_190530,DpwSubFbmSimulator,4096,200,0.3,12,0.20483185625010736,,0.1,5,1
20260212_190530,DpwSubFbmSimulator,4096,200,0.3,13,0.37584134427741867,,0.1,5,1
20260212_190530,DpwSubFbmSimulator,4096,200,0.3,14,0.2628219599652592,,0.1,5,1
20260212_190530,DpwSubFbmSimulator,4096,200,0.3,15,0.3914790830825488,,0.1,5,1
20260212_190530,DpwSubFbmSimulator,4096,200,0.3,16,0.34502545510162674,,0.1,5,1
20260212_190530,DpwSubFbmSimulator,4096,200,0.3,17,0.3012478929133388,,0.1,5,1
20260212_190530,DpwSubFbmSimulator,4096,200,0.3,18,0.14310140539067548,,0.1,5,1
20260212_190530,DpwSubFbmSimulator,4096,200,0.3,19,0.4340019331126065,,0.1,5,1
20260212_190530,DpwSubFbmSimulator,4096,200,0.3,20,0.30498328648280143,,0.1,5,1
20260212_190530,DpwSubFbmSimulator,4096,200,0.3,21,0.361820506491638,,0.1,5,1
20260212_190530,DpwSubFbmSimulator,4096,200,0.3,22,0.31643263992261916,,0.1,5,1
20260212_190530,DpwSubFbmSimulator,4096,200,0.3,23,0.27255049538545745,,0.1,5,1
20260212_190530,DpwSubFbmSimulator,4096,200,0.3,24,0.3221292615477191,,0.1,5,1
20260212_190530,DpwSubFbmSimulator,4096,200,0.3,25,0.2584399594803845,,0.1,5,1
20260212_190530,DpwSubFbmSimulator,4096,200,0.3,26,0.2637519051392895,,0.1,5,1
20260212_190530,DpwSubFbmSimulator,4096,200,0.3,27,0.20141120297320206,,0.1,5,1
20260212_190530,DpwSubFbmSimulator,4096,200,0.3,28,0.36700327371789015,,0.1,5,1
20260212_190530,DpwSubFbmSimulator,4096,200,0.3,29,0.2833788381234209,,0.1,5,1
20260212_190530,DpwSubFbmSimulator,4096,200,0.3,30,0.2682547932092067,,0.1,5,1
20260212_190530,DpwSubFbmSimulator,4096,200,0.3,31,0.28191776708442245,,0.1,5,1
20260212_190530,DpwSubFbmSimulator,4096,200,0.3,32,0.3492666431921208,,0.1,5,1
20260212_190530,DpwSubFbmSimulator,4096,200,0.3,33,0.3082854959791815,,0.1,5,1
20260212_190530,DpwSubFbmSimulator,4096,200,0.3,34,0.2932297021699306,,0.1,5,1
20260212_190530,DpwSubFbmSimulator,4096,200,0.3,35,0.40342557836075554,,0.1,5,1
20260212_190530,DpwSubFbmSimulator,4096,200,0.3,36,0.14812499405011886,,0.1,5,1
20260212_190530,DpwSubFbmSimulator,4096,200,0.3,37,0.31053157615910015,,0.1,5,1
20260212_190530,DpwSubFbmSimulator,4096,200,0.3,38,0.3444912632759882,,0.1,5,1
20260212_190530,DpwSubFbmSimulator,4096,200,0.3,39,0.3697269393000398,,0.1,5,1
20260212_190530,DpwSubFbmSimulator,4096,200,0.3,40,0.31020638627281966,,0.1,5,1
20260212_190530,DpwSubFbmSimulator,4096,200,0.3,41,0.3489051256248858,,0.1,5,1
20260212_190530,DpwSubFbmSimulator,4096,200,0.3,42,0.16288326158047078,,0.1,5,1
20260212_190530,DpwSubFbmSimulator,4096,200,0.3,43,0.40014855755401224,,0.1,5,1
20260212_190530,DpwSubFbmSimulator,4096,200,0.3,44,0.271572678150239,,0.1,5,1
20260212_190530,DpwSubFbmSimulator,4096,200,0.3,45,0.2824542773602794,,0.1,5,1
20260212_190530,DpwSubFbmSimulator,4096,200,0.3,46,0.3217233780953042,,0.1,5,1
20260212_190530,DpwSubFbmSimulator,4096,200,0.3,47,0.14866734844465035,,0.1,5,1
20260212_190530,DpwSubFbmSimulator,4096,200,0.3,48,0.16942699602322167,,0.1,5,1
20260212_190530,DpwSubFbmSimulator,4096,200,0.3,49,0.21337252935910772,,0.1,5,1
20260212_190530,DpwSubFbmSimulator,4096,200,0.3,50,0.26815788197657825,,0.1,5,1
20260212_190530,DpwSubFbmSimulator,4096,200,0.3,51,0.29417486145772437,,0.1,5,1
20260212_190530,DpwSubFbmSimulator,4096,200,0.3,52,0.28992261205484243,,0.1,5,1
20260212_190530,DpwSubFbmSimulator,4096,200,0.3,53,0.24675287242504737,,0.1,5,1
20260212_190530,DpwSubFbmSimulator,4096,200,0.3,54,0.3754526739101183,,0.1,5,1
20260212_190530,DpwSubFbmSimulator,4096,200,0.3,55,0.3484185532667745,,0.1,5,1
20260212_190530,DpwSubFbmSimulator,4096,200,0.3,56,0.34614792326636357,,0.1,5,1
20260212_190530,DpwSubFbmSimulator,4096,200,0.3,57,0.2861876546706294,,0.1,5,1
20260212_190530,DpwSubFbmSimulator,4096,200,0.3,58,0.2885317304949562,,0.1,5,1
20260212_190530,DpwSubFbmSimulator,4096,200,0.3,59,0.3245166220026299,,0.1,5,1
20260212_190530,DpwSubFbmSimulator,4096,200,0.3,60,0.3769281339554647,,0.1,5,1
20260212_190530,DpwSubFbmSimulator,4096,200,0.3,61,0.3022139071578733,,0.1,5,1
20260212_190530,DpwSubFbmSimulator,4096,200,0.3,62,0.325692441325974,,0.1,5,1
20260212_190530,DpwSubFbmSimulator,4096,200,0.3,63,0.29988542267010365,,0.1,5,1
20260212_190530,DpwSubFbmSimulator,4096,200,0.3,64,0.3488108933759905,,0.1,5,1
20260212_190530,DpwSubFbmSimulator,4096,200,0.3,65,0.3022704859167895,,0.1,5,1
20260212_190530,DpwSubFbmSimulator,4096,200,0.3,66,0.3519384677229549,,0.1,5,1
20260212_190530,DpwSubFbmSimulator,4096,200,0.3,67,0.2959134766766106,,0.1,5,1
20260212_190530,DpwSubFbmSimulator,4096,200,0.3,68,0.17875355313374985,,0.1,5,1
20260212_190530,DpwSubFbmSimulator,4096,200,0.3,69,0.42648381363026977,,0.1,5,1
20260212_190530,DpwSubFbmSimulator,4096,200,0.3,70,0.3549887338634125,,0.1,5,1
20260212_190530,DpwSubFbmSimulator,4096,200,0.3,71,0.2492159825268751,,0.1,5,1
20260212_190530,DpwSubFbmSimulator,4096,200,0.3,72,0.44127765552036297,,0.1,5,1
20260212_190530,DpwSubFbmSimulator,4096,200,0.3,73,0.2799159880395788,,0.1,5,1
20260212_190530,DpwSubFbmSimulator,4096,200,0.3,74,0.3195347368530979,,0.1,5,1
20260212_190530,DpwSubFbmSimulator,4096,200,0.3,75,0.11647218925379228,,0.1,5,1
20260212_190530,DpwSubFbmSimulator,4096,200,0.3,76,0.3773248021107063,,0.1,5,1
20260212_190530,DpwSubFbmSimulator,4096,200,0.3,77,0.19478056318290868,,0.1,5,1
20260212_190530,DpwSubFbmSimulator,4096,200,0.3,78,0.2623979938645345,,0.1,5,1
20260212_190530,DpwSubFbmSimulator,4096,200,0.3,79,0.31451433275874197,,0.1,5,1
20260212_190530,DpwSubFbmSimulator,4096,200,0.3,80,0.3275640363210864,,0.1,5,1
20260212_190530,DpwSubFbmSimulator,4096,200,0.3,81,0.3144466133602536,,0.1,5,1
20260212_190530,DpwSubFbmSimulator,4096,200,0.3,82,0.27742050884946634,,0.1,5,1
20260212_190530,DpwSubFbmSimulator,4096,200,0.3,83,0.2545570974261775,,0.1,5,1
20260212_190530,DpwSubFbmSimulator,4096,200,0.3,84,0.33900474773233813,,0.1,5,1
20260212_190530,DpwSubFbmSimulator,4096,200,0.3,85,0.38492839200133006,,0.1,5,1
20260212_190530,DpwSubFbmSimulator,4096,200,0.3,86,0.22290848804463254,,0.1,5,1
20260212_190530,DpwSubFbmSimulator,4096,200,0.3,87,0.2675480458956976,,0.1,5,1
20260212_190530,DpwSubFbmSimulator,4096,200,0.3,88,0.2969141419729258,,0.1,5,1
20260212_190530,DpwSubFbmSimulator,4096,200,0.3,89,0.2940345003717809,,0.1,5,1
20260212_190530,DpwSubFbmSimulator,4096,200,0.3,90,0.04623190165185343,,0.1,5,1
20260212_190530,DpwSubFbmSimulator,4096,200,0.3,91,0.35708536333415997,,0.1,5,1
20260212_190530,DpwSubFbmSimulator,4096,200,0.3,92,0.3125449759818081,,0.1,5,1
20260212_190530,DpwSubFbmSimulator,4096,200,0.3,93,0.24141133818400046,,0.1,5,1
20260212_190530,DpwSubFbmSimulator,4096,200,0.3,94,0.3242620662730141,,0.1,5,1
20260212_190530,DpwSubFbmSimulator,4096,200,0.3,95,0.3358492106414653,,0.1,5,1
20260212_190530,DpwSubFbmSimulator,4096,200,0.3,96,0.3433535413739012,,0.1,5,1
20260212_190530,DpwSubFbmSimulator,4096,200,0.3,97,0.3094043887557091,,0.1,5,1
20260212_190530,DpwSubFbmSimulator,4096,200,0.3,98,0.2523651374090955,,0.1,5,1
20260212_190530,DpwSubFbmSimulator,4096,200,0.3,99,0.36785750056353833,,0.1,5,1
20260212_190530,DpwSubFbmSimulator,4096,200,0.3,100,0.18907397673374546,,0.1,5,1
20260212_190530,DpwSubFbmSimulator,4096,200,0.3,101,0.3950092856727988,,0.1,5,1
20260212_190530,DpwSubFbmSimulator,4096,200,0.3,102,0.24116228213169585,,0.1,5,1
20260212_190530,DpwSubFbmSimulator,4096,200,0.3,103,0.31247652804719883,,0.1,5,1
20260212_190530,DpwSubFbmSimulator,4096,200,0.3,104,0.33117579308731737,,0.1,5,1
20260212_190530,DpwSubFbmSimulator,4096,200,0.3,105,0.3928119104492267,,0.1,5,1
20260212_190530,DpwSubFbmSimulator,4096,200,0.3,106,0.2753290689292926,,0.1,5,1
20260212_190530,DpwSubFbmSimulator,4096,200,0.3,107,0.29776395634210845,,0.1,5,1
20260212_190530,DpwSubFbmSimulator,4096,200,0.3,108,0.3171018309189184,,0.1,5,1
20260212_190530,DpwSubFbmSimulator,4096,200,0.3,109,0.3440264926750053,,0.1,5,1
20260212_190530,DpwSubFbmSimulator,4096,200,0.3,110,0.3504651910326441,,0.1,5,1
20260212_190530,DpwSubFbmSimulator,4096,200,0.3,111,0.321387055345441,,0.1,5,1
20260212_190530,DpwSubFbmSimulator,4096,200,0.3,112,0.24992470906995398,,0.1,5,1
20260212_190530,DpwSubFbmSimulator,4096,200,0.3,113,0.3738236509528541,,0.1,5,1
20260212_190530,DpwSubFbmSimulator,4096,200,0.3,114,0.3465436705616161,,0.1,5,1
20260212_190530,DpwSubFbmSimulator,4096,200,0.3,115,0.3070669140843911,,0.1,5,1
20260212_190530,DpwSubFbmSimulator,4096,200,0.3,116,0.33224899314268286,,0.1,5,1
20260212_190530,DpwSubFbmSimulator,4096,200,0.3,117,0.41323271106812653,,0.1,5,1
20260212_190530,DpwSubFbmSimulator,4096,200,0.3,118,0.31622969502292236,,0.1,5,1
20260212_190530,DpwSubFbmSimulator,4096,200,0.3,119,0.3033747820277746,,0.1,5,1
20260212_190530,DpwSubFbmSimulator,4096,200,0.3,120,0.28942002224747315,,0.1,5,1
20260212_190530,DpwSubFbmSimulator,4096,200,0.3,121,0.23567081755566446,,0.1,5,1
20260212_190530,DpwSubFbmSimulator,4096,200,0.3,122,0.36709250946424593,,0.1,5,1
20260212_190530,DpwSubFbmSimulator,4096,200,0.3,123,0.2594725574832536,,0.1,5,1
20260212_190530,DpwSubFbmSimulator,4096,200,0.3,124,0.36670511919380155,,0.1,5,1
20260212_190530,DpwSubFbmSimulator,4096,200,0.3,125,0.2295059271945875,,0.1,5,1
20260212_190530,DpwSubFbmSimulator,4096,200,0.3,126,0.2919441753609913,,0.1,5,1
20260212_190530,DpwSubFbmSimulator,4096,200,0.3,127,0.2865355540652296,,0.1,5,1
20260212_190530,DpwSubFbmSimulator,4096,200,0.3,128,0.29122460724335386,,0.1,5,1
20260212_190530,DpwSubFbmSimulator,4096,200,0.3,129,0.2963462145492642,,0.1,5,1
20260212_190530,DpwSubFbmSimulator,4096,200,0.3,130,0.3166437108589692,,0.1,5,1
20260212_190530,DpwSubFbmSimulator,4096,200,0.3,131,0.30735906879041847,,0.1,5,1
20260212_190530,DpwSubFbmSimulator,4096,200,0.3,132,0.3208108283883038,,0.1,5,1
20260212_190530,DpwSubFbmSimulator,4096,200,0.3,133,0.27440814591548257,,0.1,5,1
20260212_190530,DpwSubFbmSimulator,4096,200,0.3,134,0.3822961292802355,,0.1,5,1
20260212_190530,DpwSubFbmSimulator,4096,200,0.3,135,0.255514276949982,,0.1,5,1
20260212_190530,DpwSubFbmSimulator,4096,200,0.3,136,0.31904946476416124,,0.1,5,1
20260212_190530,DpwSubFbmSimulator,4096,200,0.3,137,0.3451965698961744,,0.1,5,1
20260212_190530,DpwSubFbmSimulator,4096,200,0.3,138,0.25715962789234026,,0.1,5,1
20260212_190530,DpwSubFbmSimulator,4096,200,0.3,139,0.35494642222021466,,0.1,5,1
20260212_190530,DpwSubFbmSimulator,4096,200,0.3,140,0.28280087277209043,,0.1,5,1
20260212_190530,DpwSubFbmSimulator,4096,200,0.3,141,0.30080071740314057,,0.1,5,1
20260212_190530,DpwSubFbmSimulator,4096,200,0.3,142,0.43572219957283853,,0.1,5,1
20260212_190530,DpwSubFbmSimulator,4096,200,0.3,143,0.3665590196967601,,0.1,5,1
20260212_190530,DpwSubFbmSimulator,4096,200,0.3,144,0.38402522663402383,,0.1,5,1
20260212_190530,DpwSubFbmSimulator,4096,200,0.3,145,0.3916915471726545,,0.1,5,1
20260212_190530,DpwSubFbmSimulator,4096,200,0.3,146,0.31801087835204217,,0.1,5,1
20260212_190530,DpwSubFbmSimulator,4096,200,0.3,147,0.18319501382476222,,0.1,5,1
20260212_190530,DpwSubFbmSimulator,4096,200,0.3,148,0.4317623645567648,,0.1,5,1
20260212_190530,DpwSubFbmSimulator,4096,200,0.3,149,0.24793314150174434,,0.1,5,1
20260212_190530,DpwSubFbmSimulator,4096,200,0.3,150,0.260586385892181,,0.1,5,1
20260212_190530,DpwSubFbmSimulator,4096,200,0.3,151,0.36953939214692877,,0.1,5,1
20260212_190530,DpwSubFbmSimulator,4096,200,0.3,152,0.41094521952078455,,0.1,5,1
20260212_190530,DpwSubFbmSimulator,4096,200,0.3,153,0.2945797516938969,,0.1,5,1
20260212_190530,DpwSubFbmSimulator,4096,200,0.3,154,0.3284436621274492,,0.1,5,1
20260212_190530,DpwSubFbmSimulator,4096,200,0.3,155,0.2568371899205946,,0.1,5,1
20260212_190530,DpwSubFbmSimulator,4096,200,0.3,156,0.22831041242313743,,0.1,5,1
20260212_190530,DpwSubFbmSimulator,4096,200,0.3,157,0.2214227630296202,,0.1,5,1
20260212_190530,DpwSubFbmSimulator,4096,200,0.3,158,0.32761961635396714,,0.1,5,1
20260212_190530,DpwSubFbmSimulator,4096,200,0.3,159,0.33923027278699464,,0.1,5,1
20260212_190530,DpwSubFbmSimulator,4096,200,0.3,160,0.2995946038329606,,0.1,5,1
20260212_190530,DpwSubFbmSimulator,4096,200,0.3,161,0.3605881760236609,,0.1,5,1
20260212_190530,DpwSubFbmSimulator,4096,200,0.3,162,0.3620811881824125,,0.1,5,1
20260212_190530,DpwSubFbmSimulator,4096,200,0.3,163,0.30152867937665867,,0.1,5,1
20260212_190530,DpwSubFbmSimulator,4096,200,0.3,164,0.3148414567641045,,0.1,5,1
20260212_190530,DpwSubFbmSimulator,4096,200,0.3,165,0.34197366555633,,0.1,5,1
20260212_190530,DpwSubFbmSimulator,4096,200,0.3,166,0.36484343749121995,,0.1,5,1
20260212_190530,DpwSubFbmSimulator,4096,200,0.3,167,0.30672647571046063,,0.1,5,1
20260212_190530,DpwSubFbmSimulator,4096,200,0.3,168,0.3045242880043164,,0.1,5,1
20260212_190530,DpwSubFbmSimulator,4096,200,0.3,169,0.3769715206014782,,0.1,5,1
20260212_190530,DpwSubFbmSimulator,4096,200,0.3,170,0.3360870250163461,,0.1,5,1
20260212_190530,DpwSubFbmSimulator,4096,200,0.3,171,0.19970091368757847,,0.1,5,1
20260212_190530,DpwSubFbmSimulator,4096,200,0.3,172,0.3575238954381469,,0.1,5,1
20260212_190530,DpwSubFbmSimulator,4096,200,0.3,173,0.35086442302202075,,0.1,5,1
20260212_190530,DpwSubFbmSimulator,4096,200,0.3,174,0.20789620048665033,,0.1,5,1
20260212_190530,DpwSubFbmSimulator,4096,200,0.3,175,0.3518801408624988,,0.1,5,1
20260212_190530,DpwSubFbmSimulator,4096,200,0.3,176,0.18628021549188223,,0.1,5,1
20260212_190530,DpwSubFbmSimulator,4096,200,0.3,177,0.33712195587821037,,0.1,5,1
20260212_190530,DpwSubFbmSimulator,4096,200,0.3,178,0.298396159251469,,0.1,5,1
20260212_190530,DpwSubFbmSimulator,4096,200,0.3,179,0.2309571135076325,,0.1,5,1
20260212_190530,DpwSubFbmSimulator,4096,200,0.3,180,0.34677872102752755,,0.1,5,1
20260212_190530,DpwSubFbmSimulator,4096,200,0.3,181,0.3847112962549065,,0.1,5,1
20260212_190530,DpwSubFbmSimulator,4096,200,0.3,182,0.3817591077142369,,0.1,5,1
20260212_190530,DpwSubFbmSimulator,4096,200,0.3,183,0.33566067429026014,,0.1,5,1
20260212_190530,DpwSubFbmSimulator,4096,200,0.3,184,0.2839929410949712,,0.1,5,1
20260212_190530,DpwSubFbmSimulator,4096,200,0.3,185,0.38379995148085294,,0.1,5,1
20260212_190530,DpwSubFbmSimulator,4096,200,0.3,186,0.33666129015988244,,0.1,5,1
20260212_190530,DpwSubFbmSimulator,4096,200,0.3,187,0.29590166276808744,,0.1,5,1
20260212_190530,DpwSubFbmSimulator,4096,200,0.3,188,0.32053400765945944,,0.1,5,1
20260212_190530,DpwSubFbmSimulator,4096,200,0.3,189,0.3811732585785294,,0.1,5,1
20260212_190530,DpwSubFbmSimulator,4096,200,0.3,190,0.25087303273713435,,0.1,5,1
20260212_190530,DpwSubFbmSimulator,4096,200,0.3,191,0.2707067888742277,,0.1,5,1
20260212_190530,DpwSubFbmSimulator,4096,200,0.3,192,0.40919887007597805,,0.1,5,1
20260212_190530,DpwSubFbmSimulator,4096,200,0.3,193,0.384997984658179,,0.1,5,1
20260212_190530,DpwSubFbmSimulator,4096,200,0.3,194,0.23395083395399255,,0.1,5,1
20260212_190530,DpwSubFbmSimulator,4096,200,0.3,195,0.32391835672431873,,0.1,5,1
20260212_190530,DpwSubFbmSimulator,4096,200,0.3,196,0.26159033907176205,,0.1,5,1
20260212_190530,DpwSubFbmSimulator,4096,200,0.3,197,0.3910164946943976,,0.1,5,1
20260212_190530,DpwSubFbmSimulator,4096,200,0.3,198,0.29382819023617773,,0.1,5,1
20260212_190530,DpwSubFbmSimulator,4096,200,0.3,199,0.3543066199689107,,0.1,5,1
20260212_190530,DpwSubFbmSimulator,4096,200,0.3,200,0.21784453170477625,,0.1,5,1
20260212_190530,DpwSubFbmSimulator,4096,200,0.4,1,0.39569682101925263,,0.1,5,1
20260212_190530,DpwSubFbmSimulator,4096,200,0.4,2,0.3339846962780701,,0.1,5,1
20260212_190530,DpwSubFbmSimulator,4096,200,0.4,3,0.47083916965608835,,0.1,5,1
20260212_190530,DpwSubFbmSimulator,4096,200,0.4,4,0.4686574124978501,,0.1,5,1
20260212_190530,DpwSubFbmSimulator,4096,200,0.4,5,0.4792301123890134,,0.1,5,1
20260212_190530,DpwSubFbmSimulator,4096,200,0.4,6,0.3261208681049748,,0.1,5,1
20260212_190530,DpwSubFbmSimulator,4096,200,0.4,7,0.3555677083407852,,0.1,5,1
20260212_190530,DpwSubFbmSimulator,4096,200,0.4,8,0.22537556233145764,,0.1,5,1
20260212_190530,DpwSubFbmSimulator,4096,200,0.4,9,0.5214959867400256,,0.1,5,1
20260212_190530,DpwSubFbmSimulator,4096,200,0.4,10,0.43091652160275296,,0.1,5,1
20260212_190530,DpwSubFbmSimulator,4096,200,0.4,11,0.378019132243896,,0.1,5,1
20260212_190530,DpwSubFbmSimulator,4096,200,0.4,12,0.41955719920344886,,0.1,5,1
20260212_190530,DpwSubFbmSimulator,4096,200,0.4,13,0.5344236123367777,,0.1,5,1
20260212_190530,DpwSubFbmSimulator,4096,200,0.4,14,0.42562540258010917,,0.1,5,1
20260212_190530,DpwSubFbmSimulator,4096,200,0.4,15,0.4393609914190718,,0.1,5,1
20260212_190530,DpwSubFbmSimulator,4096,200,0.4,16,0.48328360060974057,,0.1,5,1
20260212_190530,DpwSubFbmSimulator,4096,200,0.4,17,0.4669243139233996,,0.1,5,1
20260212_190530,DpwSubFbmSimulator,4096,200,0.4,18,0.40999356069580345,,0.1,5,1
20260212_190530,DpwSubFbmSimulator,4096,200,0.4,19,0.30875646503461773,,0.1,5,1
20260212_190530,DpwSubFbmSimulator,4096,200,0.4,20,0.31965814010556776,,0.1,5,1
20260212_190530,DpwSubFbmSimulator,4096,200,0.4,21,0.517237813581711,,0.1,5,1
20260212_190530,DpwSubFbmSimulator,4096,200,0.4,22,0.31823750925325317,,0.1,5,1
20260212_190530,DpwSubFbmSimulator,4096,200,0.4,23,0.3893355962335757,,0.1,5,1
20260212_190530,DpwSubFbmSimulator,4096,200,0.4,24,0.4446961369273171,,0.1,5,1
20260212_190530,DpwSubFbmSimulator,4096,200,0.4,25,0.43025152793990196,,0.1,5,1
20260212_190530,DpwSubFbmSimulator,4096,200,0.4,26,0.4835969601013719,,0.1,5,1
20260212_190530,DpwSubFbmSimulator,4096,200,0.4,27,0.3863632980621107,,0.1,5,1
20260212_190530,DpwSubFbmSimulator,4096,200,0.4,28,0.43955635494063844,,0.1,5,1
20260212_190530,DpwSubFbmSimulator,4096,200,0.4,29,0.47140392146147153,,0.1,5,1
20260212_190530,DpwSubFbmSimulator,4096,200,0.4,30,0.4027517246902205,,0.1,5,1
20260212_190530,DpwSubFbmSimulator,4096,200,0.4,31,0.5172744886887106,,0.1,5,1
20260212_190530,DpwSubFbmSimulator,4096,200,0.4,32,0.4590396184341455,,0.1,5,1
20260212_190530,DpwSubFbmSimulator,4096,200,0.4,33,0.5405414594770183,,0.1,5,1
20260212_190530,DpwSubFbmSimulator,4096,200,0.4,34,0.3842176353852394,,0.1,5,1
20260212_190530,DpwSubFbmSimulator,4096,200,0.4,35,0.34386532097250483,,0.1,5,1
20260212_190530,DpwSubFbmSimulator,4096,200,0.4,36,0.47216919776438815,,0.1,5,1
20260212_190530,DpwSubFbmSimulator,4096,200,0.4,37,0.3937555748147872,,0.1,5,1
20260212_190530,DpwSubFbmSimulator,4096,200,0.4,38,0.3983109644713158,,0.1,5,1
20260212_190530,DpwSubFbmSimulator,4096,200,0.4,39,0.28274960665851057,,0.1,5,1
20260212_190530,DpwSubFbmSimulator,4096,200,0.4,40,0.4175430377383953,,0.1,5,1
20260212_190530,DpwSubFbmSimulator,4096,200,0.4,41,0.521029659144747,,0.1,5,1
20260212_190530,DpwSubFbmSimulator,4096,200,0.4,42,0.3321878883054109,,0.1,5,1
20260212_190530,DpwSubFbmSimulator,4096,200,0.4,43,0.34764006985678053,,0.1,5,1
20260212_190530,DpwSubFbmSimulator,4096,200,0.4,44,0.35466528300520733,,0.1,5,1
20260212_190530,DpwSubFbmSimulator,4096,200,0.4,45,0.3992606276040726,,0.1,5,1
20260212_190530,DpwSubFbmSimulator,4096,200,0.4,46,0.3888174921858347,,0.1,5,1
20260212_190530,DpwSubFbmSimulator,4096,200,0.4,47,0.38991447161666687,,0.1,5,1
20260212_190530,DpwSubFbmSimulator,4096,200,0.4,48,0.4611759652508033,,0.1,5,1
20260212_190530,DpwSubFbmSimulator,4096,200,0.4,49,0.3627070129081822,,0.1,5,1
20260212_190530,DpwSubFbmSimulator,4096,200,0.4,50,0.4568630214387402,,0.1,5,1
20260212_190530,DpwSubFbmSimulator,4096,200,0.4,51,0.4302760682246289,,0.1,5,1
20260212_190530,DpwSubFbmSimulator,4096,200,0.4,52,0.4143201913738687,,0.1,5,1
20260212_190530,DpwSubFbmSimulator,4096,200,0.4,53,0.37705350705176255,,0.1,5,1
20260212_190530,DpwSubFbmSimulator,4096,200,0.4,54,0.4374320664395976,,0.1,5,1
20260212_190530,DpwSubFbmSimulator,4096,200,0.4,55,0.44724587859678944,,0.1,5,1
20260212_190530,DpwSubFbmSimulator,4096,200,0.4,56,0.4264280564372711,,0.1,5,1
20260212_190530,DpwSubFbmSimulator,4096,200,0.4,57,0.50238125504748,,0.1,5,1
20260212_190530,DpwSubFbmSimulator,4096,200,0.4,58,0.46908273887763413,,0.1,5,1
20260212_190530,DpwSubFbmSimulator,4096,200,0.4,59,0.3500213820224947,,0.1,5,1
20260212_190530,DpwSubFbmSimulator,4096,200,0.4,60,0.4160117692702201,,0.1,5,1
20260212_190530,DpwSubFbmSimulator,4096,200,0.4,61,0.4504457122852024,,0.1,5,1
20260212_190530,DpwSubFbmSimulator,4096,200,0.4,62,0.3695480189730379,,0.1,5,1
20260212_190530,DpwSubFbmSimulator,4096,200,0.4,63,0.3974068614926887,,0.1,5,1
20260212_190530,DpwSubFbmSimulator,4096,200,0.4,64,0.42550599978343473,,0.1,5,1
20260212_190530,DpwSubFbmSimulator,4096,200,0.4,65,0.3803508253746561,,0.1,5,1
20260212_190530,DpwSubFbmSimulator,4096,200,0.4,66,0.31945865810811847,,0.1,5,1
20260212_190530,DpwSubFbmSimulator,4096,200,0.4,67,0.3541696536260478,,0.1,5,1
20260212_190530,DpwSubFbmSimulator,4096,200,0.4,68,0.3283063428376405,,0.1,5,1
20260212_190530,DpwSubFbmSimulator,4096,200,0.4,69,0.36698438203927614,,0.1,5,1
20260212_190530,DpwSubFbmSimulator,4096,200,0.4,70,0.49507256276779316,,0.1,5,1
20260212_190530,DpwSubFbmSimulator,4096,200,0.4,71,0.45973605144069885,,0.1,5,1
20260212_190530,DpwSubFbmSimulator,4096,200,0.4,72,0.40843279660728155,,0.1,5,1
20260212_190530,DpwSubFbmSimulator,4096,200,0.4,73,0.3668706359182799,,0.1,5,1
20260212_190530,DpwSubFbmSimulator,4096,200,0.4,74,0.30941630473351905,,0.1,5,1
20260212_190530,DpwSubFbmSimulator,4096,200,0.4,75,0.4375451856138824,,0.1,5,1
20260212_190530,DpwSubFbmSimulator,4096,200,0.4,76,0.3102913890103075,,0.1,5,1
20260212_190530,DpwSubFbmSimulator,4096,200,0.4,77,0.38453595081995856,,0.1,5,1
20260212_190530,DpwSubFbmSimulator,4096,200,0.4,78,0.38464860073727675,,0.1,5,1
20260212_190530,DpwSubFbmSimulator,4096,200,0.4,79,0.41269540095695173,,0.1,5,1
20260212_190530,DpwSubFbmSimulator,4096,200,0.4,80,0.37592633818344057,,0.1,5,1
20260212_190530,DpwSubFbmSimulator,4096,200,0.4,81,0.43299076476163273,,0.1,5,1
20260212_190530,DpwSubFbmSimulator,4096,200,0.4,82,0.4884526354010133,,0.1,5,1
20260212_190530,DpwSubFbmSimulator,4096,200,0.4,83,0.41516137758226906,,0.1,5,1
20260212_190530,DpwSubFbmSimulator,4096,200,0.4,84,0.40156150719747935,,0.1,5,1
20260212_190530,DpwSubFbmSimulator,4096,200,0.4,85,0.4398710011522625,,0.1,5,1
20260212_190530,DpwSubFbmSimulator,4096,200,0.4,86,0.5515355592941759,,0.1,5,1
20260212_190530,DpwSubFbmSimulator,4096,200,0.4,87,0.265904931742734,,0.1,5,1
20260212_190530,DpwSubFbmSimulator,4096,200,0.4,88,0.30507425595523424,,0.1,5,1
20260212_190530,DpwSubFbmSimulator,4096,200,0.4,89,0.38099686631650875,,0.1,5,1
20260212_190530,DpwSubFbmSimulator,4096,200,0.4,90,0.4038238651015697,,0.1,5,1
20260212_190530,DpwSubFbmSimulator,4096,200,0.4,91,0.3877301713614253,,0.1,5,1
20260212_190530,DpwSubFbmSimulator,4096,200,0.4,92,0.4324549532410001,,0.1,5,1
20260212_190530,DpwSubFbmSimulator,4096,200,0.4,93,0.39964275233266455,,0.1,5,1
20260212_190530,DpwSubFbmSimulator,4096,200,0.4,94,0.4201162353758935,,0.1,5,1
20260212_190530,DpwSubFbmSimulator,4096,200,0.4,95,0.4593171559031001,,0.1,5,1
20260212_190530,DpwSubFbmSimulator,4096,200,0.4,96,0.35480434780256737,,0.1,5,1
20260212_190530,DpwSubFbmSimulator,4096,200,0.4,97,0.4323183728497312,,0.1,5,1
20260212_190530,DpwSubFbmSimulator,4096,200,0.4,98,0.4139481731374854,,0.1,5,1
20260212_190530,DpwSubFbmSimulator,4096,200,0.4,99,0.4214877824354014,,0.1,5,1
20260212_190530,DpwSubFbmSimulator,4096,200,0.4,100,0.3170738236388258,,0.1,5,1
20260212_190530,DpwSubFbmSimulator,4096,200,0.4,101,0.424459085605806,,0.1,5,1
20260212_190530,DpwSubFbmSimulator,4096,200,0.4,102,0.24034745639459454,,0.1,5,1
20260212_190530,DpwSubFbmSimulator,4096,200,0.4,103,0.4443093123170681,,0.1,5,1
20260212_190530,DpwSubFbmSimulator,4096,200,0.4,104,0.42786339370439186,,0.1,5,1
20260212_190530,DpwSubFbmSimulator,4096,200,0.4,105,0.47368579886267237,,0.1,5,1
20260212_190530,DpwSubFbmSimulator,4096,200,0.4,106,0.4295568312791662,,0.1,5,1
20260212_190530,DpwSubFbmSimulator,4096,200,0.4,107,0.44656501717249947,,0.1,5,1
20260212_190530,DpwSubFbmSimulator,4096,200,0.4,108,0.3912571304898921,,0.1,5,1
20260212_190530,DpwSubFbmSimulator,4096,200,0.4,109,0.3553346577578223,,0.1,5,1
20260212_190530,DpwSubFbmSimulator,4096,200,0.4,110,0.4521340459222273,,0.1,5,1
20260212_190530,DpwSubFbmSimulator,4096,200,0.4,111,0.4357693352430834,,0.1,5,1
20260212_190530,DpwSubFbmSimulator,4096,200,0.4,112,0.4463382026697292,,0.1,5,1
20260212_190530,DpwSubFbmSimulator,4096,200,0.4,113,0.40723916323584475,,0.1,5,1
20260212_190530,DpwSubFbmSimulator,4096,200,0.4,114,0.4816413313807341,,0.1,5,1
20260212_190530,DpwSubFbmSimulator,4096,200,0.4,115,0.49833724736825824,,0.1,5,1
20260212_190530,DpwSubFbmSimulator,4096,200,0.4,116,0.3740098914591362,,0.1,5,1
20260212_190530,DpwSubFbmSimulator,4096,200,0.4,117,0.2909402873612338,,0.1,5,1
20260212_190530,DpwSubFbmSimulator,4096,200,0.4,118,0.44513168289860844,,0.1,5,1
20260212_190530,DpwSubFbmSimulator,4096,200,0.4,119,0.45325888502600586,,0.1,5,1
20260212_190530,DpwSubFbmSimulator,4096,200,0.4,120,0.4694830445319141,,0.1,5,1
20260212_190530,DpwSubFbmSimulator,4096,200,0.4,121,0.3885812817736037,,0.1,5,1
20260212_190530,DpwSubFbmSimulator,4096,200,0.4,122,0.3833867512741726,,0.1,5,1
20260212_190530,DpwSubFbmSimulator,4096,200,0.4,123,0.3799845190784195,,0.1,5,1
20260212_190530,DpwSubFbmSimulator,4096,200,0.4,124,0.45554953803911596,,0.1,5,1
20260212_190530,DpwSubFbmSimulator,4096,200,0.4,125,0.3960309148497171,,0.1,5,1
20260212_190530,DpwSubFbmSimulator,4096,200,0.4,126,0.49313516921546763,,0.1,5,1
20260212_190530,DpwSubFbmSimulator,4096,200,0.4,127,0.3582769296105288,,0.1,5,1
20260212_190530,DpwSubFbmSimulator,4096,200,0.4,128,0.3882234081338798,,0.1,5,1
20260212_190530,DpwSubFbmSimulator,4096,200,0.4,129,0.38531758450334164,,0.1,5,1
20260212_190530,DpwSubFbmSimulator,4096,200,0.4,130,0.35870482732756515,,0.1,5,1
20260212_190530,DpwSubFbmSimulator,4096,200,0.4,131,0.43374654292816744,,0.1,5,1
20260212_190530,DpwSubFbmSimulator,4096,200,0.4,132,0.4649099250640823,,0.1,5,1
20260212_190530,DpwSubFbmSimulator,4096,200,0.4,133,0.3856220803773635,,0.1,5,1
20260212_190530,DpwSubFbmSimulator,4096,200,0.4,134,0.3763554791060629,,0.1,5,1
20260212_190530,DpwSubFbmSimulator,4096,200,0.4,135,0.40153909331831367,,0.1,5,1
20260212_190530,DpwSubFbmSimulator,4096,200,0.4,136,0.36666392030050826,,0.1,5,1
20260212_190530,DpwSubFbmSimulator,4096,200,0.4,137,0.43708677751257047,,0.1,5,1
20260212_190530,DpwSubFbmSimulator,4096,200,0.4,138,0.506669846597757,,0.1,5,1
20260212_190530,DpwSubFbmSimulator,4096,200,0.4,139,0.4222848851611319,,0.1,5,1
20260212_190530,DpwSubFbmSimulator,4096,200,0.4,140,0.41719829337679115,,0.1,5,1
20260212_190530,DpwSubFbmSimulator,4096,200,0.4,141,0.44408244791685053,,0.1,5,1
20260212_190530,DpwSubFbmSimulator,4096,200,0.4,142,0.4134290960456495,,0.1,5,1
20260212_190530,DpwSubFbmSimulator,4096,200,0.4,143,0.3215466921486893,,0.1,5,1
20260212_190530,DpwSubFbmSimulator,4096,200,0.4,144,0.48778765056063167,,0.1,5,1
20260212_190530,DpwSubFbmSimulator,4096,200,0.4,145,0.33118128403085906,,0.1,5,1
20260212_190530,DpwSubFbmSimulator,4096,200,0.4,146,0.47811840611725376,,0.1,5,1
20260212_190530,DpwSubFbmSimulator,4096,200,0.4,147,0.46153283572502835,,0.1,5,1
20260212_190530,DpwSubFbmSimulator,4096,200,0.4,148,0.3043736684305555,,0.1,5,1
20260212_190530,DpwSubFbmSimulator,4096,200,0.4,149,0.39220631491957236,,0.1,5,1
20260212_190530,DpwSubFbmSimulator,4096,200,0.4,150,0.5463828049297591,,0.1,5,1
20260212_190530,DpwSubFbmSimulator,4096,200,0.4,151,0.5114735083335418,,0.1,5,1
20260212_190530,DpwSubFbmSimulator,4096,200,0.4,152,0.4331885201035686,,0.1,5,1
20260212_190530,DpwSubFbmSimulator,4096,200,0.4,153,0.43067478287202926,,0.1,5,1
20260212_190530,DpwSubFbmSimulator,4096,200,0.4,154,0.48215929011209596,,0.1,5,1
20260212_190530,DpwSubFbmSimulator,4096,200,0.4,155,0.277543796579016,,0.1,5,1
20260212_190530,DpwSubFbmSimulator,4096,200,0.4,156,0.3884887372444435,,0.1,5,1
20260212_190530,DpwSubFbmSimulator,4096,200,0.4,157,0.3369092650240856,,0.1,5,1
20260212_190530,DpwSubFbmSimulator,4096,200,0.4,158,0.446650143463677,,0.1,5,1
20260212_190530,DpwSubFbmSimulator,4096,200,0.4,159,0.4393364248150705,,0.1,5,1
20260212_190530,DpwSubFbmSimulator,4096,200,0.4,160,0.27126566240570793,,0.1,5,1
20260212_190530,DpwSubFbmSimulator,4096,200,0.4,161,0.5381625619438992,,0.1,5,1
20260212_190530,DpwSubFbmSimulator,4096,200,0.4,162,0.34466976083181483,,0.1,5,1
20260212_190530,DpwSubFbmSimulator,4096,200,0.4,163,0.3896178554560989,,0.1,5,1
20260212_190530,DpwSubFbmSimulator,4096,200,0.4,164,0.44538070106845556,,0.1,5,1
20260212_190530,DpwSubFbmSimulator,4096,200,0.4,165,0.4391716071538809,,0.1,5,1
20260212_190530,DpwSubFbmSimulator,4096,200,0.4,166,0.3765280364418181,,0.1,5,1
20260212_190530,DpwSubFbmSimulator,4096,200,0.4,167,0.2783108845295096,,0.1,5,1
20260212_190530,DpwSubFbmSimulator,4096,200,0.4,168,0.4070383006149404,,0.1,5,1
20260212_190530,DpwSubFbmSimulator,4096,200,0.4,169,0.4361068245145778,,0.1,5,1
20260212_190530,DpwSubFbmSimulator,4096,200,0.4,170,0.36061504268950373,,0.1,5,1
20260212_190530,DpwSubFbmSimulator,4096,200,0.4,171,0.5065058364736298,,0.1,5,1
20260212_190530,DpwSubFbmSimulator,4096,200,0.4,172,0.29486177638621347,,0.1,5,1
20260212_190530,DpwSubFbmSimulator,4096,200,0.4,173,0.46471478413063383,,0.1,5,1
20260212_190530,DpwSubFbmSimulator,4096,200,0.4,174,0.48349130323945677,,0.1,5,1
20260212_190530,DpwSubFbmSimulator,4096,200,0.4,175,0.38142854146863264,,0.1,5,1
20260212_190530,DpwSubFbmSimulator,4096,200,0.4,176,0.2873896472798656,,0.1,5,1
20260212_190530,DpwSubFbmSimulator,4096,200,0.4,177,0.3947727982893897,,0.1,5,1
20260212_190530,DpwSubFbmSimulator,4096,200,0.4,178,0.42317891422348936,,0.1,5,1
20260212_190530,DpwSubFbmSimulator,4096,200,0.4,179,0.4637464179582297,,0.1,5,1
20260212_190530,DpwSubFbmSimulator,4096,200,0.4,180,0.5056639520980813,,0.1,5,1
20260212_190530,DpwSubFbmSimulator,4096,200,0.4,181,0.43476281256534144,,0.1,5,1
20260212_190530,DpwSubFbmSimulator,4096,200,0.4,182,0.34229848114753164,,0.1,5,1
20260212_190530,DpwSubFbmSimulator,4096,200,0.4,183,0.36968624968917035,,0.1,5,1
20260212_190530,DpwSubFbmSimulator,4096,200,0.4,184,0.3705857672190099,,0.1,5,1
20260212_190530,DpwSubFbmSimulator,4096,200,0.4,185,0.4286679761980267,,0.1,5,1
20260212_190530,DpwSubFbmSimulator,4096,200,0.4,186,0.3141718126426327,,0.1,5,1
20260212_190530,DpwSubFbmSimulator,4096,200,0.4,187,0.3717767592436641,,0.1,5,1
20260212_190530,DpwSubFbmSimulator,4096,200,0.4,188,0.37684888823808976,,0.1,5,1
20260212_190530,DpwSubFbmSimulator,4096,200,0.4,189,0.4391702044222669,,0.1,5,1
20260212_190530,DpwSubFbmSimulator,4096,200,0.4,190,0.46995305556389616,,0.1,5,1
20260212_190530,DpwSubFbmSimulator,4096,200,0.4,191,0.33512144460258003,,0.1,5,1
20260212_190530,DpwSubFbmSimulator,4096,200,0.4,192,0.4394150610715088,,0.1,5,1
20260212_190530,DpwSubFbmSimulator,4096,200,0.4,193,0.4707403721052539,,0.1,5,1
20260212_190530,DpwSubFbmSimulator,4096,200,0.4,194,0.4177112064907746,,0.1,5,1
20260212_190530,DpwSubFbmSimulator,4096,200,0.4,195,0.46652385422423037,,0.1,5,1
20260212_190530,DpwSubFbmSimulator,4096,200,0.4,196,0.41757289243067375,,0.1,5,1
20260212_190530,DpwSubFbmSimulator,4096,200,0.4,197,0.3913152719810782,,0.1,5,1
20260212_190530,DpwSubFbmSimulator,4096,200,0.4,198,0.5160940442299594,,0.1,5,1
20260212_190530,DpwSubFbmSimulator,4096,200,0.4,199,0.4407859703389651,,0.1,5,1
20260212_190530,DpwSubFbmSimulator,4096,200,0.4,200,0.24457806295399392,,0.1,5,1
20260212_190530,DpwSubFbmSimulator,4096,200,0.5,1,0.512823445817418,,0.1,5,1
20260212_190530,DpwSubFbmSimulator,4096,200,0.5,2,0.5169780086201552,,0.1,5,1
20260212_190530,DpwSubFbmSimulator,4096,200,0.5,3,0.49238369829111484,,0.1,5,1
20260212_190530,DpwSubFbmSimulator,4096,200,0.5,4,0.5159370601686839,,0.1,5,1
20260212_190530,DpwSubFbmSimulator,4096,200,0.5,5,0.4271476728581171,,0.1,5,1
20260212_190530,DpwSubFbmSimulator,4096,200,0.5,6,0.5656057446140834,,0.1,5,1
20260212_190530,DpwSubFbmSimulator,4096,200,0.5,7,0.4503728302590855,,0.1,5,1
20260212_190530,DpwSubFbmSimulator,4096,200,0.5,8,0.5461737867044361,,0.1,5,1
20260212_190530,DpwSubFbmSimulator,4096,200,0.5,9,0.5630024123252861,,0.1,5,1
20260212_190530,DpwSubFbmSimulator,4096,200,0.5,10,0.42308246406575933,,0.1,5,1
20260212_190530,DpwSubFbmSimulator,4096,200,0.5,11,0.559124818287718,,0.1,5,1
20260212_190530,DpwSubFbmSimulator,4096,200,0.5,12,0.3950660584005983,,0.1,5,1
20260212_190530,DpwSubFbmSimulator,4096,200,0.5,13,0.49942930427891996,,0.1,5,1
20260212_190530,DpwSubFbmSimulator,4096,200,0.5,14,0.5295523363507861,,0.1,5,1
20260212_190530,DpwSubFbmSimulator,4096,200,0.5,15,0.5169673332136402,,0.1,5,1
20260212_190530,DpwSubFbmSimulator,4096,200,0.5,16,0.5354376531493901,,0.1,5,1
20260212_190530,DpwSubFbmSimulator,4096,200,0.5,17,0.49830792290589176,,0.1,5,1
20260212_190530,DpwSubFbmSimulator,4096,200,0.5,18,0.4936255981508632,,0.1,5,1
20260212_190530,DpwSubFbmSimulator,4096,200,0.5,19,0.5219801469449014,,0.1,5,1
20260212_190530,DpwSubFbmSimulator,4096,200,0.5,20,0.5635762371001813,,0.1,5,1
20260212_190530,DpwSubFbmSimulator,4096,200,0.5,21,0.47654147579156164,,0.1,5,1
20260212_190530,DpwSubFbmSimulator,4096,200,0.5,22,0.4792227620281827,,0.1,5,1
20260212_190530,DpwSubFbmSimulator,4096,200,0.5,23,0.5238034968515825,,0.1,5,1
20260212_190530,DpwSubFbmSimulator,4096,200,0.5,24,0.4915787247866727,,0.1,5,1
20260212_190530,DpwSubFbmSimulator,4096,200,0.5,25,0.4645527808957284,,0.1,5,1
20260212_190530,DpwSubFbmSimulator,4096,200,0.5,26,0.4952966322596788,,0.1,5,1
20260212_190530,DpwSubFbmSimulator,4096,200,0.5,27,0.5478391063121553,,0.1,5,1
20260212_190530,DpwSubFbmSimulator,4096,200,0.5,28,0.5684185089395475,,0.1,5,1
20260212_190530,DpwSubFbmSimulator,4096,200,0.5,29,0.46020818999254876,,0.1,5,1
20260212_190530,DpwSubFbmSimulator,4096,200,0.5,30,0.5089402110603678,,0.1,5,1
20260212_190530,DpwSubFbmSimulator,4096,200,0.5,31,0.4989713601838217,,0.1,5,1
20260212_190530,DpwSubFbmSimulator,4096,200,0.5,32,0.44409386456521993,,0.1,5,1
20260212_190530,DpwSubFbmSimulator,4096,200,0.5,33,0.45667220260661284,,0.1,5,1
20260212_190530,DpwSubFbmSimulator,4096,200,0.5,34,0.5316505073856078,,0.1,5,1
20260212_190530,DpwSubFbmSimulator,4096,200,0.5,35,0.5821492699880726,,0.1,5,1
20260212_190530,DpwSubFbmSimulator,4096,200,0.5,36,0.5273213561613526,,0.1,5,1
20260212_190530,DpwSubFbmSimulator,4096,200,0.5,37,0.5725563125471966,,0.1,5,1
20260212_190530,DpwSubFbmSimulator,4096,200,0.5,38,0.6070823042302058,,0.1,5,1
20260212_190530,DpwSubFbmSimulator,4096,200,0.5,39,0.4069752596643539,,0.1,5,1
20260212_190530,DpwSubFbmSimulator,4096,200,0.5,40,0.5665002267155568,,0.1,5,1
20260212_190530,DpwSubFbmSimulator,4096,200,0.5,41,0.4367779781967699,,0.1,5,1
20260212_190530,DpwSubFbmSimulator,4096,200,0.5,42,0.4632857512856901,,0.1,5,1
20260212_190530,DpwSubFbmSimulator,4096,200,0.5,43,0.42141037545377186,,0.1,5,1
20260212_190530,DpwSubFbmSimulator,4096,200,0.5,44,0.22665201633812188,,0.1,5,1
20260212_190530,DpwSubFbmSimulator,4096,200,0.5,45,0.6013264874248914,,0.1,5,1
20260212_190530,DpwSubFbmSimulator,4096,200,0.5,46,0.5132155268608501,,0.1,5,1
20260212_190530,DpwSubFbmSimulator,4096,200,0.5,47,0.4766436937413158,,0.1,5,1
20260212_190530,DpwSubFbmSimulator,4096,200,0.5,48,0.5769412621466852,,0.1,5,1
20260212_190530,DpwSubFbmSimulator,4096,200,0.5,49,0.46549608234575246,,0.1,5,1
20260212_190530,DpwSubFbmSimulator,4096,200,0.5,50,0.5789913090689858,,0.1,5,1
20260212_190530,DpwSubFbmSimulator,4096,200,0.5,51,0.6048940937764555,,0.1,5,1
20260212_190530,DpwSubFbmSimulator,4096,200,0.5,52,0.39677198704555905,,0.1,5,1
20260212_190530,DpwSubFbmSimulator,4096,200,0.5,53,0.5544433363780755,,0.1,5,1
20260212_190530,DpwSubFbmSimulator,4096,200,0.5,54,0.5235399653542779,,0.1,5,1
20260212_190530,DpwSubFbmSimulator,4096,200,0.5,55,0.46670143600100833,,0.1,5,1
20260212_190530,DpwSubFbmSimulator,4096,200,0.5,56,0.5448957902909886,,0.1,5,1
20260212_190530,DpwSubFbmSimulator,4096,200,0.5,57,0.49074244189903,,0.1,5,1
20260212_190530,DpwSubFbmSimulator,4096,200,0.5,58,0.573978639161663,,0.1,5,1
20260212_190530,DpwSubFbmSimulator,4096,200,0.5,59,0.5144748963186032,,0.1,5,1
20260212_190530,DpwSubFbmSimulator,4096,200,0.5,60,0.5209298438599136,,0.1,5,1
20260212_190530,DpwSubFbmSimulator,4096,200,0.5,61,0.43220030460572867,,0.1,5,1
20260212_190530,DpwSubFbmSimulator,4096,200,0.5,62,0.40056136994250835,,0.1,5,1
20260212_190530,DpwSubFbmSimulator,4096,200,0.5,63,0.5369030908739154,,0.1,5,1
20260212_190530,DpwSubFbmSimulator,4096,200,0.5,64,0.4810846791293331,,0.1,5,1
20260212_190530,DpwSubFbmSimulator,4096,200,0.5,65,0.6514158263689324,,0.1,5,1
20260212_190530,DpwSubFbmSimulator,4096,200,0.5,66,0.5352931833269005,,0.1,5,1
20260212_190530,DpwSubFbmSimulator,4096,200,0.5,67,0.44200995047413894,,0.1,5,1
20260212_190530,DpwSubFbmSimulator,4096,200,0.5,68,0.4452168947891015,,0.1,5,1
20260212_190530,DpwSubFbmSimulator,4096,200,0.5,69,0.44215363183388334,,0.1,5,1
20260212_190530,DpwSubFbmSimulator,4096,200,0.5,70,0.4595242902342204,,0.1,5,1
20260212_190530,DpwSubFbmSimulator,4096,200,0.5,71,0.4675343284581822,,0.1,5,1
20260212_190530,DpwSubFbmSimulator,4096,200,0.5,72,0.5738322258895397,,0.1,5,1
20260212_190530,DpwSubFbmSimulator,4096,200,0.5,73,0.5504700580594187,,0.1,5,1
20260212_190530,DpwSubFbmSimulator,4096,200,0.5,74,0.5026965402440519,,0.1,5,1
20260212_190530,DpwSubFbmSimulator,4096,200,0.5,75,0.5843031321056916,,0.1,5,1
20260212_190530,DpwSubFbmSimulator,4096,200,0.5,76,0.5841388916711772,,0.1,5,1
20260212_190530,DpwSubFbmSimulator,4096,200,0.5,77,0.44314215315753686,,0.1,5,1
20260212_190530,DpwSubFbmSimulator,4096,200,0.5,78,0.4056907828334726,,0.1,5,1
20260212_190530,DpwSubFbmSimulator,4096,200,0.5,79,0.5019480514371264,,0.1,5,1
20260212_190530,DpwSubFbmSimulator,4096,200,0.5,80,0.47849085623270354,,0.1,5,1
20260212_190530,DpwSubFbmSimulator,4096,200,0.5,81,0.3461630962055918,,0.1,5,1
20260212_190530,DpwSubFbmSimulator,4096,200,0.5,82,0.5263639540076323,,0.1,5,1
20260212_190530,DpwSubFbmSimulator,4096,200,0.5,83,0.5494503060824205,,0.1,5,1
20260212_190530,DpwSubFbmSimulator,4096,200,0.5,84,0.5399409009354302,,0.1,5,1
20260212_190530,DpwSubFbmSimulator,4096,200,0.5,85,0.4853479626938665,,0.1,5,1
20260212_190530,DpwSubFbmSimulator,4096,200,0.5,86,0.4896794419186665,,0.1,5,1
20260212_190530,DpwSubFbmSimulator,4096,200,0.5,87,0.5181586936297256,,0.1,5,1
20260212_190530,DpwSubFbmSimulator,4096,200,0.5,88,0.40968472849238163,,0.1,5,1
20260212_190530,DpwSubFbmSimulator,4096,200,0.5,89,0.49881862292022583,,0.1,5,1
20260212_190530,DpwSubFbmSimulator,4096,200,0.5,90,0.48023269893543025,,0.1,5,1
20260212_190530,DpwSubFbmSimulator,4096,200,0.5,91,0.4633189426030159,,0.1,5,1
20260212_190530,DpwSubFbmSimulator,4096,200,0.5,92,0.530280475249922,,0.1,5,1
20260212_190530,DpwSubFbmSimulator,4096,200,0.5,93,0.4533174462755055,,0.1,5,1
20260212_190530,DpwSubFbmSimulator,4096,200,0.5,94,0.503798539599939,,0.1,5,1
20260212_190530,DpwSubFbmSimulator,4096,200,0.5,95,0.5271875237246935,,0.1,5,1
20260212_190530,DpwSubFbmSimulator,4096,200,0.5,96,0.46791058046138345,,0.1,5,1
20260212_190530,DpwSubFbmSimulator,4096,200,0.5,97,0.3249413149605699,,0.1,5,1
20260212_190530,DpwSubFbmSimulator,4096,200,0.5,98,0.5104038295470874,,0.1,5,1
20260212_190530,DpwSubFbmSimulator,4096,200,0.5,99,0.5264224723982887,,0.1,5,1
20260212_190530,DpwSubFbmSimulator,4096,200,0.5,100,0.6358205675770748,,0.1,5,1
20260212_190530,DpwSubFbmSimulator,4096,200,0.5,101,0.46465534158917804,,0.1,5,1
20260212_190530,DpwSubFbmSimulator,4096,200,0.5,102,0.4015139614773701,,0.1,5,1
20260212_190530,DpwSubFbmSimulator,4096,200,0.5,103,0.4698306129203335,,0.1,5,1
20260212_190530,DpwSubFbmSimulator,4096,200,0.5,104,0.49897723498077295,,0.1,5,1
20260212_190530,DpwSubFbmSimulator,4096,200,0.5,105,0.41081609457889984,,0.1,5,1
20260212_190530,DpwSubFbmSimulator,4096,200,0.5,106,0.4383395508405525,,0.1,5,1
20260212_190530,DpwSubFbmSimulator,4096,200,0.5,107,0.4509219862093749,,0.1,5,1
20260212_190530,DpwSubFbmSimulator,4096,200,0.5,108,0.5344191985521041,,0.1,5,1
20260212_190530,DpwSubFbmSimulator,4096,200,0.5,109,0.5098222840385769,,0.1,5,1
20260212_190530,DpwSubFbmSimulator,4096,200,0.5,110,0.43725410888982136,,0.1,5,1
20260212_190530,DpwSubFbmSimulator,4096,200,0.5,111,0.5005881099073229,,0.1,5,1
20260212_190530,DpwSubFbmSimulator,4096,200,0.5,112,0.4661024066717838,,0.1,5,1
20260212_190530,DpwSubFbmSimulator,4096,200,0.5,113,0.5712290850215894,,0.1,5,1
20260212_190530,DpwSubFbmSimulator,4096,200,0.5,114,0.5482447366395276,,0.1,5,1
20260212_190530,DpwSubFbmSimulator,4096,200,0.5,115,0.5328779810271412,,0.1,5,1
20260212_190530,DpwSubFbmSimulator,4096,200,0.5,116,0.5242426107318467,,0.1,5,1
20260212_190530,DpwSubFbmSimulator,4096,200,0.5,117,0.4871356871780062,,0.1,5,1
20260212_190530,DpwSubFbmSimulator,4096,200,0.5,118,0.49661695903107483,,0.1,5,1
20260212_190530,DpwSubFbmSimulator,4096,200,0.5,119,0.520740985151605,,0.1,5,1
20260212_190530,DpwSubFbmSimulator,4096,200,0.5,120,0.486669980860351,,0.1,5,1
20260212_190530,DpwSubFbmSimulator,4096,200,0.5,121,0.47791332232760103,,0.1,5,1
20260212_190530,DpwSubFbmSimulator,4096,200,0.5,122,0.6032641798207088,,0.1,5,1
20260212_190530,DpwSubFbmSimulator,4096,200,0.5,123,0.5243950344110647,,0.1,5,1
20260212_190530,DpwSubFbmSimulator,4096,200,0.5,124,0.4795146124853814,,0.1,5,1
20260212_190530,DpwSubFbmSimulator,4096,200,0.5,125,0.5440926102943938,,0.1,5,1
20260212_190530,DpwSubFbmSimulator,4096,200,0.5,126,0.574303411924732,,0.1,5,1
20260212_190530,DpwSubFbmSimulator,4096,200,0.5,127,0.5755473695401438,,0.1,5,1
20260212_190530,DpwSubFbmSimulator,4096,200,0.5,128,0.484303287265113,,0.1,5,1
20260212_190530,DpwSubFbmSimulator,4096,200,0.5,129,0.5352623323764745,,0.1,5,1
20260212_190530,DpwSubFbmSimulator,4096,200,0.5,130,0.39462691492803603,,0.1,5,1
20260212_190530,DpwSubFbmSimulator,4096,200,0.5,131,0.459096598003966,,0.1,5,1
20260212_190530,DpwSubFbmSimulator,4096,200,0.5,132,0.5629432362205066,,0.1,5,1
20260212_190530,DpwSubFbmSimulator,4096,200,0.5,133,0.4806873419419509,,0.1,5,1
20260212_190530,DpwSubFbmSimulator,4096,200,0.5,134,0.4894390886729713,,0.1,5,1
20260212_190530,DpwSubFbmSimulator,4096,200,0.5,135,0.477958077395438,,0.1,5,1
20260212_190530,DpwSubFbmSimulator,4096,200,0.5,136,0.4608159778613793,,0.1,5,1
20260212_190530,DpwSubFbmSimulator,4096,200,0.5,137,0.4712489479247701,,0.1,5,1
20260212_190530,DpwSubFbmSimulator,4096,200,0.5,138,0.5577745042995373,,0.1,5,1
20260212_190530,DpwSubFbmSimulator,4096,200,0.5,139,0.43941666437215576,,0.1,5,1
20260212_190530,DpwSubFbmSimulator,4096,200,0.5,140,0.5239023883547821,,0.1,5,1
20260212_190530,DpwSubFbmSimulator,4096,200,0.5,141,0.5197128747433721,,0.1,5,1
20260212_190530,DpwSubFbmSimulator,4096,200,0.5,142,0.499973012356939,,0.1,5,1
20260212_190530,DpwSubFbmSimulator,4096,200,0.5,143,0.6145024512315292,,0.1,5,1
20260212_190530,DpwSubFbmSimulator,4096,200,0.5,144,0.4956806240261407,,0.1,5,1
20260212_190530,DpwSubFbmSimulator,4096,200,0.5,145,0.45419328097632594,,0.1,5,1
20260212_190530,DpwSubFbmSimulator,4096,200,0.5,146,0.4846579969303214,,0.1,5,1
20260212_190530,DpwSubFbmSimulator,4096,200,0.5,147,0.4220513166782888,,0.1,5,1
20260212_190530,DpwSubFbmSimulator,4096,200,0.5,148,0.5740066344636612,,0.1,5,1
20260212_190530,DpwSubFbmSimulator,4096,200,0.5,149,0.4949574552819209,,0.1,5,1
20260212_190530,DpwSubFbmSimulator,4096,200,0.5,150,0.4970809590709404,,0.1,5,1
20260212_190530,DpwSubFbmSimulator,4096,200,0.5,151,0.48893506699109796,,0.1,5,1
20260212_190530,DpwSubFbmSimulator,4096,200,0.5,152,0.5013625529634058,,0.1,5,1
20260212_190530,DpwSubFbmSimulator,4096,200,0.5,153,0.5037757996115064,,0.1,5,1
20260212_190530,DpwSubFbmSimulator,4096,200,0.5,154,0.5077646146803904,,0.1,5,1
20260212_190530,DpwSubFbmSimulator,4096,200,0.5,155,0.5141377394841665,,0.1,5,1
20260212_190530,DpwSubFbmSimulator,4096,200,0.5,156,0.4778917474963477,,0.1,5,1
20260212_190530,DpwSubFbmSimulator,4096,200,0.5,157,0.480241632638271,,0.1,5,1
20260212_190530,DpwSubFbmSimulator,4096,200,0.5,158,0.6322639945911768,,0.1,5,1
20260212_190530,DpwSubFbmSimulator,4096,200,0.5,159,0.48494999234879693,,0.1,5,1
20260212_190530,DpwSubFbmSimulator,4096,200,0.5,160,0.5074968466125215,,0.1,5,1
20260212_190530,DpwSubFbmSimulator,4096,200,0.5,161,0.46912287970056354,,0.1,5,1
20260212_190530,DpwSubFbmSimulator,4096,200,0.5,162,0.5111380040476811,,0.1,5,1
20260212_190530,DpwSubFbmSimulator,4096,200,0.5,163,0.5540415768259178,,0.1,5,1
20260212_190530,DpwSubFbmSimulator,4096,200,0.5,164,0.6154669344753726,,0.1,5,1
20260212_190530,DpwSubFbmSimulator,4096,200,0.5,165,0.5090712910378837,,0.1,5,1
20260212_190530,DpwSubFbmSimulator,4096,200,0.5,166,0.49825967951968864,,0.1,5,1
20260212_190530,DpwSubFbmSimulator,4096,200,0.5,167,0.4976651609139888,,0.1,5,1
20260212_190530,DpwSubFbmSimulator,4096,200,0.5,168,0.5190318394696051,,0.1,5,1
20260212_190530,DpwSubFbmSimulator,4096,200,0.5,169,0.5760438093697169,,0.1,5,1
20260212_190530,DpwSubFbmSimulator,4096,200,0.5,170,0.3012792867743063,,0.1,5,1
20260212_190530,DpwSubFbmSimulator,4096,200,0.5,171,0.5448340771476385,,0.1,5,1
20260212_190530,DpwSubFbmSimulator,4096,200,0.5,172,0.5301562949544968,,0.1,5,1
20260212_190530,DpwSubFbmSimulator,4096,200,0.5,173,0.4832890951232639,,0.1,5,1
20260212_190530,DpwSubFbmSimulator,4096,200,0.5,174,0.45411403373388626,,0.1,5,1
20260212_190530,DpwSubFbmSimulator,4096,200,0.5,175,0.39858885138811334,,0.1,5,1
20260212_190530,DpwSubFbmSimulator,4096,200,0.5,176,0.5947648435428675,,0.1,5,1
20260212_190530,DpwSubFbmSimulator,4096,200,0.5,177,0.5094943130712528,,0.1,5,1
20260212_190530,DpwSubFbmSimulator,4096,200,0.5,178,0.49418884492689125,,0.1,5,1
20260212_190530,DpwSubFbmSimulator,4096,200,0.5,179,0.4873096061062697,,0.1,5,1
20260212_190530,DpwSubFbmSimulator,4096,200,0.5,180,0.5019804401753372,,0.1,5,1
20260212_190530,DpwSubFbmSimulator,4096,200,0.5,181,0.5525011188853622,,0.1,5,1
20260212_190530,DpwSubFbmSimulator,4096,200,0.5,182,0.4087856320887098,,0.1,5,1
20260212_190530,DpwSubFbmSimulator,4096,200,0.5,183,0.4460858707747982,,0.1,5,1
20260212_190530,DpwSubFbmSimulator,4096,200,0.5,184,0.456539860991706,,0.1,5,1
20260212_190530,DpwSubFbmSimulator,4096,200,0.5,185,0.5366935602733991,,0.1,5,1
20260212_190530,DpwSubFbmSimulator,4096,200,0.5,186,0.505069858956949,,0.1,5,1
20260212_190530,DpwSubFbmSimulator,4096,200,0.5,187,0.5309635195392551,,0.1,5,1
20260212_190530,DpwSubFbmSimulator,4096,200,0.5,188,0.6092952394370675,,0.1,5,1
20260212_190530,DpwSubFbmSimulator,4096,200,0.5,189,0.6287618295950286,,0.1,5,1
20260212_190530,DpwSubFbmSimulator,4096,200,0.5,190,0.5278096330030224,,0.1,5,1
20260212_190530,DpwSubFbmSimulator,4096,200,0.5,191,0.49088992149879873,,0.1,5,1
20260212_190530,DpwSubFbmSimulator,4096,200,0.5,192,0.504308998324895,,0.1,5,1
20260212_190530,DpwSubFbmSimulator,4096,200,0.5,193,0.5213764348738674,,0.1,5,1
20260212_190530,DpwSubFbmSimulator,4096,200,0.5,194,0.501534408063283,,0.1,5,1
20260212_190530,DpwSubFbmSimulator,4096,200,0.5,195,0.5369098877614161,,0.1,5,1
20260212_190530,DpwSubFbmSimulator,4096,200,0.5,196,0.6057442950668932,,0.1,5,1
20260212_190530,DpwSubFbmSimulator,4096,200,0.5,197,0.5482510078055872,,0.1,5,1
20260212_190530,DpwSubFbmSimulator,4096,200,0.5,198,0.45739663721918294,,0.1,5,1
20260212_190530,DpwSubFbmSimulator,4096,200,0.5,199,0.3649740912640295,,0.1,5,1
20260212_190530,DpwSubFbmSimulator,4096,200,0.5,200,0.4983316926788527,,0.1,5,1
20260212_190530,DpwSubFbmSimulator,4096,200,0.6,1,0.6691118798482738,,0.1,5,1
20260212_190530,DpwSubFbmSimulator,4096,200,0.6,2,0.6049285640457223,,0.1,5,1
20260212_190530,DpwSubFbmSimulator,4096,200,0.6,3,0.6794290193959316,,0.1,5,1
20260212_190530,DpwSubFbmSimulator,4096,200,0.6,4,0.5987176404283235,,0.1,5,1
20260212_190530,DpwSubFbmSimulator,4096,200,0.6,5,0.5311704917275633,,0.1,5,1
20260212_190530,DpwSubFbmSimulator,4096,200,0.6,6,0.49899432037525415,,0.1,5,1
20260212_190530,DpwSubFbmSimulator,4096,200,0.6,7,0.5867560876217791,,0.1,5,1
20260212_190530,DpwSubFbmSimulator,4096,200,0.6,8,0.5954460175072398,,0.1,5,1
20260212_190530,DpwSubFbmSimulator,4096,200,0.6,9,0.5824207315605915,,0.1,5,1
20260212_190530,DpwSubFbmSimulator,4096,200,0.6,10,0.6426130797887839,,0.1,5,1
20260212_190530,DpwSubFbmSimulator,4096,200,0.6,11,0.5920308701857427,,0.1,5,1
20260212_190530,DpwSubFbmSimulator,4096,200,0.6,12,0.6088455861612334,,0.1,5,1
20260212_190530,DpwSubFbmSimulator,4096,200,0.6,13,0.5498396364440017,,0.1,5,1
20260212_190530,DpwSubFbmSimulator,4096,200,0.6,14,0.5626589030270286,,0.1,5,1
20260212_190530,DpwSubFbmSimulator,4096,200,0.6,15,0.6246836584139033,,0.1,5,1
20260212_190530,DpwSubFbmSimulator,4096,200,0.6,16,0.5929037799975186,,0.1,5,1
20260212_190530,DpwSubFbmSimulator,4096,200,0.6,17,0.5878805995254796,,0.1,5,1
20260212_190530,DpwSubFbmSimulator,4096,200,0.6,18,0.5730004776682951,,0.1,5,1
20260212_190530,DpwSubFbmSimulator,4096,200,0.6,19,0.6492910773112482,,0.1,5,1
20260212_190530,DpwSubFbmSimulator,4096,200,0.6,20,0.6336168393815128,,0.1,5,1
20260212_190530,DpwSubFbmSimulator,4096,200,0.6,21,0.6555344731690005,,0.1,5,1
20260212_190530,DpwSubFbmSimulator,4096,200,0.6,22,0.6924920730423889,,0.1,5,1
20260212_190530,DpwSubFbmSimulator,4096,200,0.6,23,0.6981308218336152,,0.1,5,1
20260212_190530,DpwSubFbmSimulator,4096,200,0.6,24,0.5994238408739849,,0.1,5,1
20260212_190530,DpwSubFbmSimulator,4096,200,0.6,25,0.5521417654845547,,0.1,5,1
20260212_190530,DpwSubFbmSimulator,4096,200,0.6,26,0.526904234726548,,0.1,5,1
20260212_190530,DpwSubFbmSimulator,4096,200,0.6,27,0.6902160526846843,,0.1,5,1
20260212_190530,DpwSubFbmSimulator,4096,200,0.6,28,0.618380954336427,,0.1,5,1
20260212_190530,DpwSubFbmSimulator,4096,200,0.6,29,0.6785255087661797,,0.1,5,1
20260212_190530,DpwSubFbmSimulator,4096,200,0.6,30,0.5858404933165146,,0.1,5,1
20260212_190530,DpwSubFbmSimulator,4096,200,0.6,31,0.6689186584862705,,0.1,5,1
20260212_190530,DpwSubFbmSimulator,4096,200,0.6,32,0.5611209822827982,,0.1,5,1
20260212_190530,DpwSubFbmSimulator,4096,200,0.6,33,0.6616889148431642,,0.1,5,1
20260212_190530,DpwSubFbmSimulator,4096,200,0.6,34,0.5289995823707472,,0.1,5,1
20260212_190530,DpwSubFbmSimulator,4096,200,0.6,35,0.6638049514963554,,0.1,5,1
20260212_190530,DpwSubFbmSimulator,4096,200,0.6,36,0.6221533353636663,,0.1,5,1
20260212_190530,DpwSubFbmSimulator,4096,200,0.6,37,0.5656891627681799,,0.1,5,1
20260212_190530,DpwSubFbmSimulator,4096,200,0.6,38,0.6419493600723679,,0.1,5,1
20260212_190530,DpwSubFbmSimulator,4096,200,0.6,39,0.5595276346777274,,0.1,5,1
20260212_190530,DpwSubFbmSimulator,4096,200,0.6,40,0.5139009661624417,,0.1,5,1
20260212_190530,DpwSubFbmSimulator,4096,200,0.6,41,0.5609816638497307,,0.1,5,1
20260212_190530,DpwSubFbmSimulator,4096,200,0.6,42,0.6538034489238759,,0.1,5,1
20260212_190530,DpwSubFbmSimulator,4096,200,0.6,43,0.5757466104862436,,0.1,5,1
20260212_190530,DpwSubFbmSimulator,4096,200,0.6,44,0.6157098961212304,,0.1,5,1
20260212_190530,DpwSubFbmSimulator,4096,200,0.6,45,0.6075775086105223,,0.1,5,1
20260212_190530,DpwSubFbmSimulator,4096,200,0.6,46,0.6808655869137927,,0.1,5,1
20260212_190530,DpwSubFbmSimulator,4096,200,0.6,47,0.6151316799273128,,0.1,5,1
20260212_190530,DpwSubFbmSimulator,4096,200,0.6,48,0.577447223356893,,0.1,5,1
20260212_190530,DpwSubFbmSimulator,4096,200,0.6,49,0.5859121912267305,,0.1,5,1
20260212_190530,DpwSubFbmSimulator,4096,200,0.6,50,0.5204522772475474,,0.1,5,1
20260212_190530,DpwSubFbmSimulator,4096,200,0.6,51,0.5199399023285673,,0.1,5,1
20260212_190530,DpwSubFbmSimulator,4096,200,0.6,52,0.6563405317502662,,0.1,5,1
20260212_190530,DpwSubFbmSimulator,4096,200,0.6,53,0.6419250340821266,,0.1,5,1
20260212_190530,DpwSubFbmSimulator,4096,200,0.6,54,0.5937240648982804,,0.1,5,1
20260212_190530,DpwSubFbmSimulator,4096,200,0.6,55,0.7358005401189874,,0.1,5,1
20260212_190530,DpwSubFbmSimulator,4096,200,0.6,56,0.42947787972103607,,0.1,5,1
20260212_190530,DpwSubFbmSimulator,4096,200,0.6,57,0.5610724015245264,,0.1,5,1
20260212_190530,DpwSubFbmSimulator,4096,200,0.6,58,0.534889001477615,,0.1,5,1
20260212_190530,DpwSubFbmSimulator,4096,200,0.6,59,0.5159303917389888,,0.1,5,1
20260212_190530,DpwSubFbmSimulator,4096,200,0.6,60,0.4744448205868778,,0.1,5,1
20260212_190530,DpwSubFbmSimulator,4096,200,0.6,61,0.5743381366572049,,0.1,5,1
20260212_190530,DpwSubFbmSimulator,4096,200,0.6,62,0.5018792517588824,,0.1,5,1
20260212_190530,DpwSubFbmSimulator,4096,200,0.6,63,0.5959592275985955,,0.1,5,1
20260212_190530,DpwSubFbmSimulator,4096,200,0.6,64,0.6180238791096592,,0.1,5,1
20260212_190530,DpwSubFbmSimulator,4096,200,0.6,65,0.6253935230870423,,0.1,5,1
20260212_190530,DpwSubFbmSimulator,4096,200,0.6,66,0.5801247516014421,,0.1,5,1
20260212_190530,DpwSubFbmSimulator,4096,200,0.6,67,0.5736581605846943,,0.1,5,1
20260212_190530,DpwSubFbmSimulator,4096,200,0.6,68,0.6768350551773327,,0.1,5,1
20260212_190530,DpwSubFbmSimulator,4096,200,0.6,69,0.6248709734181443,,0.1,5,1
20260212_190530,DpwSubFbmSimulator,4096,200,0.6,70,0.617137039892662,,0.1,5,1
20260212_190530,DpwSubFbmSimulator,4096,200,0.6,71,0.6276957566700372,,0.1,5,1
20260212_190530,DpwSubFbmSimulator,4096,200,0.6,72,0.6087957933261209,,0.1,5,1
20260212_190530,DpwSubFbmSimulator,4096,200,0.6,73,0.5452192499925728,,0.1,5,1
20260212_190530,DpwSubFbmSimulator,4096,200,0.6,74,0.5660970321329017,,0.1,5,1
20260212_190530,DpwSubFbmSimulator,4096,200,0.6,75,0.6073557442636267,,0.1,5,1
20260212_190530,DpwSubFbmSimulator,4096,200,0.6,76,0.5484911801379335,,0.1,5,1
20260212_190530,DpwSubFbmSimulator,4096,200,0.6,77,0.599888938178122,,0.1,5,1
20260212_190530,DpwSubFbmSimulator,4096,200,0.6,78,0.5322486884825655,,0.1,5,1
20260212_190530,DpwSubFbmSimulator,4096,200,0.6,79,0.6070197158743238,,0.1,5,1
20260212_190530,DpwSubFbmSimulator,4096,200,0.6,80,0.45893039117649237,,0.1,5,1
20260212_190530,DpwSubFbmSimulator,4096,200,0.6,81,0.6455837688889811,,0.1,5,1
20260212_190530,DpwSubFbmSimulator,4096,200,0.6,82,0.5707819222934785,,0.1,5,1
20260212_190530,DpwSubFbmSimulator,4096,200,0.6,83,0.5737008904313867,,0.1,5,1
20260212_190530,DpwSubFbmSimulator,4096,200,0.6,84,0.5537777088981086,,0.1,5,1
20260212_190530,DpwSubFbmSimulator,4096,200,0.6,85,0.6063133400770297,,0.1,5,1
20260212_190530,DpwSubFbmSimulator,4096,200,0.6,86,0.5330151699826082,,0.1,5,1
20260212_190530,DpwSubFbmSimulator,4096,200,0.6,87,0.5096824937686874,,0.1,5,1
20260212_190530,DpwSubFbmSimulator,4096,200,0.6,88,0.561046264712808,,0.1,5,1
20260212_190530,DpwSubFbmSimulator,4096,200,0.6,89,0.6865068566970706,,0.1,5,1
20260212_190530,DpwSubFbmSimulator,4096,200,0.6,90,0.6456625767051589,,0.1,5,1
20260212_190530,DpwSubFbmSimulator,4096,200,0.6,91,0.5989131784403608,,0.1,5,1
20260212_190530,DpwSubFbmSimulator,4096,200,0.6,92,0.5950040080711195,,0.1,5,1
20260212_190530,DpwSubFbmSimulator,4096,200,0.6,93,0.5740565301189087,,0.1,5,1
20260212_190530,DpwSubFbmSimulator,4096,200,0.6,94,0.5531873149290204,,0.1,5,1
20260212_190530,DpwSubFbmSimulator,4096,200,0.6,95,0.6367851161723278,,0.1,5,1
20260212_190530,DpwSubFbmSimulator,4096,200,0.6,96,0.5272108608065805,,0.1,5,1
20260212_190530,DpwSubFbmSimulator,4096,200,0.6,97,0.6339427883516106,,0.1,5,1
20260212_190530,DpwSubFbmSimulator,4096,200,0.6,98,0.5114474777681766,,0.1,5,1
20260212_190530,DpwSubFbmSimulator,4096,200,0.6,99,0.6672527135491959,,0.1,5,1
20260212_190530,DpwSubFbmSimulator,4096,200,0.6,100,0.5841548162266647,,0.1,5,1
20260212_190530,DpwSubFbmSimulator,4096,200,0.6,101,0.59895056814056,,0.1,5,1
20260212_190530,DpwSubFbmSimulator,4096,200,0.6,102,0.5541378685869437,,0.1,5,1
20260212_190530,DpwSubFbmSimulator,4096,200,0.6,103,0.5382479269303178,,0.1,5,1
20260212_190530,DpwSubFbmSimulator,4096,200,0.6,104,0.5571570203370515,,0.1,5,1
20260212_190530,DpwSubFbmSimulator,4096,200,0.6,105,0.5528291440963271,,0.1,5,1
20260212_190530,DpwSubFbmSimulator,4096,200,0.6,106,0.5611270814535149,,0.1,5,1
20260212_190530,DpwSubFbmSimulator,4096,200,0.6,107,0.6730416924199534,,0.1,5,1
20260212_190530,DpwSubFbmSimulator,4096,200,0.6,108,0.5924677861593338,,0.1,5,1
20260212_190530,DpwSubFbmSimulator,4096,200,0.6,109,0.5639138146390466,,0.1,5,1
20260212_190530,DpwSubFbmSimulator,4096,200,0.6,110,0.6401035619582662,,0.1,5,1
20260212_190530,DpwSubFbmSimulator,4096,200,0.6,111,0.645773471554227,,0.1,5,1
20260212_190530,DpwSubFbmSimulator,4096,200,0.6,112,0.5719875048302295,,0.1,5,1
20260212_190530,DpwSubFbmSimulator,4096,200,0.6,113,0.6107303597722271,,0.1,5,1
20260212_190530,DpwSubFbmSimulator,4096,200,0.6,114,0.6290912747938054,,0.1,5,1
20260212_190530,DpwSubFbmSimulator,4096,200,0.6,115,0.5155381296953969,,0.1,5,1
20260212_190530,DpwSubFbmSimulator,4096,200,0.6,116,0.6494585827035673,,0.1,5,1
20260212_190530,DpwSubFbmSimulator,4096,200,0.6,117,0.535635785728827,,0.1,5,1
20260212_190530,DpwSubFbmSimulator,4096,200,0.6,118,0.5888723381902629,,0.1,5,1
20260212_190530,DpwSubFbmSimulator,4096,200,0.6,119,0.5219266286239054,,0.1,5,1
20260212_190530,DpwSubFbmSimulator,4096,200,0.6,120,0.5504767879430583,,0.1,5,1
20260212_190530,DpwSubFbmSimulator,4096,200,0.6,121,0.5664907946919422,,0.1,5,1
20260212_190530,DpwSubFbmSimulator,4096,200,0.6,122,0.6011161894651146,,0.1,5,1
20260212_190530,DpwSubFbmSimulator,4096,200,0.6,123,0.6160692371699804,,0.1,5,1
20260212_190530,DpwSubFbmSimulator,4096,200,0.6,124,0.6210040688511004,,0.1,5,1
20260212_190530,DpwSubFbmSimulator,4096,200,0.6,125,0.5724338969312381,,0.1,5,1
20260212_190530,DpwSubFbmSimulator,4096,200,0.6,126,0.6299744473276606,,0.1,5,1
20260212_190530,DpwSubFbmSimulator,4096,200,0.6,127,0.6721296459923777,,0.1,5,1
20260212_190530,DpwSubFbmSimulator,4096,200,0.6,128,0.6464441589531823,,0.1,5,1
20260212_190530,DpwSubFbmSimulator,4096,200,0.6,129,0.6359174687322315,,0.1,5,1
20260212_190530,DpwSubFbmSimulator,4096,200,0.6,130,0.6471276846205647,,0.1,5,1
20260212_190530,DpwSubFbmSimulator,4096,200,0.6,131,0.618315868269334,,0.1,5,1
20260212_190530,DpwSubFbmSimulator,4096,200,0.6,132,0.5772946420444713,,0.1,5,1
20260212_190530,DpwSubFbmSimulator,4096,200,0.6,133,0.5633987995852502,,0.1,5,1
20260212_190530,DpwSubFbmSimulator,4096,200,0.6,134,0.663932356217302,,0.1,5,1
20260212_190530,DpwSubFbmSimulator,4096,200,0.6,135,0.5736132889878902,,0.1,5,1
20260212_190530,DpwSubFbmSimulator,4096,200,0.6,136,0.6275517536767762,,0.1,5,1
20260212_190530,DpwSubFbmSimulator,4096,200,0.6,137,0.5653989523197627,,0.1,5,1
20260212_190530,DpwSubFbmSimulator,4096,200,0.6,138,0.5633318896936359,,0.1,5,1
20260212_190530,DpwSubFbmSimulator,4096,200,0.6,139,0.5547825880718363,,0.1,5,1
20260212_190530,DpwSubFbmSimulator,4096,200,0.6,140,0.5380776490765335,,0.1,5,1
20260212_190530,DpwSubFbmSimulator,4096,200,0.6,141,0.6389120965862076,,0.1,5,1
20260212_190530,DpwSubFbmSimulator,4096,200,0.6,142,0.49908964332895595,,0.1,5,1
20260212_190530,DpwSubFbmSimulator,4096,200,0.6,143,0.5116747658858561,,0.1,5,1
20260212_190530,DpwSubFbmSimulator,4096,200,0.6,144,0.5881114509740238,,0.1,5,1
20260212_190530,DpwSubFbmSimulator,4096,200,0.6,145,0.6003556463849903,,0.1,5,1
20260212_190530,DpwSubFbmSimulator,4096,200,0.6,146,0.5635799241178564,,0.1,5,1
20260212_190530,DpwSubFbmSimulator,4096,200,0.6,147,0.4910646416067252,,0.1,5,1
20260212_190530,DpwSubFbmSimulator,4096,200,0.6,148,0.6122142175112275,,0.1,5,1
20260212_190530,DpwSubFbmSimulator,4096,200,0.6,149,0.6389772823384796,,0.1,5,1
20260212_190530,DpwSubFbmSimulator,4096,200,0.6,150,0.6176532238538169,,0.1,5,1
20260212_190530,DpwSubFbmSimulator,4096,200,0.6,151,0.6372661534568295,,0.1,5,1
20260212_190530,DpwSubFbmSimulator,4096,200,0.6,152,0.6371843865418884,,0.1,5,1
20260212_190530,DpwSubFbmSimulator,4096,200,0.6,153,0.6389837841986901,,0.1,5,1
20260212_190530,DpwSubFbmSimulator,4096,200,0.6,154,0.6578080113066158,,0.1,5,1
20260212_190530,DpwSubFbmSimulator,4096,200,0.6,155,0.552600206658185,,0.1,5,1
20260212_190530,DpwSubFbmSimulator,4096,200,0.6,156,0.563595646542879,,0.1,5,1
20260212_190530,DpwSubFbmSimulator,4096,200,0.6,157,0.580394837049716,,0.1,5,1
20260212_190530,DpwSubFbmSimulator,4096,200,0.6,158,0.6700550377945584,,0.1,5,1
20260212_190530,DpwSubFbmSimulator,4096,200,0.6,159,0.6359853686338168,,0.1,5,1
20260212_190530,DpwSubFbmSimulator,4096,200,0.6,160,0.6661732845650173,,0.1,5,1
20260212_190530,DpwSubFbmSimulator,4096,200,0.6,161,0.6063136071672678,,0.1,5,1
20260212_190530,DpwSubFbmSimulator,4096,200,0.6,162,0.6326412218067013,,0.1,5,1
20260212_190530,DpwSubFbmSimulator,4096,200,0.6,163,0.4996319758040572,,0.1,5,1
20260212_190530,DpwSubFbmSimulator,4096,200,0.6,164,0.6675556733403859,,0.1,5,1
20260212_190530,DpwSubFbmSimulator,4096,200,0.6,165,0.6885363611803871,,0.1,5,1
20260212_190530,DpwSubFbmSimulator,4096,200,0.6,166,0.6288700501515475,,0.1,5,1
20260212_190530,DpwSubFbmSimulator,4096,200,0.6,167,0.6903828816680718,,0.1,5,1
20260212_190530,DpwSubFbmSimulator,4096,200,0.6,168,0.564627006219112,,0.1,5,1
20260212_190530,DpwSubFbmSimulator,4096,200,0.6,169,0.6698676184364988,,0.1,5,1
20260212_190530,DpwSubFbmSimulator,4096,200,0.6,170,0.6702304320501703,,0.1,5,1
20260212_190530,DpwSubFbmSimulator,4096,200,0.6,171,0.6088592057977611,,0.1,5,1
20260212_190530,DpwSubFbmSimulator,4096,200,0.6,172,0.562428235780387,,0.1,5,1
20260212_190530,DpwSubFbmSimulator,4096,200,0.6,173,0.6812804834051363,,0.1,5,1
20260212_190530,DpwSubFbmSimulator,4096,200,0.6,174,0.530396865321911,,0.1,5,1
20260212_190530,DpwSubFbmSimulator,4096,200,0.6,175,0.6500525403838867,,0.1,5,1
20260212_190530,DpwSubFbmSimulator,4096,200,0.6,176,0.5781307990873966,,0.1,5,1
20260212_190530,DpwSubFbmSimulator,4096,200,0.6,177,0.6612578494528158,,0.1,5,1
20260212_190530,DpwSubFbmSimulator,4096,200,0.6,178,0.6335361788584173,,0.1,5,1
20260212_190530,DpwSubFbmSimulator,4096,200,0.6,179,0.6105254962121042,,0.1,5,1
20260212_190530,DpwSubFbmSimulator,4096,200,0.6,180,0.6066865564239948,,0.1,5,1
20260212_190530,DpwSubFbmSimulator,4096,200,0.6,181,0.5933522988783891,,0.1,5,1
20260212_190530,DpwSubFbmSimulator,4096,200,0.6,182,0.6017334582681817,,0.1,5,1
20260212_190530,DpwSubFbmSimulator,4096,200,0.6,183,0.5848746935045083,,0.1,5,1
20260212_190530,DpwSubFbmSimulator,4096,200,0.6,184,0.5701232903866823,,0.1,5,1
20260212_190530,DpwSubFbmSimulator,4096,200,0.6,185,0.641714818047802,,0.1,5,1
20260212_190530,DpwSubFbmSimulator,4096,200,0.6,186,0.6103677121344248,,0.1,5,1
20260212_190530,DpwSubFbmSimulator,4096,200,0.6,187,0.6706672375782112,,0.1,5,1
20260212_190530,DpwSubFbmSimulator,4096,200,0.6,188,0.6213865658310704,,0.1,5,1
20260212_190530,DpwSubFbmSimulator,4096,200,0.6,189,0.6181108103314075,,0.1,5,1
20260212_190530,DpwSubFbmSimulator,4096,200,0.6,190,0.6491227825186775,,0.1,5,1
20260212_190530,DpwSubFbmSimulator,4096,200,0.6,191,0.668019498148031,,0.1,5,1
20260212_190530,DpwSubFbmSimulator,4096,200,0.6,192,0.638315294098097,,0.1,5,1
20260212_190530,DpwSubFbmSimulator,4096,200,0.6,193,0.6208332967969882,,0.1,5,1
20260212_190530,DpwSubFbmSimulator,4096,200,0.6,194,0.5977347795667193,,0.1,5,1
20260212_190530,DpwSubFbmSimulator,4096,200,0.6,195,0.6522076825100394,,0.1,5,1
20260212_190530,DpwSubFbmSimulator,4096,200,0.6,196,0.6326977195590375,,0.1,5,1
20260212_190530,DpwSubFbmSimulator,4096,200,0.6,197,0.6060243033810396,,0.1,5,1
20260212_190530,DpwSubFbmSimulator,4096,200,0.6,198,0.6071119749757329,,0.1,5,1
20260212_190530,DpwSubFbmSimulator,4096,200,0.6,199,0.5633266770582345,,0.1,5,1
20260212_190530,DpwSubFbmSimulator,4096,200,0.6,200,0.5594453732179848,,0.1,5,1
20260212_190530,DpwSubFbmSimulator,4096,200,0.7,1,0.6421985027639224,,0.1,5,1
20260212_190530,DpwSubFbmSimulator,4096,200,0.7,2,0.7801092439398905,,0.1,5,1
20260212_190530,DpwSubFbmSimulator,4096,200,0.7,3,0.6814017053129372,,0.1,5,1
20260212_190530,DpwSubFbmSimulator,4096,200,0.7,4,0.7046515057226963,,0.1,5,1
20260212_190530,DpwSubFbmSimulator,4096,200,0.7,5,0.6661234048719876,,0.1,5,1
20260212_190530,DpwSubFbmSimulator,4096,200,0.7,6,0.6519794531012337,,0.1,5,1
20260212_190530,DpwSubFbmSimulator,4096,200,0.7,7,0.7614851168059249,,0.1,5,1
20260212_190530,DpwSubFbmSimulator,4096,200,0.7,8,0.6445517558625556,,0.1,5,1
20260212_190530,DpwSubFbmSimulator,4096,200,0.7,9,0.6615253133664156,,0.1,5,1
20260212_190530,DpwSubFbmSimulator,4096,200,0.7,10,0.7727193392658966,,0.1,5,1
20260212_190530,DpwSubFbmSimulator,4096,200,0.7,11,0.7324335465257571,,0.1,5,1
20260212_190530,DpwSubFbmSimulator,4096,200,0.7,12,0.698536034904984,,0.1,5,1
20260212_190530,DpwSubFbmSimulator,4096,200,0.7,13,0.7822876612800809,,0.1,5,1
20260212_190530,DpwSubFbmSimulator,4096,200,0.7,14,0.7996866439409136,,0.1,5,1
20260212_190530,DpwSubFbmSimulator,4096,200,0.7,15,0.6862996757281355,,0.1,5,1
20260212_190530,DpwSubFbmSimulator,4096,200,0.7,16,0.7298452301180549,,0.1,5,1
20260212_190530,DpwSubFbmSimulator,4096,200,0.7,17,0.6690775540352557,,0.1,5,1
20260212_190530,DpwSubFbmSimulator,4096,200,0.7,18,0.7447439112810829,,0.1,5,1
20260212_190530,DpwSubFbmSimulator,4096,200,0.7,19,0.6712054218554409,,0.1,5,1
20260212_190530,DpwSubFbmSimulator,4096,200,0.7,20,0.6916875035787907,,0.1,5,1
20260212_190530,DpwSubFbmSimulator,4096,200,0.7,21,0.5960629650462098,,0.1,5,1
20260212_190530,DpwSubFbmSimulator,4096,200,0.7,22,0.7180360025353922,,0.1,5,1
20260212_190530,DpwSubFbmSimulator,4096,200,0.7,23,0.6938136132338852,,0.1,5,1
20260212_190530,DpwSubFbmSimulator,4096,200,0.7,24,0.7803742248831971,,0.1,5,1
20260212_190530,DpwSubFbmSimulator,4096,200,0.7,25,0.6918454869400398,,0.1,5,1
20260212_190530,DpwSubFbmSimulator,4096,200,0.7,26,0.6563551737832031,,0.1,5,1
20260212_190530,DpwSubFbmSimulator,4096,200,0.7,27,0.6549252565086088,,0.1,5,1
20260212_190530,DpwSubFbmSimulator,4096,200,0.7,28,0.6747804900076199,,0.1,5,1
20260212_190530,DpwSubFbmSimulator,4096,200,0.7,29,0.7416205234959614,,0.1,5,1
20260212_190530,DpwSubFbmSimulator,4096,200,0.7,30,0.6152773347400766,,0.1,5,1
20260212_190530,DpwSubFbmSimulator,4096,200,0.7,31,0.7227950112955706,,0.1,5,1
20260212_190530,DpwSubFbmSimulator,4096,200,0.7,32,0.7055355770992188,,0.1,5,1
20260212_190530,DpwSubFbmSimulator,4096,200,0.7,33,0.7521770875233974,,0.1,5,1
20260212_190530,DpwSubFbmSimulator,4096,200,0.7,34,0.7337460374824751,,0.1,5,1
20260212_190530,DpwSubFbmSimulator,4096,200,0.7,35,0.6743750589649598,,0.1,5,1
20260212_190530,DpwSubFbmSimulator,4096,200,0.7,36,0.6834690883870387,,0.1,5,1
20260212_190530,DpwSubFbmSimulator,4096,200,0.7,37,0.7215138344589735,,0.1,5,1
20260212_190530,DpwSubFbmSimulator,4096,200,0.7,38,0.7085086368673911,,0.1,5,1
20260212_190530,DpwSubFbmSimulator,4096,200,0.7,39,0.751887533218243,,0.1,5,1
20260212_190530,DpwSubFbmSimulator,4096,200,0.7,40,0.6810931102200527,,0.1,5,1
20260212_190530,DpwSubFbmSimulator,4096,200,0.7,41,0.7164290879541483,,0.1,5,1
20260212_190530,DpwSubFbmSimulator,4096,200,0.7,42,0.7466559607266166,,0.1,5,1
20260212_190530,DpwSubFbmSimulator,4096,200,0.7,43,0.676664254017342,,0.1,5,1
20260212_190530,DpwSubFbmSimulator,4096,200,0.7,44,0.6658152859217106,,0.1,5,1
20260212_190530,DpwSubFbmSimulator,4096,200,0.7,45,0.6187715043852343,,0.1,5,1
20260212_190530,DpwSubFbmSimulator,4096,200,0.7,46,0.7167957896272042,,0.1,5,1
20260212_190530,DpwSubFbmSimulator,4096,200,0.7,47,0.7953764069729209,,0.1,5,1
20260212_190530,DpwSubFbmSimulator,4096,200,0.7,48,0.7905233699121886,,0.1,5,1
20260212_190530,DpwSubFbmSimulator,4096,200,0.7,49,0.7127267567340227,,0.1,5,1
20260212_190530,DpwSubFbmSimulator,4096,200,0.7,50,0.7319852222903015,,0.1,5,1
20260212_190530,DpwSubFbmSimulator,4096,200,0.7,51,0.6787431458739553,,0.1,5,1
20260212_190530,DpwSubFbmSimulator,4096,200,0.7,52,0.6888254937060005,,0.1,5,1
20260212_190530,DpwSubFbmSimulator,4096,200,0.7,53,0.6127928222481828,,0.1,5,1
20260212_190530,DpwSubFbmSimulator,4096,200,0.7,54,0.7367207874378525,,0.1,5,1
20260212_190530,DpwSubFbmSimulator,4096,200,0.7,55,0.7700028512724657,,0.1,5,1
20260212_190530,DpwSubFbmSimulator,4096,200,0.7,56,0.7063313865698279,,0.1,5,1
20260212_190530,DpwSubFbmSimulator,4096,200,0.7,57,0.6990051547918479,,0.1,5,1
20260212_190530,DpwSubFbmSimulator,4096,200,0.7,58,0.6892520855779322,,0.1,5,1
20260212_190530,DpwSubFbmSimulator,4096,200,0.7,59,0.7009668296106975,,0.1,5,1
20260212_190530,DpwSubFbmSimulator,4096,200,0.7,60,0.74701730510785,,0.1,5,1
20260212_190530,DpwSubFbmSimulator,4096,200,0.7,61,0.648736153413494,,0.1,5,1
20260212_190530,DpwSubFbmSimulator,4096,200,0.7,62,0.6379258930000122,,0.1,5,1
20260212_190530,DpwSubFbmSimulator,4096,200,0.7,63,0.6421310949777387,,0.1,5,1
20260212_190530,DpwSubFbmSimulator,4096,200,0.7,64,0.7523880135114812,,0.1,5,1
20260212_190530,DpwSubFbmSimulator,4096,200,0.7,65,0.7747733081641274,,0.1,5,1
20260212_190530,DpwSubFbmSimulator,4096,200,0.7,66,0.658723428190852,,0.1,5,1
20260212_190530,DpwSubFbmSimulator,4096,200,0.7,67,0.7431886439638884,,0.1,5,1
20260212_190530,DpwSubFbmSimulator,4096,200,0.7,68,0.6642434234609698,,0.1,5,1
20260212_190530,DpwSubFbmSimulator,4096,200,0.7,69,0.68311316083458,,0.1,5,1
20260212_190530,DpwSubFbmSimulator,4096,200,0.7,70,0.6758589048635265,,0.1,5,1
20260212_190530,DpwSubFbmSimulator,4096,200,0.7,71,0.6516960053317818,,0.1,5,1
20260212_190530,DpwSubFbmSimulator,4096,200,0.7,72,0.6800743173837915,,0.1,5,1
20260212_190530,DpwSubFbmSimulator,4096,200,0.7,73,0.7734256298999183,,0.1,5,1
20260212_190530,DpwSubFbmSimulator,4096,200,0.7,74,0.7231501113218359,,0.1,5,1
20260212_190530,DpwSubFbmSimulator,4096,200,0.7,75,0.7612945344839515,,0.1,5,1
20260212_190530,DpwSubFbmSimulator,4096,200,0.7,76,0.6854516996747888,,0.1,5,1
20260212_190530,DpwSubFbmSimulator,4096,200,0.7,77,0.6491528379482321,,0.1,5,1
20260212_190530,DpwSubFbmSimulator,4096,200,0.7,78,0.6262159871926201,,0.1,5,1
20260212_190530,DpwSubFbmSimulator,4096,200,0.7,79,0.6617705499430931,,0.1,5,1
20260212_190530,DpwSubFbmSimulator,4096,200,0.7,80,0.6734952043846333,,0.1,5,1
20260212_190530,DpwSubFbmSimulator,4096,200,0.7,81,0.6530741179501802,,0.1,5,1
20260212_190530,DpwSubFbmSimulator,4096,200,0.7,82,0.6954696703546036,,0.1,5,1
20260212_190530,DpwSubFbmSimulator,4096,200,0.7,83,0.6152752561288956,,0.1,5,1
20260212_190530,DpwSubFbmSimulator,4096,200,0.7,84,0.6665985986125048,,0.1,5,1
20260212_190530,DpwSubFbmSimulator,4096,200,0.7,85,0.7640229537010205,,0.1,5,1
20260212_190530,DpwSubFbmSimulator,4096,200,0.7,86,0.6457017239905819,,0.1,5,1
20260212_190530,DpwSubFbmSimulator,4096,200,0.7,87,0.7202217649230708,,0.1,5,1
20260212_190530,DpwSubFbmSimulator,4096,200,0.7,88,0.6998453821312316,,0.1,5,1
20260212_190530,DpwSubFbmSimulator,4096,200,0.7,89,0.6584927715087858,,0.1,5,1
20260212_190530,DpwSubFbmSimulator,4096,200,0.7,90,0.7140586886106542,,0.1,5,1
20260212_190530,DpwSubFbmSimulator,4096,200,0.7,91,0.6678784916722462,,0.1,5,1
20260212_190530,DpwSubFbmSimulator,4096,200,0.7,92,0.7680219153780167,,0.1,5,1
20260212_190530,DpwSubFbmSimulator,4096,200,0.7,93,0.6857509340331038,,0.1,5,1
20260212_190530,DpwSubFbmSimulator,4096,200,0.7,94,0.5065194599551189,,0.1,5,1
20260212_190530,DpwSubFbmSimulator,4096,200,0.7,95,0.6784095814399702,,0.1,5,1
20260212_190530,DpwSubFbmSimulator,4096,200,0.7,96,0.6647315119418888,,0.1,5,1
20260212_190530,DpwSubFbmSimulator,4096,200,0.7,97,0.7508463132273693,,0.1,5,1
20260212_190530,DpwSubFbmSimulator,4096,200,0.7,98,0.621751518758071,,0.1,5,1
20260212_190530,DpwSubFbmSimulator,4096,200,0.7,99,0.6911498822282232,,0.1,5,1
20260212_190530,DpwSubFbmSimulator,4096,200,0.7,100,0.6363285581879142,,0.1,5,1
20260212_190530,DpwSubFbmSimulator,4096,200,0.7,101,0.6905506209280147,,0.1,5,1
20260212_190530,DpwSubFbmSimulator,4096,200,0.7,102,0.7201131072275387,,0.1,5,1
20260212_190530,DpwSubFbmSimulator,4096,200,0.7,103,0.69883760301766,,0.1,5,1
20260212_190530,DpwSubFbmSimulator,4096,200,0.7,104,0.6506947701709349,,0.1,5,1
20260212_190530,DpwSubFbmSimulator,4096,200,0.7,105,0.7023491064014873,,0.1,5,1
20260212_190530,DpwSubFbmSimulator,4096,200,0.7,106,0.5408802229243844,,0.1,5,1
20260212_190530,DpwSubFbmSimulator,4096,200,0.7,107,0.6806514608235729,,0.1,5,1
20260212_190530,DpwSubFbmSimulator,4096,200,0.7,108,0.6888035496038558,,0.1,5,1
20260212_190530,DpwSubFbmSimulator,4096,200,0.7,109,0.6791159649562688,,0.1,5,1
20260212_190530,DpwSubFbmSimulator,4096,200,0.7,110,0.6201947472696097,,0.1,5,1
20260212_190530,DpwSubFbmSimulator,4096,200,0.7,111,0.6466860408435503,,0.1,5,1
20260212_190530,DpwSubFbmSimulator,4096,200,0.7,112,0.7176646366390814,,0.1,5,1
20260212_190530,DpwSubFbmSimulator,4096,200,0.7,113,0.6993415930764245,,0.1,5,1
20260212_190530,DpwSubFbmSimulator,4096,200,0.7,114,0.7991352421069632,,0.1,5,1
20260212_190530,DpwSubFbmSimulator,4096,200,0.7,115,0.7241962462146757,,0.1,5,1
20260212_190530,DpwSubFbmSimulator,4096,200,0.7,116,0.6675451550057975,,0.1,5,1
20260212_190530,DpwSubFbmSimulator,4096,200,0.7,117,0.6609678946817169,,0.1,5,1
20260212_190530,DpwSubFbmSimulator,4096,200,0.7,118,0.6516345416985255,,0.1,5,1
20260212_190530,DpwSubFbmSimulator,4096,200,0.7,119,0.7329425454433653,,0.1,5,1
20260212_190530,DpwSubFbmSimulator,4096,200,0.7,120,0.6782279316830702,,0.1,5,1
20260212_190530,DpwSubFbmSimulator,4096,200,0.7,121,0.7207124219669222,,0.1,5,1
20260212_190530,DpwSubFbmSimulator,4096,200,0.7,122,0.7023520806285526,,0.1,5,1
20260212_190530,DpwSubFbmSimulator,4096,200,0.7,123,0.7283837202789369,,0.1,5,1
20260212_190530,DpwSubFbmSimulator,4096,200,0.7,124,0.6190243457015746,,0.1,5,1
20260212_190530,DpwSubFbmSimulator,4096,200,0.7,125,0.7399309655056239,,0.1,5,1
20260212_190530,DpwSubFbmSimulator,4096,200,0.7,126,0.5350385265973706,,0.1,5,1
20260212_190530,DpwSubFbmSimulator,4096,200,0.7,127,0.7308091059496418,,0.1,5,1
20260212_190530,DpwSubFbmSimulator,4096,200,0.7,128,0.6137656816674767,,0.1,5,1
20260212_190530,DpwSubFbmSimulator,4096,200,0.7,129,0.7613373924714616,,0.1,5,1
20260212_190530,DpwSubFbmSimulator,4096,200,0.7,130,0.7773519401523402,,0.1,5,1
20260212_190530,DpwSubFbmSimulator,4096,200,0.7,131,0.6802832358298996,,0.1,5,1
20260212_190530,DpwSubFbmSimulator,4096,200,0.7,132,0.7138552823005438,,0.1,5,1
20260212_190530,DpwSubFbmSimulator,4096,200,0.7,133,0.7418735717566093,,0.1,5,1
20260212_190530,DpwSubFbmSimulator,4096,200,0.7,134,0.6528429281110532,,0.1,5,1
20260212_190530,DpwSubFbmSimulator,4096,200,0.7,135,0.6961748116470352,,0.1,5,1
20260212_190530,DpwSubFbmSimulator,4096,200,0.7,136,0.7827200135221816,,0.1,5,1
20260212_190530,DpwSubFbmSimulator,4096,200,0.7,137,0.6532976364599992,,0.1,5,1
20260212_190530,DpwSubFbmSimulator,4096,200,0.7,138,0.6819935229302603,,0.1,5,1
20260212_190530,DpwSubFbmSimulator,4096,200,0.7,139,0.6573175741167671,,0.1,5,1
20260212_190530,DpwSubFbmSimulator,4096,200,0.7,140,0.6632899387371396,,0.1,5,1
20260212_190530,DpwSubFbmSimulator,4096,200,0.7,141,0.7463681672428619,,0.1,5,1
20260212_190530,DpwSubFbmSimulator,4096,200,0.7,142,0.6557175723243088,,0.1,5,1
20260212_190530,DpwSubFbmSimulator,4096,200,0.7,143,0.674574032695156,,0.1,5,1
20260212_190530,DpwSubFbmSimulator,4096,200,0.7,144,0.6567299021609854,,0.1,5,1
20260212_190530,DpwSubFbmSimulator,4096,200,0.7,145,0.7421232423311873,,0.1,5,1
20260212_190530,DpwSubFbmSimulator,4096,200,0.7,146,0.6401440640970911,,0.1,5,1
20260212_190530,DpwSubFbmSimulator,4096,200,0.7,147,0.6159031945602229,,0.1,5,1
20260212_190530,DpwSubFbmSimulator,4096,200,0.7,148,0.7512760951295565,,0.1,5,1
20260212_190530,DpwSubFbmSimulator,4096,200,0.7,149,0.7644411019439417,,0.1,5,1
20260212_190530,DpwSubFbmSimulator,4096,200,0.7,150,0.6965585497113169,,0.1,5,1
20260212_190530,DpwSubFbmSimulator,4096,200,0.7,151,0.6886633138771342,,0.1,5,1
20260212_190530,DpwSubFbmSimulator,4096,200,0.7,152,0.767517113145616,,0.1,5,1
20260212_190530,DpwSubFbmSimulator,4096,200,0.7,153,0.6516956417177594,,0.1,5,1
20260212_190530,DpwSubFbmSimulator,4096,200,0.7,154,0.713240053469348,,0.1,5,1
20260212_190530,DpwSubFbmSimulator,4096,200,0.7,155,0.7402696164843563,,0.1,5,1
20260212_190530,DpwSubFbmSimulator,4096,200,0.7,156,0.6726689481036258,,0.1,5,1
20260212_190530,DpwSubFbmSimulator,4096,200,0.7,157,0.6265395885325115,,0.1,5,1
20260212_190530,DpwSubFbmSimulator,4096,200,0.7,158,0.7391372014157864,,0.1,5,1
20260212_190530,DpwSubFbmSimulator,4096,200,0.7,159,0.6307139922980726,,0.1,5,1
20260212_190530,DpwSubFbmSimulator,4096,200,0.7,160,0.6876273831639712,,0.1,5,1
20260212_190530,DpwSubFbmSimulator,4096,200,0.7,161,0.7900032738064644,,0.1,5,1
20260212_190530,DpwSubFbmSimulator,4096,200,0.7,162,0.7180687295428364,,0.1,5,1
20260212_190530,DpwSubFbmSimulator,4096,200,0.7,163,0.7544300193650032,,0.1,5,1
20260212_190530,DpwSubFbmSimulator,4096,200,0.7,164,0.6877443432688086,,0.1,5,1
20260212_190530,DpwSubFbmSimulator,4096,200,0.7,165,0.6520076108554808,,0.1,5,1
20260212_190530,DpwSubFbmSimulator,4096,200,0.7,166,0.6958281697003169,,0.1,5,1
20260212_190530,DpwSubFbmSimulator,4096,200,0.7,167,0.6841803575011434,,0.1,5,1
20260212_190530,DpwSubFbmSimulator,4096,200,0.7,168,0.7181633664394267,,0.1,5,1
20260212_190530,DpwSubFbmSimulator,4096,200,0.7,169,0.7386139809296897,,0.1,5,1
20260212_190530,DpwSubFbmSimulator,4096,200,0.7,170,0.7081705392431231,,0.1,5,1
20260212_190530,DpwSubFbmSimulator,4096,200,0.7,171,0.7465472436564954,,0.1,5,1
20260212_190530,DpwSubFbmSimulator,4096,200,0.7,172,0.6778667177848402,,0.1,5,1
20260212_190530,DpwSubFbmSimulator,4096,200,0.7,173,0.7762286252980872,,0.1,5,1
20260212_190530,DpwSubFbmSimulator,4096,200,0.7,174,0.7186153920027533,,0.1,5,1
20260212_190530,DpwSubFbmSimulator,4096,200,0.7,175,0.6761408245939794,,0.1,5,1
20260212_190530,DpwSubFbmSimulator,4096,200,0.7,176,0.7594334606448627,,0.1,5,1
20260212_190530,DpwSubFbmSimulator,4096,200,0.7,177,0.7154666796225762,,0.1,5,1
20260212_190530,DpwSubFbmSimulator,4096,200,0.7,178,0.7004230044108267,,0.1,5,1
20260212_190530,DpwSubFbmSimulator,4096,200,0.7,179,0.7521869788495034,,0.1,5,1
20260212_190530,DpwSubFbmSimulator,4096,200,0.7,180,0.7464401100599061,,0.1,5,1
20260212_190530,DpwSubFbmSimulator,4096,200,0.7,181,0.7022993644887626,,0.1,5,1
20260212_190530,DpwSubFbmSimulator,4096,200,0.7,182,0.7190057679906668,,0.1,5,1
20260212_190530,DpwSubFbmSimulator,4096,200,0.7,183,0.7278463463244846,,0.1,5,1
20260212_190530,DpwSubFbmSimulator,4096,200,0.7,184,0.6523599760793819,,0.1,5,1
20260212_190530,DpwSubFbmSimulator,4096,200,0.7,185,0.5910516720771458,,0.1,5,1
20260212_190530,DpwSubFbmSimulator,4096,200,0.7,186,0.7424006228815427,,0.1,5,1
20260212_190530,DpwSubFbmSimulator,4096,200,0.7,187,0.7080091832075589,,0.1,5,1
20260212_190530,DpwSubFbmSimulator,4096,200,0.7,188,0.7451869655704045,,0.1,5,1
20260212_190530,DpwSubFbmSimulator,4096,200,0.7,189,0.7432476499890647,,0.1,5,1
20260212_190530,DpwSubFbmSimulator,4096,200,0.7,190,0.7563794588031479,,0.1,5,1
20260212_190530,DpwSubFbmSimulator,4096,200,0.7,191,0.7722522589897057,,0.1,5,1
20260212_190530,DpwSubFbmSimulator,4096,200,0.7,192,0.758928674964652,,0.1,5,1
20260212_190530,DpwSubFbmSimulator,4096,200,0.7,193,0.6877587480951453,,0.1,5,1
20260212_190530,DpwSubFbmSimulator,4096,200,0.7,194,0.6839066238873599,,0.1,5,1
20260212_190530,DpwSubFbmSimulator,4096,200,0.7,195,0.7169706803735958,,0.1,5,1
20260212_190530,DpwSubFbmSimulator,4096,200,0.7,196,0.640340583622193,,0.1,5,1
20260212_190530,DpwSubFbmSimulator,4096,200,0.7,197,0.6985353878218216,,0.1,5,1
20260212_190530,DpwSubFbmSimulator,4096,200,0.7,198,0.6868401585781622,,0.1,5,1
20260212_190530,DpwSubFbmSimulator,4096,200,0.7,199,0.5987586437201701,,0.1,5,1
20260212_190530,DpwSubFbmSimulator,4096,200,0.7,200,0.66329111192949,,0.1,5,1
20260212_190530,DpwSubFbmSimulator,4096,200,0.8,1,0.7883777243036308,,0.1,5,1
20260212_190530,DpwSubFbmSimulator,4096,200,0.8,2,0.7851364279465891,,0.1,5,1
20260212_190530,DpwSubFbmSimulator,4096,200,0.8,3,0.7790064349659902,,0.1,5,1
20260212_190530,DpwSubFbmSimulator,4096,200,0.8,4,0.8279104197532724,,0.1,5,1
20260212_190530,DpwSubFbmSimulator,4096,200,0.8,5,0.8573650431019226,,0.1,5,1
20260212_190530,DpwSubFbmSimulator,4096,200,0.8,6,0.7924554253244454,,0.1,5,1
20260212_190530,DpwSubFbmSimulator,4096,200,0.8,7,0.9210905755325306,,0.1,5,1
20260212_190530,DpwSubFbmSimulator,4096,200,0.8,8,0.8510784468342402,,0.1,5,1
20260212_190530,DpwSubFbmSimulator,4096,200,0.8,9,0.778681314713709,,0.1,5,1
20260212_190530,DpwSubFbmSimulator,4096,200,0.8,10,0.8266048186124922,,0.1,5,1
20260212_190530,DpwSubFbmSimulator,4096,200,0.8,11,0.769508415902584,,0.1,5,1
20260212_190530,DpwSubFbmSimulator,4096,200,0.8,12,0.8148392808475671,,0.1,5,1
20260212_190530,DpwSubFbmSimulator,4096,200,0.8,13,0.8138294212431681,,0.1,5,1
20260212_190530,DpwSubFbmSimulator,4096,200,0.8,14,0.832021124488431,,0.1,5,1
20260212_190530,DpwSubFbmSimulator,4096,200,0.8,15,0.7641852400660033,,0.1,5,1
20260212_190530,DpwSubFbmSimulator,4096,200,0.8,16,0.7991916596964486,,0.1,5,1
20260212_190530,DpwSubFbmSimulator,4096,200,0.8,17,0.7844695547974634,,0.1,5,1
20260212_190530,DpwSubFbmSimulator,4096,200,0.8,18,0.7691563624733636,,0.1,5,1
20260212_190530,DpwSubFbmSimulator,4096,200,0.8,19,0.7605604468893538,,0.1,5,1
20260212_190530,DpwSubFbmSimulator,4096,200,0.8,20,0.8510166830664031,,0.1,5,1
20260212_190530,DpwSubFbmSimulator,4096,200,0.8,21,0.7604599409506972,,0.1,5,1
20260212_190530,DpwSubFbmSimulator,4096,200,0.8,22,0.8011051908798432,,0.1,5,1
20260212_190530,DpwSubFbmSimulator,4096,200,0.8,23,0.8138801666703035,,0.1,5,1
20260212_190530,DpwSubFbmSimulator,4096,200,0.8,24,0.7026675646850442,,0.1,5,1
20260212_190530,DpwSubFbmSimulator,4096,200,0.8,25,0.8263021511863817,,0.1,5,1
20260212_190530,DpwSubFbmSimulator,4096,200,0.8,26,0.8217395108730782,,0.1,5,1
20260212_190530,DpwSubFbmSimulator,4096,200,0.8,27,0.7265030027189078,,0.1,5,1
20260212_190530,DpwSubFbmSimulator,4096,200,0.8,28,0.8613865464840719,,0.1,5,1
20260212_190530,DpwSubFbmSimulator,4096,200,0.8,29,0.7789569998187426,,0.1,5,1
20260212_190530,DpwSubFbmSimulator,4096,200,0.8,30,0.8017151721637192,,0.1,5,1
20260212_190530,DpwSubFbmSimulator,4096,200,0.8,31,0.792390176094748,,0.1,5,1
20260212_190530,DpwSubFbmSimulator,4096,200,0.8,32,0.7631901898636109,,0.1,5,1
20260212_190530,DpwSubFbmSimulator,4096,200,0.8,33,0.7954033641471508,,0.1,5,1
20260212_190530,DpwSubFbmSimulator,4096,200,0.8,34,0.7752267831867986,,0.1,5,1
20260212_190530,DpwSubFbmSimulator,4096,200,0.8,35,0.770088907674428,,0.1,5,1
20260212_190530,DpwSubFbmSimulator,4096,200,0.8,36,0.750079217940253,,0.1,5,1
20260212_190530,DpwSubFbmSimulator,4096,200,0.8,37,0.6692172577526038,,0.1,5,1
20260212_190530,DpwSubFbmSimulator,4096,200,0.8,38,0.8161341586131114,,0.1,5,1
20260212_190530,DpwSubFbmSimulator,4096,200,0.8,39,0.7797257297591441,,0.1,5,1
20260212_190530,DpwSubFbmSimulator,4096,200,0.8,40,0.7379960667045378,,0.1,5,1
20260212_190530,DpwSubFbmSimulator,4096,200,0.8,41,0.7921582721687904,,0.1,5,1
20260212_190530,DpwSubFbmSimulator,4096,200,0.8,42,0.8781891133237163,,0.1,5,1
20260212_190530,DpwSubFbmSimulator,4096,200,0.8,43,0.8153229134021066,,0.1,5,1
20260212_190530,DpwSubFbmSimulator,4096,200,0.8,44,0.7755067019087791,,0.1,5,1
20260212_190530,DpwSubFbmSimulator,4096,200,0.8,45,0.746362778514153,,0.1,5,1
20260212_190530,DpwSubFbmSimulator,4096,200,0.8,46,0.7888534902208814,,0.1,5,1
20260212_190530,DpwSubFbmSimulator,4096,200,0.8,47,0.7513905709163503,,0.1,5,1
20260212_190530,DpwSubFbmSimulator,4096,200,0.8,48,0.7947343269652125,,0.1,5,1
20260212_190530,DpwSubFbmSimulator,4096,200,0.8,49,0.8863725739941244,,0.1,5,1
20260212_190530,DpwSubFbmSimulator,4096,200,0.8,50,0.8341123727168432,,0.1,5,1
20260212_190530,DpwSubFbmSimulator,4096,200,0.8,51,0.8057486017606759,,0.1,5,1
20260212_190530,DpwSubFbmSimulator,4096,200,0.8,52,0.802342941580567,,0.1,5,1
20260212_190530,DpwSubFbmSimulator,4096,200,0.8,53,0.853375677915894,,0.1,5,1
20260212_190530,DpwSubFbmSimulator,4096,200,0.8,54,0.8501395783997691,,0.1,5,1
20260212_190530,DpwSubFbmSimulator,4096,200,0.8,55,0.8203401987254773,,0.1,5,1
20260212_190530,DpwSubFbmSimulator,4096,200,0.8,56,0.8769462125086803,,0.1,5,1
20260212_190530,DpwSubFbmSimulator,4096,200,0.8,57,0.8721438753015998,,0.1,5,1
20260212_190530,DpwSubFbmSimulator,4096,200,0.8,58,0.7069324825309846,,0.1,5,1
20260212_190530,DpwSubFbmSimulator,4096,200,0.8,59,0.8212182950703245,,0.1,5,1
20260212_190530,DpwSubFbmSimulator,4096,200,0.8,60,0.8165497636629455,,0.1,5,1
20260212_190530,DpwSubFbmSimulator,4096,200,0.8,61,0.7754998264012611,,0.1,5,1
20260212_190530,DpwSubFbmSimulator,4096,200,0.8,62,0.7780498197712271,,0.1,5,1
20260212_190530,DpwSubFbmSimulator,4096,200,0.8,63,0.8477233770742286,,0.1,5,1
20260212_190530,DpwSubFbmSimulator,4096,200,0.8,64,0.8665255916598653,,0.1,5,1
20260212_190530,DpwSubFbmSimulator,4096,200,0.8,65,0.8483161785322034,,0.1,5,1
20260212_190530,DpwSubFbmSimulator,4096,200,0.8,66,0.7966315841804876,,0.1,5,1
20260212_190530,DpwSubFbmSimulator,4096,200,0.8,67,0.8615756789170139,,0.1,5,1
20260212_190530,DpwSubFbmSimulator,4096,200,0.8,68,0.7234689180420556,,0.1,5,1
20260212_190530,DpwSubFbmSimulator,4096,200,0.8,69,0.8158761456109015,,0.1,5,1
20260212_190530,DpwSubFbmSimulator,4096,200,0.8,70,0.8421441206851242,,0.1,5,1
20260212_190530,DpwSubFbmSimulator,4096,200,0.8,71,0.729265337485303,,0.1,5,1
20260212_190530,DpwSubFbmSimulator,4096,200,0.8,72,0.7811299739029556,,0.1,5,1
20260212_190530,DpwSubFbmSimulator,4096,200,0.8,73,0.8312658685185874,,0.1,5,1
20260212_190530,DpwSubFbmSimulator,4096,200,0.8,74,0.8646266300508043,,0.1,5,1
20260212_190530,DpwSubFbmSimulator,4096,200,0.8,75,0.7390616552403922,,0.1,5,1
20260212_190530,DpwSubFbmSimulator,4096,200,0.8,76,0.8044121016627871,,0.1,5,1
20260212_190530,DpwSubFbmSimulator,4096,200,0.8,77,0.7309048361361729,,0.1,5,1
20260212_190530,DpwSubFbmSimulator,4096,200,0.8,78,0.8083663476167154,,0.1,5,1
20260212_190530,DpwSubFbmSimulator,4096,200,0.8,79,0.7316015446862654,,0.1,5,1
20260212_190530,DpwSubFbmSimulator,4096,200,0.8,80,0.838408425766481,,0.1,5,1
20260212_190530,DpwSubFbmSimulator,4096,200,0.8,81,0.7942982131395636,,0.1,5,1
20260212_190530,DpwSubFbmSimulator,4096,200,0.8,82,0.8484400071374187,,0.1,5,1
20260212_190530,DpwSubFbmSimulator,4096,200,0.8,83,0.7625005298757996,,0.1,5,1
20260212_190530,DpwSubFbmSimulator,4096,200,0.8,84,0.8559930862477306,,0.1,5,1
20260212_190530,DpwSubFbmSimulator,4096,200,0.8,85,0.7742135256479115,,0.1,5,1
20260212_190530,DpwSubFbmSimulator,4096,200,0.8,86,0.7313675855729408,,0.1,5,1
20260212_190530,DpwSubFbmSimulator,4096,200,0.8,87,0.7817849357169343,,0.1,5,1
20260212_190530,DpwSubFbmSimulator,4096,200,0.8,88,0.8454588417205272,,0.1,5,1
20260212_190530,DpwSubFbmSimulator,4096,200,0.8,89,0.8350203580211344,,0.1,5,1
20260212_190530,DpwSubFbmSimulator,4096,200,0.8,90,0.7876853558598421,,0.1,5,1
20260212_190530,DpwSubFbmSimulator,4096,200,0.8,91,0.8476513510333981,,0.1,5,1
20260212_190530,DpwSubFbmSimulator,4096,200,0.8,92,0.812519895100378,,0.1,5,1
20260212_190530,DpwSubFbmSimulator,4096,200,0.8,93,0.8112084806473498,,0.1,5,1
20260212_190530,DpwSubFbmSimulator,4096,200,0.8,94,0.7406503501701527,,0.1,5,1
20260212_190530,DpwSubFbmSimulator,4096,200,0.8,95,0.8312022835344319,,0.1,5,1
20260212_190530,DpwSubFbmSimulator,4096,200,0.8,96,0.8499473765339394,,0.1,5,1
20260212_190530,DpwSubFbmSimulator,4096,200,0.8,97,0.7689421377059891,,0.1,5,1
20260212_190530,DpwSubFbmSimulator,4096,200,0.8,98,0.8635664585768127,,0.1,5,1
20260212_190530,DpwSubFbmSimulator,4096,200,0.8,99,0.8738727447369893,,0.1,5,1
20260212_190530,DpwSubFbmSimulator,4096,200,0.8,100,0.8224099949729264,,0.1,5,1
20260212_190530,DpwSubFbmSimulator,4096,200,0.8,101,0.7572651196466057,,0.1,5,1
20260212_190530,DpwSubFbmSimulator,4096,200,0.8,102,0.7619028687868649,,0.1,5,1
20260212_190530,DpwSubFbmSimulator,4096,200,0.8,103,0.8147972620817706,,0.1,5,1
20260212_190530,DpwSubFbmSimulator,4096,200,0.8,104,0.7119267761334641,,0.1,5,1
20260212_190530,DpwSubFbmSimulator,4096,200,0.8,105,0.7731427028017746,,0.1,5,1
20260212_190530,DpwSubFbmSimulator,4096,200,0.8,106,0.7951755860223693,,0.1,5,1
20260212_190530,DpwSubFbmSimulator,4096,200,0.8,107,0.7989828847377192,,0.1,5,1
20260212_190530,DpwSubFbmSimulator,4096,200,0.8,108,0.8307431718902417,,0.1,5,1
20260212_190530,DpwSubFbmSimulator,4096,200,0.8,109,0.7899421601990171,,0.1,5,1
20260212_190530,DpwSubFbmSimulator,4096,200,0.8,110,0.804162139526342,,0.1,5,1
20260212_190530,DpwSubFbmSimulator,4096,200,0.8,111,0.7848872873992113,,0.1,5,1
20260212_190530,DpwSubFbmSimulator,4096,200,0.8,112,0.8197661537436249,,0.1,5,1
20260212_190530,DpwSubFbmSimulator,4096,200,0.8,113,0.8000429442071999,,0.1,5,1
20260212_190530,DpwSubFbmSimulator,4096,200,0.8,114,0.7319243284410201,,0.1,5,1
20260212_190530,DpwSubFbmSimulator,4096,200,0.8,115,0.7049650841199873,,0.1,5,1
20260212_190530,DpwSubFbmSimulator,4096,200,0.8,116,0.8053859597557832,,0.1,5,1
20260212_190530,DpwSubFbmSimulator,4096,200,0.8,117,0.7697061006655432,,0.1,5,1
20260212_190530,DpwSubFbmSimulator,4096,200,0.8,118,0.8048925683908754,,0.1,5,1
20260212_190530,DpwSubFbmSimulator,4096,200,0.8,119,0.7988730809114123,,0.1,5,1
20260212_190530,DpwSubFbmSimulator,4096,200,0.8,120,0.730855500128804,,0.1,5,1
20260212_190530,DpwSubFbmSimulator,4096,200,0.8,121,0.8186858200646693,,0.1,5,1
20260212_190530,DpwSubFbmSimulator,4096,200,0.8,122,0.7356524755749294,,0.1,5,1
20260212_190530,DpwSubFbmSimulator,4096,200,0.8,123,0.7611974401084314,,0.1,5,1
20260212_190530,DpwSubFbmSimulator,4096,200,0.8,124,0.8131458906308405,,0.1,5,1
20260212_190530,DpwSubFbmSimulator,4096,200,0.8,125,0.8378366592322585,,0.1,5,1
20260212_190530,DpwSubFbmSimulator,4096,200,0.8,126,0.8085533328339017,,0.1,5,1
20260212_190530,DpwSubFbmSimulator,4096,200,0.8,127,0.745569193153211,,0.1,5,1
20260212_190530,DpwSubFbmSimulator,4096,200,0.8,128,0.8029309754835984,,0.1,5,1
20260212_190530,DpwSubFbmSimulator,4096,200,0.8,129,0.795146442502585,,0.1,5,1
20260212_190530,DpwSubFbmSimulator,4096,200,0.8,130,0.8252147920007709,,0.1,5,1
20260212_190530,DpwSubFbmSimulator,4096,200,0.8,131,0.809025944924671,,0.1,5,1
20260212_190530,DpwSubFbmSimulator,4096,200,0.8,132,0.7879535537681243,,0.1,5,1
20260212_190530,DpwSubFbmSimulator,4096,200,0.8,133,0.8904441157467641,,0.1,5,1
20260212_190530,DpwSubFbmSimulator,4096,200,0.8,134,0.7954538205725535,,0.1,5,1
20260212_190530,DpwSubFbmSimulator,4096,200,0.8,135,0.6526777664225343,,0.1,5,1
20260212_190530,DpwSubFbmSimulator,4096,200,0.8,136,0.7698585034351586,,0.1,5,1
20260212_190530,DpwSubFbmSimulator,4096,200,0.8,137,0.8775402005207176,,0.1,5,1
20260212_190530,DpwSubFbmSimulator,4096,200,0.8,138,0.8461197779677634,,0.1,5,1
20260212_190530,DpwSubFbmSimulator,4096,200,0.8,139,0.7918209781206251,,0.1,5,1
20260212_190530,DpwSubFbmSimulator,4096,200,0.8,140,0.8084862042973109,,0.1,5,1
20260212_190530,DpwSubFbmSimulator,4096,200,0.8,141,0.7472196339571284,,0.1,5,1
20260212_190530,DpwSubFbmSimulator,4096,200,0.8,142,0.8219289463249647,,0.1,5,1
20260212_190530,DpwSubFbmSimulator,4096,200,0.8,143,0.7804397283494635,,0.1,5,1
20260212_190530,DpwSubFbmSimulator,4096,200,0.8,144,0.8078784590986005,,0.1,5,1
20260212_190530,DpwSubFbmSimulator,4096,200,0.8,145,0.7493611258413638,,0.1,5,1
20260212_190530,DpwSubFbmSimulator,4096,200,0.8,146,0.8171107658171002,,0.1,5,1
20260212_190530,DpwSubFbmSimulator,4096,200,0.8,147,0.8029249429764518,,0.1,5,1
20260212_190530,DpwSubFbmSimulator,4096,200,0.8,148,0.860048822188316,,0.1,5,1
20260212_190530,DpwSubFbmSimulator,4096,200,0.8,149,0.8176593805290543,,0.1,5,1
20260212_190530,DpwSubFbmSimulator,4096,200,0.8,150,0.8376381051764114,,0.1,5,1
20260212_190530,DpwSubFbmSimulator,4096,200,0.8,151,0.841379150003619,,0.1,5,1
20260212_190530,DpwSubFbmSimulator,4096,200,0.8,152,0.8448454430641935,,0.1,5,1
20260212_190530,DpwSubFbmSimulator,4096,200,0.8,153,0.8567065756859462,,0.1,5,1
20260212_190530,DpwSubFbmSimulator,4096,200,0.8,154,0.7595297000531239,,0.1,5,1
20260212_190530,DpwSubFbmSimulator,4096,200,0.8,155,0.8156840911804654,,0.1,5,1
20260212_190530,DpwSubFbmSimulator,4096,200,0.8,156,0.75113792589597,,0.1,5,1
20260212_190530,DpwSubFbmSimulator,4096,200,0.8,157,0.8266992515029988,,0.1,5,1
20260212_190530,DpwSubFbmSimulator,4096,200,0.8,158,0.7423796219311485,,0.1,5,1
20260212_190530,DpwSubFbmSimulator,4096,200,0.8,159,0.764043594543295,,0.1,5,1
20260212_190530,DpwSubFbmSimulator,4096,200,0.8,160,0.8229508667630595,,0.1,5,1
20260212_190530,DpwSubFbmSimulator,4096,200,0.8,161,0.7915504733711147,,0.1,5,1
20260212_190530,DpwSubFbmSimulator,4096,200,0.8,162,0.7994134571579454,,0.1,5,1
20260212_190530,DpwSubFbmSimulator,4096,200,0.8,163,0.8082576029060203,,0.1,5,1
20260212_190530,DpwSubFbmSimulator,4096,200,0.8,164,0.8319518785181557,,0.1,5,1
20260212_190530,DpwSubFbmSimulator,4096,200,0.8,165,0.8028611905539086,,0.1,5,1
20260212_190530,DpwSubFbmSimulator,4096,200,0.8,166,0.8094183458671146,,0.1,5,1
20260212_190530,DpwSubFbmSimulator,4096,200,0.8,167,0.8462933050096741,,0.1,5,1
20260212_190530,DpwSubFbmSimulator,4096,200,0.8,168,0.7920371412134389,,0.1,5,1
20260212_190530,DpwSubFbmSimulator,4096,200,0.8,169,0.7739081430564089,,0.1,5,1
20260212_190530,DpwSubFbmSimulator,4096,200,0.8,170,0.7923357532939064,,0.1,5,1
20260212_190530,DpwSubFbmSimulator,4096,200,0.8,171,0.8198938012590957,,0.1,5,1
20260212_190530,DpwSubFbmSimulator,4096,200,0.8,172,0.826765034748599,,0.1,5,1
20260212_190530,DpwSubFbmSimulator,4096,200,0.8,173,0.8693960540751073,,0.1,5,1
20260212_190530,DpwSubFbmSimulator,4096,200,0.8,174,0.8286461036748207,,0.1,5,1
20260212_190530,DpwSubFbmSimulator,4096,200,0.8,175,0.7548893916465691,,0.1,5,1
20260212_190530,DpwSubFbmSimulator,4096,200,0.8,176,0.8611025475867214,,0.1,5,1
20260212_190530,DpwSubFbmSimulator,4096,200,0.8,177,0.8488673037603083,,0.1,5,1
20260212_190530,DpwSubFbmSimulator,4096,200,0.8,178,0.7116536359646836,,0.1,5,1
20260212_190530,DpwSubFbmSimulator,4096,200,0.8,179,0.7995904328971001,,0.1,5,1
20260212_190530,DpwSubFbmSimulator,4096,200,0.8,180,0.8014274734635104,,0.1,5,1
20260212_190530,DpwSubFbmSimulator,4096,200,0.8,181,0.7502470726261952,,0.1,5,1
20260212_190530,DpwSubFbmSimulator,4096,200,0.8,182,0.7328467183504239,,0.1,5,1
20260212_190530,DpwSubFbmSimulator,4096,200,0.8,183,0.7857574835423619,,0.1,5,1
20260212_190530,DpwSubFbmSimulator,4096,200,0.8,184,0.8033564866182782,,0.1,5,1
20260212_190530,DpwSubFbmSimulator,4096,200,0.8,185,0.8610821425436977,,0.1,5,1
20260212_190530,DpwSubFbmSimulator,4096,200,0.8,186,0.7461975956751233,,0.1,5,1
20260212_190530,DpwSubFbmSimulator,4096,200,0.8,187,0.7746644179172822,,0.1,5,1
20260212_190530,DpwSubFbmSimulator,4096,200,0.8,188,0.8960927791390683,,0.1,5,1
20260212_190530,DpwSubFbmSimulator,4096,200,0.8,189,0.8100820909059357,,0.1,5,1
20260212_190530,DpwSubFbmSimulator,4096,200,0.8,190,0.6765554193798694,,0.1,5,1
20260212_190530,DpwSubFbmSimulator,4096,200,0.8,191,0.7097253034209148,,0.1,5,1
20260212_190530,DpwSubFbmSimulator,4096,200,0.8,192,0.8149594847414997,,0.1,5,1
20260212_190530,DpwSubFbmSimulator,4096,200,0.8,193,0.7596015018912528,,0.1,5,1
20260212_190530,DpwSubFbmSimulator,4096,200,0.8,194,0.7791608863974684,,0.1,5,1
20260212_190530,DpwSubFbmSimulator,4096,200,0.8,195,0.7524389839061743,,0.1,5,1
20260212_190530,DpwSubFbmSimulator,4096,200,0.8,196,0.8216221814757493,,0.1,5,1
20260212_190530,DpwSubFbmSimulator,4096,200,0.8,197,0.8331128749687635,,0.1,5,1
20260212_190530,DpwSubFbmSimulator,4096,200,0.8,198,0.7871088643974906,,0.1,5,1
20260212_190530,DpwSubFbmSimulator,4096,200,0.8,199,0.7819914177445267,,0.1,5,1
20260212_190530,DpwSubFbmSimulator,4096,200,0.8,200,0.7191925272763483,,0.1,5,1
20260212_190530,DpwSubFbmSimulator,4096,200,0.9,1,0.8717232146244696,,0.1,5,1
20260212_190530,DpwSubFbmSimulator,4096,200,0.9,2,0.9025765720426995,,0.1,5,1
20260212_190530,DpwSubFbmSimulator,4096,200,0.9,3,0.9132230495453493,,0.1,5,1
20260212_190530,DpwSubFbmSimulator,4096,200,0.9,4,0.8508972413139686,,0.1,5,1
20260212_190530,DpwSubFbmSimulator,4096,200,0.9,5,0.853341514285616,,0.1,5,1
20260212_190530,DpwSubFbmSimulator,4096,200,0.9,6,0.9141915403988613,,0.1,5,1
20260212_190530,DpwSubFbmSimulator,4096,200,0.9,7,0.920979308390702,,0.1,5,1
20260212_190530,DpwSubFbmSimulator,4096,200,0.9,8,0.836341096002074,,0.1,5,1
20260212_190530,DpwSubFbmSimulator,4096,200,0.9,9,0.9331044292365431,,0.1,5,1
20260212_190530,DpwSubFbmSimulator,4096,200,0.9,10,0.8764475590203727,,0.1,5,1
20260212_190530,DpwSubFbmSimulator,4096,200,0.9,11,0.9233797120715802,,0.1,5,1
20260212_190530,DpwSubFbmSimulator,4096,200,0.9,12,0.8744839866230105,,0.1,5,1
20260212_190530,DpwSubFbmSimulator,4096,200,0.9,13,0.9186667733746307,,0.1,5,1
20260212_190530,DpwSubFbmSimulator,4096,200,0.9,14,0.8705437211001066,,0.1,5,1
20260212_190530,DpwSubFbmSimulator,4096,200,0.9,15,0.9041259971883043,,0.1,5,1
20260212_190530,DpwSubFbmSimulator,4096,200,0.9,16,0.8801438992756349,,0.1,5,1
20260212_190530,DpwSubFbmSimulator,4096,200,0.9,17,0.8790178821446345,,0.1,5,1
20260212_190530,DpwSubFbmSimulator,4096,200,0.9,18,0.92429987111936,,0.1,5,1
20260212_190530,DpwSubFbmSimulator,4096,200,0.9,19,0.9288685081682653,,0.1,5,1
20260212_190530,DpwSubFbmSimulator,4096,200,0.9,20,0.9040971625190968,,0.1,5,1
20260212_190530,DpwSubFbmSimulator,4096,200,0.9,21,0.8700238236457888,,0.1,5,1
20260212_190530,DpwSubFbmSimulator,4096,200,0.9,22,0.9105580278604504,,0.1,5,1
20260212_190530,DpwSubFbmSimulator,4096,200,0.9,23,0.9471714300081185,,0.1,5,1
20260212_190530,DpwSubFbmSimulator,4096,200,0.9,24,0.9123512737577786,,0.1,5,1
20260212_190530,DpwSubFbmSimulator,4096,200,0.9,25,0.9182117982999073,,0.1,5,1
20260212_190530,DpwSubFbmSimulator,4096,200,0.9,26,0.8738287426374683,,0.1,5,1
20260212_190530,DpwSubFbmSimulator,4096,200,0.9,27,0.8669979954423364,,0.1,5,1
20260212_190530,DpwSubFbmSimulator,4096,200,0.9,28,0.888893534552294,,0.1,5,1
20260212_190530,DpwSubFbmSimulator,4096,200,0.9,29,0.9200606278416821,,0.1,5,1
20260212_190530,DpwSubFbmSimulator,4096,200,0.9,30,0.8886287394553458,,0.1,5,1
20260212_190530,DpwSubFbmSimulator,4096,200,0.9,31,0.9359608445903853,,0.1,5,1
20260212_190530,DpwSubFbmSimulator,4096,200,0.9,32,0.9135102889121093,,0.1,5,1
20260212_190530,DpwSubFbmSimulator,4096,200,0.9,33,0.9187396423904327,,0.1,5,1
20260212_190530,DpwSubFbmSimulator,4096,200,0.9,34,0.9169045215473449,,0.1,5,1
20260212_190530,DpwSubFbmSimulator,4096,200,0.9,35,0.9061678790412494,,0.1,5,1
20260212_190530,DpwSubFbmSimulator,4096,200,0.9,36,0.9040198983216053,,0.1,5,1
20260212_190530,DpwSubFbmSimulator,4096,200,0.9,37,0.8774685504142524,,0.1,5,1
20260212_190530,DpwSubFbmSimulator,4096,200,0.9,38,0.9567516876307282,,0.1,5,1
20260212_190530,DpwSubFbmSimulator,4096,200,0.9,39,0.8830525577636688,,0.1,5,1
20260212_190530,DpwSubFbmSimulator,4096,200,0.9,40,0.8942637745726234,,0.1,5,1
20260212_190530,DpwSubFbmSimulator,4096,200,0.9,41,0.9125572331199627,,0.1,5,1
20260212_190530,DpwSubFbmSimulator,4096,200,0.9,42,0.8928625574929163,,0.1,5,1
20260212_190530,DpwSubFbmSimulator,4096,200,0.9,43,0.9219022140882984,,0.1,5,1
20260212_190530,DpwSubFbmSimulator,4096,200,0.9,44,0.9073656799589395,,0.1,5,1
20260212_190530,DpwSubFbmSimulator,4096,200,0.9,45,0.9629306743886243,,0.1,5,1
20260212_190530,DpwSubFbmSimulator,4096,200,0.9,46,0.8989943402648998,,0.1,5,1
20260212_190530,DpwSubFbmSimulator,4096,200,0.9,47,0.9032129674525105,,0.1,5,1
20260212_190530,DpwSubFbmSimulator,4096,200,0.9,48,0.8910300708952773,,0.1,5,1
20260212_190530,DpwSubFbmSimulator,4096,200,0.9,49,0.8855717866618166,,0.1,5,1
20260212_190530,DpwSubFbmSimulator,4096,200,0.9,50,0.887542787523362,,0.1,5,1
20260212_190530,DpwSubFbmSimulator,4096,200,0.9,51,0.944332219819596,,0.1,5,1
20260212_190530,DpwSubFbmSimulator,4096,200,0.9,52,0.9286696487858775,,0.1,5,1
20260212_190530,DpwSubFbmSimulator,4096,200,0.9,53,0.8719407396040157,,0.1,5,1
20260212_190530,DpwSubFbmSimulator,4096,200,0.9,54,0.8507567470632578,,0.1,5,1
20260212_190530,DpwSubFbmSimulator,4096,200,0.9,55,0.9206664625746639,,0.1,5,1
20260212_190530,DpwSubFbmSimulator,4096,200,0.9,56,0.8841490782860144,,0.1,5,1
20260212_190530,DpwSubFbmSimulator,4096,200,0.9,57,0.9317355285608151,,0.1,5,1
20260212_190530,DpwSubFbmSimulator,4096,200,0.9,58,0.9369537051810951,,0.1,5,1
20260212_190530,DpwSubFbmSimulator,4096,200,0.9,59,0.889046324103332,,0.1,5,1
20260212_190530,DpwSubFbmSimulator,4096,200,0.9,60,0.8969357607403006,,0.1,5,1
20260212_190530,DpwSubFbmSimulator,4096,200,0.9,61,0.9397708936433546,,0.1,5,1
20260212_190530,DpwSubFbmSimulator,4096,200,0.9,62,0.9059802724238952,,0.1,5,1
20260212_190530,DpwSubFbmSimulator,4096,200,0.9,63,0.8920302419956748,,0.1,5,1
20260212_190530,DpwSubFbmSimulator,4096,200,0.9,64,0.9329223078630745,,0.1,5,1
20260212_190530,DpwSubFbmSimulator,4096,200,0.9,65,0.8980009243297559,,0.1,5,1
20260212_190530,DpwSubFbmSimulator,4096,200,0.9,66,0.9451536488411734,,0.1,5,1
20260212_190530,DpwSubFbmSimulator,4096,200,0.9,67,0.9550436562508063,,0.1,5,1
20260212_190530,DpwSubFbmSimulator,4096,200,0.9,68,0.8800031355303012,,0.1,5,1
20260212_190530,DpwSubFbmSimulator,4096,200,0.9,69,0.8927572739856232,,0.1,5,1
20260212_190530,DpwSubFbmSimulator,4096,200,0.9,70,0.9435606925144983,,0.1,5,1
20260212_190530,DpwSubFbmSimulator,4096,200,0.9,71,0.9220725244068652,,0.1,5,1
20260212_190530,DpwSubFbmSimulator,4096,200,0.9,72,0.8975374115974482,,0.1,5,1
20260212_190530,DpwSubFbmSimulator,4096,200,0.9,73,0.9412038717693972,,0.1,5,1
20260212_190530,DpwSubFbmSimulator,4096,200,0.9,74,0.8706810517316506,,0.1,5,1
20260212_190530,DpwSubFbmSimulator,4096,200,0.9,75,0.9084306187138571,,0.1,5,1
20260212_190530,DpwSubFbmSimulator,4096,200,0.9,76,0.9072224602205472,,0.1,5,1
20260212_190530,DpwSubFbmSimulator,4096,200,0.9,77,0.779126122009363,,0.1,5,1
20260212_190530,DpwSubFbmSimulator,4096,200,0.9,78,0.9173938432855024,,0.1,5,1
20260212_190530,DpwSubFbmSimulator,4096,200,0.9,79,0.9027490564998892,,0.1,5,1
20260212_190530,DpwSubFbmSimulator,4096,200,0.9,80,0.8983605011208227,,0.1,5,1
20260212_190530,DpwSubFbmSimulator,4096,200,0.9,81,0.9190087402679408,,0.1,5,1
20260212_190530,DpwSubFbmSimulator,4096,200,0.9,82,0.8573077956193355,,0.1,5,1
20260212_190530,DpwSubFbmSimulator,4096,200,0.9,83,0.8761024223629038,,0.1,5,1
20260212_190530,DpwSubFbmSimulator,4096,200,0.9,84,0.9333522367430032,,0.1,5,1
20260212_190530,DpwSubFbmSimulator,4096,200,0.9,85,0.921043772929078,,0.1,5,1
20260212_190530,DpwSubFbmSimulator,4096,200,0.9,86,0.8474144859763477,,0.1,5,1
20260212_190530,DpwSubFbmSimulator,4096,200,0.9,87,0.9102384677772434,,0.1,5,1
20260212_190530,DpwSubFbmSimulator,4096,200,0.9,88,0.8916369986045823,,0.1,5,1
20260212_190530,DpwSubFbmSimulator,4096,200,0.9,89,0.911801175883792,,0.1,5,1
20260212_190530,DpwSubFbmSimulator,4096,200,0.9,90,0.9363549449622179,,0.1,5,1
20260212_190530,DpwSubFbmSimulator,4096,200,0.9,91,0.9040490869010877,,0.1,5,1
20260212_190530,DpwSubFbmSimulator,4096,200,0.9,92,0.9349406492191228,,0.1,5,1
20260212_190530,DpwSubFbmSimulator,4096,200,0.9,93,0.8633858992684551,,0.1,5,1
20260212_190530,DpwSubFbmSimulator,4096,200,0.9,94,0.8808654147460819,,0.1,5,1
20260212_190530,DpwSubFbmSimulator,4096,200,0.9,95,0.930088888714157,,0.1,5,1
20260212_190530,DpwSubFbmSimulator,4096,200,0.9,96,0.9098647937867467,,0.1,5,1
20260212_190530,DpwSubFbmSimulator,4096,200,0.9,97,0.908343392644294,,0.1,5,1
20260212_190530,DpwSubFbmSimulator,4096,200,0.9,98,0.8935082248284312,,0.1,5,1
20260212_190530,DpwSubFbmSimulator,4096,200,0.9,99,0.8924636297602264,,0.1,5,1
20260212_190530,DpwSubFbmSimulator,4096,200,0.9,100,0.9391357752449302,,0.1,5,1
20260212_190530,DpwSubFbmSimulator,4096,200,0.9,101,0.9117224999170183,,0.1,5,1
20260212_190530,DpwSubFbmSimulator,4096,200,0.9,102,0.8549732488007984,,0.1,5,1
20260212_190530,DpwSubFbmSimulator,4096,200,0.9,103,0.9538310269712345,,0.1,5,1
20260212_190530,DpwSubFbmSimulator,4096,200,0.9,104,0.9126053913835472,,0.1,5,1
20260212_190530,DpwSubFbmSimulator,4096,200,0.9,105,0.9061034815355694,,0.1,5,1
20260212_190530,DpwSubFbmSimulator,4096,200,0.9,106,0.8885152609166236,,0.1,5,1
20260212_190530,DpwSubFbmSimulator,4096,200,0.9,107,0.893117869598356,,0.1,5,1
20260212_190530,DpwSubFbmSimulator,4096,200,0.9,108,0.903129327469811,,0.1,5,1
20260212_190530,DpwSubFbmSimulator,4096,200,0.9,109,0.865215221570734,,0.1,5,1
20260212_190530,DpwSubFbmSimulator,4096,200,0.9,110,0.826716576613794,,0.1,5,1
20260212_190530,DpwSubFbmSimulator,4096,200,0.9,111,0.8207240794680458,,0.1,5,1
20260212_190530,DpwSubFbmSimulator,4096,200,0.9,112,0.9131237559080359,,0.1,5,1
20260212_190530,DpwSubFbmSimulator,4096,200,0.9,113,0.8971144970208307,,0.1,5,1
20260212_190530,DpwSubFbmSimulator,4096,200,0.9,114,0.9500621714689883,,0.1,5,1
20260212_190530,DpwSubFbmSimulator,4096,200,0.9,115,0.9370564476697081,,0.1,5,1
20260212_190530,DpwSubFbmSimulator,4096,200,0.9,116,0.8500807509678542,,0.1,5,1
20260212_190530,DpwSubFbmSimulator,4096,200,0.9,117,0.8923735081743827,,0.1,5,1
20260212_190530,DpwSubFbmSimulator,4096,200,0.9,118,0.9379376385008567,,0.1,5,1
20260212_190530,DpwSubFbmSimulator,4096,200,0.9,119,0.9138235310586823,,0.1,5,1
20260212_190530,DpwSubFbmSimulator,4096,200,0.9,120,0.9474425841399824,,0.1,5,1
20260212_190530,DpwSubFbmSimulator,4096,200,0.9,121,0.9039522412296671,,0.1,5,1
20260212_190530,DpwSubFbmSimulator,4096,200,0.9,122,0.8877727913284179,,0.1,5,1
20260212_190530,DpwSubFbmSimulator,4096,200,0.9,123,0.9017771819152611,,0.1,5,1
20260212_190530,DpwSubFbmSimulator,4096,200,0.9,124,0.952061198091063,,0.1,5,1
20260212_190530,DpwSubFbmSimulator,4096,200,0.9,125,0.8841078093859756,,0.1,5,1
20260212_190530,DpwSubFbmSimulator,4096,200,0.9,126,0.9291390196356955,,0.1,5,1
20260212_190530,DpwSubFbmSimulator,4096,200,0.9,127,0.8897906722324572,,0.1,5,1
20260212_190530,DpwSubFbmSimulator,4096,200,0.9,128,0.8801261170253272,,0.1,5,1
20260212_190530,DpwSubFbmSimulator,4096,200,0.9,129,0.9418851315284767,,0.1,5,1
20260212_190530,DpwSubFbmSimulator,4096,200,0.9,130,0.9131717848571742,,0.1,5,1
20260212_190530,DpwSubFbmSimulator,4096,200,0.9,131,0.9075087536368709,,0.1,5,1
20260212_190530,DpwSubFbmSimulator,4096,200,0.9,132,0.8971797161088224,,0.1,5,1
20260212_190530,DpwSubFbmSimulator,4096,200,0.9,133,0.9371714688121289,,0.1,5,1
20260212_190530,DpwSubFbmSimulator,4096,200,0.9,134,0.9390907195996573,,0.1,5,1
20260212_190530,DpwSubFbmSimulator,4096,200,0.9,135,0.9032286809161848,,0.1,5,1
20260212_190530,DpwSubFbmSimulator,4096,200,0.9,136,0.8971489160263817,,0.1,5,1
20260212_190530,DpwSubFbmSimulator,4096,200,0.9,137,0.9277889918472715,,0.1,5,1
20260212_190530,DpwSubFbmSimulator,4096,200,0.9,138,0.910029563585805,,0.1,5,1
20260212_190530,DpwSubFbmSimulator,4096,200,0.9,139,0.9057936131908879,,0.1,5,1
20260212_190530,DpwSubFbmSimulator,4096,200,0.9,140,0.8965811370197465,,0.1,5,1
20260212_190530,DpwSubFbmSimulator,4096,200,0.9,141,0.8739249539063358,,0.1,5,1
20260212_190530,DpwSubFbmSimulator,4096,200,0.9,142,0.8748418294109105,,0.1,5,1
20260212_190530,DpwSubFbmSimulator,4096,200,0.9,143,0.7442808520745681,,0.1,5,1
20260212_190530,DpwSubFbmSimulator,4096,200,0.9,144,0.9270093189001948,,0.1,5,1
20260212_190530,DpwSubFbmSimulator,4096,200,0.9,145,0.8990547219131438,,0.1,5,1
20260212_190530,DpwSubFbmSimulator,4096,200,0.9,146,0.8660944346913729,,0.1,5,1
20260212_190530,DpwSubFbmSimulator,4096,200,0.9,147,0.9042302600556336,,0.1,5,1
20260212_190530,DpwSubFbmSimulator,4096,200,0.9,148,0.8778025836749697,,0.1,5,1
20260212_190530,DpwSubFbmSimulator,4096,200,0.9,149,0.907542577994149,,0.1,5,1
20260212_190530,DpwSubFbmSimulator,4096,200,0.9,150,0.9108505106185869,,0.1,5,1
20260212_190530,DpwSubFbmSimulator,4096,200,0.9,151,0.9425428051041489,,0.1,5,1
20260212_190530,DpwSubFbmSimulator,4096,200,0.9,152,0.8890251261374882,,0.1,5,1
20260212_190530,DpwSubFbmSimulator,4096,200,0.9,153,0.8468239968573007,,0.1,5,1
20260212_190530,DpwSubFbmSimulator,4096,200,0.9,154,0.8703941805421332,,0.1,5,1
20260212_190530,DpwSubFbmSimulator,4096,200,0.9,155,0.8730114484798404,,0.1,5,1
20260212_190530,DpwSubFbmSimulator,4096,200,0.9,156,0.8828050411231686,,0.1,5,1
20260212_190530,DpwSubFbmSimulator,4096,200,0.9,157,0.8525539497766215,,0.1,5,1
20260212_190530,DpwSubFbmSimulator,4096,200,0.9,158,0.910887726062946,,0.1,5,1
20260212_190530,DpwSubFbmSimulator,4096,200,0.9,159,0.929269049371066,,0.1,5,1
20260212_190530,DpwSubFbmSimulator,4096,200,0.9,160,0.9616193997861577,,0.1,5,1
20260212_190530,DpwSubFbmSimulator,4096,200,0.9,161,0.9046216941457941,,0.1,5,1
20260212_190530,DpwSubFbmSimulator,4096,200,0.9,162,0.8842313972267827,,0.1,5,1
20260212_190530,DpwSubFbmSimulator,4096,200,0.9,163,0.9061163359341221,,0.1,5,1
20260212_190530,DpwSubFbmSimulator,4096,200,0.9,164,0.9072158723786152,,0.1,5,1
20260212_190530,DpwSubFbmSimulator,4096,200,0.9,165,0.9410197435802025,,0.1,5,1
20260212_190530,DpwSubFbmSimulator,4096,200,0.9,166,0.9386421192022464,,0.1,5,1
20260212_190530,DpwSubFbmSimulator,4096,200,0.9,167,0.9268523590652418,,0.1,5,1
20260212_190530,DpwSubFbmSimulator,4096,200,0.9,168,0.9305314502471502,,0.1,5,1
20260212_190530,DpwSubFbmSimulator,4096,200,0.9,169,0.9367443640306986,,0.1,5,1
20260212_190530,DpwSubFbmSimulator,4096,200,0.9,170,0.8711111442953332,,0.1,5,1
20260212_190530,DpwSubFbmSimulator,4096,200,0.9,171,0.9748251550822346,,0.1,5,1
20260212_190530,DpwSubFbmSimulator,4096,200,0.9,172,0.9064898075579375,,0.1,5,1
20260212_190530,DpwSubFbmSimulator,4096,200,0.9,173,0.8799839113037252,,0.1,5,1
20260212_190530,DpwSubFbmSimulator,4096,200,0.9,174,0.9261074364077445,,0.1,5,1
20260212_190530,DpwSubFbmSimulator,4096,200,0.9,175,0.9280634076325679,,0.1,5,1
20260212_190530,DpwSubFbmSimulator,4096,200,0.9,176,0.8614132794195202,,0.1,5,1
20260212_190530,DpwSubFbmSimulator,4096,200,0.9,177,0.9409963086992187,,0.1,5,1
20260212_190530,DpwSubFbmSimulator,4096,200,0.9,178,0.830334071538657,,0.1,5,1
20260212_190530,DpwSubFbmSimulator,4096,200,0.9,179,0.8978704016187739,,0.1,5,1
20260212_190530,DpwSubFbmSimulator,4096,200,0.9,180,0.8822210659149509,,0.1,5,1
20260212_190530,DpwSubFbmSimulator,4096,200,0.9,181,0.9016650021408823,,0.1,5,1
20260212_190530,DpwSubFbmSimulator,4096,200,0.9,182,0.8800256246189246,,0.1,5,1
20260212_190530,DpwSubFbmSimulator,4096,200,0.9,183,0.8763734463948056,,0.1,5,1
20260212_190530,DpwSubFbmSimulator,4096,200,0.9,184,0.8641448501499212,,0.1,5,1
20260212_190530,DpwSubFbmSimulator,4096,200,0.9,185,0.845083999153981,,0.1,5,1
20260212_190530,DpwSubFbmSimulator,4096,200,0.9,186,0.8721480441970944,,0.1,5,1
20260212_190530,DpwSubFbmSimulator,4096,200,0.9,187,0.8812572270590615,,0.1,5,1
20260212_190530,DpwSubFbmSimulator,4096,200,0.9,188,0.8746162209671113,,0.1,5,1
20260212_190530,DpwSubFbmSimulator,4096,200,0.9,189,0.8730875818162868,,0.1,5,1
20260212_190530,DpwSubFbmSimulator,4096,200,0.9,190,0.8900247221203825,,0.1,5,1
20260212_190530,DpwSubFbmSimulator,4096,200,0.9,191,0.8633576357445768,,0.1,5,1
20260212_190530,DpwSubFbmSimulator,4096,200,0.9,192,0.9254968310717644,,0.1,5,1
20260212_190530,DpwSubFbmSimulator,4096,200,0.9,193,0.9272472260115512,,0.1,5,1
20260212_190530,DpwSubFbmSimulator,4096,200,0.9,194,0.9318117669671481,,0.1,5,1
20260212_190530,DpwSubFbmSimulator,4096,200,0.9,195,0.9136600627268243,,0.1,5,1
20260212_190530,DpwSubFbmSimulator,4096,200,0.9,196,0.9147969860332587,,0.1,5,1
20260212_190530,DpwSubFbmSimulator,4096,200,0.9,197,0.9122210861123381,,0.1,5,1
20260212_190530,DpwSubFbmSimulator,4096,200,0.9,198,0.872464497971222,,0.1,5,1
20260212_190530,DpwSubFbmSimulator,4096,200,0.9,199,0.9524050736978009,,0.1,5,1
20260212_190530,DpwSubFbmSimulator,4096,200,0.9,200,0.8851826471449104,,0.1,5,1
